100000
29026
27792
8283
23208
6564
1592
10839
3351
4462
28883
30418
31743
23533
3823
23029
30579
25402
21328
10305
15232
1661
9863
21971
8800
21336
19143
6887
18160
28291
12787
16796
11109
28595
31227
247
14394
13505
873
2345
10092
28680
22071
9493
12266
30223
18660
5389
1351
3688
7623
1756
32691
19415
2722
20234
41
12215
24186
18267
25834
7322
14758
30361
8745
23600
3111
26003
21256
15466
20023
17766
22211
2014
10020
19195
20011
23918
30303
25553
3415
11044
29392
10237
21910
20577
21613
11631
27559
11063
15371
8310
24109
5395
19828
17799
4189
4767
12217
18490
23802
15078
26570
31637
25987
6586
16707
28557
25003
4434
14729
32714
777
32568
8470
16299
16657
10339
26385
26506
8515
12447
17186
10049
20386
8502
12676
492
7016
17097
30044
5873
11256
20095
5449
31806
532
14946
1596
3538
6480
9477
30858
22143
15814
9322
31551
30190
27148
31780
27062
10211
16739
32441
22374
20674
31281
7754
28159
13139
19634
28790
29110
13250
14826
10619
24540
19434
16094
21150
23478
5330
18435
16334
23945
2424
30967
2180
22516
26318
7279
2029
18306
19715
20593
10315
24704
1539
17091
32153
20236
5441
4515
29549
15727
29876
9400
4643
5293
8991
4681
7992
11098
26518
25773
7412
22190
28222
21506
27980
4572
8788
18466
7174
12192
26993
14035
5150
18967
9228
12862
17513
25812
5952
15267
30584
30000
9167
11850
25279
17633
28264
22205
12534
25295
23845
2612
3008
5667
3672
21073
26763
1952
11399
269
7351
5430
17333
16627
31994
980
31715
30092
3075
895
23767
26
31837
14753
32540
15496
2455
17827
20042
19106
27810
29629
16520
30594
28538
4621
10062
23370
25608
7143
32112
32537
584
12141
22104
7991
29095
351
21138
23955
431
17204
15759
30832
21989
12137
14498
22875
2290
12313
5967
4192
2818
21454
20677
3965
16234
1175
10921
14935
7565
13658
277
7724
22784
31084
20449
26121
21740
14943
24865
24381
26292
27
17646
8717
11224
32560
30314
12969
30490
24939
20990
11871
6367
31912
16614
22799
1751
27622
15856
7903
9952
16033
6016
24111
16680
12892
4824
3536
23954
10877
21654
4976
4188
23133
12926
24153
31230
21920
21114
6748
32341
31426
15071
3847
30464
27635
14322
32543
25867
2597
15019
7242
26058
9827
5305
25355
28424
23908
13765
29427
5730
20832
19963
14102
26605
13858
31175
29373
4127
25439
23260
1626
23788
24902
17019
193
23087
9048
20722
20628
3404
25978
11875
10751
5139
24392
16582
29862
10984
16813
817
21980
24097
12976
25175
11030
27312
15249
16976
2207
4610
23829
4504
4237
25895
15902
3417
13811
19250
10366
6893
16472
18147
18445
23198
9064
16259
24570
22449
32490
20752
27230
31140
23282
26522
22039
6835
29784
10733
22227
26529
11624
30576
31595
27828
30427
32077
32371
29698
17671
9938
1295
6379
25938
27928
16391
13543
18412
18914
8990
2434
4542
20935
9888
19364
2717
14740
18235
29718
15300
19180
14351
31042
21121
3121
31496
22074
6958
8104
21356
764
10339
7639
18096
16885
31338
28466
8080
26307
15091
26871
10079
31295
24841
12631
2459
24507
20805
11990
5572
24456
20034
1780
21358
15036
19792
28685
7318
11313
877
23166
12850
31441
15985
13577
32523
273
24200
20603
31951
19900
997
9867
28514
16882
17589
2054
27254
20592
32594
30249
21851
16914
7354
11086
24856
9109
22335
5836
9402
16546
22912
20504
21484
20488
18839
17712
17352
13642
5268
10297
12781
31577
3627
24678
466
27810
14505
541
25690
27723
18732
4693
7592
29882
15380
6467
23860
24408
3509
18485
23582
22932
27470
14014
13763
11050
28735
31507
11919
12709
17270
8629
23826
13602
10539
18512
26965
31320
23757
24547
22126
13781
18236
23074
2642
17546
25912
17945
2027
19850
29210
8209
3946
12559
10945
22711
6367
26814
15568
22395
23814
15660
13847
31799
24676
29856
2126
25617
13459
24347
29961
30114
25563
25493
30184
30808
15106
29322
29966
15128
25956
437
27093
3624
3910
29980
11712
5197
615
6476
7602
12080
28888
4838
23389
2822
25102
26458
17148
3440
30262
755
26949
11168
29640
24596
13721
27582
21343
13249
27775
5514
15816
17248
15952
22082
12376
18369
11828
23494
15235
349
25932
11002
4011
25051
17969
13676
19510
28377
21662
29239
17635
16872
17769
32295
12638
18904
19128
1821
31506
12599
28785
1717
7486
3604
7410
4135
19275
16136
2563
13675
20829
6520
18952
18337
25384
19732
11644
30383
19717
8355
7322
5164
15172
27651
14685
32125
3012
29547
23979
28989
24002
2036
18893
21475
21487
4440
5923
10142
15557
25849
17174
15236
5402
3621
26189
21996
6390
27544
27684
24088
22178
17986
24154
18712
30721
17739
6409
19946
13859
25429
31452
9446
11032
18689
25980
22106
30210
12468
8779
23665
25966
14235
32597
7257
7141
16364
14468
31396
25277
18543
275
3823
7989
23870
16708
15042
7618
1481
23638
10168
10147
21532
4785
28896
5819
31077
21605
31586
23456
944
6098
16998
10736
10486
2216
6705
16100
17238
8979
11921
30247
25250
3887
16508
8424
5917
20674
26356
21294
22915
7978
22317
7019
13386
31124
30706
22613
4648
19311
17477
8433
21973
13601
16710
29424
7954
19704
2902
6975
24810
27747
15995
3290
11576
23906
15878
6625
22889
31803
8052
17133
24707
8559
15507
4260
9830
26604
12518
11147
83
9092
17993
9756
9898
7070
5336
11545
29688
24107
23054
4639
5424
16092
19242
25726
3897
22162
26327
3144
15785
5911
2571
7080
11985
18187
19504
19061
249
31265
26242
20487
9452
22923
10936
3914
10680
20658
19686
18704
30127
29227
1186
18604
4273
10470
18790
16060
25518
2473
11829
15942
4454
22717
8321
4103
19571
6120
3661
20487
20106
12443
14223
2417
21758
3691
11992
17570
18053
15813
19766
15232
26175
25310
7514
10253
14324
7402
502
24892
31134
10638
7017
14851
22055
23703
12446
22193
13683
16364
7985
27778
19873
28609
5844
8048
22926
1806
9202
29261
6299
12352
19858
32015
31665
11822
19069
23915
9090
29006
4515
5541
5137
3369
18875
19878
16756
8716
23594
10831
23000
3841
12070
12045
28871
32765
19227
23981
28582
11355
28493
2162
28546
22921
22976
2661
24588
30210
18005
23021
8161
24700
26933
10655
27151
12130
26738
2903
15573
3204
6380
18824
7595
30990
626
27344
24194
3510
28458
5072
18509
2874
2611
15162
20160
20234
20872
25643
12632
65
24360
21180
11675
2266
19828
28372
9889
12065
15064
18752
26067
25447
12461
30469
22771
5626
29022
14068
29021
10581
29130
5504
2188
21651
490
717
28127
2602
26804
3849
413
14037
30527
16639
312
27858
22311
15081
26830
20302
6195
8582
3573
21022
16693
31085
22456
8623
26674
28321
14301
18240
5571
14949
18794
23886
30651
6994
14439
26704
9994
5030
22244
10149
1250
25055
830
29387
29464
26505
17311
30417
27596
29268
15044
26639
15436
7017
23043
31764
26422
12542
29836
16352
29149
24104
6127
7764
8430
1265
19934
10982
26708
32427
11060
1177
4696
13956
20535
25901
25101
21082
15898
12434
13547
24016
9671
6307
26554
11169
5083
10513
690
24884
7665
20381
28896
24689
29987
13451
18123
980
462
30547
23640
24767
27798
9113
15851
1045
14506
29279
14543
23812
21321
11130
1752
18978
15494
15170
23878
31932
11592
20622
25325
9834
24212
5856
20883
9447
22031
24796
18074
8224
23486
22271
1759
20107
32017
32397
14817
21434
16672
11467
24614
27952
29236
14959
2266
24947
8329
2901
2746
25955
16978
15987
17456
27593
5374
6671
9919
4915
9146
2095
4514
9728
5943
14162
16304
24759
12973
13149
19587
29341
8736
2776
5337
27782
32226
21594
30266
4587
10073
10306
12764
16445
25346
25256
30403
24697
21430
16788
22316
5885
15148
13165
11564
9626
9152
27060
12949
13290
22386
1010
20505
29155
18482
26350
26546
18605
19803
5156
7745
3505
23165
5491
26741
27635
4959
20758
24302
30625
24900
22997
7586
8172
28014
3964
12928
29462
9441
9101
24404
26828
10601
22066
13035
9911
21470
32629
15735
29518
11175
14515
25652
19182
30589
14926
6220
19244
19313
16803
29945
26730
14385
4924
2281
8616
32647
27974
20198
9885
29218
32325
6582
9222
23193
13318
30528
10815
6573
30421
20209
25104
22479
9457
16222
969
28642
25149
32555
17553
30529
4152
17707
11771
1796
559
31688
5082
10879
16818
17318
7255
5900
30532
2435
3648
4363
19286
13154
22947
8742
21367
10472
3740
1242
24517
15110
13931
26930
15527
11992
17097
30422
15550
28621
1917
12357
7960
11529
29226
7007
9639
26119
29803
21286
28658
10883
21537
26309
28171
4503
22028
10706
32705
11300
30361
22992
5142
30323
9467
15608
23796
3356
13437
7737
27419
10535
30743
19069
18014
10098
15423
29486
22031
8018
4865
6648
11704
19581
9810
27089
4619
20520
1186
8503
18972
3436
7088
29113
4302
9454
21922
30905
14987
21439
3157
13680
25401
14721
18162
8243
14441
18892
30146
18164
13265
27856
8259
4875
23036
4923
14715
7223
20800
16733
3724
11487
25841
21897
905
23454
18644
3519
4744
24063
12502
4233
16632
30853
4350
32035
32565
12271
6561
18142
9818
8121
17365
24518
2135
6630
551
30339
17987
29693
27025
19325
24819
9554
26278
24900
14283
6790
21264
3118
27092
25169
32572
9538
19727
6015
1108
25684
28681
11321
29294
9586
22960
31366
12035
7551
31589
15890
6050
16926
2386
23341
15589
26834
11518
5910
18853
24931
17950
9594
27242
3971
11695
12088
18725
18353
12097
13927
28962
29534
11414
31642
12088
16462
8043
18530
16963
24386
28054
17173
28628
5588
17233
12238
20774
10146
26582
17077
27732
23214
16428
26497
28106
6917
29760
8763
5625
415
27191
27972
12112
17031
3075
14489
8295
17979
2868
28246
28285
29270
5905
8313
17444
25964
14568
17385
20539
10806
19106
7351
4381
9711
15258
16291
24600
17917
6064
19682
20769
12500
1177
18462
15045
32280
10617
12735
31331
14849
13491
17769
18585
14340
29695
453
12796
30896
12990
23941
2060
9942
21131
19874
24167
28652
21011
232
26684
15283
13862
29877
18947
1816
2318
18174
13163
26200
25631
27026
21908
29288
14223
6819
2431
9620
17544
18050
15043
27494
32124
13994
27265
26569
16569
12800
24217
14702
8509
29273
20766
15215
12747
4925
13320
2611
1598
24043
23849
20369
24350
5788
11875
6712
13169
12044
3607
17486
3283
567
17376
11607
27081
32096
3458
19289
6739
23128
29
22333
19136
20221
2471
6265
12486
22017
9880
5100
3794
29933
8167
8713
413
9061
25910
12344
19456
14253
22346
12665
5385
31852
5821
587
19534
21424
10999
17356
10369
2867
5466
29217
29765
17885
9405
14872
7488
7817
7452
21004
14706
26636
1933
23050
30405
11891
15990
1841
10469
23949
2558
7775
26961
12458
24769
522
32179
20385
8392
22379
30829
15640
21688
1762
18292
31231
22857
7062
9569
606
30458
18012
8389
1873
17412
2010
11709
2640
25228
17900
30151
15796
28444
20550
22996
20087
13140
6235
23199
31548
28893
8318
23356
7311
22687
26183
29172
621
564
19513
15184
19207
30620
18081
25460
5827
10546
20417
22958
15748
24030
26414
25167
26923
29581
8311
31418
14686
990
1287
17338
21640
16670
19789
26137
2592
8055
13594
9582
27183
7780
28490
5430
30220
18024
31910
9254
20074
12032
27145
29120
661
8406
14786
8741
25849
10295
31802
9258
2276
11207
23511
7597
19853
23412
8223
29226
6740
2984
27681
6025
12363
20675
15376
11578
13558
28360
26162
2436
23119
29014
8952
12570
18445
32731
24687
27888
10790
16900
25815
29260
2195
26744
1168
20768
19539
11717
28478
7319
5554
25498
22565
494
18379
24632
32213
16773
27980
24611
21772
15926
23161
12317
23256
5861
12404
13140
20988
32344
9659
6619
28565
17737
14322
23383
15101
19130
10979
18939
9456
18057
30915
20918
6637
8772
6070
14250
5087
21566
14486
28129
28413
28899
25328
20283
1519
26184
4688
22443
22834
5639
14527
11427
17853
16713
19081
2509
3813
31524
14148
26108
16254
5416
29709
25698
9795
14900
31509
26115
29048
11150
25693
20329
11725
21555
31677
22170
11398
9836
30763
27975
5337
30626
14394
6982
9367
20083
10209
23875
25615
22278
13182
23474
20784
29083
27674
3591
17901
3942
16623
7722
7654
20893
29223
8229
24388
7888
8423
29216
27364
8825
8332
22672
30649
27348
27957
10923
23915
6384
27521
8991
29252
22278
21914
10499
77
2315
31090
9486
5556
27521
11340
14087
13425
5266
6015
24444
9513
2911
17014
29111
29011
27030
32252
25070
18585
15170
5302
17338
21889
4328
25841
3274
17740
30671
18335
28633
1823
19615
26779
25565
1632
7214
29749
11138
25699
1686
15850
28886
30022
22667
17523
18758
1049
20203
14082
13769
8770
14487
24520
29531
1568
27266
6074
12205
15599
14855
10133
30235
13292
29056
14879
26846
23737
29460
17328
6787
28930
32208
754
7067
6497
18681
32485
4277
31615
27041
9766
25737
29565
13945
29552
27254
31890
7654
15203
1327
3317
8791
1924
9649
26877
28885
8838
13944
12678
17884
14792
18162
12696
5225
14366
2868
12099
9044
15828
1004
17357
5344
23024
25238
32528
3217
26808
32243
23069
26429
15220
27319
15653
14694
28021
3202
7322
1991
2646
13074
29073
28205
27010
6071
4459
10376
25334
20231
10420
12866
16713
722
23883
28623
5353
2137
23491
5766
19623
9914
21514
18095
14198
8623
10568
3037
21359
23672
22794
14206
3609
10518
23968
18864
23016
6074
4035
23638
15619
23165
19324
17515
15690
4433
23617
23959
19864
4664
29792
13312
8261
436
13217
99
752
20350
294
10851
10107
27514
15511
17697
32342
18155
2684
14860
1537
30180
16362
5627
13260
1279
12642
11385
23010
22352
26870
1375
11909
8348
1965
18601
22683
20423
22057
7298
9578
32140
18567
10657
19360
13169
31111
14808
24470
7929
24813
9450
23765
1307
18727
32670
26842
2547
18479
16657
13078
8376
16307
21072
5689
14318
10356
15398
24240
30172
11500
26419
23148
6465
22323
8766
5606
21059
22051
25293
27232
10152
7611
29682
16749
15432
26305
1895
12723
2242
20907
23773
22768
23919
12480
29586
5947
16532
15739
31266
3981
31964
15664
28831
4479
29701
22769
12515
20565
2521
11443
20773
2876
15200
20909
5323
2768
13908
26625
24447
6113
1237
25502
24197
20343
8542
8293
23628
30739
1784
395
29251
15416
4525
8254
3309
28202
17216
19851
30264
14582
16411
27519
23051
25266
6281
24972
31006
1030
12837
12335
32270
22764
26003
26576
10417
3763
9325
1770
17319
13130
15232
875
6193
10683
1337
862
21574
18422
8282
2247
5860
464
32497
5326
5797
17739
24971
1568
5778
27672
4773
13971
7483
26202
30307
7177
8712
685
17029
28822
9418
30567
29334
9701
25493
4382
19558
10199
8914
10858
2235
12910
15248
20715
29764
16106
25627
15246
7374
19505
26320
30221
24250
1652
15151
26037
26287
4624
13618
2924
31628
32178
16093
9970
9377
8127
20503
8039
30
25331
6328
21774
24011
17992
4323
16464
29178
5145
25494
516
13499
5255
26495
18669
16718
16156
6674
12420
18910
12206
20696
31992
29548
25222
5386
22644
11785
31682
23902
30112
23880
7672
6689
15210
25843
5148
18310
24070
28157
21156
31294
2355
30648
5097
6728
32705
2376
5073
16395
21584
5976
11947
26530
8026
29195
26458
28279
22132
20277
6326
3859
10448
17612
22063
20276
1287
18329
16308
5152
11285
563
19667
20794
30117
6190
21281
1235
10640
10640
19420
30530
4768
10884
7375
28727
11929
25427
26742
22092
8058
11407
10595
27869
16896
15250
7392
9242
3436
4903
16598
12122
8326
27782
26861
21939
8162
11398
12021
12487
18786
14606
17029
19936
24828
17100
23521
25920
23229
22314
22049
7090
26126
20094
13456
613
15927
27265
5971
18682
25633
14595
25419
21980
9568
3805
8508
14544
5232
12070
22574
11213
22079
29354
26387
5645
26860
919
8619
17764
18383
378
13477
20945
4281
8554
5383
24403
3709
7811
32463
12797
19631
3735
18138
18509
6315
28447
1030
28602
5081
32376
21396
1932
15152
13644
15568
26096
2041
29774
30707
4940
3542
14890
7240
20432
14850
30139
31118
5966
6106
18559
8350
5963
16029
19785
24397
19286
19568
14134
13204
13208
4773
23778
31214
22957
22332
988
23298
6066
20394
87
15490
21919
14554
32034
14675
12503
12402
32730
25838
16894
13143
32094
24070
29963
25971
4739
29803
10142
1718
13577
26158
403
14682
28878
30726
15319
32108
1346
27890
18810
1416
30491
8480
5894
18660
27210
19470
21520
30351
22573
11759
31500
11771
30214
11344
2918
8378
24492
8699
10702
389
23168
26139
6867
25730
17571
20130
19379
29895
1126
12776
23921
8986
3074
11156
26153
12794
17802
10432
23713
17124
31517
32600
25120
18639
3936
5315
24195
1017
6699
22470
8845
27365
15747
4517
1151
9380
18121
21131
10984
30805
28720
32043
31167
21992
22133
13736
21935
23591
30410
14258
12722
32758
18707
22515
6881
14553
19028
13481
13963
22200
2922
22932
26244
25823
6138
23314
1983
15945
18856
11401
32543
14110
23433
13829
2187
32634
20954
27938
31809
9072
2546
29997
32364
19535
1653
2694
19704
10019
19403
15688
8101
5247
24784
16172
20058
1402
18381
18603
12733
10744
936
22883
29184
21547
32087
22460
14333
13657
23962
21451
29830
22495
12010
29047
12790
31350
23468
15834
9228
12469
23723
29674
27130
27863
11205
29784
14008
22207
20197
29880
21406
5177
3889
10723
12594
26243
12420
29081
31295
16652
15646
16235
23847
15739
14746
20696
32633
4339
21793
27831
20422
26261
27102
12757
10673
17223
25009
14558
70
22196
21288
3457
653
23956
27307
17103
28254
31022
29686
9956
1398
8219
6093
22986
22731
3148
8682
19354
24093
19023
25403
26084
974
19917
1098
25681
14067
12120
23549
8327
4011
30563
7807
21837
6064
6802
30846
7408
24363
2869
27287
12005
21453
1039
30990
8367
3611
28763
963
11780
2313
5393
23137
19499
30667
24421
24793
3240
11752
31888
22543
4891
19856
7892
7890
8806
12335
5050
32530
1294
15682
3999
23373
21732
9066
21102
20555
26084
10174
2479
7947
22621
32614
5057
29437
5714
26470
2147
22642
16416
28343
10874
30544
19554
9884
9998
26122
24338
11571
17813
10447
7153
17994
28020
12546
30760
30325
9411
28907
20271
21597
27728
22444
16110
1115
7399
18806
3874
4678
10705
26620
10243
7561
27803
16168
23588
2936
24089
10765
2458
13284
24745
1054
22112
15340
32700
31389
3066
4887
18579
4694
22105
18080
8263
13708
27135
7953
15116
24116
21859
15379
6326
12385
407
8837
10877
6400
9768
28875
1533
17605
13382
11625
18817
869
32036
25552
5504
27398
6050
887
16232
20467
18730
13614
8603
25749
30167
6832
11447
5535
23517
11383
7707
30344
7717
10708
32679
21054
25143
20286
21698
13337
1373
18155
6306
32013
11525
1949
29128
22821
13928
5567
16073
10540
18793
23216
24660
13485
4800
1631
25713
14367
26967
12056
30471
9049
25332
9117
15265
7244
7193
9081
29809
6640
14121
29073
6806
11135
22219
29948
19354
16354
6035
23572
12351
360
19680
30157
16507
6590
1280
13638
2241
29212
6299
5022
21634
17340
18766
17417
25076
3216
13206
28195
786
15412
6128
25220
20452
11554
16190
32148
19968
15909
32365
11424
12625
8208
7509
18734
6679
11183
9440
16014
29743
21502
22639
11698
23445
2201
24185
832
10791
7284
23669
13284
4779
1228
2555
4843
27924
1117
32550
30478
6145
5846
16956
8587
4999
12426
22673
7035
14640
9832
24232
32095
13635
21037
27548
21756
9542
18136
17342
7529
32706
10590
7808
32102
10566
416
914
16367
23214
6042
842
15121
15525
12509
20041
6397
23657
16959
28764
14171
24015
27089
12960
4320
3718
17681
26858
25891
16031
30561
11877
4780
589
29880
21885
22350
16618
25752
3836
27320
13627
12608
3187
10054
17141
5922
8668
13597
17792
18583
10877
27510
15354
31186
13584
23610
30335
26898
15136
15824
10408
14108
26550
10034
1361
9193
12597
21063
18336
924
19075
22637
19779
32695
12137
7508
9720
30861
20541
23571
15443
6907
8382
2677
31676
32339
3647
1684
6071
24217
8456
17066
22632
18162
19705
25379
4182
16473
13680
759
8047
22676
26733
4662
10060
5478
21748
741
21687
10247
179
14344
25194
29905
16613
27392
14618
17212
31350
31511
20660
10764
11624
23386
14055
3017
20341
4775
24290
14192
14838
518
7775
360
12035
25916
31712
26807
14812
16798
12856
7286
28295
14116
3406
30082
19643
26558
1054
14453
18941
26859
13312
13269
18185
29575
8493
3723
29811
17892
24703
23190
27278
27677
3704
16384
30861
25255
14214
21521
28392
18217
5509
28868
26882
2958
18054
8311
23048
24408
24783
29158
24860
17207
2083
18522
10419
31450
26691
31774
21819
20741
14516
24371
18178
25060
11715
31300
13139
24479
31431
5596
22754
1326
18854
25559
21353
11119
19354
23831
21140
13429
18229
10104
14363
16675
18339
6149
24877
25850
20784
9580
7957
19504
16137
24239
8984
2050
11847
14877
24988
30027
6697
20609
12432
29012
3489
22681
9479
20718
3603
30409
29734
19902
9049
13585
23361
24025
8458
14141
21313
10641
5372
32603
4937
5006
32519
22130
9881
1824
13836
11633
6578
211
7734
2662
698
1348
5248
22000
26915
31284
13176
7415
20616
5595
21826
6810
27351
22654
30431
7785
13749
17476
24752
8917
1822
18246
14389
10212
19788
3045
24347
9770
1499
9056
17270
11764
12330
16038
1355
1734
16132
26984
5457
25352
19840
31603
12536
31740
6949
13373
24491
10739
4946
13501
21842
19649
25565
19328
24092
6254
26363
18170
14203
6702
25696
16922
31344
2451
28071
7969
31496
14850
23027
9395
16679
16484
9431
28974
32388
8477
13427
14396
9717
6722
19168
32420
2029
24070
9935
18534
6210
20854
5996
27910
16692
9063
1929
1576
26540
20396
17400
11357
1217
25228
312
30269
30848
4211
25685
28086
31213
30183
4873
28579
18501
5054
3879
10656
390
23438
24889
10781
16945
24678
22120
14002
29263
32699
21917
23730
25522
5797
4070
28675
9597
5964
4123
27693
12519
4764
28097
27568
21307
2625
10030
10651
31011
7887
26350
16730
16167
28224
14438
8400
27505
13988
28599
24742
13523
4372
18662
30434
31499
22760
569
30651
21573
4906
30180
22699
5089
27210
30436
27079
11895
4626
29996
31052
7960
10205
11519
21882
12759
25348
26013
8357
22408
10650
801
11145
26312
23897
28586
18910
28222
29915
8121
21804
31776
13582
13786
20961
32504
7906
2439
27297
9128
25924
5449
13789
21675
32592
4128
31143
16031
10946
13861
25028
32256
29358
1134
23555
23095
3698
27698
3790
12755
11496
16685
7679
31766
32736
26438
12789
947
7117
880
29926
16086
32702
13262
31350
26725
22928
4890
17801
16005
23138
2887
24662
2657
12106
15205
15038
21799
29254
29894
17115
28242
10102
4959
27611
10031
6792
13680
5903
26522
12403
5736
4927
9
360
4355
9793
23757
20229
3253
21705
32404
10957
23115
23683
23601
24789
17360
5215
4512
31423
21421
10029
68
28396
5909
23657
17524
20462
24480
25432
9270
4156
18486
21588
23370
11818
303
23651
26731
23576
10168
18191
16337
30953
11385
23154
1786
27831
3445
14737
15786
15812
26417
16619
30769
29108
8472
4433
3820
3834
14622
15607
26382
21137
29348
19148
14496
28140
27803
1031
30151
24879
25325
16386
14150
17823
7960
8780
21059
7255
23580
32506
31566
30014
8600
22845
6815
565
23088
12346
13727
27285
10545
3605
4523
29400
17272
3407
29716
19606
20368
18515
9066
8884
4378
26443
3578
13784
25458
16440
14741
7455
18319
15682
24723
32531
2347
32076
24600
22231
16164
25292
23446
6565
11043
1242
14739
20603
15483
13959
23981
31248
14932
6255
17371
18701
22792
26770
24821
4730
16077
1119
27767
118
15253
20754
30594
23852
14386
32320
29987
2562
8382
22192
6104
30483
20026
4973
10320
12000
13173
25881
14707
19010
20783
10116
23970
24740
13695
29566
16704
18542
2674
745
20081
15300
30709
6930
15905
13681
23797
28993
14921
6686
9156
15758
30061
456
13759
28663
23402
13681
21038
15280
16238
13589
19563
27834
11080
23007
30023
15287
13282
26781
13225
5117
30475
10354
4216
32745
9850
20938
14779
12149
17424
27027
16639
19725
29534
23723
6393
5279
1127
28564
5741
24818
7079
22127
30799
9016
6996
2344
15143
30950
12771
10222
15290
21443
12750
998
27878
26687
5781
8224
9422
22023
23299
16074
17719
16086
1202
20131
17202
16270
2257
19635
20988
32647
28197
28218
13602
18983
20558
9958
32232
26291
10316
24392
14316
8804
32321
28553
18695
16574
26744
12889
2164
17949
31655
17449
20788
20625
4209
17050
5040
29419
559
8245
10913
17944
19184
24668
30509
9390
8382
20352
2130
17605
30756
2965
20872
9224
4077
28867
13474
31244
27181
15967
25334
9440
22150
2073
22973
17381
29092
18295
32189
29919
15882
8578
6693
26445
14865
13503
18104
14838
5933
864
31021
22213
30323
19900
17878
16598
20056
28925
4993
2257
23996
7704
18076
23415
20519
32003
10140
24186
30546
4130
2207
20370
15849
27650
28239
6605
14223
5961
16394
21799
29219
9965
17217
25690
27713
27301
26142
9463
21772
15773
7530
26038
31019
20334
22957
5898
274
31053
22423
27129
25731
29570
20382
20779
14164
32541
18665
6209
13170
22500
4973
1384
9254
655
11606
14637
5783
19256
6056
16531
29585
2061
24102
3426
26244
29768
22131
18627
13776
14177
23159
13322
28735
27777
516
3027
5075
15931
8121
8528
4547
27255
1319
7649
21440
17070
21043
9445
9852
31837
21435
18385
11629
26035
13693
127
17359
21133
2868
9672
28392
21925
29955
3668
17807
6662
25367
21937
28911
28868
15497
30627
10889
26345
28033
13755
23416
30642
8353
31531
16633
12028
10145
13017
14890
20473
22326
17330
8978
21543
23097
10049
24802
22147
16389
20096
890
16122
18977
18670
8239
16928
15647
25057
18892
2340
14531
10270
18902
5636
23400
5031
32533
14333
13472
15828
1359
9286
19227
24485
2647
1789
14794
2647
29767
8290
10307
20021
15625
16963
8808
17329
10012
16823
4931
10931
12180
12559
26421
5169
24931
30218
6480
18944
28120
4168
12289
26858
11877
9217
27890
24832
29605
7415
13358
20529
17821
32169
28295
27420
31043
11978
27445
26659
16188
25329
1215
8385
4074
25234
3359
23837
6310
21549
17697
32223
3658
21701
25356
30786
2291
29844
27780
22634
19717
27645
26543
15865
9583
7362
10135
1757
13104
13175
14287
7275
22042
32055
11098
5810
4821
17813
21192
10761
6696
20693
7586
4843
21876
18013
11016
29701
7297
8038
19865
23180
30845
28151
1683
23764
6210
4116
15419
1823
23000
9011
12160
2739
3387
19439
29915
25391
21598
9728
29817
26142
17519
28779
13724
28877
11357
18934
31039
10330
9368
4575
26617
14
19480
16589
22307
31212
22176
19975
26941
21898
20548
29924
3470
8480
14889
28291
8971
24799
25740
29627
17018
16516
10757
6997
29655
812
28685
26745
21239
9578
4287
7527
26475
26007
4571
9832
13223
9833
19728
12547
16228
24519
28027
17267
8514
4572
26219
26713
19378
28267
18279
17071
8467
11362
4466
7677
4891
14769
29069
20175
20857
16220
1150
30566
19384
11215
2000
1198
2663
14195
7195
30576
9079
6014
31877
19913
19940
21263
20361
8411
22680
28282
29943
19138
2188
24800
30012
10441
8752
2052
30180
19934
8717
3673
22365
14660
26792
30560
24574
25992
23978
17968
6215
17334
20031
29270
15467
30412
2748
7904
26379
25455
1924
18357
22853
26589
1324
22824
1005
20515
989
26060
13850
23184
1530
28297
5349
24681
26115
28911
16493
30430
17338
12235
18975
7229
19588
27128
24628
17766
25361
29560
21114
24447
27199
25795
21592
6633
14140
21599
8204
3186
28395
20145
24376
3532
21130
19
31901
20030
16273
17703
17190
2713
26333
5482
28200
27502
32525
31756
3816
25726
30253
4863
27486
10354
26258
13390
14904
1228
21252
21936
24610
14878
28195
16989
4677
9337
28931
10016
525
18473
17690
9389
30256
5791
1372
23606
29932
32687
6820
10809
25488
8956
30550
924
16189
13744
13890
10491
21230
28784
8396
9281
3766
6543
24650
17525
25673
32641
24238
3031
19646
30611
6757
17452
23443
13530
29055
11606
754
2921
10255
31271
27954
29639
11733
3959
4001
25249
26394
14708
23169
18619
31964
19258
10832
20268
30763
23716
24141
9163
11475
6753
14391
27109
14139
23626
26968
9009
4493
30194
28866
9477
1047
30079
11993
28105
29938
17593
21009
28333
23265
24673
249
7575
22395
6596
25977
25439
15501
5776
32087
14911
186
741
21504
4229
26468
10671
2438
17291
24528
26420
19173
18153
24452
10729
8074
19433
15348
30090
12310
32060
18270
7273
27231
8939
13555
8967
9911
17040
2103
481
12914
4037
5034
14732
25506
16605
19112
27908
6693
7122
27278
30274
20962
20351
16158
10508
10831
27919
1573
14353
1847
5558
13914
28725
11962
12447
11658
15914
2197
15653
2546
12864
25251
5445
13037
30334
24228
13395
21711
27377
27966
21997
21520
23620
31297
302
31661
2193
11823
21539
27339
26231
26876
9091
1437
25197
23058
17050
28041
1621
22936
1927
17542
16213
26356
24487
16329
13794
28814
2129
19872
27677
18647
16324
21150
5731
27787
605
16888
25119
32307
10254
5423
7907
6893
30219
26351
32184
27759
30918
13624
23218
7242
14878
3771
17607
3180
10195
12167
14304
30953
15934
20708
15665
26363
19263
12415
26054
1351
23926
4808
21343
24929
13238
17561
17278
5779
16566
24600
20670
23002
5898
22750
24166
1842
20818
4953
25150
5139
19122
2926
162
2876
15234
20067
11988
30127
3654
19453
20375
21757
224
17125
32249
4803
26116
19536
31344
2421
6893
19167
28200
2650
1358
16580
30876
1240
11660
20775
15204
13042
18730
28872
22605
28431
18821
2533
5551
5885
17089
5982
7419
8245
16131
31511
1940
16737
20960
5022
11744
21787
22
21774
27806
23032
20346
26931
21626
13253
4914
6894
30686
4624
18468
4315
19212
8171
5550
6962
19050
24812
18072
6379
23324
24440
20039
14374
6616
4161
11827
5577
3062
3854
20379
107
26311
6331
9591
25201
24872
26240
10926
6006
17239
20086
4233
12529
10501
19798
12647
28177
10668
23940
7091
27372
23330
16205
18708
19161
25199
5741
21987
25114
1756
213
19682
8895
31564
2731
23339
20678
20943
9105
102
16775
19829
31018
3903
10832
1632
23258
4632
16972
5149
2766
26618
15273
12853
8253
11730
22521
4862
24301
18394
7129
21687
10232
8021
26065
19668
26576
26751
27772
7575
9601
1220
26601
18912
5942
21808
27200
15174
24575
4391
11177
28262
23249
30038
19817
14715
5839
24297
22606
24880
26823
9982
31310
28594
13824
21082
18283
520
23603
26971
474
32679
23255
3118
11619
28737
8609
5954
29195
25567
10316
27645
4593
8495
13206
12717
30326
3615
27531
8897
6304
1706
9989
14905
18625
5618
4212
21851
6483
17808
2011
7592
28967
30504
26139
20238
2239
31808
1396
11871
22264
24658
13129
17410
12523
6431
28451
12009
8470
4423
6905
9154
14775
16663
175
27762
26233
18850
20700
31679
338
17939
32464
26956
11948
18241
7638
27083
17603
11652
9142
5998
16974
21704
13438
7838
6241
18143
23426
8944
19346
26652
21922
28757
12379
21021
20683
19601
18111
20712
17601
31982
31024
13882
18715
21553
17073
30491
3215
23757
56
18358
20847
29527
29014
10600
4980
25914
11289
7959
15035
26540
2098
31685
13
31456
17747
32612
26211
3453
28891
13804
28073
29776
20149
19628
25283
2621
18813
20957
28878
3196
11749
4733
22440
1794
13656
2651
27570
25916
9181
6766
17108
31491
32061
31082
12994
6605
5480
4757
1150
1568
21
18135
287
24909
9129
17425
15312
23386
29530
26288
15643
16704
5268
22914
29544
15191
29595
26568
3264
20494
2931
13708
7639
32479
25853
21045
14922
1922
4450
22872
25125
12641
9140
5585
26792
10061
28115
23315
14411
15215
1166
2236
6143
10113
20235
27757
21943
7486
9577
30168
31271
15126
17059
28954
27083
14631
3512
15180
5932
25193
32265
9556
10847
11816
7938
30977
16846
3512
30460
21592
12347
16996
21858
20264
23553
20391
19475
7909
9117
23967
22536
11442
27502
8126
32055
20928
14521
5059
22967
11735
32240
11496
29732
19506
31796
16221
18757
2704
24088
16374
23788
30344
28584
11297
21022
5405
6058
11802
20084
18578
30243
20834
11457
18560
19485
23405
17141
24613
4264
7322
16194
26367
22303
19817
24701
10137
27308
19433
3526
10406
17166
19823
4459
3148
13978
22669
31498
31170
3456
6978
27894
17693
23120
29039
22748
18791
15293
12170
28583
10482
27552
1430
18592
26603
16192
3667
986
5426
31952
24242
27597
30057
10809
10635
23105
25676
14618
19346
25710
24640
13325
21384
4705
29742
20781
23214
9633
29585
3541
16767
13075
15566
14250
9374
5147
30149
1755
7694
29444
30373
11687
9889
30370
22276
288
11187
20789
20783
7983
11543
13969
28606
13785
30546
32124
14700
20416
19975
28760
20262
18925
6835
4354
12386
22220
29595
21497
6578
12920
3842
5827
12697
27705
30366
21900
30621
26956
3917
25617
10653
1250
18693
11708
4965
29034
2825
16656
31872
16147
12387
10824
10317
11149
10382
24891
7254
7952
4211
20099
8412
31392
22423
11230
12215
7055
17810
17364
17757
14403
29635
21659
18496
31290
3906
6711
31325
31050
30486
17381
10513
31790
2728
22714
3887
8766
15480
20360
7505
23166
15631
24065
7275
19418
21045
17183
24230
4784
11875
4291
29291
30607
23675
14492
3005
831
5047
24650
6093
5121
2015
16579
11976
22551
2496
5366
22516
20871
3033
23471
21499
18205
24407
28859
24967
18095
15684
16716
12302
7332
28667
8095
29936
25783
12511
31195
22207
6137
3660
30781
8925
15381
28110
18034
333
6104
32401
3140
6851
4337
12313
22905
25853
5877
307
2296
2390
16294
15148
24366
6553
30836
27968
26544
1811
28996
15445
22050
4076
9329
23274
28247
5815
8208
15690
14265
6215
29817
24069
32748
13252
27651
9888
28846
30975
28686
20620
15618
28931
16199
21077
10637
5357
22823
11548
29760
9981
17085
11847
24375
8684
2222
31095
25313
12928
8826
28346
19298
28511
6912
16643
17717
17185
8773
20695
7446
15528
27761
8008
14111
14772
538
27943
305
8114
26053
23158
25749
5845
12970
6684
31459
31592
6328
3548
2595
31075
23001
24200
3123
1596
11383
25714
17769
11519
10047
29732
11896
24737
6693
25425
13720
18578
30888
23051
6881
15249
14679
17461
27640
23748
20116
30524
25326
3848
7320
24578
11365
12934
4279
19739
22773
24711
15845
10556
32206
6537
8826
14832
18590
6545
31538
13965
2741
18116
18296
19303
32615
28209
25316
23875
20913
17138
22530
8463
9504
21363
20565
23504
9711
26897
17819
24283
25711
1511
22611
5192
32684
29924
28541
12196
25422
8225
1441
22246
7357
8562
18194
22436
2953
16700
25972
15495
28936
22406
17532
22269
9025
17234
25591
4397
26376
27693
11022
7216
13675
517
30920
20094
28749
28475
7632
18086
19025
12537
9081
9795
26106
2502
1023
31019
28688
16983
14352
7401
14661
27816
15754
15470
4888
23884
31623
13315
29690
20226
10135
29058
9903
25736
4172
9414
2296
31924
28924
21600
7535
3264
12994
10891
29874
29926
16070
3683
12739
812
17854
23889
11695
6274
8373
22730
32366
9226
12043
7225
25867
26807
21950
12089
26373
16665
999
2056
5876
21879
24712
4664
20591
30751
1412
3496
27438
7162
27631
22963
10604
6499
28040
167
25999
13625
32644
6009
17163
7731
2702
17847
26244
21620
1035
2493
31027
12128
11426
3372
31626
30125
6140
7576
11035
15293
25032
7553
32694
31787
13315
389
977
7844
630
11731
3117
24824
8064
18403
4791
22128
3605
20581
14509
29027
13575
6519
13313
19204
22404
27930
11266
7550
30433
30695
18745
9283
405
19454
31889
22176
29577
4160
16828
12438
19343
12222
24785
32229
31279
7536
29498
23401
11690
43
12237
25257
7993
23245
16953
13230
17814
1211
12708
20753
4285
1677
6802
600
4852
12039
16393
12419
15113
29771
14323
28897
987
30030
14019
12840
15643
12169
15963
16325
20820
15601
13357
3953
11561
11816
8865
3333
11231
21749
10679
22671
11547
4850
25326
10917
14316
132
15460
21241
20235
16
3902
1326
23138
4460
30026
26602
18892
31124
8675
6701
21788
4767
16918
8929
32096
22513
10243
32434
13159
689
17797
16415
18304
19070
14869
30161
1669
7773
30699
19244
10264
27126
17511
5925
29229
15105
6064
19795
13769
23291
8091
1352
2312
12573
27086
3105
25189
142
31013
13404
31030
22232
19028
22506
3958
16025
3022
16517
2247
2683
3302
27204
29367
19557
10292
21613
25155
19699
11579
21642
19098
5924
3400
8127
12579
27731
20381
32346
25280
13417
4303
23980
3669
15952
4461
13336
26756
25771
6114
27497
15547
27332
10653
17768
3953
9669
24431
28335
13740
17964
22836
13240
1479
21881
5301
3129
1394
15401
11213
28852
14586
25576
15819
11849
30667
18947
2072
11472
27187
5660
29210
23332
5224
2337
4183
13761
4813
22655
25310
7058
27505
18834
21219
25860
6360
8544
13225
29023
12799
15496
19109
7766
21402
25461
8928
24029
11936
11991
12189
24122
24585
4180
572
30815
30167
21370
5982
22647
17747
11001
32586
5311
30361
7695
25999
9879
26966
27203
15339
31193
22225
11606
3180
1641
21800
27511
14037
10253
8156
17846
7491
10367
18832
29883
1040
12225
15118
23480
10488
3761
9099
18332
21882
6109
15916
11914
28801
31384
4297
905
21316
21582
2032
29309
25963
27668
5165
6230
17523
19587
11400
2951
31315
12231
23120
18617
1888
29171
12823
22465
17262
32151
24062
15568
23096
26261
7475
2538
26370
10032
23735
9370
29564
13158
19813
5091
24042
22144
6960
27257
27266
3815
10668
8498
1045
23609
31184
30135
28658
13212
7418
8575
30984
3667
22835
31998
22090
18063
25268
25369
20568
13959
20138
26846
27227
19914
9015
15730
4656
4308
10425
17994
7114
14048
24654
19358
3025
23038
17304
18715
30095
28005
12733
14041
28685
28170
11698
24204
26233
370
20922
4350
18379
30404
7209
20413
22953
24098
31086
16144
12935
10809
12112
29744
7954
4119
3448
29621
30415
6461
1840
29775
9215
7158
6762
14774
25287
3559
10244
7140
31629
25830
8522
3713
31909
31248
11965
15519
14125
8981
13331
3239
821
30167
21886
8339
3876
27188
25137
9822
15958
19999
18465
3257
23306
16374
29960
28672
8060
8975
18608
21356
23118
17045
31854
31370
12844
5778
9196
30444
19632
24396
11052
15902
23683
2773
30154
23515
23238
6366
898
5249
28592
28876
15857
3011
20088
24078
21408
17310
2165
9901
17470
1934
7044
28708
557
6145
16298
26227
19777
10764
14330
22895
10948
3933
10937
17500
7869
6769
17601
29629
2673
4871
11299
15723
21547
20180
1552
32485
15417
17016
5114
21991
823
7857
11254
18238
17808
19918
4197
18394
12353
25959
27347
23589
29408
24652
28191
16787
4829
13499
25564
22138
1033
6870
10488
13349
10836
5971
23963
12068
10459
7798
19538
12773
8738
25404
19565
9609
19869
9946
9126
23792
1654
7269
11011
13846
14218
13523
15101
26019
18613
26402
8929
8381
29007
18647
12151
6433
5110
2730
1250
32626
1934
11648
20423
32720
29063
921
4529
27821
5470
21003
3252
3036
15719
9839
4689
14827
8393
13530
14746
22451
27338
21007
16534
13869
18253
24050
7399
29832
6296
12864
32682
1144
14939
27006
20639
18640
30190
4655
25738
595
3035
8778
29401
32455
30364
16107
3718
15948
19110
11337
9791
748
22438
31208
20421
32371
28426
16144
25234
4737
29635
31613
9662
22237
5961
28760
5411
23052
26592
1382
448
20515
5147
3712
4443
9177
1950
1347
24938
7648
17703
2824
20788
5750
8656
18198
14132
25911
17806
29975
1470
821
5374
14281
8933
4938
26721
1014
30619
17581
13284
14246
31258
17348
1318
12691
14211
11577
31220
31965
8389
14160
5207
25855
7873
1400
4048
1538
12716
23072
7138
11505
8116
6859
8145
7308
30438
23143
27562
2624
26191
24026
31363
26455
12897
20191
10756
19053
18585
4368
2854
3363
13919
27971
12347
29207
1838
1818
7215
26387
19956
20694
14093
14212
23996
29036
27588
17198
30090
20699
21292
3359
25478
16060
4164
14049
25437
26395
16830
15348
15333
2437
11453
379
24576
9826
1245
3638
5826
5766
30068
32432
28374
16642
20503
2490
285
25408
1120
10519
18073
8015
17647
14969
1418
17531
32175
11437
6614
1569
32602
3346
7342
5313
1088
2383
12143
19797
29252
14661
28102
29409
32295
17731
19224
9804
5129
15481
24353
4206
10540
12208
26075
29290
23292
25656
30369
4158
32588
13089
13972
10648
2531
26798
2622
29932
27447
14342
2677
20675
19576
5933
16514
8022
19664
5939
28035
91
9194
3243
24846
23839
19889
7263
8983
31445
9050
66
29972
1837
1444
6310
28254
21289
31838
7599
14299
12333
28458
1288
10970
9045
23426
28628
22334
25354
11256
13544
13535
21208
5314
23351
1069
29050
6517
6285
8727
27959
8209
10369
21291
21106
13630
4005
18942
2172
26069
7935
27854
4268
20898
19389
7782
15282
23401
12068
3650
18728
6694
17098
21492
9578
28569
11525
22982
14760
26626
12707
23201
569
18218
6875
30509
24370
26274
11908
9786
21304
18767
901
1119
9362
2087
19341
18144
5250
31797
25860
21973
8406
18915
18753
20873
954
12664
11005
1825
26064
18656
22791
6270
30339
684
14650
23396
24216
9817
28589
13275
16645
7637
1577
28117
15879
15423
10208
23058
11375
25070
17755
12865
32060
8630
13493
2152
32111
19302
8711
17797
27163
32661
25635
31606
2748
12447
2437
3606
17865
13546
12678
30633
25485
20078
1491
11386
29490
19316
26654
25026
1567
9373
10259
15308
13700
15399
21902
10071
9778
8812
779
25148
32433
939
3166
30544
908
8971
13732
12684
19952
1757
13945
19051
20597
14882
1387
22420
7740
18253
30639
15289
10298
20554
2323
7871
25811
26558
24628
12575
5547
3985
25329
16012
8121
170
28447
21462
10653
8185
2942
31758
29747
17595
9452
22763
8552
13305
11225
6764
23884
30034
9723
6591
7529
25851
2115
7010
27220
9988
27919
31880
26497
24541
31393
20414
3419
22040
3536
11470
18836
24944
31997
14307
31162
19211
1865
9199
29708
764
17413
13386
4747
20236
9835
412
29780
22202
27019
1532
26924
12416
30855
13401
15197
21592
9987
7961
19393
6015
19928
29185
13340
5497
8200
17237
25518
10837
19447
64
27145
25138
15576
30837
25633
514
4197
19735
16290
3470
5331
18135
18566
28347
25349
22364
13542
8715
26880
18919
8976
3174
30879
26423
15835
24091
11911
4266
31543
10018
17758
5798
10504
164
10552
20023
15413
28604
24402
10745
5627
25984
5635
23097
13192
59
28911
14423
31685
29181
25982
366
8051
12374
15245
9271
16249
20830
1635
9771
19836
14840
10726
25576
23217
344
16398
12502
18671
11715
29339
6666
4617
11926
7427
20587
6490
14218
19119
32275
15265
24886
25958
2808
4368
13014
10250
5323
5535
31050
10626
7712
11174
3938
5111
14544
11435
31576
23619
12187
31864
1438
3494
29458
21105
11482
32187
19893
11557
6960
31915
9048
9251
191
21921
16331
3087
30574
13182
30905
8437
21480
15821
9937
10972
2021
505
14884
20639
31148
31933
28110
3320
29909
22493
24281
31198
6228
12308
2654
26129
26035
30541
30445
26867
21919
18198
3375
26777
5542
14161
25546
17954
21311
3372
645
9287
14347
22100
24749
31796
31578
17510
8887
29846
11505
23719
23334
12022
7435
20468
21168
32581
1437
3836
7068
16824
22750
28332
29806
17110
22791
28907
15814
28111
23895
1416
1926
13583
26715
22384
31027
26899
29548
31269
6558
29051
4985
2923
14787
7265
23303
7493
1777
30698
7541
31775
2091
27162
30597
9549
2767
31469
16664
436
17013
1187
19513
14535
8218
15963
5469
12214
9342
21731
18665
2273
12746
1487
16885
14227
8310
28872
26192
31725
7018
4903
964
23328
1891
8643
4763
26592
31129
13574
353
28437
415
31559
28140
23763
19082
25939
28570
28044
22357
333
22234
32644
24196
30649
1518
6278
2312
24275
18159
29654
6243
22565
17169
11366
14348
11352
32552
22348
32277
22859
363
8820
24331
18018
1144
19346
6430
4897
23449
859
23169
13305
27718
4341
10004
20833
24811
18860
16705
7465
30955
12518
6691
4619
6628
21593
3310
20868
1589
14459
27019
5090
23741
26938
4738
24221
17894
750
12829
29930
29154
18316
19147
13966
19509
5148
9922
24816
2164
19053
27368
26227
27724
775
20724
20482
31429
7009
19664
23789
25800
29780
8514
21747
25312
29904
10188
16544
23613
9422
20433
31705
32510
29829
6392
22197
11696
993
3286
14478
26129
32305
31687
31064
1306
24096
284
25906
3133
11750
4732
7739
19436
6079
7812
20647
5978
23196
32433
27922
25989
30489
16512
23827
884
10416
2515
26133
15293
32556
7319
11874
5963
11360
15780
6273
7006
23064
740
26818
10451
7248
19640
26903
24742
21412
28311
32549
12725
5128
19193
26779
29639
25529
26227
4547
13260
26228
13859
14935
5479
18661
11598
23701
28073
98
20040
2709
31520
13017
17044
13787
24336
23303
15949
5417
15360
31979
12996
7318
7544
32379
5227
15332
3338
30869
14322
22287
30863
5176
2735
11554
19891
18420
10819
8526
28340
2463
8059
6717
25702
18506
16500
27556
29051
17011
32259
32280
27393
3197
8275
10530
31276
23389
14032
29589
11094
26517
16196
11807
28228
31846
18496
7199
27563
1857
4798
7862
21490
15232
30468
5665
2874
7763
4300
27974
22172
3837
30369
908
28337
8000
140
26864
7000
20501
25072
8278
15539
1697
6835
23580
25971
19813
926
26869
27222
13749
31239
15093
2797
28011
28333
20712
6051
23772
23523
25064
14587
24843
26353
2351
15385
30237
12471
25641
2180
26125
6547
22221
9002
20385
31877
27182
25253
6557
9617
31053
14524
9782
1893
8242
13613
23241
29756
8507
9642
20429
24066
13491
30497
15623
25017
30374
15424
30204
8731
26356
32057
2732
13697
12197
13506
24701
11011
9596
7776
22390
27361
14031
14822
20397
30242
15510
10296
8963
18810
25025
17749
26382
26481
5327
9109
2903
19906
14236
19503
10182
23041
378
26877
3930
24961
18308
15236
31517
117
7983
1327
24920
25685
3874
17627
19715
5508
16968
28056
18815
1071
28963
31406
13960
23672
30051
1247
6245
26068
15287
15596
14433
29105
2019
28507
10623
7517
16147
30070
1386
27427
11374
14231
30123
30391
29679
9379
23838
18644
10096
17109
13735
3619
12808
15805
30241
13663
3479
5512
5271
14519
30367
21377
30903
5747
4694
26584
29315
15579
15097
5282
2378
27988
26210
2594
14039
23245
23261
6215
25320
1881
9784
6517
13026
9501
2841
31369
450
32365
22676
1047
5207
10546
24573
18677
23983
2447
31995
24062
26575
26564
25566
16144
13478
7506
10803
1367
11076
7520
15765
21198
25928
23645
15558
5890
28823
23271
26366
4378
22868
22507
5506
13076
4108
28174
29561
19025
48
8268
26619
4436
27337
6623
26220
3783
22887
9571
6408
26046
15706
7991
6590
31552
3877
26406
11586
5380
560
5447
13406
21880
8381
30241
18313
14599
25629
4627
12474
30876
7460
17396
14206
30050
16602
8950
29513
4559
28019
17360
6153
7136
15234
5404
28929
11430
12137
23293
32213
8449
24340
3590
26081
4012
8167
8535
13775
24697
20724
29705
7017
26846
5490
29133
5035
12721
4970
9935
16157
18992
2740
19169
20576
19524
22562
2005
18694
30215
14587
32554
30887
31875
25259
21228
29232
31677
17080
13781
27519
10226
31480
18104
15149
9248
28162
15136
26795
8648
28642
7476
657
11762
28433
8413
12082
20339
10660
21547
11124
23147
17091
12021
11231
7441
19549
17856
21491
18867
6426
9186
14271
16888
27281
4328
7087
10089
20412
17716
26278
21807
18344
20971
31308
10014
31857
16398
26026
12787
10862
10982
9716
20698
1961
22950
27045
11316
16274
7244
2513
7574
22260
28616
11703
5397
3111
11616
19607
25537
1928
18771
451
3951
28710
25788
26359
5052
14526
14010
26861
13390
14570
4302
18989
17501
26261
644
18467
1906
17330
24662
5747
3951
21549
12749
9361
15312
12322
19177
24972
15920
1614
5315
29226
18447
8899
18801
3386
17874
19935
10026
29222
19211
6014
24234
11720
5115
25199
16600
8574
16470
17445
28583
129
11077
3247
5690
14194
1201
2795
27723
29238
4031
24822
2253
13316
10903
31974
18384
13756
874
2492
18342
32379
7859
27796
16708
27244
4797
8735
16362
5089
7269
4179
31751
21154
28961
8289
23895
17796
29249
13544
26702
6718
9589
20584
6841
1913
5776
32761
31651
11558
1675
24125
25205
20244
3021
17043
14690
7618
1961
28813
16130
370
5417
23461
2877
7038
21770
21291
23403
29167
15111
10882
27065
31052
16475
12684
21455
28848
8065
4451
21680
17439
32062
24906
21985
26906
8929
2019
7117
26993
11722
15522
4456
4185
22569
15745
30483
28094
16136
3317
30912
9179
18828
19489
28502
13063
5495
1354
20823
14290
3314
31372
5824
20304
2442
19659
5168
5557
10360
3820
4429
29474
13349
6468
7779
10943
18157
12624
27983
24586
2851
22951
12700
1647
15446
24110
19435
28440
19923
28811
17560
26886
23147
26844
22938
10081
16759
32424
9131
25100
5401
3605
5802
25725
15812
15708
24893
32460
30462
5755
28602
3337
2404
26922
5704
2259
26095
2319
9793
22822
1655
15413
29403
21621
14197
28091
2312
10489
12045
30921
7834
8008
5452
8136
31915
27433
25006
979
26940
32423
12771
12392
21532
4964
32210
3940
19212
24112
19679
22830
31008
8410
20585
21810
13672
3654
1943
32401
25808
13504
20565
24854
13125
25232
2457
17005
26649
14543
10987
27535
22953
24697
29988
9857
17469
5571
8310
17470
2095
32174
11180
16114
4944
31196
12467
19560
31111
28322
25178
29894
187
12128
5974
376
9203
1293
1673
22634
20924
790
6276
6010
27084
7785
29258
1069
15844
15052
7510
9120
6651
8820
28896
3778
6040
7123
8285
22209
16512
4529
4933
3522
17553
382
27160
18389
18158
9191
21667
10280
1628
935
7552
20091
25836
30368
3804
14547
4827
11562
5244
28019
24758
19371
16130
264
31937
17000
3181
19748
8090
22426
6624
27373
27674
6085
8868
17943
1660
8261
28783
23567
9921
30761
8423
31609
10834
27461
25698
6109
26856
7043
6640
1437
20649
15482
27803
12843
3476
11586
21997
11384
16414
25734
10675
4528
1821
25306
3841
12836
24806
8015
2678
648
10162
8773
32193
11614
11591
17025
16484
22706
14804
14464
13752
29704
29212
31754
1074
8851
26838
8202
20964
5543
24404
8348
10823
27505
31076
22376
28983
26086
26740
2607
1855
3577
20985
18339
791
5905
29969
1660
9323
5818
21350
15048
25566
25754
24918
21890
17487
13992
338
25191
18779
19864
20100
14341
14115
17817
31413
28181
32591
24387
17261
3594
32595
21707
16988
12778
29680
3962
7416
1373
17918
20829
22376
23812
5226
10045
20129
22539
8059
14033
7631
16386
31065
15667
29430
6888
8143
20881
5849
9097
25424
16421
11291
7179
16184
4455
27044
11971
1877
4481
21574
20813
3750
27651
15264
24027
11106
12248
32323
22221
15420
20345
22804
2178
4838
29024
17906
32110
26580
9408
11672
30829
15170
20083
28868
26967
18296
25139
3225
4053
26701
15374
24129
16499
7146
11796
18904
32758
208
5715
18565
26863
29981
4357
8682
3984
15114
6919
21695
22463
18105
14477
29369
29033
6446
29717
29617
28441
19611
18841
17410
10953
13792
21001
4659
27896
16210
17144
8150
2556
24763
5782
6575
27034
22691
28638
15129
11476
2766
3856
16550
26114
10246
27234
28166
5924
795
16114
11050
27255
14119
11776
31912
22854
790
14938
23394
13571
32358
14871
12131
18070
2860
4232
29193
30709
10584
17516
15209
15349
3897
18019
16111
10336
11076
31654
31557
30279
29457
24820
8566
23705
9126
22992
30548
30965
22264
32745
14615
15037
4783
1754
15942
1132
13354
2067
26075
30505
24003
19223
3490
7324
18772
24041
6370
25344
9210
4544
19007
8057
22296
12290
29919
2728
25247
31600
18636
27517
11405
20894
16025
25677
27060
167
26185
5669
957
9502
7532
3677
8300
9288
28811
12912
11814
5768
11206
7691
6576
13850
24252
10083
4409
9732
22443
32204
30875
9546
23000
5768
29406
610
4914
23516
9469
25319
5426
21097
5613
13202
21765
10426
20444
21605
30445
25882
9911
21801
26853
9640
18414
22043
4228
9901
30587
24803
4131
812
7713
19909
26434
25531
3313
2331
29224
3986
6675
19715
3274
5090
31427
9045
23790
30056
32410
17368
1936
8257
4111
8885
21893
2560
7741
17195
2910
14846
21479
8837
30863
11249
16313
20297
465
16576
20944
179
10948
12694
21117
16993
25305
14646
13894
2128
6511
26510
29486
16135
23868
21390
15159
11282
2799
7994
16420
12978
20243
510
25731
20691
32567
19778
32235
26686
3660
7999
3203
10256
8270
14353
3011
10859
295
9485
16511
6763
720
13908
10273
30300
1721
29352
27958
16938
13931
32127
1324
15896
12140
9046
23385
30133
9826
72
11584
15117
17788
29919
31760
25116
18958
23850
14190
20616
9595
15888
1396
13711
9560
23779
19450
32317
26318
30009
24340
23011
6464
247
30939
25286
21550
18094
24177
16148
1114
8747
22079
19996
13353
15177
21377
13757
13131
7946
31493
25631
24990
28390
25903
22946
8528
6755
16705
20244
13381
22246
15833
3111
2232
18889
23228
546
14628
6317
2001
32470
17253
21522
13681
3028
15130
28709
14814
19933
31567
16344
12304
30874
7001
9784
13240
10893
11008
29180
7807
17736
31204
5977
10894
5597
28185
15390
7764
24981
11797
18940
25987
10981
8652
31525
15196
17053
3865
5402
18989
31075
21856
17853
25624
1376
3186
22190
14613
28729
2736
10964
11834
8513
5748
14906
14907
22509
18092
29
27437
10888
22216
3907
31119
23847
29143
16526
3210
9440
14572
12240
4984
11063
2247
31457
22692
26073
17073
30447
12624
5773
7336
20502
28413
1895
15548
18224
30182
22334
9145
495
7374
27233
11014
8489
14843
21382
6605
4466
387
18691
5468
18928
6342
31297
28876
28011
828
22893
8160
420
19569
11632
20783
12520
4941
34
29574
18916
23193
15546
10888
29115
17087
4746
30359
15446
4305
28649
5112
7932
9933
10608
21809
28962
20768
8553
31926
28548
3432
900
22981
30068
11902
26828
11407
24690
436
30682
5528
20990
22875
21832
5216
17322
8329
30825
22851
8563
23577
14391
28318
24145
15602
9357
32051
14093
10125
32663
12239
5971
21681
27526
31274
21768
28545
8328
18190
13789
21689
16119
20923
29477
22325
4560
11915
12260
11699
21864
18130
5416
28121
22106
19464
2204
14458
31940
26154
12634
31509
6067
8541
16129
27294
31963
24277
9991
7041
20620
19701
19537
23269
2529
10935
17665
11565
1851
23119
12944
5573
18157
1803
24604
3099
6201
25214
6915
16875
22652
15581
31152
7872
4261
31913
1205
5304
1771
14734
30234
12935
6336
32396
757
5822
28928
30548
25403
10318
28271
3317
3030
14407
20066
13751
20216
28902
28604
31815
22190
13775
16924
533
11704
22935
13653
251
19096
19589
15647
4127
20713
10394
15628
12314
31986
16078
28861
25178
28027
2461
9301
20420
16351
10434
20782
17054
12899
19011
29387
30637
16582
9389
10254
2714
28442
26273
29867
411
14034
16271
14045
15439
18971
26050
9560
18921
8560
15773
27006
27280
1896
1572
10709
16390
5843
11966
6329
29064
24326
14904
23374
18166
8819
21262
23737
32564
25469
29926
24976
26064
13194
20318
28558
27621
30809
17927
23948
18495
7062
12721
8108
25279
22699
18154
9176
3841
7386
17857
21099
23101
11656
22224
1837
28779
2268
14713
5765
23723
13449
10095
13034
10467
28392
4472
18075
8362
30282
6514
5520
15205
23180
28052
15280
29103
3308
26871
23364
511
8730
7509
4012
26756
31379
10768
30800
3668
17706
1142
28634
29638
4071
5443
17315
23068
23317
20327
32618
12390
25239
9226
8524
18339
4475
30670
18928
4648
21458
32084
15619
29254
15038
6401
17892
23591
9932
12802
21664
20217
27780
5261
26400
26958
10047
18794
4769
7363
11833
1715
16741
17632
24551
7640
30888
9536
14219
2789
15062
4850
24837
2312
23035
19742
16108
20558
20091
18668
5853
24749
26115
29857
22547
32327
24255
13836
12344
17133
17102
10272
25211
26850
6131
23522
5347
13026
14221
8326
2019
5475
25289
5844
27694
1307
26390
5073
19148
3778
26329
5788
13166
7193
6754
21910
9471
2603
7455
9925
25723
29907
6928
18299
13828
23422
29307
18226
11315
818
7649
6587
428
14800
31280
5272
12533
24214
15674
23462
16008
21479
12390
255
26918
15951
934
23582
13423
13506
19625
23620
432
17956
1617
23067
11004
30735
9319
11417
21630
8912
3982
1320
26637
20146
7541
22276
28417
30336
22865
19940
15941
21317
12427
6108
10414
5462
22453
1666
11147
11922
31683
19280
18814
4585
4984
21321
1930
3099
25886
1503
16492
6594
5242
27413
16943
24211
19711
31969
27131
8673
23618
10196
12846
29794
20654
16124
26285
25398
28793
26378
29565
23589
7382
15536
397
10025
30061
14925
21974
6444
20488
8396
9894
25618
22671
26569
23353
10234
27958
30966
27018
10689
2805
15038
18024
21192
24121
11816
7116
24056
19417
9213
14698
22019
1611
19757
29574
18668
792
10863
25609
21705
25741
7976
16852
29128
11187
11150
16980
7536
18050
4621
14679
19241
20050
27626
27422
15871
2706
28966
17587
12195
3004
30629
28285
26802
29320
28047
27921
11834
14177
21239
17483
10363
1557
30394
20638
9962
464
31402
19112
25980
1355
25324
10505
14112
13121
13471
21622
14733
27427
26558
25097
30271
30220
12360
18395
5308
32759
25246
16341
540
12592
30508
19651
12744
31752
29003
5546
23426
29389
11622
2908
23206
14841
23132
3145
4783
27306
8742
31384
31996
31058
17850
30839
17365
29872
12335
16047
3753
12543
17697
16763
25497
13165
28247
6042
16955
29134
11427
22435
23447
14994
12298
24473
2934
22772
15141
15039
30429
18805
21959
6573
29652
4745
4833
4260
7787
5520
28066
4127
16127
27655
482
19370
26042
9472
9152
759
24409
30415
6794
24879
26418
14599
734
26246
14965
15013
7183
4114
28850
18570
1226
12765
15771
30767
11002
14137
12
2708
29416
15699
16968
31609
22951
15371
3974
4305
5807
12547
17068
32372
200
246
12890
29204
14890
844
24106
7026
26594
27627
310
1233
30839
1871
11739
20395
15822
31965
22205
10660
24139
2932
26891
3516
24889
29766
23557
9672
23148
2022
22971
24611
31012
2465
25879
3489
32309
23826
8477
7108
23909
12785
7538
16179
3606
8748
19483
8807
20261
30265
1160
27816
25105
938
14289
13624
352
23042
14911
14030
5694
12743
17934
22341
29032
20952
7025
22422
2888
24321
25047
16388
3937
18893
11885
23702
14062
20123
21476
24010
14022
15348
24436
29064
17539
29468
26401
26709
30435
22247
3389
15049
1391
7374
23854
835
11098
13378
25969
16347
12715
14401
13023
28824
25759
7974
4399
26084
30792
7365
13501
21308
8315
27319
12681
31276
24553
27379
25475
379
21132
22686
11270
19619
30533
31525
10402
26499
15555
3976
18206
23128
21926
23545
23229
31210
6116
8613
5825
2051
27500
24786
4654
14373
3082
9002
14544
27772
8843
16470
19839
16146
31009
20687
24994
11074
20233
17137
26098
27503
3946
18002
14465
24310
28545
337
21498
3168
14331
17650
1066
5085
15778
13033
17343
9710
19772
2548
10064
21089
3760
3182
31134
17282
9067
13602
27930
14736
1026
11869
1703
23150
24857
16199
9632
10651
2947
9074
19741
15460
10155
180
4722
32344
12338
28466
21753
6653
3033
18366
8978
22977
15010
11363
28775
5427
24114
32573
373
32371
8570
15246
12360
25575
17302
25871
28293
14896
18933
388
10414
605
7611
20627
28322
24670
6243
13782
1379
30139
17321
2351
17948
21638
20647
16732
28259
7822
2622
11467
17851
9429
18103
11439
15453
6980
7338
9811
26424
13470
24351
7854
32054
15027
9460
13369
14785
30422
24447
27389
18566
32400
17523
32496
7800
14486
3848
12417
25624
11769
23638
16242
21748
31645
9986
2022
14446
30700
9757
30139
22463
24779
4937
16921
5436
9677
7198
12107
2263
8871
716
14030
17896
24037
12801
23976
11822
8155
18445
8955
30224
30173
23876
15578
15913
30131
2467
5979
26116
21831
28087
18926
31780
10913
17083
30445
28488
26645
13825
18804
25837
26811
5011
1394
22803
8480
1049
24064
27460
18491
25085
1522
31955
3235
27086
11948
1122
10751
18914
26936
15014
29373
21824
7573
1135
8711
23996
3153
15842
2546
31076
3674
19209
29177
14107
1809
4495
14763
1668
15520
16324
5024
22306
2701
1255
27825
12989
8848
7845
21352
22279
20386
24541
29622
4735
28503
5286
31460
26774
5485
26515
30668
16656
3493
11318
2889
9902
12241
13026
31980
22794
14895
2485
2033
13762
9717
20182
29809
15576
10797
30716
20697
13401
24771
13104
24474
12093
16861
17619
3362
31631
26986
1762
524
15310
23294
28025
9619
12178
14301
13462
9293
28530
6998
6944
20246
8230
4434
20264
26185
24809
23340
28526
9527
31009
30403
17959
8657
2370
7118
8445
21672
17136
9072
27224
23832
27748
3597
26588
21951
13072
7003
16947
19764
4486
10428
14860
14070
19606
18891
11875
26787
19382
20276
22531
30571
20648
12234
24138
2499
21078
2003
10541
29022
32513
8870
5243
8537
10650
17017
26726
21686
9840
6772
15167
30987
23308
12042
8321
12667
1369
4232
18705
1510
32265
9198
30916
4701
31283
28159
29986
19161
4161
5268
20842
10028
1033
2613
15318
19255
7738
6122
12319
32606
4858
14671
13124
3385
15309
32487
31880
21644
10425
27314
12217
11386
19624
31490
3256
25845
18701
22410
14390
31865
7370
21688
444
24058
14930
16709
19182
15131
18698
12810
29712
22176
5622
16405
29129
21286
30609
27900
28711
23057
10492
8561
9956
11975
24667
31255
17128
540
9341
22164
2318
6668
9659
24296
5675
8624
7714
29437
24653
13675
31956
14462
23872
32613
24747
15085
29271
30778
9760
20976
4456
8179
3179
16876
10009
17205
13804
19157
15962
8376
1994
6469
32051
763
11482
19915
24256
8758
16322
3717
20090
25233
24670
22257
2231
17043
14434
31232
25717
3549
13121
2668
27219
10264
27982
7500
23776
1068
7713
6886
5656
7090
573
4548
24108
31405
2032
16394
8066
13172
17274
18182
7165
20211
28273
15625
1918
3347
30307
4469
11179
2423
24254
30488
30959
6249
31213
18616
10433
28692
15812
7151
21802
29171
14110
30266
10625
10377
24772
22604
4218
19795
24977
5032
863
27387
30164
7790
24220
28622
2038
22901
24449
17520
15453
31899
12100
15054
29839
7513
8005
26965
3483
923
31382
18018
23989
16590
4283
6137
13600
15674
23982
3001
26193
12178
29479
2831
6481
13001
1817
8107
28259
28200
19328
31792
13287
926
29530
32048
13182
14423
2291
13911
23151
2959
31078
24550
16713
12201
31073
14435
22218
6523
10024
11919
12800
6637
3549
26521
20398
13762
28158
30097
16113
12213
28463
21023
291
30920
7994
29045
8448
31449
25172
386
17671
29046
14498
10601
16675
17650
31995
23857
27531
7096
240
6590
14567
5600
10761
7424
25524
26368
29778
28266
8937
16965
32278
19366
13275
19650
235
19847
15198
2567
23534
22847
16941
30454
4944
12754
20620
18130
26898
15818
27947
30361
29452
21805
846
10900
21044
11180
29739
2604
28445
11037
22419
3583
24510
21035
12245
29747
23157
27468
5344
20234
23116
12276
6823
25015
22650
11273
30410
16241
16173
30102
10610
24773
31110
3267
11644
9008
17637
30725
29659
26349
10088
28818
11831
16140
12206
13080
11482
26564
25057
18606
21453
30474
30195
23563
27454
31586
19239
28405
20261
31990
13524
1021
16936
5349
1126
4202
26555
3805
29861
19059
10635
18668
23098
10161
3101
17811
15726
8147
14002
9245
16694
1940
12911
29486
31597
6122
9402
4511
8800
30080
2279
4489
13199
19559
11540
20896
30642
21513
30289
16579
2043
20318
12293
32721
14491
23906
27277
21949
3207
11718
11557
10725
5756
28133
32524
30879
27456
507
3043
30229
2348
24209
26454
21332
22759
5692
13311
22943
11124
28551
12679
20489
22895
5934
30223
24387
26515
17037
22222
26546
21632
22103
17403
32196
29627
25995
7149
133
31223
7332
14721
32365
7827
27921
16828
23676
30307
3300
29873
29578
27571
7886
1445
6104
30601
5707
15986
16106
43
11290
29225
14233
225
30448
763
10340
24316
31853
32602
18439
4119
20047
6747
1103
30109
2022
863
2860
4492
16328
24818
27144
30840
16837
29427
14167
9426
9501
8182
31343
3946
4849
29158
17818
12595
20728
17903
13930
21062
25715
13210
20557
18986
24931
28474
25953
5459
14841
11144
394
25576
8782
16010
3009
1482
23636
3513
4527
22481
13
1378
29050
5721
5114
8013
21983
14589
2519
15517
14465
15266
29573
22263
24192
30904
1096
19686
846
30908
12850
19838
9662
23297
3039
10048
11102
15281
5731
32318
19975
15118
18305
11648
1970
2558
28702
22437
28813
8135
10996
27341
17231
32023
9099
7095
31688
8263
18789
7207
17340
3808
17273
4235
8689
6239
14308
2269
8071
13877
15322
203
22408
11538
32738
11030
9408
21347
3139
3128
25039
8474
8633
10313
28540
27821
4717
18467
30028
31073
10020
6597
4180
15048
25783
12277
25675
29064
17859
9514
17123
1375
15521
26024
23897
16484
4505
25837
13387
20368
29010
16972
14795
11388
16269
8408
22961
21612
531
13955
23605
28813
30700
22151
22205
21371
12498
31493
7923
28678
14566
4588
29723
11574
11425
4381
21156
15245
18700
5581
9724
20363
19508
4906
19625
25976
14808
21569
8854
29277
22630
21791
1450
9812
31270
14134
2207
9217
26292
21763
18450
20833
30899
14574
5590
9666
17344
31602
28302
6419
22181
19581
28027
6238
28111
11290
12946
9107
10755
5709
28370
30855
8012
9790
2772
28476
20536
29850
7076
27491
26947
13623
6607
1823
20628
22519
3773
23308
24039
12526
11329
1920
20171
27591
623
25361
19213
20067
18350
29271
3444
3780
26382
3315
1198
16426
18651
21455
139
7035
2418
23720
16233
9960
4691
14026
28656
206
18808
11547
31487
20954
19173
26971
10725
10865
24705
23722
31957
20303
11300
4427
17812
14702
14321
18855
23157
19753
24806
4245
30087
3233
20401
7896
5133
18784
29637
14825
27182
6460
13486
28664
16110
4734
19873
21805
17501
4932
1880
9779
16398
6180
17437
29687
6091
26130
4644
15533
5767
2948
14365
5653
32148
31956
28682
19708
13847
20453
17486
7685
14008
23305
17159
27561
29086
15138
31646
5501
24218
1288
31389
21683
30114
9771
14272
16868
11650
14458
10830
26637
21198
19843
30633
2263
19227
29915
28708
30235
6254
448
19990
9381
12533
21501
27437
23608
32501
10254
24580
10451
7428
12933
16887
28979
8824
2732
29494
22169
5151
10348
14616
16845
19761
31085
3250
16739
29826
20863
22953
7485
20988
14905
8004
17233
6221
26079
10181
29100
30429
18825
18938
16823
2051
8834
26895
30906
28536
27375
9894
16798
15628
433
31529
13303
26519
2444
10335
19522
29747
17288
14910
14698
7592
26775
2561
9106
4136
18041
30586
20494
3389
9181
19624
18098
3071
12233
32652
23632
10634
59
17977
18044
32175
25617
12587
7314
10218
3110
16345
27131
10388
20414
9101
13739
23130
4132
9332
8942
8174
32657
23793
3941
6652
20304
16183
21067
31072
2336
6423
253
16790
6106
2582
23738
3954
17235
8131
19879
14353
9092
3144
3862
21519
20200
11070
28935
2810
18470
18630
21231
13063
28400
24277
15289
6404
30763
15567
13067
1166
12624
19800
16330
19588
4882
28263
12256
4028
26433
3995
3389
26100
1518
2771
25627
7435
28112
27385
16007
22129
15334
5406
31005
6364
18014
1996
21779
10812
24246
9367
27513
17906
32545
14326
26046
828
26412
13137
8055
32756
27553
19803
5468
9083
32171
31906
17811
3568
11580
101
25906
1957
10924
27557
3839
1235
2979
26238
20346
4492
22328
6584
12829
14834
7514
30874
13282
17063
7535
23806
16134
17796
16444
10667
5132
1678
26885
26334
17414
5413
25077
3370
8208
3455
26560
29314
16925
3669
6278
3477
4854
14044
18939
858
29055
16631
2757
13035
24380
2987
21285
13206
22037
10707
10458
31025
11094
18709
14914
4783
9210
1300
13507
14065
7721
31463
23145
5086
29695
12491
6864
5046
31631
9748
13125
3235
18472
8042
6696
3730
4311
817
14740
17216
24620
23113
15683
5272
28993
18680
30635
3388
24057
5156
8813
10082
646
1734
32240
32225
14894
19355
5193
5003
22862
3869
9055
9406
2207
32177
29260
14134
26040
29218
5638
23589
3284
26702
26942
22662
28630
2079
15240
10158
7818
23741
31677
3108
25646
3074
24989
8882
24113
8751
23225
11196
28730
17885
16017
32465
14700
26678
3577
23680
28393
17764
16833
4717
16276
18762
27796
9636
9500
11378
13345
30508
17974
23879
25977
5856
20009
2437
10424
14458
23952
23533
6120
32497
30811
16957
15650
4613
5400
20319
15350
12823
12657
3553
10766
15935
4085
22181
23309
24729
795
32730
9149
21727
27011
30762
22634
32061
16256
8757
2697
14688
27092
1087
18846
13265
7610
8229
27484
6529
2602
1942
7949
28581
9816
127
20532
31683
18814
19911
7281
29197
28635
28733
24742
24047
20731
29647
8536
30948
11066
7420
21080
25485
26756
2700
16802
29956
94
8062
10629
5230
15146
18754
11780
20687
15014
30248
18813
11043
27575
20505
27784
18090
17765
3973
21794
29571
31014
31388
24843
18300
30815
25793
24428
14633
29480
16955
9661
28979
13392
9262
27622
17907
32416
12490
13220
5439
20324
27587
16175
28804
10792
25345
23322
20245
20928
5016
32634
15043
4747
6906
3146
10926
504
2156
9486
91
22344
25270
28599
23302
16790
13855
15047
13625
24341
16024
20149
157
14746
568
28307
13329
27738
28648
19438
32761
22260
22112
29174
7384
434
18258
27614
26658
5899
15076
10886
17227
5741
1892
27992
26916
9274
311
12912
11623
6929
22291
29183
23184
16974
32367
10481
8687
19924
17463
30413
20988
2826
21955
21213
18154
24355
22026
7312
18815
31395
21267
2844
20514
26142
12205
16487
22070
19523
21856
808
15782
9498
17059
25673
28353
9866
18767
21393
10825
7710
4436
26495
16838
6153
13227
23673
10784
30567
396
3878
7277
25541
19424
30232
14600
12260
16121
24238
24803
7610
9857
28984
14622
9146
11696
16477
3288
5973
28610
26554
325
24769
27817
32204
20480
7161
13823
23824
31651
19205
26686
2152
12950
32123
17459
11969
21540
4422
31920
4595
19412
28838
3202
21736
14070
29048
10402
29953
2172
14776
8880
29365
7947
19780
20380
28028
338
10466
18087
14059
13467
3717
3210
8480
24991
26316
32500
3168
15263
23500
5178
30719
23984
4367
17226
6784
4695
7388
10210
17662
14677
9913
14079
5579
16324
20271
6039
15958
24163
17613
29578
24658
4655
10864
21719
17940
819
12993
25355
31293
19872
5374
5376
666
24864
16126
10947
16968
27240
26735
982
18204
31500
27491
9624
1601
25496
1547
1537
19491
29660
27073
28306
25484
5511
15180
2956
14349
29944
26720
31585
30624
11344
30309
29288
30603
9420
11897
18132
24712
8786
19128
30951
26146
11593
2235
2915
3426
20142
17758
16450
18091
21092
1479
3494
24291
972
4516
24339
3027
6294
691
30428
6097
15831
28040
987
28828
31579
1931
16229
7559
24892
28224
10109
24794
13235
29643
10568
2165
2351
5299
20418
12726
3748
31462
19118
1181
26150
12797
25043
10798
21430
28866
10341
535
11356
7151
1218
23443
15222
26169
24671
13710
4687
12685
5121
18954
30195
5530
25648
26817
24386
12175
8680
25868
16708
7974
17299
6915
2492
21729
2612
20454
4096
5523
1765
29116
26119
22307
5251
31289
16324
23181
6568
30949
25778
10025
9945
2171
24497
19248
17665
13199
24848
1404
2078
3188
1771
15503
14907
31837
32695
26327
12958
3522
15131
18481
11586
13830
7425
10411
13960
25174
26350
26766
32553
19412
19342
5532
11375
22261
24724
26006
30885
551
25281
14849
14284
10168
65
4394
5263
5875
7486
2152
6521
18572
18096
21409
23142
12862
18290
19983
21047
32178
5019
2116
18634
9891
32267
30572
21802
17472
27716
10707
20482
465
31868
9383
19032
2718
20976
20222
23671
27916
31610
3610
24877
14602
10342
30444
28983
23979
8066
14552
13050
2580
11380
9656
21108
5529
30544
31523
13681
13091
31338
20719
16386
29653
2665
20724
15659
23791
9373
7187
16348
5362
30611
120
4130
27653
23014
25883
30879
17303
9047
3725
2104
6470
7200
8433
7181
14591
30342
840
17838
23143
1710
2035
24972
11642
11441
32370
29101
6770
9458
4722
4260
14571
12976
7175
4289
16964
22743
17718
7045
840
5404
10422
25944
4366
20808
19959
18814
17693
32468
9828
25160
17620
4279
28646
29063
6154
18300
8361
11590
4849
919
16418
17593
5952
4601
20817
12656
28817
9954
12867
10448
20487
31479
5340
16836
11061
16020
29907
8880
571
22371
12030
19367
20786
7214
7632
20701
12491
753
24352
6495
27186
30004
10027
30209
569
16023
17629
9368
32690
18863
15180
4970
28956
7952
5254
30947
30083
23211
20876
5002
19617
2907
7070
9779
12873
12474
6841
1141
2310
19257
5471
17246
6143
12912
15766
25190
24605
9650
20275
162
19568
19173
25432
29242
16847
3984
7484
18973
20927
8246
5162
11251
5271
27107
7885
31316
28385
23044
25514
13623
17922
20603
21230
7341
26654
30707
28010
27599
11062
30833
31964
16372
1939
14380
8560
40
12648
7839
22662
22746
30131
3548
24758
8149
24164
1571
7953
13426
25025
10163
27050
12299
8457
1760
23382
31410
31319
1638
5295
6179
29130
11261
3679
16632
13795
9006
24731
7196
17198
25188
9197
11394
27429
9798
20279
18199
16977
14148
14069
9461
14770
11632
4546
26073
26465
9872
9758
5847
17012
8817
1390
4428
22050
31102
30788
17941
12328
8592
32737
18686
3690
13576
4344
12413
4062
28700
27573
7585
27814
6254
13566
69
31100
739
13561
27529
31315
11186
24270
3715
2107
5307
1454
9521
3718
24091
25364
30130
9001
19709
21066
11702
15973
13490
25904
13364
5542
30213
13881
17243
7595
2248
7094
24266
30695
17331
8279
31235
20263
22127
25838
25373
26486
10733
20343
17850
25917
6908
11094
23097
4015
17179
7903
5421
4708
17291
6683
27405
580
18089
8905
31789
10663
11131
8612
15596
24507
3977
5348
28207
28453
10990
19463
31247
20459
12974
4305
2255
14481
13642
24978
25105
19074
9618
8359
28233
23986
1979
23875
27761
12162
29873
6512
12287
30948
26542
12624
31508
12223
2572
18345
18678
30613
29016
23456
7360
1379
935
27589
10328
31432
30253
19024
24482
31850
6667
1706
19443
1942
27497
4144
13257
19238
5829
30259
27321
1960
26762
26947
23976
15036
23269
25005
12094
6590
13780
3906
30872
8101
30080
30298
573
12843
27340
24089
2388
8751
18990
29681
25876
2903
7358
18536
8315
22265
18316
2332
23619
26172
7479
7172
3346
10106
11707
32760
27121
6889
18571
5748
7935
2683
25824
15001
6246
30978
25680
18804
31119
3224
25506
32643
5266
30782
3553
20341
30193
10435
9647
5682
22661
14568
14556
20507
5560
28865
12855
13203
26101
21598
15780
21694
1373
1451
12911
13960
4284
32149
30688
27882
11963
24686
6160
13417
22871
29075
29946
8927
23441
27212
21461
21885
22375
14323
12962
16401
26628
25945
7169
389
13364
13157
27976
25000
1306
9470
17110
23602
13605
555
32421
23810
2880
5753
7455
4521
22089
11934
19507
29740
23749
6491
30887
29446
29906
12199
17840
23149
22620
10249
8896
25302
2452
14662
29599
2235
23454
20540
32445
4508
29578
23822
5575
25156
21894
31617
11384
2637
21074
31398
20914
10470
26868
1978
16077
3796
28844
74
28975
16823
7978
12186
540
17551
16127
31560
12496
18814
10834
17197
21195
12496
24020
30852
7789
31032
14326
12366
962
1372
14425
13557
1951
23188
21381
23343
21742
15599
11999
7717
30790
19576
22741
18133
31167
1975
20828
8884
18692
22394
30364
3480
12201
2005
10729
21206
15807
21095
16630
10663
25766
24031
5957
20689
13347
22207
21474
3459
28082
1376
14161
4480
25118
1334
1477
3199
19790
342
24979
27858
9314
6709
10725
4935
2559
22707
12723
32332
23782
21080
25327
12374
5324
25309
8704
21891
24934
7918
1394
27774
16323
25646
13804
30371
31198
10876
2658
29539
17524
31349
13451
10986
28435
11577
4502
3072
23156
22898
29465
8493
10506
4499
29770
24865
24027
22366
12145
24146
23951
26793
26525
6631
1478
18785
31382
32213
20143
11983
12052
16968
10967
12314
13102
16964
6462
24590
24341
908
7600
13339
4098
30147
4946
23713
12141
11473
3452
29291
14976
6792
15046
7545
24011
2952
32358
6402
31033
27487
13241
14521
8259
5109
20511
21328
27235
11304
22284
13882
10188
22963
21596
1718
20056
19028
20711
13321
12994
22574
30038
24330
25109
19820
20277
23268
12132
2855
27721
11032
18876
6025
16419
8897
28247
22323
2037
2332
2834
30173
8357
26439
25889
16956
800
25417
6146
297
23281
19539
175
31743
27410
15430
26904
20037
13569
29300
2000
13965
5655
19371
10247
28315
20246
31600
3512
20170
10753
27272
27171
16556
12848
24253
29822
17649
12963
20446
31464
4234
28311
3592
32670
1294
18519
7460
13937
2140
19029
27057
30328
32642
18041
15044
29698
28893
32697
1356
22222
4482
4586
1179
127
16861
3029
15394
5962
15768
28558
18044
10482
702
3329
5551
31222
13345
27342
2222
21769
31481
12631
31266
28354
11213
19478
11369
12693
12951
13621
14047
1538
2595
8024
22621
27404
17080
29118
21248
29421
23546
19080
13612
30728
30223
31576
13264
7711
7681
13342
31211
29638
14691
20527
4431
18455
21816
31128
18597
2216
23568
5809
15025
15290
30580
13813
23255
27315
8324
27664
10974
4303
9183
22586
32245
25106
7363
17092
27891
32385
11126
2544
24547
26001
27364
20742
20672
15840
27017
9636
11133
17699
10641
3926
28488
31839
27710
15718
29968
25693
19595
18166
32581
24152
27919
12619
30431
1272
15651
12396
31137
4484
6471
21996
7583
8531
19138
8708
3582
28547
10889
10981
25851
22254
27490
20043
26414
12378
20297
8534
1040
24816
19475
4758
16316
11504
25425
29284
27122
8866
12663
21881
18017
12688
30782
1465
2598
16882
10310
30032
21136
24682
11776
26624
31014
20977
1483
18105
26859
9233
23389
20843
22752
3414
14437
8984
4043
12799
1646
15405
5431
8440
26631
1810
29628
7437
11553
2816
28800
1624
26296
16659
23550
30715
23990
16288
24582
28181
28948
12232
28421
2030
8002
16717
14471
14965
16073
4261
18170
1773
10799
13133
10933
2531
25370
24160
22073
30307
28857
23400
4022
20843
32096
16244
7121
416
30578
6251
1444
1856
14724
1183
10246
28760
32191
26789
23565
23863
8326
14181
28882
10530
30297
109
20596
2889
14586
14475
30304
17402
20430
28826
6863
10773
30597
28316
14224
11456
3326
23817
18951
7515
32612
1127
30326
21943
11678
17179
28795
3714
13030
14207
19674
31238
26295
20532
8317
30484
5101
14010
4281
28730
11048
18493
14547
15164
29809
4274
2243
3266
1056
31779
311
21583
30460
12871
28891
5234
14757
20566
5848
2880
24367
29979
20122
16129
19216
21323
10455
17194
12860
15893
5581
18828
14222
25594
1227
21450
10090
11231
7410
6416
5793
26721
29501
29698
26772
21864
25023
27891
157
5119
25644
13400
8874
6243
7579
8572
18219
15961
27530
2421
26159
30661
10787
598
32201
18809
3518
26278
22457
2635
13734
11537
21064
6250
23584
26718
12404
30962
18345
929
13645
5565
24960
3762
3743
3453
5476
11997
21201
18951
24223
2011
5645
20722
9795
12545
23202
609
22196
2744
24742
14877
18534
2093
6367
1767
27624
16714
16100
27660
21794
24804
24191
24889
3035
17206
18518
1169
17790
22670
14794
13053
27677
8262
15392
31427
5814
20470
32478
7259
22197
31464
12664
3454
32443
19916
8236
12927
18078
12973
6187
16862
28849
28964
22265
1563
21573
7884
2326
29128
29039
29685
7134
14818
29196
22685
26286
27233
15363
15772
28488
10510
30922
5662
19833
6805
13868
1366
29177
7643
1097
5233
21650
20881
13534
1225
19844
6154
8134
4700
7721
3401
4289
14972
27861
9055
17013
23240
14336
22772
2738
15450
1191
15907
7162
24386
19439
15243
65
6707
27660
20386
12529
25213
8289
13901
28721
20539
17640
11950
18279
13006
26837
21309
20219
18826
29814
14363
9055
29870
26206
17315
11084
29338
27586
30017
4942
32060
22563
3719
8834
23500
16429
21117
19614
15545
15328
20281
9523
27619
5101
26032
6191
14602
24163
972
2982
8838
20106
17599
20178
6201
15375
27542
31320
27331
9570
27665
9676
15092
12637
30130
5752
32135
29734
13588
19289
26381
31574
16254
2667
21543
25947
23736
21287
504
2075
8989
23113
10970
27353
6642
29398
23376
5981
22006
2142
4925
1615
17466
3710
1875
10981
5939
2474
5837
25022
2574
5417
18785
18189
28227
2657
26992
14329
14189
11605
3713
836
31065
620
11245
3371
3165
12660
30683
27278
19435
6630
15983
14161
9061
31852
30015
11266
23859
23968
8967
14012
26644
1559
28573
6987
1713
17310
28711
24208
7544
20419
907
295
4775
32664
21287
19784
29863
8371
19395
15339
23196
10105
8899
13616
13114
4765
15265
12285
30170
10211
411
29929
27085
28202
2473
2137
30704
2217
4274
32744
14976
22393
10751
18189
16176
339
12784
5880
12153
19100
22766
9660
21298
23966
23200
20659
8544
26649
13666
17950
21327
12794
30195
29197
11746
4458
27501
12927
29991
24586
22395
5833
15918
21885
28358
11836
4892
27432
15792
10754
7547
11573
17733
22089
19156
7390
25710
11940
8064
2024
24936
4525
11195
31085
10101
22512
22266
10207
3282
20996
30079
1098
13544
29179
23594
20185
25286
9213
26258
21660
20431
6703
9044
14984
23216
4057
6827
31168
8854
18377
25409
28947
25245
18930
31045
12229
8587
9305
3006
23954
2494
13106
13343
25584
32099
13381
19483
15509
15081
10647
21946
2361
9653
20295
10669
22685
1816
10422
24543
15564
23422
26858
9804
5792
32744
14901
31254
14985
21404
10513
30421
21130
8730
13903
12335
8580
26963
21617
18858
2999
20502
21588
16573
2182
24779
1298
7469
24954
23651
2854
31639
25226
14735
13009
9800
24474
9264
16829
12373
13121
4367
3041
18153
6863
14799
20388
11481
5007
5408
7493
5246
7497
7989
19834
19395
1547
1655
19287
28285
9001
4219
13682
4859
7043
19249
6725
9438
9990
24159
21459
25131
26486
4430
18063
11935
15978
22724
1913
12611
17560
305
11658
28736
18002
18733
21074
24307
26961
34
1504
4676
24498
32070
14818
3892
19518
717
26637
26550
15342
24924
30655
6592
22702
28608
9955
25761
14690
10976
31254
2197
29479
4592
30727
9367
20443
4840
13348
9846
19935
6965
27763
299
19739
8366
16061
7530
3395
14025
14578
14455
24921
1039
18633
9531
15476
11213
20135
9111
31679
13
22466
16888
4548
4036
17286
32044
30443
25933
22584
4724
829
2326
2777
14298
5486
7322
32333
11972
11035
8591
32188
25802
20048
16736
30265
5829
31821
10461
13217
10792
27018
19506
25798
12436
18168
10005
10957
18854
27786
19780
14293
22292
3316
24367
16602
14072
22195
14065
18136
30827
9805
24965
31539
15958
11738
14391
17238
17541
13763
11864
8090
15101
23242
10038
31082
27536
27978
26700
7334
23982
21952
31669
24644
27774
8843
5863
16957
813
8944
22941
31399
29575
13153
30997
18974
6852
7935
11132
1897
18596
14941
26535
12379
7358
7047
19715
502
19988
4931
18383
23511
4332
19350
17800
29390
3803
12170
3493
5836
9507
47
4741
4098
23871
15072
20134
22343
21435
13511
535
11706
329
4004
25648
22441
6674
27593
7552
32434
30538
31593
7687
32552
16135
23315
9125
9401
15955
21370
1235
6733
10623
26743
5009
4400
14011
22865
11423
25460
18148
30267
18160
13713
4253
28446
5980
23375
417
32665
7317
998
19032
7239
10076
29027
18344
1344
13045
16205
16141
25058
8664
31881
8428
18897
12969
7291
17700
24380
16746
878
21991
24162
10480
12854
23752
18005
22675
21779
9748
32510
29226
14809
28262
8290
1079
29006
3702
16163
13406
8148
6450
25162
28188
16712
8208
1603
27061
25641
4514
20777
8046
8189
26219
23621
31485
19184
4081
14033
25406
12991
24083
1537
27175
23764
20125
26180
14590
4531
31514
29127
3273
14228
6377
4154
22279
16465
16275
29656
22173
11907
26972
26529
15635
30184
25112
21226
13312
15113
6208
5656
22211
13849
1093
9385
29812
15647
6692
116
11803
14680
31035
31281
17695
3030
20059
23355
11777
9582
7198
23701
15177
21969
23931
3883
29889
5625
13975
6491
28386
20935
10206
28084
13964
29930
30547
24318
9466
16130
17444
13690
12276
8965
30850
10603
2630
13794
3503
26324
10354
28773
22105
32388
32162
18523
17190
26704
1248
25846
21904
31392
27273
29299
13555
31533
27135
22777
6628
11528
13215
23237
965
32735
28403
23940
27798
17532
11560
25344
28430
2702
24514
29951
4843
2988
10126
2152
13190
18327
4056
7080
13482
13759
2527
5204
31142
12297
15494
8208
21153
31440
31820
7343
21550
3626
32638
19356
19745
1132
8876
21624
20128
20976
20825
23300
31357
10773
26358
11330
3011
13704
7186
18135
19854
32194
21451
17076
29728
12754
23944
23541
3122
10333
32490
9481
29832
17123
23039
9236
5576
5699
953
24465
19596
31874
24223
7740
14774
29640
3523
24111
27908
28331
5108
18251
7652
31152
29492
7385
26249
23055
24685
29297
13630
2487
24415
10267
26618
13458
23261
29109
17973
6922
3385
28053
19707
32204
19709
3695
319
30412
4571
23672
15473
25481
17895
20939
10067
17554
14084
22028
22280
13897
15516
7500
16493
26343
26005
28205
30125
11712
17024
4935
25104
10185
8211
31690
30740
32087
17881
20324
1471
13609
3368
31077
9011
14505
25684
28449
28547
28015
4642
13717
4037
2055
19839
27214
9321
31732
32114
21383
10441
11508
13648
15250
28928
17798
16687
7033
14848
22186
22172
22756
32735
9448
15761
6973
3698
18067
1441
31763
29
30543
7030
5820
7913
17617
21117
15167
23511
30950
14048
18545
20597
25783
15285
29021
32430
29003
6517
29161
17126
6477
28847
30391
11335
12304
1277
15434
12117
6608
9272
10602
26313
22843
3560
26825
22172
5679
28414
17894
25954
454
17862
20786
32729
15248
16919
3954
6850
7199
30157
14436
1775
2249
27000
18597
19358
13481
26966
27346
31493
29415
7807
31725
13614
32313
18528
12035
19717
22954
10858
5132
17328
11931
523
1555
3614
19463
6366
17559
22755
11019
18207
15408
15939
7333
31329
17014
8844
1212
5251
18718
10922
18016
14048
19558
245
17748
19910
180
23629
8393
28714
889
32105
2925
26521
4956
5740
25764
29810
5013
20665
30485
8787
24214
25865
105
16593
11249
31163
26191
21612
3446
15211
15556
5057
18331
25541
401
17666
2338
8859
12565
4004
17909
7478
6212
5719
14677
30698
2032
27963
21299
7661
19784
16465
5342
15210
5022
15920
8415
7632
4973
6905
545
28272
12954
16268
28246
31559
31226
30972
1941
536
1045
15425
24904
12735
18729
21037
19525
21953
27762
32674
11835
24615
28329
32257
26704
17805
27083
22501
4360
24438
14875
32274
1385
18658
14442
10408
5469
26915
27030
22685
20311
8428
18257
3433
12089
19883
1571
771
13430
5912
31922
3085
9075
15118
4162
23627
30260
19355
19064
22362
16436
4947
31843
14239
2452
5097
4797
8573
25976
21248
32621
30411
18351
26942
23633
32389
23954
1954
11067
13505
28206
26392
22329
22245
1445
22091
23322
24
28625
22971
12589
27126
17963
4623
28748
9608
5355
23724
14873
24691
23409
25222
24200
2671
27620
2358
22686
28411
28185
31310
2168
5968
2486
13545
20110
2195
31639
23942
27705
12878
6768
16406
19827
8481
3764
14419
8158
18869
16822
29780
23305
32754
18447
17758
7662
28274
19263
29438
1471
8757
13975
17492
25058
32406
11094
13234
26938
11645
18
102
21672
24535
20313
4819
721
29251
22937
26311
2338
18958
15933
28680
22034
32354
20505
11568
18599
8634
2312
23739
24892
16281
24787
2143
28545
25212
2901
23196
25027
13837
25053
29331
6510
6553
31700
10779
26832
14020
15008
530
7711
28796
19655
10481
16318
15915
27736
20387
23996
18225
23687
16536
7326
21137
27287
27925
23902
24298
30205
25806
9907
30378
17346
27574
13203
5246
8489
8726
19190
11277
6546
29404
17630
10981
17310
15414
24724
1461
27028
26208
20532
9662
4355
23739
7531
19076
9641
7454
19328
13257
19348
20848
23185
10171
7303
10103
4128
10605
21663
23275
10446
29572
12854
9679
22373
2867
3336
2817
13596
32617
26772
12047
1815
10312
1478
13132
32046
31450
14290
18211
19951
17663
99
25516
21478
26026
14069
25981
4124
21837
16255
30915
13789
4754
5206
2961
9150
18252
10062
14967
28127
14765
24098
27479
23918
23993
11798
2676
2412
6906
6874
7628
27828
6774
7346
8872
7481
12510
12756
26993
2191
14600
7953
25541
22957
29343
9144
6346
27633
14618
9400
13250
28516
9962
4868
24800
8768
30968
4412
27738
17327
17998
7305
22464
9174
24596
15561
22924
29970
28095
32748
31482
17025
6533
17565
18458
12229
24852
6181
17955
26116
24195
11149
9226
21043
7561
9219
22867
6293
20717
19072
10024
24958
31805
24231
12200
25437
26051
4335
6017
19961
25781
26628
26049
31483
24492
5483
5609
1965
3927
32101
4163
15361
22897
30231
31862
25301
22512
487
8792
30581
24704
2345
19715
19554
8239
22267
25643
3922
8042
23917
12207
20087
16936
1254
31085
25348
6245
2755
347
25838
4818
13120
30676
3055
28619
21148
29231
8657
29833
29048
3478
27113
18073
4225
13333
8674
31116
20302
14322
32700
9457
31371
14653
20755
5760
17752
2471
8101
29848
12780
664
32527
25836
28030
379
26583
2937
9061
32349
17327
30139
2942
28854
3832
17952
14286
30342
13190
13245
25960
29092
163
12863
21649
3923
25686
22053
27683
28183
18917
18733
11311
21959
16792
25356
13286
13794
21952
14946
24250
24102
12536
16877
15552
9567
31147
17917
27225
29310
1750
24104
2833
23530
21007
10046
27591
20763
19143
22912
4111
612
28364
3852
11988
31504
19473
20124
25154
8625
20402
11888
3810
4789
1587
9097
17927
2362
12553
20760
10090
18980
21851
27702
1553
17772
10249
2005
21621
25018
31470
23799
7139
9783
3938
25374
803
13980
29187
19715
10328
21904
17334
15754
21031
24880
5096
18678
15387
32239
12314
5721
584
25504
3228
13647
28719
209
10904
31724
14050
26715
8019
243
20073
15671
8368
1609
1635
4243
15094
26537
2544
26149
5074
24984
23247
21184
24224
17564
1988
26917
26086
26793
8765
26907
20001
29916
14132
25794
30149
20332
20311
20516
5759
18909
14951
12045
3005
23926
10718
21789
25200
3062
24276
27675
5648
14467
28451
13452
7905
3299
26058
13444
13686
16110
17039
18621
28531
19011
7401
19430
6551
29243
28188
18493
29433
8219
18086
26464
11665
29070
29402
5216
22523
2898
21195
1048
5240
1073
26987
6077
16694
31795
26356
19894
30161
13330
12935
13485
31257
14574
14099
5350
6678
30786
30585
17359
31561
20503
11758
21977
22325
28535
31392
8839
16158
6949
26012
20164
19729
10891
14319
20858
26148
20724
28683
9824
29183
1787
21869
8980
11163
10307
28541
8809
28490
6505
25526
31234
10744
2615
32518
28192
19888
10267
28280
6072
28514
21719
27408
28873
29155
13689
23798
31468
25141
11662
14808
13357
26889
6803
8841
19993
30082
25516
1006
23320
1340
12697
16154
26109
11661
25317
7352
10204
18954
4192
4009
20507
29773
13776
2799
4812
10486
21220
28362
28986
15856
6249
20768
28866
3574
30144
9506
13285
32085
6800
1581
10651
15347
16568
10734
18153
26768
21128
15818
32437
31052
16688
13181
27610
3433
8056
16641
24952
3155
21682
6065
21901
13789
31725
5806
22986
1998
17260
31874
5791
7324
24663
23555
31897
26487
27311
22650
8173
29065
13703
27909
29269
31869
30578
17210
20250
11838
22328
23821
3442
10753
12493
5620
3341
14981
9859
16201
28907
29081
21118
23535
31856
24800
11368
16184
18106
20433
30567
4870
14386
4865
19532
2353
1633
26789
5134
15401
8710
32338
1654
733
19301
1032
283
15323
16609
28783
19089
21432
15309
23136
5598
2738
12160
2983
23085
15764
32423
12552
21191
13786
6880
19328
15166
17686
17028
18124
7147
12178
20675
22832
15003
10807
21495
4209
902
28589
24114
12323
32385
12484
17433
17707
9332
25619
15862
4732
10509
14559
7944
15140
3254
12606
5918
19852
2757
10107
12900
5115
14323
17085
2940
20061
25872
7908
25552
14659
6645
11188
5671
1578
15545
1845
6007
10496
14632
22361
31226
7908
15472
26336
9860
4654
22814
2425
16404
32687
10057
2858
26025
16698
13581
12017
18007
8546
23356
172
15257
23686
19023
32310
24041
13067
25507
23507
18318
28905
13026
26574
31158
3689
7102
20832
6084
20013
4070
22228
27883
31856
24882
7913
28668
13199
1057
16760
14716
18888
22150
17238
8186
19522
15998
2428
28319
11086
13733
1893
27143
31725
5258
11448
5967
29330
12896
22055
31088
31529
11510
17815
14539
4695
27881
25985
26885
17412
14872
23448
24852
29463
29784
11948
22938
20096
17513
974
17778
6012
22825
14005
6281
7444
1288
20832
28912
4327
20412
9981
22063
6442
20534
5642
731
17389
25300
13754
27755
16288
4056
29338
32071
31957
13849
24180
13602
7496
19960
14195
9098
21532
22678
27273
28861
7015
20292
5390
26815
25329
10043
18858
15529
7225
15758
7284
28228
18361
16220
14939
6614
26475
25162
4038
4668
31372
304
17015
825
26272
28947
693
3598
29110
8788
30634
5195
12781
25126
19210
9444
5687
20549
6133
16263
27741
23782
16671
25133
2116
25321
29230
5360
28782
12886
20579
26652
13251
7943
7805
6280
19602
26530
22490
20007
13523
2251
1760
10458
4015
20631
23195
3976
3138
17987
16295
30065
26015
14886
81
2495
9236
4580
12281
1374
944
9445
26043
2830
9219
15621
2638
19895
25893
3981
15659
28924
5626
16995
5362
22546
22451
20861
16138
22227
23192
26779
17032
30990
22533
1334
27219
21538
28083
29875
6789
5835
15929
733
5396
19259
31443
27794
29105
32621
14945
27324
19696
18358
16819
27012
29354
20381
8451
16322
1952
27884
19139
31415
30304
26887
1946
4606
9069
29821
27561
6080
11418
30941
12562
14632
14263
15563
7099
8982
5231
3666
19023
7960
13681
26492
6278
31894
17614
16672
30375
6732
22434
2044
23115
9213
1271
26627
11363
22630
25574
25080
22652
27506
13567
24380
24898
22700
15084
14309
7747
14841
1616
24335
1782
30343
14581
10615
12028
24065
1063
25158
22437
1029
26203
8746
15030
28631
27669
7339
29290
29783
30728
22461
8886
17456
22142
401
18385
5715
8186
22705
19956
28324
12060
23116
22111
24306
11718
10958
19868
21549
32125
27828
14087
17363
32530
31135
20878
19884
32129
12711
31158
9655
16409
21745
27870
23140
2013
7044
20936
19203
31787
32600
10837
25213
19099
27824
4752
27202
32298
19626
28910
2434
20888
7701
31701
17568
270
4226
14426
4324
24324
21918
22095
20592
12386
7359
3453
19061
5093
27836
24622
29606
30917
20482
26351
6893
26773
1764
2451
20061
10346
13363
18811
3177
30015
14351
277
5459
24472
11516
15523
28903
2662
15161
4158
31848
20779
13901
3866
5323
6494
14562
18443
12579
21265
13014
27464
349
27857
7568
32112
25901
16078
19088
15306
20296
12604
74
5585
26836
8696
22837
24560
2332
19823
6431
9098
21897
16060
27843
12349
7630
2832
18333
21096
18530
23639
21501
21226
25395
3864
10587
9261
11417
26525
15594
24676
10376
8789
16495
32016
5643
25462
25428
22473
22765
18918
10744
59
11193
10588
20298
25455
11750
12227
25750
15436
8779
31199
9119
27997
29145
23346
9965
10196
18056
23841
31848
975
21138
14675
17958
28123
6112
21338
23938
3510
17345
30101
11374
2650
29410
21844
12554
20278
29051
8766
24437
14015
19398
9456
21986
15911
17077
12519
5871
9836
30948
28064
15923
9877
27597
15101
25366
4921
3387
13547
7654
8000
4353
6722
25383
6637
17131
6893
10538
19997
30965
20810
3041
26313
30139
27347
25329
31954
20273
17407
32265
12798
11668
31587
31602
32061
30368
16413
27880
3122
14596
24434
16041
24046
27667
21942
5323
31487
22460
26220
4818
28329
14524
32687
16770
25971
29970
27857
1778
5350
29875
7233
25826
20625
29312
31922
29006
28752
22901
13689
15684
27598
547
15927
7666
20297
25696
6585
3075
28053
4413
14364
3372
29540
2360
17461
23553
16324
17075
24624
16910
9705
29861
5494
22563
31789
31120
31701
8431
7253
24243
23515
12752
14614
29568
20610
24042
11480
27984
11283
6007
9657
29526
9284
31581
21205
9937
2467
15110
30405
31622
3640
22636
869
29806
24422
26739
8922
6316
5907
20348
20948
13505
18441
11319
28433
15363
10651
25784
25635
24140
9867
2510
19314
9711
21291
1168
14212
12784
3779
16952
32636
24692
21555
21045
13537
32118
32217
10875
9889
18876
181
1566
5462
28169
25291
4639
31943
11925
28873
23686
5810
29370
30442
14768
31433
29936
282
5099
32762
12027
26203
22848
17139
22115
9063
31632
30182
32037
18583
14051
23945
10920
32515
4604
8034
242
26859
19761
17729
16924
24918
13177
6670
18947
24312
455
17348
20545
32345
22678
16062
1628
30516
27589
7730
26172
285
25766
13819
17635
27495
10834
4507
32088
27717
1087
23680
18404
27439
19220
8070
4481
19080
7099
30654
26512
29821
16568
10862
19402
12080
17850
14936
1145
31766
26992
25151
15592
1693
24990
6312
2584
26131
9584
222
10164
14019
12814
27960
327
20065
32112
22174
23469
4008
2932
27978
13000
8513
22830
9932
8052
3047
4735
27985
22972
969
17897
21540
11086
24879
2721
30069
26156
3169
19686
23898
13221
24773
13458
9747
20356
19271
23023
10642
903
10237
15563
27707
30482
8971
12751
9448
10021
8389
14860
1584
6796
28948
30935
11497
9813
21019
15319
22507
22151
1562
18780
19735
20241
146
26866
3992
14593
28330
23095
19305
4086
7889
11753
6679
25560
2981
13635
1225
25286
3603
31626
26493
16208
31424
32227
6548
18151
11944
5479
32657
15505
20230
18297
27166
19426
16499
28759
26192
10279
6481
31728
25387
11236
4970
8438
20585
3201
16597
21043
6775
30272
2074
23072
10177
9330
11157
21684
15151
18923
24608
31610
24559
23987
14060
30694
17014
8190
24240
12265
6849
27486
6
16579
3041
9784
14609
7193
7350
26741
31844
31559
11771
10617
22303
7415
4482
2649
25179
243
9921
4168
25545
5687
8334
25427
24981
3915
22567
25935
11665
20687
20853
13583
11151
11863
21650
29146
22286
27002
16520
21275
19482
10022
31580
26715
22381
20278
9035
5485
20954
2631
25939
7912
19180
20935
7413
23259
18122
17998
8506
22971
4957
16434
25332
7072
30901
20054
16454
9649
18601
5954
12646
3037
4542
20601
12962
17101
31051
16390
4001
19990
218
31833
29676
7858
15056
24145
25772
13745
12881
22938
1974
24364
2654
12089
23492
6523
6208
11877
17925
31911
32042
30617
6361
13858
794
30183
30677
27830
16640
655
15630
8380
18978
26320
17300
23694
27839
12286
15164
18751
17394
2517
27043
31625
8410
4877
31855
3334
3832
24622
20696
21923
30680
8358
21608
22867
10740
6681
25342
15872
18133
28152
17945
24007
23675
23893
14675
18788
11775
32502
6188
20203
28535
7080
6409
22714
31002
9429
14717
14507
13733
31065
16326
13198
20477
27794
30107
24790
25621
17334
37
12946
14098
7530
31051
14751
15021
30608
11826
31260
24537
18272
9988
25631
31910
22458
23537
17574
18790
25018
15220
17105
14606
5006
26072
15694
12511
31108
16890
7188
25413
32103
20304
27220
20991
28684
22826
19628
15232
20776
28472
10143
30613
18788
18253
2626
1865
2740
27746
12599
23558
2788
24286
13791
6652
19572
2581
15820
22982
10661
13070
15989
11595
21972
17545
10542
27619
2311
7232
4951
2492
2502
15726
11987
32379
2348
3214
9916
32550
1341
30821
13396
3905
9594
13378
63
11575
17843
26501
9200
7676
8989
30302
24418
7153
24484
18391
22280
27912
20354
11541
28166
9256
17681
19930
4257
4563
20189
15951
756
10246
7166
8705
2021
21856
31397
41
29784
7047
9460
11568
675
25800
20499
28018
31297
23805
12672
13635
32714
20916
28326
10799
8482
23949
10930
18822
29169
25316
9890
22553
19540
6576
10142
32574
2515
13483
6028
15130
18578
25012
5087
32287
4299
10609
24239
11731
28283
29240
26127
23763
21340
10800
21915
26136
21780
23731
26192
19834
7084
14071
24737
2418
5187
16366
1222
6692
15364
18282
19800
4509
5973
20613
16411
29017
10577
31552
16667
264
32633
12650
7162
657
9638
6852
14216
26456
5699
7266
10132
27325
31416
26452
4354
13797
20521
23174
5150
28860
17505
15333
12592
25658
24329
3267
23377
4582
19230
32125
11644
25753
21666
17499
30184
24197
28305
23479
2965
26741
21782
27490
8741
9814
8191
24899
4078
29943
22895
32065
14925
29965
27858
21604
7229
18298
534
3894
6952
24271
6425
26480
7677
2575
31069
10450
6786
7350
18947
14675
3308
22521
26103
27770
3501
31056
16488
9740
31117
4658
28027
4071
24572
3359
9024
26414
11174
996
18149
9382
14665
19227
23081
1120
20675
22257
23828
12441
13424
23852
30693
5086
15026
22636
333
5748
9681
20656
13530
19190
11782
3357
11702
20032
29138
4859
31121
24204
16532
5633
22492
28123
29531
15826
31032
13207
18425
25799
21294
374
29273
13295
23584
24481
22546
16468
17279
13334
10811
3456
31295
31050
20866
6464
8072
18451
24696
21672
9647
14534
47
11863
17252
24476
2823
4605
1325
26715
18885
282
4883
5426
1765
10504
32410
9444
27698
6715
11511
25641
24211
1224
12670
28241
19496
7716
11354
24874
8341
5166
384
2084
21406
12656
31718
17075
17909
5794
12527
10741
24655
11632
14378
14741
10429
14462
2877
32751
16954
9384
8732
6516
2688
32654
8063
31568
18977
14160
8594
20811
10962
1942
2798
29421
26634
14292
22472
13286
28108
3788
21352
5037
22976
8020
16861
4198
4745
21081
20976
8457
26963
21028
27478
6849
31147
15068
11562
1426
15252
13388
12442
9279
31703
22759
25568
13163
11930
3593
4468
9214
20532
12672
26495
21706
18496
16459
5011
3951
752
23201
18074
19579
13477
18742
13581
726
31676
26553
26471
1630
21674
6305
28376
14798
5195
9769
21053
6116
23671
13465
18256
22467
16087
10696
3100
12438
502
11743
29877
118
15515
10591
293
23182
15191
25702
4009
16508
25690
11054
32542
2811
3466
7126
21942
17855
30935
357
16367
673
27336
24588
31686
26620
3930
5803
1063
32343
8459
14743
4265
324
1586
2715
15736
14215
22673
12860
28562
5755
2861
7745
18743
13490
8798
10611
17050
20444
12834
28834
15069
27114
5814
30952
5436
16755
7016
2866
13961
10582
935
26875
30424
929
10844
15963
23419
25521
11133
30017
11569
7067
19422
19964
16026
14539
4939
24833
30446
13291
19669
28136
29935
22535
24937
7095
24092
9454
16551
3683
11816
12507
19440
30100
6826
19796
30657
30889
24342
29523
5952
9212
1260
15012
1557
15207
31791
24718
9339
5639
6169
8629
22935
26431
17421
27455
4104
6400
1229
10038
24767
6984
6637
10285
24593
19689
21384
30759
16650
24972
28721
3764
17157
26869
5932
12893
7545
23433
17119
2370
24086
20493
12163
7426
27921
16048
8735
21979
11196
30028
7095
12563
24921
8425
19648
13974
27184
4227
23768
29152
23775
5389
23220
29213
6642
8885
26714
5519
31155
5994
30608
9265
3139
19099
10900
32154
8170
19010
11533
24099
428
26914
6466
32588
11293
588
15754
5980
22646
5608
22019
31816
9703
9010
3719
28118
19247
25539
24796
19202
1643
19474
9003
13985
16171
30010
23220
28484
3787
21502
9919
24159
8961
24842
22486
8875
11954
5755
1841
6600
23818
26274
17010
11559
31435
4101
8083
26151
18917
29351
19740
3454
13128
19082
29337
23003
19190
29553
30027
29130
23132
6634
29982
17623
25826
32140
5595
32758
23233
10366
26783
8482
28180
16441
2444
28229
15923
21390
17854
21336
19772
18922
23936
27595
29682
22489
14016
15143
18379
7369
5057
22770
10052
19985
8720
5075
24696
4913
30137
20470
9713
30555
17594
9394
17854
5171
30392
32105
22213
22996
23793
16816
20571
6163
9842
18608
16402
11527
25738
7116
4562
31945
13182
19589
7724
5752
23422
24986
29418
10880
32216
8051
2539
13852
8812
12223
25134
2074
14688
27741
12076
735
25877
20856
4715
16298
8281
23287
4944
30493
5342
20756
18741
21241
13802
18506
27579
3369
29521
22645
15713
2
6305
20277
1110
3017
11420
24979
1420
30069
25835
8423
13838
8887
528
14073
5779
22328
10141
11622
27987
22306
1187
17477
21017
4833
24686
7179
16538
16427
24431
13996
9477
1085
5242
5123
5851
4968
12850
28020
13825
27085
28865
21712
24084
357
31692
14968
9212
10564
31909
7878
20932
25118
5315
29352
21672
25610
23664
27534
20848
12678
14786
20103
21245
23483
9164
30374
18210
23555
9749
6827
15797
9897
14410
5599
7653
23280
15919
14400
17869
13398
17371
25054
18506
8473
18981
28037
15626
8699
14170
11932
22246
22338
16433
1613
13426
24324
23808
21479
7890
26785
7983
17536
10959
8593
31469
17886
28714
24416
22819
8344
19247
10998
1446
32120
23694
4380
19889
23076
15207
23612
25234
12541
3492
7016
21667
22600
31371
6814
14972
23692
11155
12363
22631
23098
20343
1037
23573
6803
21386
12989
143
30663
18250
29613
11886
19546
7735
9006
27727
29132
17382
22102
13186
4729
13905
23552
32002
21182
6769
20243
6826
5469
32527
7688
12453
24355
16855
11174
25383
7624
19118
27920
3162
22038
4421
10498
3740
32077
8430
15448
5863
455
3759
2000
25488
18136
5525
27408
25397
6136
19787
28907
16369
22308
12011
4320
10961
27265
23572
10723
31628
11587
23613
6753
30830
26573
17481
6526
23190
4889
31835
13729
25185
27483
6123
7218
4134
5601
29722
3746
21796
24126
4162
10412
20664
20135
21714
23515
28116
10141
15449
17485
29868
31437
4832
15030
25778
27956
16253
18343
10949
25734
19493
23569
1957
9169
8130
29445
15019
7005
7813
189
17591
28632
9342
21216
22377
31919
3690
17922
17556
21951
17612
29802
495
3117
32063
16921
5390
14994
9738
27144
31633
7260
12277
28848
25500
13425
10843
8143
18567
18197
25985
28522
18390
11021
3878
14
17003
13828
32091
2652
7674
18479
7061
26565
15038
15149
11777
6289
29034
14385
24343
27430
11619
14690
19314
10375
30508
14978
32735
27163
801
23758
7604
31920
6249
550
6499
29887
25638
9070
18254
22513
3310
26164
10973
32739
6783
13715
15310
6694
1454
25175
5581
27019
1185
3681
17989
11421
26430
26446
11381
19822
6115
29779
8134
16023
5208
31595
20572
10618
29442
16821
5611
20938
18521
11031
8396
21070
156
32040
16720
5857
451
18765
14676
14270
10677
16930
19477
6650
31931
27
70
31058
6196
31083
18528
16167
15755
12580
1338
19143
2407
24992
5849
3822
11041
9761
28553
10381
12411
26548
23852
21193
14735
4443
31955
23623
10501
20330
3211
423
9353
24114
3962
20814
31100
11229
30762
31849
14826
20889
19748
14638
9661
10233
31681
6757
13360
31383
19773
40
20870
7935
12813
1511
9467
29384
22386
4527
29435
1284
15183
26795
28562
28379
12856
27883
5412
8050
5067
26724
21342
7954
323
2360
10860
3462
31306
29496
1644
24516
13327
2727
28451
8400
26265
23617
24559
14814
1115
18044
23549
1463
4104
18446
4796
13149
1192
6063
10386
15346
1004
26912
30669
28630
16062
876
24028
24336
19485
3182
26815
8431
25128
11667
30908
16112
9592
30178
10836
18147
691
7481
7285
18506
18014
3289
26353
16642
26355
20772
21807
15653
13620
22694
14625
11822
26302
9299
27253
15710
12001
19727
17936
7519
22959
628
16824
7976
7507
26319
26640
3616
5541
27755
20682
6022
7675
6163
26904
16656
32065
19666
8291
13010
6220
1277
19776
22626
7787
7283
24224
7482
25663
4132
11590
18525
24781
22224
383
15166
210
14097
8461
6109
17494
16028
31076
4659
23172
16068
14873
28880
12217
29248
29591
195
8667
12333
3604
186
20204
20567
11459
18282
12767
9396
20811
10545
426
11313
21369
24826
1692
25265
305
98
23025
21075
31403
11033
17316
18932
7900
8586
10884
23798
7217
24254
19082
4159
31107
19837
9578
22660
11080
22711
24936
19911
2310
23331
2669
14366
14094
12838
26970
22967
22630
30710
26012
6681
7431
10495
9473
30380
72
14470
24009
23676
19355
22668
3841
20282
12663
30965
4876
388
5269
16873
16515
16997
20319
3451
3391
25632
4006
9352
26547
41
6803
17122
14975
15477
3296
9902
20035
30195
27463
12043
32177
29787
5947
19957
28647
2854
31703
20840
19707
19421
1812
18376
8407
11671
17214
896
24647
19902
9385
490
17488
11793
24480
14703
28612
5103
23198
4847
4883
27858
4289
4706
612
23578
30843
29376
29156
22028
17035
14623
19550
27674
1323
795
22541
11876
10123
5243
7598
18048
8575
26642
17880
12150
25460
18402
24720
12047
31401
12424
19225
29776
17820
980
10249
32577
19650
20151
7586
13811
4986
9826
20062
19136
30020
24748
16332
22485
25390
11188
9115
21486
5520
18632
14068
17505
1529
28294
11278
20574
17769
5697
20988
6517
705
14503
28361
32088
21879
15776
32710
9443
8334
9081
21539
1113
8646
8513
13757
12529
272
18547
5175
12177
29764
27094
26188
8409
19222
16802
13667
28259
30535
12004
1892
23881
25880
31267
6859
10728
14340
28484
10491
4324
16302
20139
8916
26989
14617
22947
7047
13504
12311
32256
21929
18160
5380
25859
9863
27878
23219
27005
9146
13222
12457
14647
20219
13525
11657
9618
13368
3192
32208
26475
11751
23551
27330
23105
17306
32386
19877
29338
22227
21066
17196
29602
4634
15251
13110
10262
20046
17552
185
8800
25145
32432
30200
18436
4198
2336
16637
11322
1847
24721
5187
32220
10034
23611
16307
3203
924
31778
21969
10478
20809
27800
12600
25763
14258
25347
28228
29912
14408
14304
11534
15507
8200
25096
12189
16913
14160
14130
10330
4965
9201
5562
19653
24161
12677
23457
103
16313
29699
20180
11271
3430
30864
23217
5409
8265
30872
18119
18836
24849
17182
19165
29595
7262
20560
9270
10750
25126
13151
4116
4234
29785
24205
20347
23742
2240
28040
6199
4807
25131
27126
5921
3759
1227
15953
26525
11729
2525
19189
9319
11408
22152
20855
30096
3144
14857
10809
16323
5509
14093
30779
22733
19059
31838
20276
25948
23958
20674
32738
17415
187
30241
32414
10639
8239
18405
6195
21093
24110
6310
26864
28012
25246
4871
18940
9215
21246
8667
10474
25398
1689
9101
32141
19045
19199
27838
21006
25318
19637
24111
4411
1305
30764
4578
3874
3752
26352
25468
32735
19984
11554
22510
20658
18269
6952
10324
5973
13876
18339
29725
2956
28951
30113
24173
16125
4581
11029
6847
1858
1952
2948
11471
20029
30067
19200
24503
15531
756
19802
14424
29436
422
17812
26363
17507
3010
27029
31800
10281
55
3616
25880
21830
32751
16135
29302
15410
20564
10140
28587
21241
18195
24425
3178
26510
8991
28449
7656
27745
30458
8662
31552
29491
2096
30315
30999
18985
18468
17741
18555
28448
18958
28254
15633
19777
23109
9010
15984
30933
6842
8574
26824
23898
18629
29133
8391
4566
4133
32373
7869
18283
3906
5834
13566
1580
28852
12945
21896
11311
15881
2488
6885
25315
20419
21572
22611
32420
32417
18058
29987
31885
31264
7586
5983
4750
26688
20505
25007
1470
12939
14054
18557
15090
9300
17055
16984
13710
15933
4333
22422
30875
25340
30270
21822
32282
16734
20409
10021
14488
8075
12663
7510
21251
27533
17648
8375
8892
13580
27571
6890
32749
29787
31323
5490
30749
17081
8126
21527
3842
26576
19559
28299
406
24706
11847
11597
16237
17125
5287
11726
3653
9100
20577
4563
3039
24585
25680
15898
525
29359
6661
27712
16653
13213
20155
5090
29717
11000
3213
28419
9263
22647
17383
7597
23879
5157
14651
11483
10626
27746
31477
1175
22226
9515
29616
352
15048
15516
27818
15566
26793
6323
5237
18809
3523
16983
24048
26134
26625
20889
19318
27619
2750
28473
31317
31814
26071
3948
642
12720
17156
18908
32395
22472
11624
29425
20428
28358
30566
23119
29414
32284
21175
21152
30829
31324
11961
26259
30177
16982
20746
24356
736
30592
23638
32543
5785
13724
14701
6111
22916
28052
5785
23388
16209
26537
28974
3941
32030
12492
23906
1577
12268
30540
95
32764
18260
6834
28823
23128
2166
29418
28760
12322
15667
4771
13984
20271
25500
2295
14898
9991
29097
26191
13033
5353
303
2177
17741
12559
30732
29244
3172
306
164
12710
30155
13393
26258
6723
9220
19375
11159
22041
19218
21787
26838
4626
15171
6771
20548
18849
3662
27243
25178
30120
10909
24203
11277
8858
4332
17015
8447
12765
10259
115
26103
19058
31520
14118
8079
15575
7593
23710
6444
24108
10849
4757
22579
7830
4072
4083
28538
24289
8168
17300
9981
18793
5213
5194
19411
12858
32564
25126
15456
17014
22552
11507
1227
29431
7305
1028
8114
6710
13870
9008
12061
4459
7020
24858
16817
13558
24119
21174
30759
17406
7464
18440
7932
25432
2768
1583
4201
18346
32589
25251
29333
19152
18458
9147
9738
28798
10796
19058
30821
7719
19002
10602
28498
2590
28508
27953
16312
9724
21463
31172
17713
2113
30775
16721
3517
6462
11423
30785
19895
1842
17502
19062
20488
17843
10178
30161
13978
7247
14385
28152
7952
2164
14965
27990
32692
30349
15192
5987
20656
5742
8817
4133
21890
20210
26429
11511
6826
5346
7282
8841
31653
10521
17807
21544
17695
486
10936
10303
18277
25522
7873
1566
27929
27875
27529
24827
10793
6400
22665
29750
22273
32533
32684
5346
19456
20313
25697
15488
20777
21518
239
12557
13852
31145
15882
28224
9796
8755
2211
13325
3409
18415
31236
24173
8169
13117
17947
27233
23706
18366
25622
19508
6420
11449
9521
31489
28565
21693
11724
21878
8356
10376
1217
17367
15618
22824
11508
15174
11230
7520
32044
1601
24904
24141
10785
30316
22760
5961
14038
25489
10480
27920
16168
7141
16719
16418
20647
10637
11048
15976
17830
4448
23682
14361
22158
28399
29761
15327
21880
4546
29269
15926
18426
32741
16433
20501
21312
420
7550
10449
11871
6802
17681
1854
3815
5072
24091
11799
17335
31627
3488
32672
29206
15815
15403
31881
10495
14939
25535
10774
16059
31805
31248
9085
11446
30208
19187
23184
23947
26523
22292
19355
8545
20844
2791
10384
15482
6269
25057
16225
17417
16389
18919
8110
15684
23602
23303
17312
12987
8741
14182
16405
13288
14655
10105
16381
29447
12699
18040
20227
29992
17371
21264
14193
2178
15912
30809
30541
29962
17012
8967
4296
6980
14850
14052
14810
30041
8745
14462
12070
11883
5717
16156
11811
17445
15182
17143
23165
26262
28605
7079
4793
2623
26092
17116
30745
24682
2765
12110
11711
10686
24126
23543
4884
5905
8331
20351
32107
11389
31028
14328
13538
23222
31473
28363
14473
17050
10484
30962
3527
22282
24942
22376
7929
20729
20820
15326
27995
10690
21859
30128
6700
4031
27746
11031
2829
2327
7847
12960
11691
14551
32476
8413
7837
31301
10243
24154
14224
18033
23736
22994
18593
6156
11190
10915
266
16765
15773
14208
19201
26930
12275
13670
7901
8244
8552
4817
4475
18175
21342
9007
8672
13456
1192
7829
2591
21439
27026
18865
6013
10959
25890
23040
19924
324
26526
27200
23093
6132
5710
4905
6353
10081
8323
31832
12826
6214
26073
31116
4901
10864
20920
2068
17747
32207
4129
16520
26928
12749
32679
4280
22683
3806
1211
20962
13352
28249
8749
3880
24514
21638
31472
4160
12949
28920
8478
31854
24107
31005
22075
10671
20692
4371
8382
27703
5964
14013
23245
31262
408
25367
7753
14167
3889
21958
12810
32225
26212
16116
23660
13889
23289
15194
16138
21551
18451
22174
8137
2960
16727
2016
17177
20900
24400
23696
15223
32385
11026
17794
21046
8896
27934
14916
28032
25974
25478
9903
6040
32358
9042
22204
2913
8308
10529
21657
27172
26717
23828
27900
32398
9126
3559
19896
12536
978
10081
29326
4332
4568
10223
21573
6116
30164
6540
3580
2388
26365
4579
27840
5099
22487
32184
7514
6166
12970
15236
27754
14279
14898
18783
19642
4980
25240
2595
6092
22626
13985
26063
15541
1059
7462
18729
20782
350
4804
18600
14569
462
11220
27280
22305
14733
29341
23647
32373
24467
30153
5992
4854
6009
6934
14526
4735
10371
2638
4179
30533
9694
17529
11105
10414
27686
15185
24073
28263
6188
31990
4155
6577
23285
18403
20949
22779
20230
6945
31247
27062
13022
5818
22038
7269
11461
16497
10999
24307
31684
176
3775
16714
14837
27586
23776
10273
5117
11074
18903
8725
6614
7124
23052
4860
3282
29459
16378
10614
20188
458
25999
21188
22273
26214
9430
8414
20272
17323
29651
22207
16190
20391
1967
3844
26925
20196
13077
12469
15022
20450
987
9827
30692
15044
25573
2931
875
2378
16710
17337
26521
15103
425
12617
1284
22964
17648
31881
2628
8748
15130
8843
6394
9497
4458
15770
15377
29767
15045
15379
4931
12312
5981
31095
22495
2352
16268
28093
7882
2673
30210
26349
31684
16170
1315
234
27117
2443
2987
20367
7560
15709
31892
28414
8958
21232
22073
28213
28454
18004
21691
18403
17603
30411
9124
23929
4943
6783
21194
10371
13047
6769
4727
5689
8678
27314
31430
16721
9926
13013
25168
32280
31876
23204
2056
27841
27476
20242
5220
1533
29430
4977
13758
21964
27191
29413
23545
22674
14266
26137
22375
11885
2040
304
24298
6342
9350
32255
16730
30246
20631
13945
17959
12363
20161
9066
320
20604
29700
13161
7731
11801
27656
3591
26261
27510
4774
5965
1956
13545
1706
18278
23339
30242
22999
10904
14246
31163
556
7545
2983
10000
28774
6495
18552
21073
28614
9496
24578
21206
13076
15835
23021
21426
13028
19583
17417
4746
16664
31467
493
168
30118
32206
16350
31307
22684
9872
3314
2113
28001
20872
24692
24504
829
1135
3723
5202
28443
20756
28695
12407
4750
20562
16860
10223
21523
18751
32482
22704
27798
22695
14875
3572
11831
11449
15175
14735
10317
10495
25365
22400
19627
1684
6795
12230
31267
17553
20903
27253
4169
31944
20807
10760
28793
28853
25670
8185
4124
25265
7144
20367
38
3945
13176
29432
3555
23439
22319
13975
24820
2511
21080
16031
14997
3333
26802
10977
14881
19117
24342
3298
19159
24986
30553
1073
7902
18668
25460
29943
23431
23356
29666
3280
23251
8729
1354
2521
9781
30136
29022
30731
3736
17639
1795
22727
1444
6467
19890
26801
7229
11179
6174
30658
19021
7412
10775
1945
25540
9950
30126
9234
24285
22855
13210
10778
20386
14239
23258
28866
15538
19100
15260
2194
12610
31279
16734
1311
12386
17334
8275
1247
28033
8307
29192
27453
28212
12349
1351
233
31027
31861
25916
28274
30372
26428
23510
17686
9629
6883
29552
2521
19172
3491
15281
30420
15609
28047
21936
26320
29014
2246
2908
7955
28405
1517
30236
27514
18963
221
30898
16584
3380
24472
4197
22846
13159
29570
16735
32620
6091
15054
8788
31558
32338
22070
19300
21882
6597
1775
11331
25857
13064
18652
3479
23284
21920
23810
16801
16546
9586
22588
18464
7135
16845
2607
26994
11679
22955
20609
3325
32451
21812
10822
20173
12082
14468
8123
6270
15148
9134
21047
16733
10971
5121
18526
31178
24619
19082
19096
1505
30428
31705
25538
2905
27350
11528
23075
30379
30908
25082
13473
15223
27843
225
8244
29732
21445
3843
18844
9416
17041
10941
32591
9543
10118
26312
12214
30398
23136
27323
6040
2082
24145
31953
13527
11812
2644
22765
20826
21080
3006
30939
14922
7575
30485
12761
30593
8610
23334
19286
5951
17927
2642
29433
25119
31817
3625
12773
2890
32571
31034
18236
12523
8621
2856
3041
16611
28746
23297
17283
5565
10945
31692
32471
24548
22563
20321
29476
12051
31372
31614
27397
12302
9734
13590
13419
29328
32426
21996
12257
19332
25097
28769
25876
10103
16330
21898
16530
24910
26004
16774
24274
28980
16942
8719
2165
2007
25572
11086
17355
27092
13869
12020
8089
8047
17036
27014
6937
19592
30900
14840
20291
17611
16879
30590
15691
12326
25536
22943
26219
21376
30151
9867
4322
20904
28390
7086
24125
30859
3490
17541
5845
28331
8140
13233
20121
21708
28000
21066
18189
12272
19117
14709
12947
12166
5558
19001
15594
9183
8921
30606
31988
14561
23726
30391
13244
18687
6962
18898
31927
23657
30245
22702
21322
10367
5808
3036
4493
9100
19531
7689
19535
177
26846
6027
12378
10271
10278
10297
17655
32649
9819
21376
14261
5850
10768
8883
5479
3363
17754
20899
5228
16855
4660
10608
21555
9786
3618
32158
13821
17175
22805
32619
13029
18097
23439
23392
21278
12029
6151
21799
10877
25614
11151
21916
32311
22225
16820
7974
30699
30714
32678
7240
2531
6974
10905
31859
26775
6851
3434
4895
15730
20181
24966
11546
30425
11738
16136
20511
22890
10376
22561
6314
13953
5717
957
10763
27649
17967
23395
25785
4433
1902
28765
22250
30116
16135
23578
7008
21374
23810
12240
6790
23924
17966
1893
25019
2099
1555
17296
1262
13763
23848
12092
15979
9741
32582
5165
16628
20635
5725
741
28692
2976
23910
20937
29360
9272
26520
6016
21471
19440
26591
9372
9724
32649
3210
16508
23545
19193
17219
11632
19701
3763
31045
14367
5649
10792
11209
22054
20096
12174
23745
6146
16862
1248
16329
29232
9411
5670
13147
8594
30615
31990
23106
12053
2984
16699
26961
22161
24185
5941
32084
21745
16222
16065
3399
24979
29509
26587
19654
22258
19159
16481
4805
20098
24256
3865
6273
13275
26186
32758
9398
4890
23601
1431
30483
9860
26035
29713
2027
26477
12262
14574
28717
9817
14158
21622
3478
28256
11695
30765
14117
14295
29216
28316
5584
11820
20321
12372
30069
3346
29806
18993
8723
22750
23380
30940
9530
30257
4676
7571
30656
25816
6886
28717
31670
8688
21487
4696
21146
30030
8438
26662
25550
11806
17540
22984
10057
4809
8298
25241
2189
2077
20567
4446
30169
13224
21161
24011
28575
7524
13188
30538
11320
5274
28193
28921
9175
23552
30825
28401
6332
24868
11459
14542
28586
782
1578
21868
27802
11297
25218
5102
10161
17219
16172
9733
20080
14398
9176
12143
1323
12133
12186
28349
31932
4218
31809
25434
4216
31951
19428
5321
98
28844
13501
24366
7071
5105
16186
26896
28458
32252
10834
9821
19657
28877
18966
3246
15936
20328
13448
23757
14532
21371
12463
9589
9394
17985
7147
25432
3457
16550
14727
25190
3574
13996
8333
17485
19606
21005
15326
20540
7265
24610
4225
28653
5565
22275
15932
32226
15281
13808
28257
18671
339
17648
9451
28920
17284
30647
10185
252
2778
30669
28794
27218
10718
6637
23514
17715
2936
17068
3132
31353
17831
32347
12728
15014
17525
20525
11463
26152
8491
31901
16141
19164
31169
21258
15989
23248
23704
15012
32387
16461
7276
1676
25574
29461
8324
21815
22093
13033
1323
32532
1148
2894
8292
22638
11935
17553
16090
19091
27358
26121
11542
2102
6193
11676
24820
24850
29558
8324
22360
30928
705
6483
31261
25899
19187
30517
8782
30546
910
21110
2713
13453
15559
23108
17920
16932
11229
16309
3794
18557
4522
21004
474
4484
28536
12344
6614
26191
32277
13213
32555
28675
6954
30743
32726
8177
8392
9532
17318
25349
23364
23778
4264
9313
4421
29410
13283
25413
21019
21019
25158
24626
32338
12985
9695
9551
16007
1463
11086
28171
23675
14754
888
12804
12902
15520
11648
22312
9358
24498
31987
20249
22807
32566
12354
9174
8733
5296
19318
14233
19968
5577
2847
15355
20991
17560
909
9310
777
21793
16451
6028
20687
3099
30633
9372
14110
15095
9985
16150
22892
15645
10908
18007
31921
23161
9806
7222
21368
13110
21023
3815
20533
6345
32579
6688
29145
30770
26957
17275
16036
14718
10143
5660
24890
14481
21285
403
7162
15138
13379
8195
1675
2055
3339
10116
18871
947
21428
2759
19837
30205
28999
3321
3425
23843
22684
19689
1799
29198
2437
2924
30464
16855
21577
12545
22500
139
29012
22193
22433
31019
16684
22073
14098
16119
18599
9579
18388
1004
15708
210
31829
14476
13911
10645
15917
22749
21777
15005
32434
2740
31391
22778
13766
28979
23849
17283
17140
22929
4510
1469
25788
9497
23974
20991
14890
5238
26072
18131
686
22573
3118
9118
4135
2667
4789
12420
8001
30209
22153
23942
2561
20141
14081
23789
2206
16027
32039
15596
29843
27947
22379
17537
16882
25333
15768
6044
8955
28427
20742
26243
2541
29053
3346
11381
32028
12067
23499
16781
28996
4758
25326
17386
7709
32384
7445
7181
303
5398
4907
8322
744
6370
18979
7363
29164
19142
14569
16217
18604
26942
23193
13124
28986
13541
12528
26781
31580
7739
19200
20602
30943
165
9255
4114
29741
3765
28481
28450
13602
21420
8733
1423
18460
28221
21806
27724
31569
26772
19331
30078
18022
20887
14073
12254
20541
31596
3248
14687
1806
827
32187
9490
32441
1589
26652
30790
2394
10197
21487
755
15902
19813
20709
5977
25174
12997
18420
25828
26826
15464
5453
31315
31568
10911
32399
13081
17053
4634
22842
5123
24666
15787
30054
23324
20347
23886
8373
18126
7884
9831
21894
22601
14796
18762
27243
5417
13247
24576
21982
3154
18687
14921
23087
8735
2707
10973
11713
26557
26626
14839
29558
465
2921
24852
5992
25185
15308
13304
25562
23025
14762
6899
25198
17388
18900
610
23960
21062
25215
9080
5714
15456
11927
19007
529
21804
23382
15577
9464
19601
25622
10252
23628
8209
20579
13566
11561
32425
6229
11324
27507
9208
8988
18945
19726
28324
5085
10166
15698
13818
22717
24245
1209
8916
12347
18514
6363
4032
6338
32540
10397
13406
24190
1376
14501
8202
15216
13551
25617
18363
15805
23585
5480
11051
26700
11290
19408
21817
16783
23628
16514
15243
17569
10045
124
16759
26770
1163
20085
25124
12799
17453
24854
17900
741
28411
20839
18181
7350
4209
19848
10593
2221
19888
25505
2514
23135
28101
31003
18546
148
14126
16913
29250
6228
18074
19713
28177
30277
17137
30408
28832
23092
4756
23245
31747
241
30182
4988
28234
2144
11019
24310
25441
22989
32496
31750
28213
3712
28555
21336
27928
657
17252
16613
32103
2558
14932
4530
21098
31739
15244
2490
29563
2185
9434
1576
9579
3146
7976
4042
801
22164
7238
29123
2436
5572
25065
10368
6812
24021
17907
15597
15347
32049
32756
24552
5186
5062
13297
23030
27721
8285
6757
9012
14079
30759
27014
14225
25835
23705
25545
31547
1746
9082
12200
17239
914
9531
23715
22261
25934
25990
14725
31811
459
10777
24552
26112
538
29653
6395
5428
3448
3602
32643
799
7026
10294
800
10095
12621
11654
12498
11958
3748
20284
25787
29978
3411
29913
18727
6479
14484
1724
18121
15298
24424
18164
19015
15895
9785
11347
762
5846
23485
29635
32495
3425
5405
23517
18481
29226
21847
16056
26442
10018
17377
32255
28423
3189
13967
30023
30076
9588
4790
26271
7752
2514
18834
5480
6682
30484
29669
871
16244
5699
20705
1048
8367
18916
11336
6725
17216
6186
28626
21464
23609
1385
25551
6126
13843
29390
25357
6956
9130
21838
1532
28246
9353
22748
2320
23325
7784
17375
29287
825
20467
12003
15020
30136
24781
25742
32059
11926
13013
32214
29573
13453
22696
3698
16310
18734
21863
30094
19094
24369
2490
9923
14509
19210
29204
32582
15019
25021
6713
31584
15623
31218
27134
24606
15077
844
12112
11593
14397
10231
2424
27544
10042
11392
6557
11045
15584
490
7307
17950
30962
15870
20915
15293
25875
28130
21362
14202
20267
30445
17558
6271
780
31162
30494
3420
18262
27515
28737
6140
8599
22928
28082
3543
9655
2905
20515
26730
21652
30280
3848
31204
19945
14394
6557
23075
22900
3079
18730
8158
2904
27735
18565
14884
1984
22712
5337
32261
10693
28910
31655
15503
4498
23178
14858
29948
24005
9407
8511
30505
5145
7792
25700
2634
32066
21133
29568
27613
30745
7840
1988
15068
2041
6051
17681
9015
8809
12565
5306
23937
32763
23117
7562
22249
29812
1549
32009
5485
4652
20570
9723
11338
7352
13963
2090
21687
3783
5537
25957
32466
14154
25302
30665
28379
12760
21113
19775
15008
15952
24824
31814
15160
15296
29247
5619
18164
19077
31552
31029
18323
22964
27091
27486
181
9145
16065
6623
6803
24126
3611
26963
17644
8527
22993
13760
1603
18875
31359
26649
2887
23229
2698
1287
2707
8923
1900
6376
4247
10255
7500
9497
18390
7973
20690
29296
4435
29284
31545
27917
325
7024
19622
27987
5138
21615
18616
4657
12155
25707
29024
4262
17428
2807
5107
7300
8952
20246
27773
20084
23482
13656
4953
11066
13983
8518
26878
12346
7946
26112
29724
2363
4663
18981
26088
21356
26156
755
14515
4516
31981
27312
7362
13806
14320
30280
10074
25669
16336
11831
30746
21148
29765
11945
18574
27170
6228
29408
6656
3523
3779
28631
30097
10738
15056
16933
29321
29094
22819
29475
30444
27810
25856
6481
26190
15098
24001
22518
13031
12755
132
519
1258
13674
18977
25674
27667
29784
21855
31419
20351
26644
26983
5423
4033
16057
19576
12087
3890
4617
11997
32583
5256
4018
16924
280
15275
30417
20593
32586
26820
3765
26746
24654
29078
31461
28980
14979
28945
4196
14886
29599
31012
4147
23516
28497
5844
27416
31895
4389
23691
29342
19779
5543
26290
7005
21161
1739
3713
13435
20198
20364
16150
14451
24348
13012
8389
6933
8551
10652
3760
14543
30483
27732
2711
19242
14092
11141
8945
1687
25749
15285
32571
17772
15933
14475
1680
25642
14607
25395
21626
13057
15370
16388
28680
8342
12241
14176
31008
515
13987
15836
16407
7199
8332
18337
31615
20993
28637
2835
4160
7359
475
22192
8171
12411
12212
32314
20810
29345
31671
8984
1852
9578
7875
23546
31167
27813
2560
32700
25935
4022
12494
6029
17519
7391
12027
15440
18309
20926
7993
25410
32490
27927
13775
24029
27458
19924
29582
4349
26633
842
1287
10050
9327
12990
8699
17077
7782
30248
275
29102
21497
6198
13265
27381
7903
20884
32455
21799
28240
27499
519
7515
21271
27432
17882
8454
4585
11134
32693
12060
12277
1710
9064
9336
11708
30214
5273
10110
25635
19111
3185
18175
14278
25484
1941
92
5776
1224
20568
28911
29577
13327
31023
13990
13550
15992
23397
17393
18567
19329
28175
10975
21045
8532
2371
9092
10443
32329
27013
20893
5406
11179
1922
3447
1888
11711
6145
13324
13993
13570
18454
17007
24279
13491
2456
16491
4248
17041
982
15975
18373
9190
31878
27277
15346
11204
19710
300
8003
20111
14247
7258
16257
3771
12718
9949
15724
9943
29948
30284
20051
5323
28265
20593
15331
27230
23596
24562
5693
1787
12438
23600
19531
7860
3329
26736
7763
12935
26883
28217
7884
24032
14823
30460
13681
7520
11869
18683
22677
29405
21104
19299
28854
2730
12217
30139
6740
17944
15826
20098
14851
20284
14094
15636
5824
6643
9575
13006
28289
30244
15288
28530
14608
5957
20269
25805
3352
13601
1271
32151
23424
10712
2116
19354
29945
12583
23662
24855
3539
11497
8050
22885
13333
4830
20645
21723
27596
26540
28578
27632
26019
27427
1927
23969
948
22981
31329
32019
8350
26502
8420
8826
19672
22480
4704
9017
30277
22218
10480
5451
11784
30682
5621
25057
153
32105
6850
27468
5144
19942
14745
18974
226
14861
29399
25996
6243
30825
25195
27415
3627
31255
20876
26988
14147
31950
4268
4744
21441
32284
11687
26911
5786
29682
23105
23871
24504
28259
5839
7217
23628
1705
30004
6048
358
16233
2063
2044
5315
14904
21043
28193
14309
26205
19032
22580
10601
3288
18192
28110
12438
23972
26364
1885
26418
25146
18751
21703
21913
31062
10803
22352
5392
16381
14427
12989
27734
3007
13721
6585
6780
23098
14497
22905
17399
23007
8878
18588
13812
28665
7540
7509
29675
24554
13653
28363
17271
30648
25559
26048
10853
26057
7766
24689
4874
7147
15606
3518
2778
25496
19932
17291
20279
1911
10398
5222
7303
13861
22007
26730
29577
566
8128
7523
18665
9079
23835
29235
21266
23926
20210
16756
27203
12101
8352
20318
12005
12410
24813
12011
27164
16250
1856
570
23708
25848
22800
6705
28606
4280
17308
14695
31954
5017
32220
32321
7863
31442
1719
14427
16810
12412
21366
11561
25948
1361
17017
4062
17735
1971
9768
12428
23361
19440
31789
9869
28754
2500
9441
31267
12227
13087
12035
4443
28791
26665
2992
25655
10367
27779
16015
15371
16104
464
24141
552
12247
19317
31049
25016
14041
8092
12944
16617
29556
27007
11019
21838
15362
227
2807
22402
4799
6882
16278
6670
28960
14318
16676
1932
23910
13075
29965
19469
32372
22140
93
11705
8669
6457
7800
22709
26690
27200
20491
8778
3035
11441
30274
1859
30035
18782
11836
27030
4825
31114
188
20807
9588
12017
14881
13450
30870
15625
32408
2856
14325
10120
28304
12579
22422
14886
28526
23709
16938
19876
27778
10998
16798
24077
9274
2357
21998
22076
21910
31657
28218
13470
25052
2256
14363
27961
13965
19319
31031
11501
5015
28707
10003
25082
460
8624
12585
11715
3475
10552
12603
9170
6622
17718
30182
31259
24412
31723
7034
3717
27631
27905
9993
26022
13920
26223
22462
1742
6738
16540
8816
22856
20596
17863
2935
26332
14075
10406
21183
10136
32336
20045
9755
15057
3589
28498
19931
12644
13838
21551
1952
19777
46
12519
879
23083
13743
25581
14085
953
27990
7233
31594
19617
13718
10972
10441
2869
12036
846
9343
3886
11019
12198
5490
21673
8929
15250
12964
26735
6841
23239
24584
24953
17723
20131
3476
5044
31537
20241
3223
24577
23427
31406
20301
17792
10085
4650
18096
6158
11983
752
21138
12
24877
1289
30697
10083
22105
20541
20842
14276
25542
11388
28249
3637
4606
24957
5023
18377
1614
18853
4893
2990
13503
3114
11584
13933
28233
17016
12501
19054
8004
3284
19743
18875
21023
23103
18983
23813
19028
26525
6996
27628
19355
14870
59
2683
24927
6333
10168
24562
14958
18799
2366
27337
27892
5374
26731
17905
13994
22159
14048
21341
3403
6721
18511
28609
4936
3856
3285
5018
17596
20472
17803
1390
28834
18525
26456
341
21062
14250
8201
31160
24313
6201
12707
21849
7177
28019
6135
20115
4336
15672
11384
22500
10700
14465
15434
10664
7695
22339
17563
23847
12152
27543
18742
14546
21826
28697
31061
4554
10139
5517
5815
26274
8023
21449
21235
5990
32230
463
5900
24284
29059
14649
26949
28937
18863
2266
25911
25335
20446
15010
31264
16310
6256
12482
25470
28321
24546
7697
4061
20194
18502
7598
27117
11321
2800
28135
14295
28921
29299
21082
1233
14675
12492
24922
18673
11222
26076
16533
17214
15159
27164
5363
14861
13646
12684
10689
5515
17250
23276
4878
2198
16294
16175
20309
15313
1027
5421
11357
12023
5656
32152
29534
17519
21632
2865
8293
11041
2387
6971
10489
6793
1519
4656
5631
5385
11256
20660
29915
9348
1949
29895
25560
17704
24349
15166
15818
29323
23434
5492
10482
2810
11982
18237
3361
32014
23275
8475
13600
29567
32391
10933
8016
29501
19111
20868
16782
8125
1467
28624
17497
6545
16347
16347
31031
11068
7248
3932
4180
14404
21590
18222
20845
8841
22304
6986
23532
6612
11037
30451
12885
2483
29818
31024
5344
6533
17640
5503
28520
29393
6303
11464
24195
16860
9378
12944
4083
9338
23109
12911
573
31524
17389
18884
26519
20555
7960
27047
12295
18924
22429
29983
32458
22885
18484
3989
3827
7559
25656
12169
19284
10988
11948
18820
7585
11914
8829
10062
14547
7817
28678
16224
25291
27986
13273
8348
312
29417
2749
17980
28090
124
9971
26633
21832
21052
19134
6861
9935
21355
19490
21770
21787
26806
1515
11244
28667
13510
23025
23677
22688
2834
10395
29976
5447
1271
24994
13088
2072
27914
4631
26865
3405
29869
5032
23
17558
26592
16671
27583
2492
21338
21547
8042
24709
20697
20579
24041
22489
28086
8072
29829
10274
24508
17162
13950
4345
31802
16078
19639
14846
9559
8495
11695
6919
8614
19523
20915
12158
4602
25695
30546
30980
31100
2013
3090
5466
3066
13340
3425
27522
13954
31689
30158
13345
5680
29277
2681
24872
20804
28903
7368
10419
1655
6156
5212
14130
18064
13132
21828
19654
19506
24967
22128
18926
26104
9919
31848
28514
18116
19231
3134
21823
12371
11068
19136
23909
11285
23964
7155
9501
17980
20853
14013
14848
32531
19126
16610
5652
26258
24395
26418
10039
5679
22941
17920
26049
31990
9305
13781
15973
12764
9075
20582
21336
16465
7786
16836
22709
8980
8141
14803
4129
24907
28158
4605
10155
467
310
31527
32757
18645
6857
18404
7577
29594
25004
9961
18886
26272
10292
25026
9770
493
16160
29635
14357
4003
31194
3392
11995
213
18426
22273
27002
27801
2060
2544
32636
1374
30611
12053
20767
30848
25678
7108
25268
27674
697
32277
1861
3868
3543
3477
7802
28573
5167
13371
27069
2930
5652
17310
15517
20223
22826
2660
3184
30285
5414
24062
9021
1117
24021
27795
31193
17596
28256
27449
32079
2904
14798
29803
17285
9874
25802
10936
29469
14228
3239
29624
25242
25829
32673
24388
12996
6970
19046
3814
26701
20624
16085
12687
18612
32119
22533
26504
32362
16561
8073
8875
18484
24827
30706
22227
14288
8491
28822
3729
17371
6779
1680
14369
12530
4389
30472
16028
5656
30512
1717
17262
87
4489
25247
3083
31146
29525
32298
30686
30491
17286
4688
4738
29225
172
8750
5685
12652
14094
10434
29322
1148
23802
21491
11102
30478
18777
28881
9228
16224
30854
27935
10981
27608
4961
4623
22746
5096
27807
23628
6524
4148
26724
5437
28455
32247
531
4489
18297
4514
25701
14550
29705
31943
18360
15063
6998
27446
2730
5509
13822
23398
14567
20652
27697
22038
29759
4778
26468
18739
29692
29299
27722
2557
3698
10969
20736
16998
215
4875
9096
19898
26965
91
5240
18565
10078
30020
31219
22450
5696
16811
32473
27376
22009
30821
21051
32346
5708
24058
27410
8022
6164
13480
13360
14525
22745
2475
13430
27197
7329
26556
1864
28412
18952
4824
14654
22398
19603
12610
23836
6857
28994
1483
27909
17095
29028
8017
19435
14315
8111
8582
31562
28695
27536
2802
22806
1214
11968
7228
31218
29766
31000
17573
29602
4784
20134
14293
11203
28026
3072
4314
32441
9924
25816
9838
21226
2995
12497
29816
27690
27155
31377
16086
4981
26944
1304
20826
26340
27206
15184
274
26074
13127
15845
21197
3454
27165
854
27354
6511
8769
15949
10771
15539
491
32300
7195
26352
17019
15848
6883
27102
4120
21786
19315
4860
3223
32595
22503
3458
31134
28080
2743
8343
19977
5807
12092
7621
14988
14401
23408
5034
24986
16417
1782
6384
18054
3683
4954
17279
14313
18000
10649
8176
14659
8561
4324
15685
12261
30954
25249
8408
22286
30986
16307
13970
16212
13087
27387
4445
23877
399
27934
4060
27471
29220
9609
14681
8925
10920
27827
26367
4291
31666
11170
3401
2268
5567
3249
14778
31985
5252
10640
6351
15069
21635
23180
6194
21999
18141
2833
31024
16272
14183
14189
26477
21286
14591
30678
26582
22840
11297
15535
13272
17874
5045
8199
21711
13867
11307
28771
5058
29061
30922
22717
4429
29013
15173
18892
6622
13476
2448
2182
2597
25269
30193
1508
22469
232
32090
25573
4688
16350
12278
19413
28786
9182
18434
31183
15724
3191
8926
8577
15044
24423
20580
4143
19003
23228
11384
12282
29696
21049
14048
20579
7459
23547
7511
22539
588
12381
11228
17340
19117
16664
5968
5805
18229
19375
22080
8194
12807
27402
31744
14739
554
27744
18937
25582
10114
27483
27459
25503
17151
31095
3703
17327
12052
21676
20926
24938
27755
29004
13614
25957
18135
23342
1879
19904
18058
12812
24
28073
16776
17706
32184
1569
8539
4664
6193
23555
12552
11130
32463
28482
1859
18726
21498
14194
24799
2574
31568
2442
32648
10110
3576
2792
24756
8296
26930
21909
24791
8126
2866
12747
7894
8736
12846
2228
13247
7863
29110
29813
4791
14177
12868
4459
9524
13326
20244
29876
30572
19818
17973
27634
2317
2748
12001
27211
5678
14093
27146
18101
27781
12686
16693
12144
8411
7476
26507
30419
14526
13221
4397
7500
7286
16215
5321
15523
25914
246
19307
14462
23459
1031
8853
22570
14944
9932
5265
11672
2348
22887
31494
28070
9213
22593
28618
7584
17022
26029
12279
14855
5056
18121
13633
14993
16940
1957
31110
6000
29629
19112
6311
13271
6764
10031
17559
20923
10475
23414
16305
29399
32661
21948
20815
19186
9638
22690
26776
10084
8871
16085
24985
28631
3117
8684
8344
9291
7107
26772
30628
31837
24869
32746
2673
3016
25775
17448
9315
4140
19988
23684
13545
19470
25427
3669
26124
4896
29671
19320
328
27587
1086
32754
5786
27083
19821
25302
6618
9858
25890
20074
27211
31215
8666
25477
30833
22872
3924
31803
32290
32517
1861
12732
31968
16199
16973
31098
30310
11961
29994
7562
4993
32198
20012
5197
11553
11627
26344
31567
27568
318
32305
14703
28834
21168
3652
3137
15950
10639
4931
1200
20988
15823
5605
14056
9279
18057
20075
8563
901
14916
29654
4001
31980
25716
2903
31534
18263
29760
19463
12575
25794
26760
27352
15853
28114
32039
25291
25829
15280
32117
3428
9935
25624
8208
8028
7118
15277
20445
23957
9351
21136
1609
7763
13957
7984
6869
27304
18396
19300
11217
21552
7693
22455
1127
21247
1066
2306
9180
16344
11323
21569
18963
16031
16351
15519
11603
11537
25655
22483
15689
27059
13567
27823
5969
1800
31486
24566
4081
16135
8609
25455
30118
15052
12259
6967
28900
654
18543
11611
9560
10705
29961
28582
30832
3037
16682
10168
8477
11374
26602
4440
25816
4269
6435
7948
9699
9311
6612
10470
9937
32605
17347
32160
10056
8004
10343
2540
15878
26989
23300
2565
5154
2336
9752
31114
26004
32260
12278
13708
27384
28378
21169
1254
4239
5227
11067
31436
7815
20671
9166
26535
13948
18064
32139
19488
19006
1278
7522
635
28629
7045
8241
4647
14018
10795
31280
24979
25224
16894
9612
14915
11883
10685
9298
21282
32376
23254
22927
21786
8645
19088
32182
3554
2554
21386
12865
17687
7184
21348
30875
26511
32345
20668
4158
31978
1985
15708
24
7017
13395
10417
20276
19972
17151
30336
12438
8374
24730
28116
9831
18204
1062
13371
24658
4414
24660
2353
22829
8877
3655
21981
30684
8142
21915
25851
14194
17781
13734
22298
6810
7861
5117
9991
28214
19703
13370
21129
8005
5706
23805
31566
10250
11770
20017
5158
22635
27492
27793
28271
32151
25352
18026
15312
11499
5600
21922
22571
13847
10993
8953
28620
124
26399
11919
21991
22489
22341
16807
8001
27687
24709
3498
21805
2241
10973
15471
21690
18120
6651
21945
11819
16070
18515
7681
6311
32145
14446
21110
20018
16499
12421
26179
25564
15495
29774
9488
29240
30054
20758
24267
8720
26371
12304
168
29015
1748
8941
16230
17503
24627
7852
14037
5965
20483
22708
8853
25545
9110
31264
5152
3834
7886
7514
18954
29617
11651
18923
3208
23780
17445
25233
13104
1119
13219
14738
14335
27062
29835
16209
31648
5502
11634
32543
7915
7356
30870
24147
5549
30878
11458
20893
22183
1641
11634
31895
19673
17331
1592
28573
28160
6866
21854
30687
6749
21396
18893
13748
10680
31793
14381
27954
18853
24189
2894
17659
4358
21858
5063
26457
27857
5774
31453
14734
18963
17513
23718
7525
8501
23626
19822
28941
18046
21738
20057
16679
9178
281
30026
24862
16346
2735
19460
23991
13819
6598
10895
32233
1067
31782
4318
17902
20873
24833
17326
12442
4717
31969
12465
4844
11688
10718
24044
24035
1805
22548
26717
12946
4912
25172
21986
31863
22637
6938
15958
1545
300
9663
4093
15248
25444
28656
29474
4153
8542
24415
4350
14698
18364
1976
16860
13395
3257
31959
26235
18886
5298
5432
28852
1096
24550
12463
24412
19560
17786
22361
12652
8015
8128
17618
5215
5017
3512
13224
20956
8291
28119
32016
16533
23205
30216
24792
15471
7363
3313
2461
27107
19550
18551
8510
18596
12912
13700
2448
22914
6552
19719
3412
23438
9906
14909
7526
25727
8107
22064
28215
22612
5267
31869
2428
1083
7924
7513
10280
24754
11107
12502
26776
16108
340
28515
13582
25974
32051
29586
28257
24602
12464
10527
12019
1796
23898
11565
14818
291
32111
978
27267
17874
20210
18134
14348
25016
5375
12728
8592
748
860
12018
5681
4189
2128
19070
11665
20594
26808
11673
17545
25325
25175
1991
21022
4629
18542
2327
2224
16148
20108
20904
6005
28062
30120
31340
8230
13011
20333
6956
13560
2919
3029
29133
29390
23808
1273
3793
2989
9951
15656
11041
21872
9667
822
2825
12477
28426
12566
4740
23607
18202
14507
28346
2037
14079
29404
30919
15668
9557
25831
13758
28232
30313
28663
6125
17113
30619
7928
25955
29771
6663
1706
26544
20094
16484
27636
18668
10424
9259
9340
16891
27359
5628
25972
32270
29420
7487
29879
22381
28316
15111
28692
20853
32104
21563
7913
29660
11960
1783
500
27453
12372
28464
5479
4816
16667
7831
31034
19320
15351
19392
29637
17412
20240
31876
654
5806
13120
12196
28000
24552
30664
18862
3997
12889
13889
18725
19412
3106
17109
1500
23958
12645
11438
32675
32134
4104
8879
37
2992
4278
4194
5137
13340
31015
1842
8056
16802
17314
18395
4471
4863
4032
30
31509
26153
4210
4281
3438
28128
6981
28566
17170
25990
15589
31299
14504
5936
30432
19618
30935
2045
2733
28642
16230
16039
30189
30125
30625
22615
1008
21411
31231
24510
6267
4872
19715
6753
6089
10425
28000
16436
4047
2405
24928
20843
1733
19961
7046
32397
4833
31836
28787
22218
8038
18525
9222
12430
733
24810
20935
86
19106
7554
13446
4547
24483
8172
4415
22252
26725
15914
18753
16889
3144
18601
22415
23790
31755
186
15751
5060
25490
21318
8897
25790
10471
11196
11322
27386
7296
29519
20146
30535
32448
4191
8274
11062
32447
31284
28050
19060
5710
13554
5466
13910
26422
18889
28775
18358
32193
3949
18417
31486
7292
22214
8075
8834
30010
20456
22090
4883
29532
15173
25385
32464
31568
15137
12460
29248
17240
22855
23492
10142
10637
5371
23027
9332
11043
3375
19120
21868
24814
6906
30733
7266
9509
28741
19095
1213
18023
3784
13438
4608
27643
11061
22518
23708
3932
20658
27868
28937
12021
22669
10653
9492
7721
2603
13140
22395
5782
30530
22834
19895
28315
26696
7971
9241
6423
27948
23470
1048
21108
26179
27933
5354
7909
6533
18911
23121
32235
10233
28714
30136
30494
30574
30949
32126
25642
25708
20932
24210
7192
20586
25269
31808
25551
24641
8827
586
18394
32481
24216
7483
17259
30787
14961
3320
22688
16543
10669
17816
32262
15326
27102
4725
1372
6482
16227
28547
24473
6053
31117
3297
25136
17679
512
12462
29074
4044
31580
27422
13556
15054
13085
20685
14163
2735
27328
12115
6582
16105
15400
28696
15028
11081
7487
7530
30517
1441
18144
15820
26749
15294
757
31121
17254
26009
9692
16042
15596
10193
14096
22205
6127
6745
3333
9079
16437
1902
24659
29986
5807
5837
6679
12154
21245
14626
24982
12476
7731
26563
11556
12033
19166
3230
23109
32714
20034
9841
4369
32220
24294
32057
30429
334
23635
31468
29719
7648
25624
31850
4466
7054
14353
11953
12355
23909
23017
19537
8747
10902
32734
20257
25591
3529
18116
27183
32708
16051
17741
24573
23143
18923
25735
2282
28684
27385
8614
7662
17436
19632
7428
7050
2149
9151
6758
20735
16245
22402
22145
28607
24134
11550
21949
12065
12577
10444
4152
22616
1980
6517
7950
20134
27814
640
20184
26573
27620
22504
15218
10439
11485
16529
22786
15030
25459
21212
3637
11294
23667
32633
17356
21074
10543
7804
3416
24364
11881
21171
20289
32513
6771
14135
1549
4820
1685
2882
4831
23242
18351
20544
12606
9438
12831
3625
31256
21462
21733
12813
6151
21110
28677
15089
4306
18163
10797
10457
18487
6827
18840
25126
8168
10770
29746
802
22739
12528
15101
19418
6566
18122
29875
8236
16019
32669
11181
20000
22097
1235
8963
3708
28771
14959
14069
29586
8348
17547
7306
14941
23523
260
17526
12748
4660
18804
25921
11358
10727
4448
28838
12271
16437
13491
30778
22482
21240
2667
17742
7455
14258
3987
10261
31054
977
15985
16906
5893
18993
26112
20364
1327
20963
5537
13515
8270
10797
28941
20968
9746
16337
142
25176
10026
22418
20847
27530
19290
4597
31408
32457
7118
23621
23039
21091
18350
29401
7396
30219
5874
22682
27196
9852
32632
26559
16360
1119
4179
24539
22726
12911
10087
5402
12000
7899
9523
9415
28132
31723
4845
21266
27093
11239
28372
30225
28159
9269
4802
4612
30768
3009
26880
2781
13349
6306
25439
3840
19267
28922
26756
8007
23688
4893
11140
22601
12480
2294
8625
24796
32508
27303
2739
8664
21824
29808
16090
11038
31100
13266
14258
27097
22205
4084
1752
5124
19109
12613
12045
27949
26393
3171
5001
18552
31801
5180
29073
27622
32405
22387
6220
14551
7581
3333
21203
15822
7770
21548
14471
5493
20060
11139
22439
14049
8948
25451
28194
6934
22691
4014
9385
23502
9937
15459
9
12150
23490
27154
31928
26234
29895
5400
2221
19906
1713
19532
20341
6781
2699
6882
3204
17181
25225
18832
22473
27042
11067
15088
8325
15132
11526
26406
19036
26731
469
15042
8365
7242
17164
23784
5151
4748
21438
8366
30332
13476
6943
9669
10435
24427
17212
27740
28536
13854
20457
24641
24895
9894
8699
8009
9129
797
15032
32499
27214
21645
21388
5448
27676
19195
7678
18693
17134
28324
16353
11516
26976
30342
24527
10936
19170
26658
21971
16480
6668
25729
21606
21981
24882
18037
7581
27967
311
30241
6304
12893
4774
5563
23390
11708
23806
27537
31871
7859
22606
11594
16794
16588
27906
4207
32169
108
26109
17450
13242
25271
18664
14413
20967
9390
2249
21909
6279
21914
18135
2865
422
28846
5517
21886
15539
14824
29181
8725
4729
25144
26471
13575
17745
14052
4362
29543
16789
24619
28218
14089
12887
29481
15539
3978
20051
23290
19757
5264
28963
23842
1584
11603
21682
15660
2346
29021
32499
17298
11711
1678
14291
11229
18272
8290
7020
15885
26911
1143
7291
5947
7105
14409
2836
25981
14869
15424
29588
6922
26501
30702
27096
23711
21739
15249
5292
12065
18342
31456
3462
10371
5868
9476
26741
10218
4961
15844
30804
22799
3305
7333
9027
1765
27323
29553
23384
381
2488
1144
3985
6950
21754
10293
10509
216
19631
2291
26748
29139
28456
14223
14293
6787
14381
32127
17479
5799
10900
4115
29809
24242
6162
2299
3797
9329
6992
18442
9354
25327
30785
8762
5170
9622
22196
495
14636
19094
2853
23680
6923
17547
25049
8435
12614
8026
8234
1032
3888
19547
12319
19834
3115
31166
10815
2689
15385
31015
12711
18843
19476
31132
22107
17292
5983
6305
29146
5539
2204
3745
12789
28992
6975
31376
17888
25747
4418
4303
24970
8358
12571
12624
2858
24734
8171
10490
26394
22078
11256
8783
30185
16300
7005
2380
30892
2680
21248
26256
28564
10202
27077
30145
26310
30267
31745
31532
1382
25591
21298
7339
4853
12130
13805
16844
26334
26633
29719
16175
30283
5434
856
20784
29757
9670
16333
10694
14300
3333
9469
5547
23820
12571
4879
31934
21312
3706
29754
16805
20115
13480
22140
17590
20245
67
19855
3608
12898
13890
12569
25381
890
25725
2851
19219
31948
11120
19148
18132
28820
21819
3902
16442
2919
24046
7906
29791
9484
20740
24272
23876
5006
8237
24202
24248
13455
22353
19433
14972
8415
20945
25431
4004
15950
21776
12351
26944
9150
13362
12738
8252
892
24867
14252
5253
4048
3803
2982
365
3538
18657
15021
29009
2688
9230
4802
5241
26126
27796
10467
32575
10621
30015
31547
4980
23151
27642
918
6399
16698
22420
19991
18887
21819
8900
26669
21716
17261
22635
15299
7345
17209
29978
10935
13588
11664
29140
32398
25536
2616
27669
102
10411
1891
3858
19755
4444
3974
8771
14862
23448
29032
24863
23859
11069
20090
39
3754
22382
17254
805
30113
4848
32490
18614
30168
29652
15079
28422
4437
7767
19381
30171
4696
5894
14778
16853
4497
38
6459
25844
11409
18002
5233
20570
127
102
23520
21330
15628
1692
28900
2962
25512
1269
32397
10941
1783
3291
13484
13612
7806
27140
22830
7662
17059
16025
937
25613
25812
10904
14133
5395
22534
631
20093
22733
15713
22794
28182
27215
10553
24742
28943
8760
5185
26503
969
30264
27899
29551
24840
4559
23923
16528
25931
27735
6445
10156
27737
68
18268
12155
11549
1963
23892
19789
1971
25089
32066
6384
31171
1830
11547
30676
11534
11169
31186
877
21574
31278
23246
11993
18979
1654
27035
28611
9907
23837
16864
28295
16114
21761
7569
406
17050
1473
357
30749
27708
1917
3467
30689
30608
24541
18073
29293
21002
16469
27333
30064
14765
31143
10071
23137
15908
18601
16990
6500
22543
24648
3234
17265
2715
21709
12251
26547
17237
19551
11552
26670
27712
6345
8098
421
25636
7806
6042
2747
20778
11482
8576
11864
422
11179
19838
9550
20276
16880
19236
13117
14342
23009
27997
27316
8828
9775
10914
31896
32501
3212
28013
5834
15334
6510
18673
5636
16425
24848
26120
3844
24471
29114
15469
29421
32216
15171
27691
21226
21370
4052
19285
1812
2369
8686
31736
15510
7614
9135
7758
12046
18723
27473
29492
4407
21334
16627
734
26822
4164
14748
7114
24977
30328
17277
15858
23542
1004
18294
17990
14971
25887
988
28249
12978
4711
1146
29787
9568
22409
23509
32583
16861
31111
437
4957
30910
28345
31456
10963
434
23839
11817
18120
30890
21238
2729
3193
22077
28041
25421
17079
18250
25162
9105
17305
10207
7713
16778
13934
9561
28420
4394
9717
19405
27592
23744
18129
679
3639
26302
567
15505
13154
14527
6378
24215
30265
25544
29289
8840
6232
5582
27750
30879
27940
10361
15995
11362
31511
3368
17945
20683
18264
14901
20161
14246
32655
32122
10870
30778
30199
22548
11890
18731
9141
18278
26648
12703
9576
8033
7722
21920
26113
23043
29244
25026
27605
30
13928
23045
31728
3931
19268
20476
1964
382
6673
17455
6275
22764
32565
14015
11810
22122
14572
11080
17086
15399
11834
9227
27051
16893
8740
22605
15403
7924
10015
10746
2180
19464
26313
7822
30549
25644
4567
24373
6953
17806
3150
1073
7757
22557
10743
12157
735
7497
3852
15024
10536
27913
2360
31779
4140
1059
29887
26454
1150
18344
504
3216
12633
25021
28420
15302
18413
7073
2490
20158
12535
6380
3553
24181
31892
22549
13218
26557
1111
7223
572
9002
29593
9237
15098
5167
10768
21083
28771
4997
11428
11047
7600
22732
6269
19143
21123
18293
19553
14789
18133
735
15421
16928
27440
3520
8961
10717
18719
30919
1713
30398
18404
25728
17081
8018
10600
23159
3202
19758
21368
16800
9794
5241
14637
29174
13336
17582
30892
11107
26456
13981
272
29664
29732
15283
21669
8413
1340
4732
15191
4067
8726
1126
31082
21112
15154
4296
24171
20803
20648
18722
16486
10864
26371
17063
14169
20310
15953
16632
11497
9559
32635
32307
5204
11784
21459
13356
24231
31378
6892
19194
32561
28249
12974
20662
5175
5339
1449
7807
2025
3802
21418
20161
15765
23229
26764
26807
7963
31796
13649
25903
7841
18203
32626
28814
135
20897
6770
3603
413
20905
24505
96
11668
26992
22688
6966
31155
10096
20169
25216
30667
15749
14001
6803
13677
13135
10376
11700
7002
6103
23360
2778
24891
30325
21988
25014
27027
4849
19243
24561
6641
12520
21325
21429
874
27249
30741
22382
28486
23041
18231
27346
9210
7052
24293
7455
30295
26861
10397
11427
31488
21896
13893
16258
27681
27950
30073
6580
5982
14913
11556
29773
26634
30488
31053
23041
24986
28324
14644
11495
7769
20564
9118
14717
9821
31543
30061
31469
12985
1121
28275
29838
12532
31887
4232
17582
6842
14606
21722
21647
30162
9176
19333
18863
4176
22273
22884
7244
19724
1873
2086
30504
5202
563
7332
17546
15579
17101
26481
3205
252
25201
947
2172
21534
26676
30770
4070
11374
15324
28335
16975
5334
16384
30071
4767
6955
22378
32568
6047
28328
22976
5394
17849
17051
15204
28401
30208
18782
27800
26139
24176
23433
13286
30213
24438
8038
1983
16235
19123
17573
11106
16799
1789
10321
4863
15906
13734
29955
21276
31345
15617
4950
7993
21537
23587
32410
7087
23342
11239
20941
1758
26257
12597
8391
32135
22288
25731
29108
24183
31834
21147
27335
4454
20563
15007
2093
13598
31917
19787
28224
30944
24248
29051
11262
9475
32123
12781
441
5854
9731
14407
15
13288
8699
31068
4893
6174
15485
30379
19952
933
2344
14632
2620
19377
8563
26944
12369
21157
19520
10263
15178
19324
17333
3604
19848
19559
3399
29343
26975
29879
6167
24873
8718
10750
5506
24429
22773
12401
16371
26870
23298
8849
1020
17378
29293
3083
16294
4837
16549
11228
3077
18577
29834
8632
17679
24532
12508
2733
17326
32194
14067
20740
32275
24724
10673
13160
590
16369
31926
18250
32539
621
25554
31363
20223
27728
22208
22587
14740
11160
32017
5386
24353
25921
5734
9822
622
10179
13026
26909
9431
26333
20447
7051
10398
25745
11488
11885
28038
11120
27847
12655
7069
32279
22345
24259
4185
24570
20126
2571
8678
7008
19837
30329
11455
26799
327
22580
8060
6890
21635
1278
30954
30072
32138
6165
27745
3879
25987
3414
8274
26224
31634
6056
15136
2813
18509
13976
12849
104
21872
20289
3908
15942
15825
19567
8197
29028
31126
2564
17374
25168
15013
3994
19473
9499
27996
24169
8708
30302
12675
22123
10203
27003
24446
30399
1868
19493
28103
32076
25263
25379
19100
10662
7253
25680
32245
10037
10267
20967
10169
25236
6975
6909
11825
20023
28274
9551
12477
23121
9774
9278
4806
9204
21833
24856
13043
8058
11723
22681
8864
16933
5117
20914
29068
28418
26562
20872
25041
11027
30762
4288
6170
23724
21829
22010
7184
6686
29749
22939
15637
19347
22919
5840
12085
9273
15812
11728
29785
13987
24642
15201
26046
10348
31808
18845
29094
18717
5170
15862
24910
4176
1882
26744
15135
18198
9624
6222
5416
24727
13699
22920
27596
17912
8376
16411
20664
6530
14963
25641
1561
13568
21596
29571
23051
26472
5539
31853
22100
13758
18510
21921
6226
9014
4306
18326
25906
17561
17377
23297
20067
8937
20100
28829
31306
12616
25705
1575
25912
23062
26750
19629
11929
26458
17343
29705
18030
19043
7755
20393
3837
1711
11966
14481
18118
17419
5051
20642
20154
19452
27592
2844
8360
30302
8031
7778
2552
18763
4417
17149
32411
20542
10510
25572
6210
28280
27667
9210
5582
12451
6243
23769
28424
25014
30249
31438
20627
26392
21308
23076
5151
10248
23796
2470
2270
1084
19517
5727
8252
7624
6121
17572
21195
31298
8523
23125
20860
16164
3841
24159
22293
3441
18961
29061
11743
16540
20792
9313
15775
5285
22142
28325
13768
30597
23310
11175
10223
2508
15685
16413
9855
4745
27913
19748
15278
27242
14940
5256
19632
8740
29232
29247
15658
26645
15741
3894
26345
28968
30354
12625
14804
26874
26793
19629
6175
11579
11709
14888
17090
22614
7840
14115
27178
24404
2376
4742
14126
18173
8553
11013
24644
13377
24394
8866
7925
23511
16593
27507
6542
5412
8415
4518
5401
5214
6372
26306
907
4081
8362
29231
16959
21794
24693
19193
7331
4082
26958
16081
26418
19013
18332
27221
18082
26179
9204
9873
30558
6143
26162
28613
10550
8790
3785
10600
17237
23323
14935
25454
9332
14961
893
1223
13134
31095
14061
32552
21332
1067
3524
28685
4513
17032
25115
21247
7728
31986
4568
10514
25933
24532
970
14771
23881
25224
758
20640
23666
5495
25643
7480
2882
7041
10717
5877
18135
21151
6704
2871
1955
28614
31570
14403
8293
4623
27150
6539
26968
4374
32414
18736
11178
2719
13249
6853
24879
29568
17422
21334
7255
12219
29064
8872
11358
30186
27506
16835
20930
480
18021
23214
5882
23181
15007
7546
8549
12066
7326
9857
3713
3958
17390
6640
12637
936
21567
6275
17489
18183
7354
29072
25324
10798
405
13895
24622
24691
9189
4664
19703
15491
15284
3350
17088
8262
22612
6586
18057
9225
31474
5738
22546
14555
16238
8796
334
18999
1899
27766
31253
8932
23458
24408
13337
6426
30587
20124
25371
17894
13022
2396
21855
19407
15942
30197
12381
28858
25880
6923
26041
3851
18996
14798
29813
8717
21193
23931
19046
29076
13165
1061
23012
8417
21357
17589
14278
9413
31329
5680
21902
25866
31748
7224
11232
3342
22083
7382
26937
20401
30100
886
30941
8817
5001
5427
30225
13268
25509
14933
24459
8455
622
280
7975
11972
23235
15792
14811
2424
30064
27529
15341
20646
26368
13267
13667
29062
20435
15678
23228
5363
8816
10498
7645
9348
9243
24867
21326
11000
23467
7155
14246
5079
25238
14552
26948
3670
19534
23119
10816
6011
6096
24881
32417
28547
24441
11574
31441
32385
15132
18103
22094
27719
2131
21944
5793
28553
3346
2597
26260
6208
10370
22876
28064
6477
1548
13548
15269
21855
1715
7836
7390
13078
21672
15792
27155
31849
21784
22887
10512
19781
27721
23752
4439
21878
18405
18334
18706
29131
9110
12482
28235
24693
15314
15768
16479
5297
25337
13020
32176
28071
27805
671
18843
21649
25376
31628
11946
1567
15237
32112
4362
2842
31616
22266
9535
9289
1487
12479
16150
11665
205
10624
3291
15455
2885
1968
4813
32075
13188
9265
31439
5365
25778
29279
3168
2099
15970
18767
24781
28527
2663
21080
10149
31050
17641
16595
3950
133
27321
14112
9878
14626
482
31978
18605
14534
4225
27307
27601
24162
30166
11890
25193
23826
22938
19940
25878
28230
9619
2432
30950
28447
15719
1320
1483
27932
26798
23005
12620
26101
9034
29899
20859
16071
18427
26501
3111
13938
18734
3473
30290
22335
27670
11047
18405
11207
14846
26934
30627
15120
7134
21160
21340
4088
21548
14055
26723
20439
19188
5536
20546
9312
24619
30663
13739
31944
14401
23003
9650
27179
14069
2923
314
6955
7277
10201
8877
15066
30854
3166
3057
14042
26729
28494
12439
12482
21087
31901
12373
7876
5094
7075
5558
24461
22020
16924
27920
17773
31707
30835
18359
23736
24446
29504
32624
29036
20739
26127
20008
6163
3033
29539
3558
15851
5724
24058
13567
1093
16295
24403
25225
27435
12201
18286
3857
3909
15740
18899
13713
32510
32753
7125
2204
27362
19568
18456
2012
13642
6143
23377
2494
9532
28320
20045
3436
16525
29920
20789
26876
4424
10157
23568
10214
23124
20072
10377
11708
32592
21307
30962
28949
9154
30125
20618
25291
17777
2931
251
21862
22031
17289
12583
30935
6171
8066
16676
15978
17158
5917
12165
14582
12949
6680
25564
19798
9606
25673
637
18205
20342
22506
11652
9606
16898
21045
22297
13482
28973
11825
2290
18166
22273
27083
17690
8923
31354
8488
25585
30919
23967
21562
4981
30037
5874
10897
23487
17345
6666
10612
19664
5278
29567
4145
14734
31947
31750
20145
9226
16547
18141
19023
16132
24436
20330
25834
10417
29490
10783
31289
17084
14445
15520
18271
19338
21121
16680
28864
7362
8205
6441
6674
13069
13222
13106
17591
25370
17612
2070
26698
24550
11548
29515
31096
30266
17864
27280
21265
8565
14661
22738
13662
23947
7491
8273
20406
23118
26850
2047
2124
29676
6947
6184
30283
5305
9628
10840
16933
25647
28529
12410
24615
26419
1151
30525
22866
30106
17626
26556
5734
10476
10362
3165
24895
10344
27441
23801
4196
30280
13536
5694
4318
8774
4587
8274
16966
1374
20458
18617
22818
27350
4770
21369
15218
19068
13619
10108
2949
30767
19346
6709
21777
27808
22586
7815
4227
2906
2591
23266
28820
2560
5860
27311
11805
23766
1357
20206
17964
19587
31735
21021
24151
6422
26695
25436
17232
20038
4512
11472
13754
11518
27865
26949
31035
19993
17390
15639
22995
25194
1525
5714
7020
13311
21332
22552
1970
19622
6706
21827
3620
26033
22315
24140
10859
1271
20040
26220
1259
27419
20526
1024
409
14097
24469
20530
12556
25309
19196
27094
22486
32158
3739
8082
20
18124
4762
1346
18756
3774
6528
30874
27223
111
29422
22797
6663
14465
18061
30446
20843
19842
2885
32214
7369
11631
32432
24133
28331
29814
12494
31372
10549
8448
30714
6890
20917
18671
24860
27893
8828
13348
28705
4667
28397
69
17576
554
3539
12733
30462
17197
15864
22020
16717
16152
14579
6944
18704
14022
26689
108
7370
6400
28823
1176
14840
16545
1911
29937
12100
24056
18178
16866
12027
3950
29709
31931
9665
28009
27254
25266
10628
3440
9144
6440
21678
16527
3006
32557
24991
4349
6133
14405
6746
17148
21669
21612
28798
23809
23681
14681
20857
31509
28285
12544
2808
29051
5599
16730
21409
659
6297
12648
19461
11262
8150
24438
3024
20227
20179
19613
3907
14385
15344
395
6373
19014
7
12423
23413
20560
20476
14511
34
15122
21653
28292
23807
19881
13452
19881
28593
32112
1251
30696
28778
2336
4984
9590
4380
2876
16345
27256
15590
2988
22105
30149
27603
21671
8548
11502
24259
3799
9487
18812
22441
26808
14579
23416
8695
19778
29756
21809
32599
28103
8189
1081
19612
8990
9159
7089
29432
27137
8313
13254
31087
32436
11609
25212
19083
23527
27492
20907
594
8414
25315
30278
22645
8911
24383
19683
31434
11660
15638
16248
27644
14177
24206
6243
14978
3136
14826
9902
9165
13339
13915
30608
30662
6290
19224
18743
20599
11726
5296
6852
29192
8877
21663
32152
26350
23583
3872
3022
11359
16336
15171
10248
777
4615
14655
27247
14339
27342
777
24309
31236
1619
19238
30942
3795
29838
32189
24446
31998
27684
22512
30788
32207
17547
2412
20983
19324
23407
5183
21824
8094
26965
24299
24169
30180
2431
11448
9316
26377
30991
28750
4367
12291
20847
11394
28342
14718
16879
22385
3801
13192
3248
29643
20016
6542
19138
21618
6637
12935
15241
15940
23105
24943
9061
23604
26145
23031
32145
14752
25674
3451
1356
14047
15747
25652
23095
11289
1058
5807
17407
11867
29905
15229
22843
10986
29842
23853
3480
19672
12289
11383
27443
24790
16345
8890
31558
11081
30394
10409
8711
25760
15402
5440
29133
20452
6361
6398
14709
8080
22569
26958
20996
7332
25325
16454
28557
17397
14193
1171
31062
19911
8892
11700
11574
21405
7953
14439
4673
2128
31676
16225
32424
13919
12811
3138
13530
30854
2970
13512
23535
24722
32211
6211
22343
115
24246
20809
16750
2451
22230
28586
3651
30310
13476
3750
6234
29251
1264
7006
7582
29554
5293
24457
28475
15238
16373
9320
22715
12780
12877
508
622
19653
31785
11894
21264
31729
8627
25071
5286
19052
1736
8793
24745
10718
23619
2998
5990
7277
29311
26760
26277
12502
5399
11912
9097
1212
21488
13210
31671
16704
23930
12033
16826
17873
20018
23247
22695
30021
6508
18848
764
22825
28495
17544
6350
3926
17441
17738
26916
13765
23749
24779
19102
18597
1153
13766
8026
9898
20485
13248
20503
12199
4521
20031
667
12639
25335
28727
3923
5785
26473
17349
31290
3186
11379
8735
29435
4599
19140
16332
8282
9715
11466
26896
15056
1798
7796
25259
14965
14839
2619
17091
7204
19019
1891
22046
473
30999
7550
26004
12893
19986
24883
28612
15398
16110
20029
11015
16248
24809
694
25506
9169
22687
16278
2624
15492
31778
21111
1695
8356
23372
19611
8841
14883
8788
11055
8454
20539
2720
21713
21968
4365
19930
4177
20743
24201
20294
22708
29478
25229
28499
12927
32054
11857
15728
26162
28993
26882
31776
17426
22282
20909
11089
21803
14587
6239
3306
7574
27999
21131
22435
21496
32721
3755
3097
12875
20212
19242
8226
17377
12901
21634
29789
21669
15598
20130
18446
26021
28413
28050
7977
19149
27988
8537
20141
22005
4097
14623
9011
13087
23953
16783
21959
23033
18049
8831
17142
14506
13557
16339
6184
31690
17580
8606
27441
6066
14132
26507
28706
30455
30810
2940
16741
29233
18149
14192
28169
29953
21892
12970
16986
29778
30724
10768
32437
6622
12486
22481
28826
18676
12913
20042
8707
24697
10724
27179
4852
24110
25711
12245
12628
18224
9794
6151
763
31173
17701
4026
13836
19541
23402
12105
2949
7607
10016
27861
20500
15023
27018
19944
22317
15540
23248
23640
11353
17910
1523
25199
28369
16031
8454
12872
2891
30553
13724
31868
18452
21777
11645
31231
22367
27131
6045
27972
25565
8151
14670
16040
19341
22386
16308
14349
31958
8559
9593
9157
10707
29767
8387
21171
17902
911
11619
19884
432
7290
1872
13859
14551
11166
10579
6662
1705
20475
9219
16099
29833
7993
24820
10319
30408
32561
9772
23944
11197
14511
28118
12889
4376
10102
26171
5950
9075
11141
11757
13513
7210
16281
8261
22084
16749
22771
17936
26520
31891
29787
16006
2670
10929
29797
13436
1683
23404
13555
13274
6561
29195
30715
29518
27100
23761
3979
26178
8282
22153
26890
11020
28263
26210
24000
10597
551
4605
27801
29981
11901
30149
16677
18701
18988
14207
11236
11852
2620
1825
28609
9126
23456
8680
2268
22857
21
2981
20620
21698
29261
29272
8869
4392
21837
28671
26614
28567
29460
7856
10774
3040
3709
13030
5217
18815
3174
4121
1597
11470
14354
2961
6818
21624
9932
20859
18649
10031
32461
8253
643
2466
9568
19975
29406
12457
6212
19626
17220
25539
30290
8110
2292
17347
31583
30878
16405
27078
29540
28071
30712
29288
26845
32354
5278
18744
4718
23277
18810
18537
17356
8512
12663
202
26075
1214
10301
15864
14868
5131
18608
6865
27946
4382
13498
14893
15597
3991
2635
30665
13678
19794
10654
9604
18788
31036
12477
10446
18894
23653
20551
3165
218
6487
23921
23073
29702
30119
17739
20859
4485
25033
17733
19882
19684
13096
3313
28806
28397
17526
11530
25968
7372
28737
30646
20617
23152
6600
13832
15906
3124
14348
22217
9844
15295
5930
31352
22929
9256
17383
143
26523
18782
21901
31240
22836
7880
2550
9504
19509
296
26598
22107
18595
1989
23454
29384
25055
28873
429
24454
30748
11496
5130
2695
11798
20034
11616
28820
26370
24203
22185
17553
24768
24681
4862
7171
15960
29
23981
17615
5796
14182
20109
10308
23370
26786
22670
24412
11246
13623
22164
23615
27045
4913
23174
19721
7852
26157
29345
7117
3674
8053
22803
12250
339
10604
16837
21565
8703
8749
14968
26503
32058
10607
20755
14544
31565
17836
29755
13819
25885
9346
16933
20284
18851
14937
14760
13272
22428
1350
407
19500
32642
30511
14925
5361
29114
19248
3465
16318
19727
19006
28797
15566
4447
17162
19489
4612
10900
14632
32717
9004
10198
3953
29191
20356
29440
12710
9114
2171
7248
342
30952
17848
3682
2561
11648
31326
15967
16509
9715
28559
11378
20889
5092
10287
18555
17409
8287
12778
3848
29025
4204
1912
29313
6861
6115
26655
25762
7265
20097
18554
5166
1060
31548
16506
13026
4146
10708
6826
22440
22555
16043
26807
20750
9606
31958
16687
31734
16410
12916
2697
29327
12446
32574
30566
10116
16222
26976
6166
16755
12753
13448
9566
19104
2938
12092
26744
2283
22028
27248
25692
4607
13521
3928
9278
28621
18252
18299
21336
26937
7966
27401
489
17170
19750
26990
15230
3400
18924
8231
21104
20569
15680
5076
1198
12045
26910
16271
23996
20579
15317
28285
31228
9675
19816
21410
3885
24981
19509
21498
24113
12714
7380
14021
29203
4730
12610
12322
20552
20021
23359
31199
32309
31806
7668
28304
32754
5341
17113
23262
13390
27956
13782
31010
12819
12148
27817
19251
2699
9040
23943
18043
5442
23218
18694
1617
10510
5805
23354
30851
26189
30900
26654
14385
30318
21513
18230
2786
25779
13175
4723
13265
29748
26436
19543
4488
5928
12130
12633
14768
27488
21989
14475
1832
24596
19898
1914
20052
26850
10645
23894
11192
25108
32555
14675
8389
2594
2722
16462
29426
13431
9797
9652
271
6520
27261
7072
726
26563
2556
3651
26308
31412
15932
11913
16935
23086
22568
4089
1911
26520
18713
24030
30441
23589
14339
27556
32066
31833
30449
9348
29929
9417
27822
7780
32065
5154
18117
21496
23605
5740
1964
18990
7701
30096
17725
9417
26528
21272
11109
28235
11874
20279
5920
5913
19264
8457
23973
28634
6993
1051
5085
8992
8943
7982
27162
29258
26382
18488
28678
14761
28877
18860
21722
32737
12107
3323
30672
5266
11196
20059
23770
568
17340
15815
22932
22352
24034
12615
3703
2749
19609
19569
80
32617
21291
16688
26097
27439
287
3524
32295
9465
22469
23562
492
7717
28175
26110
1757
2862
1698
894
26094
32648
19501
17745
31324
203
10234
16743
19683
21780
26307
29794
32562
4264
8134
23638
2972
9947
4635
12493
11536
561
27718
23567
843
26562
12809
6560
18252
10723
13436
24073
9224
28162
20575
27611
1888
2514
26286
14834
32592
15273
17270
3831
30569
16934
26344
30248
27265
5910
25771
29020
23721
20888
19831
3137
12639
29568
22240
13545
12805
9722
13679
32133
22674
10608
23799
11120
12936
31917
6950
14191
28710
32578
16475
9015
29662
4904
19127
18479
30217
424
18295
888
4314
10104
24193
25387
18576
11303
15420
14561
25584
18618
19877
13689
10483
24984
672
29205
20924
30627
2699
2662
19916
13480
16153
11306
9081
5881
12638
16370
1436
88
3366
3881
29067
11287
18059
2898
26951
20606
17863
6801
7670
28525
1350
3437
7827
6722
22016
8660
24292
11517
15877
14175
10924
17571
9561
6360
22819
29920
17667
32506
21667
239
3169
12407
19108
7103
28862
25408
6122
29518
23334
17152
17661
2905
10361
16617
9946
11064
28607
4276
30696
25348
699
30435
32045
27642
23747
19530
3010
26660
29647
23245
644
17718
8143
30571
3085
18102
3138
32124
15587
31583
26628
3894
25070
8648
18279
16246
4912
16449
27782
2238
24240
29693
27094
13689
8119
15223
21246
7559
22079
16398
28649
23797
4777
25330
9753
26636
18862
4420
3134
8334
9368
9081
23559
20540
8626
19456
13880
11419
6397
22820
27901
18424
31012
20019
18557
5034
20658
6112
31155
22423
30595
24550
12153
17146
27768
17390
486
31331
15215
29619
10202
18175
32627
31332
10967
19225
21807
14154
3347
24545
20905
18858
5579
108
20781
29677
14297
26109
12934
14846
18057
14723
21109
16116
27817
32354
23387
9713
6623
6774
15673
31305
23104
8021
25050
25319
19485
14549
29007
9453
10272
25807
15004
14747
3992
22562
5297
31602
5394
13562
19356
11929
13097
30290
28156
26751
9631
13495
3769
6850
22700
10319
20210
17744
25237
3099
17463
5068
15233
18041
3833
27187
10121
31469
13630
9407
1806
26912
5529
3851
335
15657
1626
22137
15674
13580
29954
31697
7299
16256
6650
2090
11508
30710
5252
2318
17412
9174
753
6105
30890
5388
27413
28770
28531
5571
1784
23261
11475
16752
18894
27904
25016
28435
12585
26213
26213
4282
13934
11312
22398
11334
29829
10225
2399
20849
21973
3532
17842
12560
24176
19927
1857
14742
26250
13507
10248
23770
22832
32703
13711
25370
19255
26521
24439
28479
32370
26406
13394
6242
9512
16613
8376
15504
31172
2015
25751
28874
32463
12241
29386
12880
31516
26765
28397
15648
1602
18590
15728
11193
14671
2859
23019
17444
22459
25886
26545
5685
1179
13700
12456
20239
22551
5431
1624
26086
26910
2491
14657
1545
8025
24423
6770
23071
24925
28357
15191
7344
29476
20795
24531
4584
6334
18666
22158
20120
20804
24534
11153
28798
15886
583
26896
11206
2597
6256
23174
20944
26107
25423
1544
13620
27482
8404
20434
3844
32155
15173
31783
18769
31256
2017
856
21232
19684
22724
27682
24701
15801
26122
8252
16033
2353
21047
28465
6545
6713
19927
13164
24023
30659
7777
19857
5717
15036
3169
27156
27527
8254
31958
17668
10248
3078
14809
24615
26200
3880
11904
24396
19420
18177
6658
32477
29990
10350
32284
22708
30583
2875
19635
27439
7042
2527
6330
5767
13683
2406
20054
1117
15920
32174
13888
11670
4575
15830
18540
29289
30632
31988
4584
30902
22204
15110
12806
17562
15510
16940
12989
16192
6273
1044
16461
8186
20570
27573
1058
27536
4759
30528
9979
32216
2440
11859
15947
20870
21469
18544
10463
31302
26217
6063
7874
1288
15141
2991
30814
12955
29048
24786
28899
16510
17333
20394
26605
13299
30182
20654
26209
23380
8648
18482
27287
31146
1046
11926
16319
20604
12042
2237
25725
31717
17954
17600
17623
21737
10016
20196
19281
19977
9300
29386
3414
32277
13341
23782
5850
19778
14766
20530
6462
30845
19214
25636
372
24318
6242
24285
14691
19999
22639
32675
6285
16239
24155
19857
18415
15618
15539
16013
7464
24588
6579
19067
12510
7598
6337
16048
13406
22032
32058
26026
19074
22960
27249
22270
26584
22778
25845
913
32256
29208
30995
21003
30294
20747
10908
24457
16338
5627
4585
14483
29740
30155
18971
7757
22595
18673
5287
11249
15295
31877
22035
28796
31733
6551
20474
20648
11788
22214
15446
17691
13406
26638
11775
18654
17185
226
23150
3088
6215
15483
12487
16092
27298
24687
25111
2216
21580
11653
16089
32655
15430
13000
3520
13330
863
22234
16304
9482
30808
2955
9485
12257
22341
24490
2105
20738
22582
25372
20824
18574
4375
4394
5975
30545
11989
13599
16940
2036
18883
32019
8799
14452
22843
12034
8649
22483
2696
13345
29084
19469
32515
28273
22947
13389
13693
3220
3275
31585
8925
20448
9955
28267
15882
30898
14240
11226
780
19716
32484
32409
12654
27970
15935
31110
18918
27482
17335
26406
3896
22547
4548
24983
3671
15007
18591
9926
29133
9843
13500
31970
9310
25430
9877
15120
1768
23480
30634
19040
15758
17734
24774
13055
22549
14267
1411
2479
22926
9721
22800
20853
25398
27992
16434
9617
1690
28478
5257
16307
767
26864
27925
11884
29184
32167
20473
20451
10105
9959
12670
25801
18596
32524
25690
20367
24194
6694
24371
21462
26493
24838
31583
27175
11339
8857
4334
31716
23573
20341
5098
7038
13273
5042
5853
3305
13581
17147
22164
12877
12165
19172
13091
12543
8854
8062
14889
25263
14716
22058
9813
26339
26361
25258
30761
26788
25663
10878
3070
27766
5904
25197
20809
14990
8996
27234
1820
14656
10955
7033
8688
19383
723
15450
16033
2280
23980
4038
18106
24264
12746
12655
10739
30141
24395
13581
20728
26707
22746
15278
11628
9009
21459
29517
2862
331
17319
13479
1755
30809
9347
13130
19860
27015
22828
29679
2561
27246
8238
32009
8853
6723
25653
30110
11540
22350
27579
9814
15187
26782
11235
4306
25920
28668
17061
4414
13345
14365
23596
15914
21281
13084
1916
31381
10504
15655
15960
28235
16202
30584
9315
22642
6723
20358
16773
28767
26305
1661
15248
18606
8387
19692
21284
26769
6016
18110
10192
3944
29355
2924
1913
22162
7414
30321
19712
9603
14293
23549
4639
11287
31876
30189
14484
22310
11851
7419
3714
29529
513
8754
4628
29244
7887
23718
6243
1428
7222
16225
23450
1266
8531
2976
13400
20872
2402
29504
597
11324
12674
16243
2121
12795
21431
20407
16137
29264
4917
1289
25587
21557
7644
27989
18061
15657
1791
17202
6505
11906
16233
5580
19020
19717
20130
11553
9614
1716
12654
32369
18628
19175
407
17647
10397
2206
19180
4797
11786
26390
12682
28183
11938
27802
19802
20175
17476
1948
24283
4089
18430
11780
16674
10727
29741
1736
15647
18520
29158
20925
8737
4332
21909
429
18332
11739
20196
15529
23595
28903
4063
13984
9681
8847
12117
6705
6020
20870
2689
29630
24556
13923
27113
21186
21864
32666
28039
5476
25426
6571
1063
4684
23684
18329
29200
5301
22298
8094
10982
24259
30074
16413
719
9751
16530
20696
31445
16034
30561
9315
11404
26550
30649
3545
6388
28515
9283
16077
24224
8192
27587
16771
6936
11272
21917
25440
31613
3112
14233
9120
16491
917
30947
31303
14627
16035
1622
2906
31210
16276
23545
6734
20908
3501
18378
20929
17125
23184
18875
13160
962
4549
13563
17481
18819
1690
30326
18730
25379
13357
9375
10057
26427
17351
15469
15693
31012
19819
12195
18557
26971
1711
10325
10800
13610
21451
9640
8580
10629
28400
21977
19795
11571
6619
20865
2659
30254
3497
7191
477
11851
7405
3510
31745
19229
15360
2592
19223
7447
25496
10500
25257
23026
412
13180
28399
9806
27703
6874
139
25244
2860
19620
8311
16187
11113
2013
24635
23521
12510
6022
14947
30269
6799
5733
22320
27611
3304
8197
2446
4935
22097
4862
6214
12405
8707
18550
10101
2144
19738
25832
22077
22514
4587
9765
25786
12836
32151
21144
30263
2406
25569
11725
17314
26689
17724
5685
21054
7483
23336
12323
664
24059
16063
16923
3004
9645
23947
9804
13992
21160
12443
30043
28161
18254
27094
20066
30213
4660
2959
24633
24769
24964
7769
6132
4740
17823
31004
6316
27283
1798
20328
24707
25630
4986
31242
16098
17267
18018
11741
5
9074
4206
5347
29114
30529
17018
32148
9573
21569
32693
5238
4936
6208
6914
23534
769
16368
25502
22102
23892
407
9475
5711
19243
9
24077
10585
17883
10708
29532
4257
31913
6330
24825
15385
13197
1380
12092
15310
32566
9044
12013
7031
589
31004
16553
7241
4094
2253
11143
16659
22453
23731
18172
24710
32293
19519
31740
12756
18319
3397
24930
1918
14145
25960
30610
11366
18525
4050
18269
5932
9179
11048
26661
26551
30673
17340
12609
25362
21490
19973
6818
24954
12117
9549
4279
25269
31609
25258
16271
15525
26757
8239
6462
6172
16084
31843
7041
12274
29104
29170
6309
1621
20318
22435
1956
1121
29276
7306
8082
14320
22502
5247
16951
9140
16318
26831
31230
21891
14637
305
3854
14065
325
30971
30646
19492
5738
29845
10254
21732
9489
27438
1243
1010
12742
14511
32180
16539
9332
3053
4707
9868
6369
1315
18318
14312
6264
6303
20119
30104
8523
2491
25792
20963
7768
4623
11667
12606
13579
2277
3201
28005
3077
7917
16841
3754
28444
563
20123
12173
29859
32333
25725
16014
2027
27865
25583
4671
32009
2599
11850
925
4570
562
20206
672
69
18901
16284
22801
1472
6203
19489
3996
1046
5272
22837
10534
8039
3094
4770
10337
32112
17427
17577
5021
2572
15497
25761
27361
25851
30413
3297
17466
23779
5245
28640
595
7060
25267
1691
22854
26512
9599
32311
5554
7883
14229
10472
23054
20143
21058
30225
17980
3427
4517
13741
15713
30797
2331
10989
15861
31702
31739
12834
22
18541
3716
32222
20002
6350
787
12118
19332
11652
22425
19979
7630
8620
22349
25258
11273
31997
29854
14640
26696
9989
32620
3665
22404
8117
2935
11291
19363
8480
6936
14807
986
3712
25135
17200
10037
21626
13660
14999
19828
7843
31090
31461
2585
1602
10024
3138
11711
7768
14098
12358
12717
221
2512
31071
427
16717
8326
29043
6165
26723
14732
5062
8237
23844
9574
7709
4789
24352
26614
32036
190
30197
31216
22541
187
31252
16015
32634
29145
6856
390
17309
2451
1396
4410
30109
24448
4636
18734
6204
27504
6438
8382
952
10680
22114
4625
238
22986
32073
27977
8133
2825
25218
27644
19658
27611
24235
6376
27160
3839
20053
24546
28539
6945
21328
23056
21973
6315
15146
10840
20928
20959
12018
32280
8564
31011
4161
1560
29164
2459
10108
31677
8004
5629
1875
1663
21606
31137
18829
5532
19941
8152
2312
526
17449
21887
15611
3259
16589
22740
22911
3309
25413
7048
22862
25345
22724
27413
5322
867
2908
29521
2625
11706
19560
20291
31599
9311
32295
7222
1092
30740
169
17165
3816
15347
26095
27606
18685
13732
12622
20386
32292
24019
9748
23699
31682
17633
26990
24630
25092
12250
31625
11283
1568
424
19448
26755
18910
17542
27990
2498
3160
26551
11308
6981
6141
1399
3348
21838
12764
17714
30239
12477
11808
11764
1909
27945
11734
32033
26427
15663
27127
21862
1210
3338
12194
23023
5821
5988
29097
2522
22842
15468
4943
28652
20021
20265
20560
31363
1506
19726
26146
4044
12810
13262
25211
12854
2223
26994
15123
18727
14835
27304
4779
25069
32054
13150
20302
31991
31103
5519
26071
15173
3357
29277
32435
29
14478
2401
22504
23296
12447
21055
2134
19932
23509
5245
2109
17283
16140
12693
8960
19036
7518
21832
13865
26456
20294
54
25004
5416
5381
8364
3440
17326
26693
11709
26635
27569
4349
30868
17102
2772
404
10248
28417
7113
15945
4721
111
24258
21458
27066
6438
1576
8515
28088
8824
7056
31026
6330
5957
12523
24089
31330
17277
12796
24059
13491
7392
27152
20811
20330
6408
4585
265
21906
9386
31227
30766
29011
8217
9435
1098
31243
1291
26100
10604
10400
6560
22652
3394
26132
21664
17062
7553
26713
22276
14617
30087
4455
7865
5794
18240
17549
22176
7205
19270
9732
26585
19674
31820
30922
12353
23221
8636
3757
569
14118
28063
32422
20906
7171
12734
5481
12870
8387
28678
13370
2832
12268
18993
4610
8990
28878
5283
4770
27549
31090
4242
10375
11031
23758
4458
29823
28145
26938
4464
6091
24632
11048
31141
27765
29853
2063
8429
6116
31933
1448
18032
11181
5798
4445
2881
18604
5015
23551
12094
30804
15368
7607
5431
12355
5354
22079
21074
13337
2608
23889
19629
18827
8846
22368
11590
29363
8321
25223
10520
8874
13455
4031
25991
8281
9424
31828
31742
2956
3501
8090
24791
14408
8168
8412
12667
21599
32733
18837
11722
2881
10759
26594
24765
7189
197
13624
15433
5641
26462
5458
11399
12006
3651
16750
26131
26599
21653
13241
29618
29899
25319
26376
18231
6441
25413
16072
20903
28676
31349
11064
26267
20895
26236
24022
28390
19346
26213
8726
11896
24350
20285
11866
8578
31166
29282
287
13531
23550
14590
7796
23971
25232
6350
16817
21542
26013
17960
22373
30210
8793
18236
21392
5005
25306
19610
14355
11377
22570
29428
24420
24473
23195
21029
24454
4689
1114
32115
6457
4776
23111
22801
18286
14617
30468
26856
8957
19819
27724
31896
28314
13014
20103
23737
32518
8039
7835
23910
4994
25254
1540
31228
4745
32629
6439
24095
32446
7483
5091
32766
14372
5186
17514
12248
23949
6494
6223
16576
25173
19664
32736
11933
11343
12393
7093
25972
19968
18675
26761
3562
12555
28364
23881
772
17645
4564
12139
21810
1514
29833
12673
32396
28743
8817
14
11355
13242
9657
28824
16859
15135
16411
30462
30783
23660
11013
29964
16374
17639
8951
10317
18221
30103
16940
10784
18837
25592
28286
13838
3430
4851
24196
10843
12708
14348
31229
30427
12705
16606
6513
28167
16835
19652
26901
11344
27015
28378
29424
2484
32454
19492
5180
18830
26167
27148
25103
31922
15670
16658
16698
18873
20675
26559
13681
3994
1486
27098
11181
5755
5810
8159
17359
17094
18943
6829
23942
32382
1660
30591
27762
19668
26732
12317
22410
15349
15377
15188
26555
10535
367
4515
2513
2836
23890
27191
26523
13925
7058
17434
7242
20627
9878
4007
2075
25850
6167
3137
1846
20528
18214
11844
4053
30100
30577
8508
31656
29482
3522
14933
121
18342
28104
28435
7180
7878
25882
9283
30537
14309
18297
26930
1180
6862
8277
29468
23965
3790
7571
27879
9196
2061
6030
28433
26975
32541
23132
13288
25440
26324
5202
23545
28048
13399
3530
22218
8113
11640
3619
17356
31426
28994
4618
24459
29035
28369
14072
20776
20380
15976
32764
27657
17778
4285
22459
14799
6490
10391
29621
24712
17784
4763
31946
14630
1098
3939
8444
10801
4232
25553
29302
6840
7247
931
14286
4493
17279
19015
4487
21682
32098
13808
6362
7438
20878
22761
23477
12900
21516
29994
23045
902
11449
30249
26673
3782
11757
15602
6886
11950
15963
29306
8218
7921
6712
21552
10571
19872
12192
11990
19208
19617
6709
31631
30131
30558
521
21305
27525
8378
25022
11260
22482
23881
30699
5411
27535
15808
26562
25899
8977
3498
19696
3610
6423
27229
18117
3091
2827
17965
16021
8742
29317
11231
27998
22892
22545
22113
25770
30292
17202
28856
7863
22584
27559
4665
22998
30516
4076
19196
17169
29751
5380
21646
13328
28506
21366
15078
2110
6257
13718
4506
19751
11744
2821
2387
21028
23985
13691
31103
23355
15587
4804
12869
31553
18692
18441
10942
22849
10242
21073
24418
25890
6718
71
29888
16259
21218
14654
29299
22762
10869
13682
10833
3102
24492
2961
8165
14289
23171
14202
1056
7042
9613
32324
6475
31650
4488
21378
4928
20726
14133
9157
18394
1852
19303
10339
17322
3857
31065
10359
5867
18194
14148
19241
28344
66
18737
24368
20093
8620
26124
15253
32172
12105
13051
7609
32177
14371
2286
10393
7207
28603
14454
26961
30028
30376
16346
1247
31410
5762
10088
29482
21048
29950
30729
27459
8505
602
24
25834
6147
9980
23156
21332
20875
29782
27604
32043
23391
23820
19035
5591
31195
14425
17261
31740
31904
5295
29632
16707
14146
7581
9654
24414
29249
6390
27114
15942
26683
16176
7688
28615
9055
29450
21987
17471
20261
7281
23233
7331
21052
10917
13561
7618
17604
408
29633
10446
5822
22167
10049
15640
31425
16427
16620
10011
26862
32066
19983
8380
20006
14218
16554
18128
15226
17694
14976
2015
10722
11620
3690
28711
9778
30005
27632
30436
31051
30271
26906
12495
8334
17832
24196
3045
10903
28148
18865
30825
19495
41
10657
9004
16737
16433
2470
9484
20282
28799
11891
19387
31019
246
6518
24514
16168
9478
22120
3013
30678
5400
18210
18696
6905
32556
25010
30002
4139
27328
5294
30033
21972
5108
17864
2591
5206
493
7843
14724
29064
23671
7141
29019
14438
17646
4750
18297
10503
13918
8072
31467
1231
12521
13694
6784
10981
13417
15602
29832
22759
20055
31370
13274
25565
16108
12203
19996
32108
31109
10569
10046
22861
1100
12542
3656
18173
31509
5209
30550
5045
14726
13944
5856
18588
28795
24537
16959
6460
10920
16493
14701
5682
1153
22510
15885
30762
6998
14451
7083
5899
30659
22338
1348
24943
30535
24549
27657
26710
31027
15744
13152
21275
21190
20065
26156
20391
20118
30169
20814
21220
15153
74
10092
15732
19717
3458
4592
14500
22397
30023
21332
24475
8557
23091
24222
2264
22704
24259
2086
17371
26896
12458
13215
24353
14949
24171
9045
2646
6657
11046
19636
26823
21324
21682
22026
10262
15276
32749
8590
28465
13736
16208
2464
14724
28492
26567
12882
29294
24527
10175
5160
25842
18547
5248
9244
21424
15533
8637
15589
19731
30086
14185
11641
4043
29761
22989
4305
4990
14398
6104
21228
2490
3102
13238
1814
27439
11816
14756
29546
25883
22507
30978
30102
15109
26917
5033
9438
28846
14820
6016
21860
20549
22507
22090
24742
8410
13143
28610
22344
8469
32387
16874
20
6696
17704
13216
18495
7938
32457
3442
2285
19397
8270
21683
17912
6523
28911
23758
18925
6661
9811
731
17240
12371
3065
18288
18242
6363
14808
15034
23799
22083
7746
28364
30477
22113
24334
25654
32161
25446
22006
9434
19940
13654
11326
251
21207
14268
22935
8855
6994
22427
2626
27383
4427
28071
12408
20100
13909
6325
17674
8924
2407
7281
31557
4901
31199
6223
27672
11938
3014
10948
31865
17795
4438
21685
772
2050
7609
12592
28901
7083
5396
21850
505
6907
32196
27816
14384
13101
30440
25938
9782
21585
30751
16645
19794
10142
16019
24025
4750
16393
2870
19330
3864
14615
5707
202
16360
14319
23593
1343
22691
691
10043
25384
15807
8720
31564
30142
27113
16660
17921
26521
17059
16192
30887
30057
8242
10463
28463
18662
3255
2454
18551
10
32412
19771
5068
13437
4657
8938
30636
5969
1687
5718
13776
29935
478
21342
12394
13649
24682
18401
21675
11378
5019
6098
3720
20227
21421
6031
10686
8032
10460
16494
17427
26306
4044
21401
13535
3766
15657
7965
3532
11982
17546
6461
6362
8854
9884
17932
30630
15305
2684
6971
18411
25797
9828
22063
29001
18237
7050
30806
69
19246
18757
23996
12946
532
23410
8665
6287
21085
6166
18094
28688
30494
12357
21008
7265
10245
6210
21827
24456
32143
10983
4810
14539
25978
7239
13950
3186
15230
32659
21470
30926
23096
25658
7846
31866
14439
20052
4515
20961
26202
3649
30661
9216
32681
15245
2934
110
25892
22295
8234
10905
21257
22643
2615
13394
10106
10892
14568
32652
27949
23438
14028
3424
32358
1027
1108
15957
21538
10556
157
26591
21909
7922
21643
25381
15319
11309
5143
30983
24027
30565
2538
20320
30880
32231
24874
15240
18347
6779
8596
7710
436
24388
12747
11268
3488
18151
21487
18602
943
240
20594
21904
20215
23921
17191
6918
785
7147
16028
11831
14866
8562
14762
30821
3772
23053
31562
17270
1782
18780
30890
28592
634
3709
22913
14017
462
24367
5791
8194
22901
15928
26312
2556
9574
28933
28098
27948
4285
30865
25005
15363
17841
4488
6803
1073
6598
32683
16448
13603
19011
10358
2644
12234
23783
16640
18070
927
30936
4900
6539
31972
19420
7646
11592
26668
20427
5367
17028
12061
1093
997
22513
12917
28832
6125
23501
1355
548
21898
7091
28056
6779
15634
26296
19957
25187
8855
5555
23718
13478
15627
28124
19416
13644
12456
4505
18215
26895
6287
29588
27235
24847
21424
17
5524
20167
6377
28799
16955
5184
5746
32076
15835
9348
8312
25086
28088
18518
13064
26496
32735
6944
19247
26809
11622
21549
23392
1379
29173
12312
24341
30491
23686
3717
20921
15540
23912
6158
3270
4049
13706
129
20779
22707
27382
14664
32752
5199
26268
10280
17948
24740
8017
13871
16343
9035
30231
19175
22220
32336
10143
2000
24529
1856
30476
22541
15306
29827
30202
10334
32714
13548
3519
23374
26748
9615
11760
19886
7362
22995
17448
32577
923
10696
24836
13241
12618
31418
11890
8162
12213
30214
6956
30494
9739
8748
24447
27921
9129
4646
16209
32669
4671
7928
11618
7441
4910
24457
13266
31389
19509
21169
17892
12042
26445
28563
24321
26023
18897
4141
4864
15751
18146
27181
29604
10473
20746
2566
28518
24824
28447
1092
3445
16821
30827
20764
11004
8753
23561
1608
7587
31999
30610
25362
24408
31977
16634
25262
10063
16866
18356
18636
5191
29244
20765
23662
19472
27675
5143
17655
13386
11050
22516
15749
10351
13964
31383
4737
20756
11030
8661
7541
107
13755
7201
13085
14349
4679
13417
14272
15350
25169
32059
19904
22225
28778
22316
21105
13175
13211
13946
7463
28594
9999
27632
13459
19526
18956
29962
28239
7730
23592
5978
11447
25907
10681
19242
12027
11146
31885
14691
10098
4863
1243
20654
3121
13094
20090
13784
21981
11489
5713
4987
8381
5926
5135
3291
25619
10498
3100
22542
13229
17630
15823
17248
16311
18690
481
10741
1747
18775
11553
7088
28268
5745
2922
15444
13638
13772
1746
7657
29786
12118
20261
6754
8674
21550
5522
28796
19120
25260
12451
10217
30147
11169
15475
174
26140
7392
2843
29130
11982
21757
31085
31512
19797
9300
31717
20086
15912
8013
30684
5159
16274
9695
15615
20086
14013
1107
13056
8348
27408
4427
3979
31972
3002
27906
10364
32269
13199
17877
13903
28656
24340
17923
6871
19299
2261
3761
51
10588
24575
25649
25599
29018
19754
28547
25287
18176
14711
14620
22465
31491
19419
16615
9403
839
4282
22410
13906
15941
16312
7402
6245
1456
5068
18417
11977
21592
27030
7055
26174
846
6130
11518
29090
25161
14029
24395
26469
12104
18487
14354
21309
12665
30650
29065
4123
31578
25578
28095
32349
6174
9790
28454
27205
10322
3358
14928
13994
12736
15421
1270
8173
9876
10025
22078
11055
26557
6689
15421
5569
18070
17702
31419
22748
18886
32084
5943
5523
14693
10355
26155
32005
13920
1738
32146
2263
24862
20275
12454
6114
21347
20853
30958
17192
29045
4813
28792
32525
22142
6350
16740
23748
24626
22124
11938
7
7601
28499
6651
7435
9647
17789
11094
4787
6098
1283
32052
29956
19803
8755
29310
7129
32009
32228
6528
2519
22074
9222
16437
16292
22356
22653
7621
20308
25443
26160
13644
17444
23300
25692
21981
12907
15489
26159
23495
973
3901
18578
5910
21426
7763
4678
31581
28662
18042
6706
31923
20963
23340
26619
15868
9052
26375
726
29802
9306
19315
8858
9283
1181
901
30490
6884
1435
3619
31153
18950
30909
17257
32030
26688
28106
6476
28562
31437
9635
7037
776
11408
7474
6800
12245
5717
17565
22110
17792
23642
14015
10152
32211
17678
1240
27901
17970
11544
27267
16093
13100
31899
32233
12062
21072
440
12341
6031
20034
21589
12872
15324
6414
10013
4525
17073
4283
10696
8655
18978
21028
24733
1385
6987
11779
5429
27711
16691
29775
17537
22796
1783
2504
11791
955
8484
31696
26760
11225
1636
1660
8062
28491
15197
16619
24164
31036
5590
25558
3294
7514
15131
24169
60
13122
23971
11601
17984
17976
32241
10263
3368
27932
12984
14508
19688
24217
15426
12613
5560
5536
26386
13416
10190
6677
457
25415
14445
16840
27206
17998
2078
32166
30225
9208
11838
1841
14842
14822
15800
557
29949
3122
10004
26268
8809
16129
31665
18157
30530
11863
30286
18033
20195
14384
27855
21518
19175
27852
3902
32055
10826
6474
6161
27931
7116
24696
20907
27677
3990
21994
5413
29573
19488
20297
9805
10613
19026
24558
4335
22814
7402
12975
27476
15155
26397
13817
8713
8862
9857
20000
12513
24947
21546
498
27965
31266
8467
21906
17803
28912
20928
18308
6669
20904
32034
9220
4828
15757
12987
8860
5932
5524
19459
501
18897
5328
27913
5614
12035
28462
30813
31723
24414
18530
31278
26991
27692
5921
20144
18670
22759
18577
1984
6364
19962
14334
21963
16650
26824
20174
30700
21042
19695
24759
30548
25553
23246
6191
12783
1076
12101
1828
30789
28374
20667
12270
17054
31977
11622
6786
16745
1075
20166
18920
19678
6171
26227
9711
30691
24836
6169
11551
18988
32217
9409
751
26023
9193
23378
11832
6935
28918
29271
7146
12798
9096
12034
14846
26561
11655
32113
16043
27143
21769
24113
28637
20578
22377
19713
32483
22833
17049
1240
19559
28101
30905
17705
10404
12738
4584
31845
25555
8648
4186
31682
17126
1363
6826
6203
11385
14304
12402
23767
8710
3410
3354
12847
22872
21907
11501
7978
2626
17278
10354
1804
17552
15101
23033
2223
25150
19054
372
25359
27112
21324
23176
781
30082
9739
22756
7788
29001
5443
32466
32
18169
17425
523
27080
18753
13243
13008
11897
29556
21650
22838
27325
20865
7709
31938
32219
9253
29299
18997
10329
5471
20713
2985
29632
4389
7149
26333
18335
5717
30258
21966
20434
5102
31502
3463
6148
9856
22048
18233
115
18913
32309
8078
28659
21282
5996
59
26422
18113
16537
18389
22858
24352
20456
9189
28003
22326
17091
20798
3547
19845
25845
13966
26743
21324
29455
3380
17388
31741
15370
3153
20130
241
1583
18978
19127
19803
15156
18317
15175
1659
8104
23033
30443
25620
6545
26467
17279
27935
19027
10414
24361
27841
32723
26171
6806
13179
16605
25274
26759
30881
30915
26688
1677
28685
1607
11161
8976
26644
12731
31199
9366
953
20071
25675
30274
25889
2859
24140
32155
23623
13926
470
7568
28145
30998
28157
27320
18147
19776
29634
29918
28498
13202
1325
18876
21147
27719
6812
5383
28469
14155
602
428
17124
24479
20083
16474
18224
5632
21703
22336
4630
24259
30046
7960
28413
5892
6907
4452
1004
21759
10740
19447
22265
10174
20800
28088
18437
31221
29138
12451
21158
7210
4133
25872
11365
14872
1049
12856
4906
16214
23293
16373
24564
28468
8173
11721
12749
13286
32350
31522
17662
26852
29431
17628
19071
9360
32419
31752
21425
17689
4068
31212
9807
17568
5738
5450
3234
6298
29924
7398
30197
8310
17686
23362
31561
26495
8747
1964
7242
15875
27981
18554
18561
28085
16500
10901
2250
3408
891
12852
23817
14205
22393
26858
8729
10487
19534
3299
5125
2541
5244
17771
16507
26280
11065
175
32125
7021
8386
24264
14426
14245
241
19957
12509
7227
2066
15400
29892
22854
6643
453
12147
3816
12090
27046
8682
21877
11515
31330
22261
28888
23178
25807
26530
21299
27022
15301
25592
12998
17495
22821
13286
14098
5746
5146
1146
318
17274
11423
5460
5049
16432
4162
31321
23841
462
23591
9644
27236
30617
16463
19930
1061
17078
10266
1108
15201
8254
19467
4131
10578
14741
4300
24791
26259
20215
22386
11712
32134
28755
8961
5473
23539
14429
14131
20770
2033
15839
5237
20805
7178
12111
30003
21787
20122
19623
12373
21368
2168
13169
9482
18276
20184
12577
5060
13587
1136
4008
2180
31512
17882
4166
14935
17365
25914
2208
1056
11062
18720
22034
23193
27807
12976
6982
25493
11554
12032
31750
4744
13814
14273
19278
28232
13092
18210
24486
25621
19076
25329
430
19416
7912
25347
10491
424
5015
30423
31521
14482
25597
11894
16657
27290
25504
2717
18086
2557
31318
22558
22650
22457
12470
23172
21502
847
24780
2550
32202
30664
24337
26718
4657
31222
12185
12746
17433
31740
7055
27666
7689
18961
15071
6587
31108
29824
17970
5147
150
6899
17695
20670
28076
31986
27807
5641
32169
29607
16834
25373
18485
14564
21665
3838
29272
8039
10132
25333
28489
8284
5797
13362
17280
25123
21316
16566
32274
7252
18492
21360
23614
32000
31205
29606
19267
29498
13979
9111
15477
726
11120
29279
32656
1393
12574
25882
5964
31922
25920
31564
15410
22990
25537
21121
429
24146
13460
11568
20836
31261
16805
24805
12487
19115
26896
28575
1256
8090
32658
20599
18573
10342
22332
11139
26755
12152
7791
3322
14901
1631
11012
21401
16509
1885
1483
24133
12985
20517
18999
15601
31266
6627
11863
26818
6489
21117
18184
18289
12867
23320
23658
32242
7703
4063
25232
22099
19381
31999
27260
15590
22586
25846
8010
6306
5585
31758
9131
711
29900
32036
25493
8641
755
31662
11833
11087
29979
5885
11318
20964
28411
29375
1548
8526
32060
6343
20179
3733
30159
10257
1837
16166
12931
29952
19577
19248
22999
32491
2121
32591
10764
24280
13334
24936
31359
4999
1331
31956
26422
20147
5376
14784
23225
10132
22880
17363
27171
22184
365
17426
14200
24243
2666
29185
20025
18181
8440
16395
11830
19195
8845
10020
30884
8904
21283
21933
29551
18805
6957
17816
22226
25639
25039
32204
6436
11937
22350
715
11509
4361
17350
14994
25945
17135
11803
18369
29828
8075
28465
8187
14487
3910
1376
24976
19130
10877
15394
11353
1131
31105
31759
484
28437
30178
22284
28881
20965
12525
9407
3964
20953
17267
17222
2525
22554
27340
20520
18092
12939
30492
28043
26568
8866
28373
26536
10713
20087
2941
20093
26420
18458
29618
22465
16896
7978
22123
7453
14743
12451
19328
2713
12079
10488
7533
4437
7610
27746
24659
29305
2315
22903
31295
13934
26681
6654
175
9295
3912
30210
3922
19866
23558
23845
31760
556
10804
6711
3146
16492
21222
25863
3939
30150
15149
18041
639
9051
13810
729
8586
15094
15653
32367
2429
18498
17944
20564
20444
14907
13605
30596
13187
24803
13463
26163
19107
29494
29384
22373
21000
12639
2950
8889
413
30508
8379
645
2609
21184
26189
40
8315
29576
9540
31388
14684
1392
31275
31563
23397
19542
21176
19748
10649
5054
28335
2541
2932
18120
26627
4571
5676
17504
1598
8544
6966
17333
24868
31044
12
23788
5779
19703
17198
2581
6062
27430
21094
13406
20795
21644
5713
8582
13128
13579
22299
21909
23573
29435
24202
15563
27182
18626
31550
12758
14808
7332
18743
13384
4526
2781
25495
25415
652
21997
25513
4230
32428
12596
20771
32629
27663
6590
26536
9397
13855
12640
21905
31183
8850
20484
22509
14629
28049
16193
22470
5673
28954
21551
27815
17868
23459
23417
26714
27450
14848
2995
20470
15556
22662
29166
26138
29981
16241
3210
10867
25802
20099
2124
29316
14292
15342
21424
32678
17344
31348
31873
13901
29120
19149
2982
23182
6443
31817
21311
30174
24107
8374
25329
18973
26806
14212
5757
30163
1983
5159
29336
11705
5293
957
17399
12155
11020
30193
13481
20924
2178
11551
19369
21850
10501
14777
2740
23540
29516
17641
7768
10154
2435
28279
21582
2084
4675
16878
19465
6358
3521
1786
5519
13442
2886
28949
12936
16894
21215
29282
11668
15927
22357
13785
15330
10102
1119
1189
7423
11746
15639
6858
11499
19783
7851
12043
23666
13333
23381
12811
953
7084
16781
2226
17176
30166
17277
17874
26151
5013
4789
9995
32028
10528
9248
22764
8276
21288
12342
18010
4655
351
884
30518
13089
27195
13065
16954
31750
27639
2515
22052
29366
32476
16777
24087
19674
7358
23610
17726
13566
16841
12790
23986
26087
27262
1739
28318
4134
13048
15603
28065
15853
31604
30539
26483
10530
13840
16391
23500
14258
16851
1956
4225
4648
30446
4127
8176
2174
18497
6245
18079
14642
7713
23562
13344
11933
20057
15165
25400
26241
21870
7932
15680
30689
13608
28036
3274
19221
7245
8972
904
6173
15280
25266
22378
7990
27754
5046
15111
20395
2920
24294
13630
20718
11814
8281
7197
8679
5305
8544
14081
17036
32019
11962
19455
7090
15235
24327
7299
6434
15483
7551
5431
10736
21398
19684
13607
6920
31705
5813
28706
10
27962
15013
4195
7768
11102
29260
23409
3693
29095
15643
32323
1904
8302
10389
1192
2312
3981
26812
24550
22387
27169
21706
16545
32210
30606
7202
18431
19143
30147
18310
21514
31554
26815
23178
27478
1944
851
10569
3043
18134
3370
13910
24900
23636
27144
11510
9729
9101
9807
19340
13371
3629
11463
21076
2446
10348
2462
19028
16956
14235
24238
14480
20359
9980
27903
4478
27998
14039
22413
185
6972
8650
843
22777
7246
11361
14439
16451
17108
21223
26832
27741
2761
2427
16374
901
18374
16998
24529
30050
27172
11947
28452
24635
8033
27872
23811
22119
20932
6717
32147
6149
19268
31219
25617
5357
32679
9918
7701
19174
16871
702
13336
21529
26841
22915
4916
14789
10000
26727
17452
24373
6656
16672
5036
6383
21599
14997
4050
17455
26577
25585
32492
29331
12739
11766
13188
32280
28567
16021
24986
6469
24066
8891
22832
12198
26547
21101
18956
10876
10038
15127
29881
28083
16407
17441
27855
8468
21322
452
20596
6588
4810
2588
6435
30669
14465
8318
27052
19555
25704
11019
32124
23498
9711
9861
7455
20462
13471
3170
15363
28434
7166
24351
9087
10949
24243
20695
20243
6930
21738
14356
24050
14840
18938
18149
15805
29466
7493
14385
29330
23478
27232
26442
8261
9947
31861
1477
14573
10711
4325
25482
29859
1263
11569
32039
30342
17492
3098
17514
17155
3410
26119
22318
27475
11209
6312
6261
4676
5089
29145
24503
11837
11258
8649
12922
11388
29410
6235
15395
22947
22091
20940
30732
13171
19836
22167
16854
2007
3142
29333
16385
1316
25146
26473
23737
8095
6681
7707
16627
28736
28044
7171
1465
28853
24853
16105
4034
14506
7238
1130
18758
8264
4657
24733
11792
27643
3615
26615
24021
25977
30853
20588
10436
1536
26675
3543
19038
5598
21455
3484
18056
25911
30594
21900
7391
515
17137
2569
17995
3926
25455
8042
12503
8676
15984
15009
11712
17860
28737
1306
1483
4468
8951
30695
10204
27166
20902
25115
9669
23833
19411
11891
29532
12979
3371
11324
7120
7726
15733
24432
24893
12040
27845
7203
31357
26496
24562
28957
25410
7253
331
9673
29281
465
18822
20302
10865
2566
13561
16635
30869
30808
6413
23528
21910
20027
28143
474
32053
30014
24712
12136
12223
19017
16560
348
12769
28194
8094
10588
32446
32566
12963
5578
24639
8343
19993
20712
25002
29249
3222
23360
20599
24225
30309
1347
16223
24920
15670
3120
16309
11068
24596
32311
17657
18335
19352
10719
26283
9941
19036
7333
29789
12784
22963
29925
4108
19406
13975
2814
17072
25430
14051
13746
16146
31486
17091
11723
18142
18832
616
21764
26105
22575
5120
25638
30740
16789
24037
17522
11394
30366
20756
6207
31814
11274
12258
14052
18033
21886
11498
8152
1707
20941
30282
10520
23055
11382
271
27849
17980
6254
10477
14879
30376
2079
30772
3453
25656
1712
11263
21470
6926
13959
18606
32115
4771
6412
21143
9101
19477
944
32505
17854
10946
26159
28977
25147
15125
17937
22577
28037
23456
4983
45
27977
31851
15124
11415
14980
26764
6522
20046
12010
19960
13207
27155
16777
30617
22655
17212
22186
28065
4204
7852
18168
28701
32002
12802
25060
32717
3800
4881
28487
26931
13365
15249
29769
1514
25879
29971
16259
10297
12410
16699
96
25832
11990
4649
28105
12114
32234
26424
16385
31676
10680
8683
461
23525
9937
10020
31961
18910
16850
8343
17751
5404
10287
29311
10473
9676
28207
14735
1217
2662
13880
25900
18182
901
23885
16857
8058
502
20693
2035
9051
19215
29086
17054
26759
14146
10273
8959
23523
16114
3592
5036
22268
18820
20717
8288
14575
29370
12901
1524
1671
14908
18749
32394
21926
20856
26627
7692
2022
31660
19656
21205
6271
13377
32293
24237
364
3931
31100
23547
31689
2222
5760
9014
8064
13459
17400
9373
9764
1883
448
2600
21789
9955
15376
13758
21254
31336
27648
28584
27731
27805
8524
22854
2871
5115
22869
30720
26309
13657
18281
27776
11605
21692
29252
10782
11817
18544
19159
17052
18000
600
8264
6676
5323
898
5433
5934
14831
11774
31309
9110
9738
26865
12776
4270
15177
19173
311
13440
18137
15971
29297
21238
5453
21700
11356
10061
9792
15172
25362
8647
17211
1624
17925
11680
32217
18242
3905
4932
22824
8162
6129
19135
8787
18639
5669
21109
15486
15782
26578
24083
25586
930
3866
29125
11386
15981
17358
15786
16140
1846
15922
19845
6828
14852
7936
24757
23694
11594
6319
32359
21371
1979
15860
6666
25205
10335
6538
23555
30366
21735
29487
25250
5206
8766
26095
3925
16292
19296
11172
13340
17367
27247
16830
13629
7789
18436
19264
29497
4403
13507
21515
4350
8110
8498
22879
27230
31674
26571
15263
20160
9585
32079
32084
21526
16974
31582
29557
22031
28562
14661
19174
30093
5095
26391
1854
11353
29764
24319
24269
18710
4112
8404
6110
26483
2186
11246
19257
14501
5992
11064
12268
12309
22718
10119
21579
26709
27682
13354
26678
21593
12558
18883
31898
4324
8838
17237
23610
27200
5626
12701
25008
27186
24941
30886
28334
557
11479
27544
26762
9670
29384
23248
24058
26984
29775
18486
14876
31049
9242
13771
10425
31900
19678
17026
4042
14601
30458
2385
16955
2650
20823
30343
20464
631
8594
1888
5894
17812
32605
10199
31323
30377
24354
8891
24912
18466
12266
22533
25805
1240
4222
11625
19846
9537
24523
27947
18301
17635
11403
1844
28360
3087
18466
26725
6549
25035
198
23595
875
31248
18147
11348
15795
5174
16830
29473
2422
32172
5976
21404
32360
11500
27541
3115
8998
2222
23197
5990
23228
12124
29315
20262
19306
21191
28709
17886
8872
31768
17235
18991
23143
19465
7731
18614
25498
2901
5091
41
23029
8044
2657
15266
9460
14188
936
1850
10784
17741
540
4826
29838
5979
3112
14158
30120
9706
4902
20891
17199
26949
16767
26771
30337
19431
29715
20646
4376
3310
25307
16891
2644
9932
15564
5312
27258
3648
15103
6078
5884
23941
28432
13616
13307
16329
20676
22997
16138
12512
20206
21060
18229
25914
26515
4736
26178
28178
2892
7116
24374
28137
20460
29888
1563
28979
13923
26525
21761
16208
2018
31454
21059
14269
3648
22543
11275
3980
11165
5346
11544
785
5445
4736
28351
20447
13782
26397
27696
2803
31398
1487
23291
10030
4191
6304
27859
16393
21228
16610
24209
31876
29849
12738
30844
7775
8309
22816
25543
4493
7163
2718
31067
4070
11250
24823
28119
11548
16530
18835
32469
24304
11496
28248
1392
21925
28028
29122
4611
14517
16944
12598
30002
7108
8043
403
23087
16338
14967
6667
22070
29876
13608
8497
4442
11973
11455
4178
27780
9433
12301
24841
18617
2674
24796
14606
21403
14903
17546
2127
32051
25761
2039
19778
31469
5880
15010
29561
31716
11902
17678
119
29280
3050
7787
706
5789
6935
1394
30521
1743
766
16529
6312
10338
4578
10568
19866
11910
14794
1747
10350
27115
12596
31753
11693
17865
3080
3204
21659
5668
24779
32002
30220
6990
19989
4875
7545
24237
29765
30676
28755
19646
14195
16996
8087
12378
23974
27893
6051
29497
23879
14749
25160
18356
28630
18989
28448
8143
15580
28506
13858
5494
12577
29466
26739
10247
22046
25169
9087
29457
15797
6573
23113
16988
22048
6606
26879
10025
14888
26283
1746
29370
20887
30257
2565
14869
21999
29229
12867
18182
3932
20843
27957
6755
24040
3103
18772
25491
25326
28549
2812
4433
24273
21701
6082
24494
5869
16153
11272
1877
22478
9521
3791
29203
26528
27095
14284
6295
31975
18383
7101
28022
3441
13569
4861
31090
2440
218
3670
3323
22380
12783
3607
10998
8960
26339
3943
4286
21955
16011
25561
32616
19202
2897
10049
10828
5196
21974
18373
28352
25127
29404
21559
14631
25857
12386
1186
15147
14953
24080
12578
22342
14975
13526
11001
25991
14761
25041
11232
13715
4744
14446
20379
29162
3115
20433
19408
18539
28802
3960
23065
31771
26389
28443
2136
17442
26613
28119
25419
7190
23283
1164
12128
27004
14097
6020
9162
6796
13878
11093
23508
8757
28966
24840
29301
30049
30640
32122
31781
28026
14634
3
21232
13357
20762
3158
26825
7278
3126
11176
5152
3260
14735
10517
2743
24230
7177
3391
32433
22414
4110
32056
4588
7853
14723
162
5008
21591
19963
29460
15336
11904
20267
9408
23153
16000
18847
28243
10801
17427
27563
15389
16458
12708
2211
21618
18639
17867
23630
23888
1494
24084
8857
25921
17615
26370
22409
29571
15892
3411
13171
25447
4801
5254
14191
3831
23749
30363
24074
3291
1337
12570
17467
1406
21745
25430
24217
25452
29521
8691
3786
25343
18274
9126
11583
17722
28453
11068
23326
10741
16680
21214
12416
21818
3158
7315
6877
25584
2579
27654
32708
13238
13961
19850
30672
530
828
11867
13783
1739
6117
27174
28260
3475
5501
20940
21352
21225
3992
3940
30764
10302
12276
2943
12682
9047
14418
14255
18013
23794
22148
25162
1078
684
32456
30571
3153
16418
16468
21306
27847
17239
18482
2413
23044
24662
1614
17935
7292
6168
10446
11136
1690
1703
24993
20926
1785
31876
10843
19170
10967
18246
31296
20718
9415
28037
8862
197
11173
25078
17761
18043
17871
29143
6625
24271
21650
29326
29694
4598
29667
29325
16751
2971
592
29048
29015
29731
25910
25482
31257
12085
23859
1077
29038
25466
32478
15368
27317
12193
9142
7638
3978
12455
26457
16149
9881
15701
1271
28548
31924
31498
10501
5137
25636
12218
2870
10489
15933
30007
25767
12081
17206
12719
5721
2309
31799
31094
5093
2559
9138
15878
26219
15882
24567
28229
23500
11223
3075
27654
13849
5760
665
31441
28491
619
8085
3047
25908
370
27516
2945
437
2624
9559
4953
13106
24318
7874
9835
18755
18224
7744
23037
2476
8409
15313
4061
4496
3302
27591
9706
22241
15049
11221
16085
24091
5989
1641
2089
30770
25386
24635
8585
7368
29569
17446
2361
13476
9066
8504
12769
26720
14179
12037
9613
18273
14477
27712
23031
23309
2826
27532
6665
31287
17321
25231
10398
28894
197
12104
137
20504
19050
18339
21976
31305
15802
18251
15450
16280
1935
4032
5982
7844
29282
11945
14014
32114
2924
32363
17692
28331
8970
13562
27500
22276
11366
21744
19890
1789
16468
13532
17677
7374
18298
4316
31477
17054
4020
23150
18881
7415
20663
14979
1644
32119
25588
31189
6040
11720
13247
17275
32211
26322
9648
30138
12570
18478
1097
29983
30619
25566
11226
13770
6591
12860
32418
28429
5992
561
25655
11574
17016
14759
22568
13736
25234
31297
19424
28977
17956
32329
24525
20631
25765
16874
14274
24436
30235
19615
28314
31044
9185
12011
27935
21693
13991
2123
10282
22879
26042
10601
2571
29515
11142
9874
2858
22872
17241
28266
15855
31076
13417
14558
20960
32488
3609
25179
21001
10191
14712
1853
8865
23433
1034
29579
490
14427
18380
15073
4185
2809
21618
3245
9207
25686
32243
6302
27399
16827
29767
5978
8681
31511
18543
19312
24638
27542
17079
3725
16717
2164
28216
16114
27558
23060
32160
8485
15364
2892
27958
2535
6008
771
1560
25703
10436
15359
9927
26805
3333
20216
29926
5753
13206
25329
23615
18405
30000
30664
32519
28904
9814
16139
31587
24229
10480
30477
10795
2851
16694
31801
15085
22854
12751
1191
20789
19710
25402
14829
1803
5054
6766
9528
30910
28976
701
8603
15840
25639
3838
18598
29586
6101
30187
3387
15362
30014
19912
30877
22321
26860
2886
15818
14586
12516
26534
5899
16464
18138
29217
8649
29639
15009
20616
11426
26453
4325
29480
11196
12122
31260
16368
18265
1247
30138
30934
14508
32539
13732
24950
26860
1596
21992
26620
1702
25444
15531
21829
1367
4593
13923
18497
15162
13825
8774
156
4447
23605
17153
15517
31229
26294
1966
11854
8457
19318
24832
19421
2823
1977
30401
32578
5665
27859
20863
31010
4470
10803
19586
10995
24244
14496
25601
11362
20969
2755
13205
4081
17302
9958
14573
27365
2310
3579
11972
5215
18141
5088
5136
24521
20980
3297
13180
22131
4708
29823
16153
13438
7393
29039
21584
11514
30282
23270
31772
14667
13693
8980
31606
30673
30576
19182
2064
24008
22910
17201
13637
16492
28158
24228
11600
31073
24346
14749
2749
10835
13279
15046
26142
25562
27536
4385
27647
13216
25408
21322
3868
24005
14751
9213
10961
17794
9493
32727
10705
18701
28685
6241
1307
5309
3988
24650
12074
12655
2082
11508
16236
21032
5303
4403
29174
9468
17450
21841
20342
11054
190
12373
4457
23704
13815
9860
5774
6733
2220
12585
31642
13438
21852
5010
11309
1946
26822
347
5
29881
9907
31215
14450
14651
4887
32075
29193
27052
29016
32261
24221
5099
28142
13453
23403
19596
1580
14260
14229
11130
8797
32362
16082
31713
5651
11980
23651
9035
31420
24158
27209
1033
6262
10132
181
24276
20773
14488
22976
30644
16834
16199
7516
545
3574
22140
10634
6248
2535
22674
10958
16977
13906
15140
6368
20223
17114
22551
27557
1559
2719
18395
7261
29733
16147
12525
18206
22075
13577
12449
129
26843
2063
16670
13211
7702
2046
16554
7215
32502
9423
32296
12577
15386
19632
28382
4910
12704
28759
29052
21467
25160
8599
16986
10411
11733
49
1282
24213
18103
26860
1774
8629
10984
6888
8083
27970
9236
18223
20894
14272
4860
16013
4477
12151
2588
12706
21793
6947
31627
14133
20738
13037
32292
3275
1636
1434
28131
17784
1753
15875
27537
23286
4360
23749
32676
21748
27308
14905
25697
31408
7136
25767
15171
17096
28569
11958
12704
30030
23924
551
22666
13338
16562
19139
13300
23908
128
3474
17685
31890
3452
78
5138
15694
22646
13591
31959
5340
9843
11880
17221
5546
26104
28490
12947
8489
27013
23496
19438
27612
11103
32162
18531
1967
32402
326
29183
26761
20791
32507
6197
5924
25587
25696
9087
1565
6848
4629
3144
15687
19184
440
14602
20293
10863
2067
1972
19800
17480
1939
1614
11637
5738
9980
7903
22171
15533
24668
14991
18275
19728
31806
8201
2777
18756
19743
4387
28554
18799
16166
27585
13534
17450
4111
20982
8872
6091
17257
7533
16124
14570
9985
8712
5697
10782
31646
966
18822
8456
5614
9194
22298
31891
3009
26970
20822
28793
16757
26693
30654
2570
27569
11528
26185
29225
22871
11859
20220
4247
6579
10887
29117
29812
21241
29795
18023
9730
23790
29408
3354
17837
29669
22617
14549
7240
6125
21743
26694
154
27721
18476
24800
13849
11040
13799
16431
10485
374
615
22376
11096
26459
14795
25925
6125
18530
26280
8719
32159
4181
15349
20988
14499
28711
5668
20924
7352
28458
6034
20815
5293
7298
25633
12569
23332
29914
16419
13624
12439
20566
5755
789
12952
27848
10750
7481
14429
26662
30240
20835
22651
16188
716
19671
31730
9374
12179
19192
8810
17377
14857
4633
15292
17674
876
12945
15028
9287
22919
15373
17686
12765
18134
23851
9438
20066
11755
8516
24268
14124
13328
16520
4640
30473
16174
13905
1443
20272
2798
4529
1510
11384
6429
13389
30926
31944
341
29551
19024
30927
25562
20310
5754
13813
962
13521
13491
5265
19545
32012
2115
24156
17859
8105
14870
10534
15587
19218
16316
20935
8828
22286
21429
9049
26006
17811
17132
32420
19748
17884
13185
5594
5347
28090
18635
4229
20869
7471
18590
11197
24591
16441
9673
10910
25728
25324
5091
11001
7091
19395
2120
12874
1158
4152
19550
1770
9276
22418
1309
10630
27168
16383
21454
720
30315
6626
29714
6516
18536
28014
31527
25678
6102
32372
7271
3290
23950
17017
5905
13804
20326
32012
12620
6817
21332
30295
25705
6549
11735
32755
7785
86
28562
15361
15551
11033
26170
23158
9303
19628
5299
16566
6870
29356
30326
20325
17700
6648
4662
14969
28456
26469
8131
10132
210
22708
17710
1682
17503
449
12078
22621
25048
10748
2242
22537
13276
24093
5656
14877
22944
18964
30382
30254
10804
28479
21175
20147
27912
2784
30656
2836
31662
16590
10387
6148
12513
24171
9308
529
18631
18901
10506
32377
5747
29025
29944
30272
12974
20293
3021
18303
2039
21908
17057
12543
24520
22128
22369
7174
21787
15483
6004
14449
20525
10126
22942
7939
28546
16814
20261
28157
553
24635
28723
5103
30529
17771
1916
15565
26300
5623
8480
5445
5987
22292
24787
22608
9754
2213
827
23304
12902
12207
3737
2745
13356
25869
30380
4410
24252
15461
14291
4990
13581
5978
11633
15974
13130
14595
10133
5593
12686
11676
987
14871
25581
23164
19853
5962
7091
19015
10510
13151
11760
2405
3705
3603
9012
9907
6021
18257
5271
11384
25772
32699
23036
9626
23948
10119
28055
786
20621
12172
10413
30109
13764
20636
15771
4020
6423
23829
4890
17343
28578
20659
25793
4742
23642
4776
19660
32232
10224
7663
6939
5071
28665
989
7550
9571
20811
31993
15663
32382
4522
31757
5536
12640
3236
30589
26743
19109
26553
23768
4823
372
20927
25261
26594
14328
20869
11424
5244
24596
26551
30140
28753
6226
2049
13579
24601
5405
11639
28772
11547
10801
3637
12677
30191
2127
12866
20834
7305
821
29115
3516
21875
29645
7725
7412
15450
2725
23362
13346
4556
9887
27296
13154
1600
1002
28430
27758
13911
22320
27352
14194
15457
10513
32117
18971
31523
1489
9320
1265
1496
21837
868
10984
18805
28468
30643
14129
23345
16243
31449
17750
4165
3825
6260
16262
17136
17533
31590
18222
26815
12805
22070
3017
24075
16904
10932
1016
2755
6477
13532
15573
17516
214
31997
13188
4453
11280
21787
27916
12656
12108
17809
16485
3950
14962
11514
1747
106
27636
5970
9842
29657
20482
4185
11025
31008
24573
30008
24899
15959
5677
2407
10164
27725
27062
21198
27322
972
18120
299
32300
8222
22295
25779
18807
17103
11915
14332
31214
3253
12344
16666
12130
2094
16272
3593
22259
26793
4567
20555
10277
25448
13272
7121
30775
1412
6103
3359
22448
11057
16326
6828
11834
31811
22460
5511
18611
4593
21666
7488
3458
10713
27440
2822
19239
2629
29464
6157
21782
31661
2688
17203
25286
31613
3510
14818
25861
3095
14111
18488
17806
17948
31601
5221
17629
3816
30242
10581
27202
6235
31265
5264
14901
3551
6851
7006
9961
4774
16640
19246
28452
30004
8415
26936
24397
15390
9007
1378
10439
28689
6008
13408
17277
18197
16945
13600
3518
5395
6963
1381
7756
9621
20590
10674
31919
25294
24795
11369
13263
28122
25521
6196
29378
3143
20444
29092
12259
3795
22443
29720
548
5495
11465
5601
9381
21669
16494
6051
22661
16335
21462
8958
6392
15656
27891
15470
21913
18094
863
3184
9986
7272
31124
17383
12698
27628
13919
8125
10927
4389
29330
20429
13253
21587
3834
17665
45
18771
1680
10935
30937
13345
20723
3946
21102
5787
18710
142
18843
19336
27702
7611
31146
21208
1296
26382
340
13101
5968
19149
27098
5275
8012
13897
1105
30892
31218
11785
12605
13224
2303
12580
18018
2835
26483
27631
1751
7542
16961
32216
24924
30563
10570
22162
26861
31155
27788
28275
15256
29970
22935
24090
19339
7870
27969
6484
15985
17035
19867
20801
22271
22059
8228
16818
7369
20908
4156
28118
13915
28994
6619
4118
10629
17479
27778
16701
30198
11648
31346
6876
15884
14498
2077
22765
29163
26900
20442
16054
12493
26103
3548
17136
21657
10084
2149
18217
23478
2292
26679
24167
9505
25990
30028
26382
12989
8252
3014
31747
26091
16071
23849
274
27227
30949
20936
20109
17186
24871
7805
16438
11788
2808
25245
11103
20787
20955
25131
80
26320
9716
12364
6889
23378
458
24059
1673
4525
27979
254
14638
16885
12817
10009
2525
9771
9443
2433
26180
26967
10367
5267
2974
3286
19862
6086
18135
14326
13337
12767
32752
9664
4531
19812
5286
9493
407
16722
17998
24317
379
27154
16132
22331
16356
20138
29188
23333
8101
9777
23384
21170
5282
20869
25268
10197
15834
7488
26014
14345
24741
24551
11473
1069
10553
18533
20708
4755
21619
28856
21031
14164
9941
2283
26574
14054
21707
11844
19025
30448
16434
17086
32018
12636
12058
22713
23361
23982
24523
1777
27644
17557
7687
14509
16827
29120
15759
20025
26860
30707
7657
8597
10714
15194
7007
17263
8659
13853
4427
1103
30602
27444
20882
7698
11962
31613
13679
4505
24332
4364
11122
3266
21051
5314
26312
27799
19830
25121
5052
12230
2566
27998
13694
27986
8496
4024
4387
9095
28509
28169
18926
29491
12920
11675
4814
6931
26520
27452
6439
18316
11231
10389
3285
2715
9378
9143
26991
4111
13001
19703
25800
25078
30073
20220
9916
20821
24561
23830
11817
22300
26290
15313
1851
344
2019
14283
14061
16555
13043
32450
32716
10745
21376
3825
25598
101
888
12445
2180
7036
10366
11755
23996
32175
143
15604
12586
12039
25061
20507
3191
12308
12827
16543
1466
6439
22675
1900
25847
14785
12309
30775
17125
19530
15288
13001
1269
4614
8966
16027
23183
27462
14683
1188
8095
16347
5262
7023
18512
19408
30419
6512
14871
9305
4064
24984
13812
2310
22863
7719
14325
21820
4676
24002
28667
9702
7759
1733
14272
1896
19348
5338
10777
16340
17449
21707
16249
2401
11967
4756
5047
20761
17029
28093
14609
19921
21065
18406
15472
862
4832
420
16110
1542
8393
31115
18581
4661
2317
396
14441
19569
22889
16002
30121
15760
31663
9735
18003
24361
24682
3724
28390
19528
15553
1449
32619
27238
24478
24753
29110
7832
25103
15242
31978
25350
14060
22971
16955
20639
23994
7623
14072
28939
15567
2746
28616
27873
26295
1025
12596
27163
20183
16254
26981
11975
12624
7644
30511
23551
12838
23840
25167
21786
30626
22913
26865
10020
17396
20602
1654
1164
21021
23069
22387
10525
31244
3242
32509
14895
24583
32352
28964
30495
13133
6547
18109
19964
16378
30463
32357
10371
22570
12892
20162
1358
22625
27955
28172
12616
19243
29679
29388
13668
28671
14647
12772
19599
10601
7035
15824
30179
5737
10445
27435
30493
23318
21747
32373
25425
23686
21946
26387
31196
29682
6541
11159
29083
23830
3141
27458
1114
25559
7747
6343
20111
5416
16828
21074
22345
30510
21077
31433
21603
3234
6896
30802
32509
10104
28101
15381
3116
20158
692
30531
7665
15302
4057
8535
16488
12935
20578
13212
18242
14657
28061
15855
8053
29536
32341
14534
26930
9123
4191
14449
28184
6525
28784
26016
18343
3516
9266
24358
18935
12904
19094
26876
1706
31214
22123
3209
31775
22909
22320
3616
17640
2737
17446
23499
23423
4207
32170
22855
17972
784
30914
11599
16234
26561
18678
29726
11779
5929
31841
31535
537
30541
32263
27207
18927
3249
29289
32181
4903
9920
16983
13784
27701
11118
18438
8163
6675
17948
21090
7133
22070
32188
29349
17388
10434
30261
18473
22738
13050
24841
15994
22456
32250
24885
29104
7467
8616
26201
11516
14692
22504
17176
14208
22988
20495
706
25444
27583
22171
16944
4902
23696
9505
4080
10545
6862
28294
6051
5554
15558
31602
7330
30375
28745
27394
2024
32312
6064
27581
3372
4939
14364
202
11085
24659
7427
10080
3059
17512
21736
28797
1652
23197
27497
25307
18932
2958
1151
14624
29393
23864
15618
20564
3902
29966
29803
23193
22317
73
25566
10774
7027
30335
9832
10293
12326
27255
5765
19726
22090
23868
9445
11043
26797
18288
3183
25421
20496
19683
1927
5366
647
20068
27276
7817
4643
19927
18341
16935
3789
22664
32702
668
16245
27583
25805
19601
30317
1941
20826
16386
1295
25605
22846
11763
4774
31814
30635
7775
23180
25688
24172
29298
5519
7390
19054
30456
4761
22827
384
31508
17041
27551
23895
16181
15228
19508
2005
20550
30440
27988
19595
8997
20362
21230
9084
1111
550
8136
22819
12282
13743
3351
30648
9722
20144
77
21936
3720
4586
13106
28035
17096
23102
8758
25265
19914
26062
13573
22535
31164
32352
21853
31518
15710
259
26652
26918
7606
2292
23710
20705
22532
16834
17989
30194
26616
9393
13401
31064
15907
9564
15379
2870
15020
4511
26868
27093
16452
10420
1883
20971
29531
11676
32087
17438
31124
30913
9658
17348
19831
19673
24943
29421
31335
29453
21261
12195
21715
25179
30891
5744
688
30265
6135
3617
26662
30843
12418
16586
19593
630
26718
9738
19340
31078
9963
656
26289
10765
20974
222
19204
18333
24803
18253
7945
20952
14997
12114
27891
9846
4331
511
32022
16839
12037
24013
13471
29337
28039
10648
19587
1372
16693
14571
29877
10884
6081
1406
14236
7215
30432
8701
12740
18184
4515
18955
29140
31339
18437
13191
5312
25546
17601
1294
29247
22863
11622
5569
28032
14274
6316
23112
15896
22446
16137
8983
17728
23999
6528
4079
17213
27247
25274
23720
287
27873
11863
27439
17070
7437
2694
11979
5282
24862
24531
23716
19218
8728
833
1413
17455
21438
11929
31969
17202
13235
21249
12564
30611
991
31184
22764
1148
17428
10145
6760
7293
12018
30119
3775
1409
32264
21824
18340
6401
14651
12748
14793
5239
5484
25791
12450
19990
9813
12277
12139
8632
26548
12870
25452
10776
25004
2651
2940
6721
27752
7103
30916
19270
22273
10809
3269
21044
30114
16218
22685
12869
23274
3666
16773
32598
16529
18952
20127
1179
25423
8553
1007
17298
22009
22015
28326
24373
4078
8390
18087
18292
15025
22844
18756
14562
727
4792
12616
25775
28708
9212
28731
21718
2289
19725
3297
24727
17616
28483
19204
17704
4723
2972
115
13992
29898
31573
15179
32084
31596
5820
7541
29437
6712
15936
4464
29882
9276
31178
15441
7386
28118
8784
20744
22812
23064
18855
10468
12579
22385
21656
17754
20772
3978
31543
7938
11490
20079
9072
26082
20188
25839
18915
5871
10180
2629
27890
2769
29236
248
11799
25063
32413
767
7547
29067
31616
14633
25541
5783
3552
16828
15920
4391
19959
2652
225
19873
31784
303
4983
16115
565
24895
7139
11804
5298
7712
19322
8942
2233
13010
584
18962
12768
22504
15528
31820
23656
25834
32530
19200
14263
24825
13363
13814
17672
1713
12611
28250
7778
16212
21651
19207
10694
22820
29285
20997
3245
32016
1025
31567
29618
10131
19717
4314
651
10458
27389
20436
61
28709
819
12073
5008
9839
713
28492
9153
23633
9476
22324
12664
20260
13291
17061
15353
2406
14097
26032
1694
25182
1199
27005
21125
8451
26869
17992
24710
17947
22434
32426
20328
16800
23507
8218
10836
5991
14872
11443
15241
14084
30925
21048
30546
2792
17064
4693
4917
716
22414
16423
7534
7507
32683
30463
10396
13546
13505
28259
24505
5107
30144
20310
5711
5156
30872
28378
10473
19753
11851
4530
16840
5777
19782
7532
21976
24807
22001
23199
28131
10783
17797
11378
4099
4405
27422
24925
23901
19728
4881
308
14348
2732
31871
15457
1372
30328
19754
24688
24633
29949
30600
30162
20455
20161
18198
27354
22259
21355
1775
28684
28265
14375
30365
27031
16711
13644
303
6688
15410
10045
27275
27329
17768
13965
26374
29778
12534
19302
20786
11751
17707
20523
29175
25753
25420
1884
3814
24714
10377
30906
13001
23331
6960
14764
25727
10912
14369
5346
16391
18127
29826
21816
9690
2836
1971
14301
29822
22961
4484
18868
88
1092
28838
13306
15810
7569
23904
15402
20829
6274
7299
31517
31400
22636
24224
3958
3282
5780
8056
20285
27085
16626
6580
15562
13220
13877
8919
17125
10254
775
880
31787
23107
1169
8084
2484
16142
5186
907
15602
16164
8396
10442
6364
17332
22640
1825
28236
28991
18556
17974
6054
1194
5650
9010
6075
1682
13354
24250
8173
18655
15066
18209
16787
25244
17366
13020
20127
7686
28723
32566
11646
3298
31600
26437
9279
14100
32694
18204
24312
5998
20319
8002
13669
23238
1974
27747
29651
5451
16637
10054
11068
25113
32693
255
19636
8458
19225
12134
5123
18127
3308
24007
1428
29504
7796
5595
910
16881
9927
13559
15936
2310
11845
16772
962
31304
2918
13487
13017
23160
3254
3169
21788
17123
1053
14706
9301
8502
5988
15898
32554
27028
31221
4264
4349
12006
29666
5750
12560
5490
23081
19228
15597
21424
23607
26596
29189
13656
19114
8062
2711
21696
15195
16885
8659
32357
11932
23778
9024
29383
6590
11232
18779
31355
31447
27967
28545
123
22977
28413
15118
9920
23142
26609
24519
2323
17467
29002
885
8736
8971
13368
1235
1740
25846
8169
10666
27592
6585
15287
30779
10598
14128
27040
16349
12716
1817
11510
5351
11432
8730
18775
17360
12034
7174
19936
32661
16088
17756
24734
20315
6853
9744
24133
32598
30531
5518
8741
6377
9780
5117
2649
9743
23739
18624
3138
17401
2896
19011
27956
18681
31764
4852
29550
414
11105
18319
9040
18721
3750
12959
23752
255
15730
6466
27918
11240
12494
19756
26769
12248
3280
8174
24881
900
10349
7032
19630
19191
18319
9181
12128
10109
15207
26199
24361
16064
23813
14731
29353
15665
5670
21262
12464
22441
27725
30247
5113
4176
16917
32727
14101
17087
17093
29718
15525
15201
11301
28768
1996
24095
27280
10096
22756
8252
15179
19020
8816
22909
18709
641
10834
12430
30463
25008
19263
9889
19838
27209
27247
1624
15807
5527
30105
14821
12090
31485
32030
19568
2954
31871
16005
6840
15484
7299
13095
30462
20582
24793
30507
17439
14522
26362
7349
19456
22234
3469
16219
21806
19246
22320
27609
15302
14965
27252
12293
4499
32088
21289
26373
2423
28229
26845
5567
12812
18810
32415
27537
17290
21344
16393
15170
1260
14619
24445
57
3150
24415
31150
17389
24218
4997
21090
30621
12899
21214
20087
5697
23057
7239
20260
8896
6463
32765
21122
22115
26977
25011
32075
5002
29098
8418
29153
28830
13869
7009
6290
28486
16962
15925
15642
13278
21035
6314
9577
20773
16375
9635
1447
31797
14247
16174
30070
15545
30352
28763
19063
27994
6656
6479
31759
8314
16676
6548
29803
15653
1577
29875
29377
26692
4770
9477
25305
3604
21290
4294
19917
8151
3658
21867
18445
22986
25245
23861
165
9558
28721
29447
21955
27530
12593
18549
4723
27593
17857
8733
14766
27328
14122
7738
659
19867
30263
18806
27124
30073
6367
30208
32020
28445
6947
2271
16815
19174
10042
12678
24379
12545
10476
16296
28014
1501
12348
2893
3072
13023
26441
8998
10162
26456
8054
13597
4239
26036
14793
25905
17778
12532
28305
1665
6344
11870
14412
27302
4759
3954
26055
15174
13248
6177
6023
4582
32385
5434
11368
16896
26685
5925
24964
2390
6272
17619
10582
6789
6462
23285
32288
13789
23643
11116
13193
17520
14960
12545
2955
10601
20173
2903
4748
15776
21690
30493
1739
10603
27139
5768
20222
4278
23219
7681
17466
17750
23071
14619
21266
29594
19750
15303
14339
32035
2488
29643
23312
30198
12181
11888
3753
30672
32343
18043
13777
16314
19635
20063
5504
18908
1276
10929
21830
24470
19176
12508
29490
19405
11927
7702
12018
10627
4305
31379
12347
171
7312
15608
27756
9531
31166
16914
3950
3202
7487
27848
27614
3260
23090
590
13934
15076
6260
5788
4232
23241
21606
7455
9781
5476
19441
29102
25406
26985
31943
28095
913
2588
22507
24027
741
8294
20083
27471
12193
8744
7053
20005
25850
13263
28608
23378
12380
18473
24948
17201
26124
29303
18101
5168
26891
7875
23604
21962
10813
9331
23950
20405
8906
26399
29393
20828
19909
31136
5949
3471
25868
30569
23879
24185
25967
2075
13284
1491
7700
16723
4355
15704
20249
23238
9563
11129
7036
26769
32104
4177
21048
4042
13232
16091
21169
26971
6219
13923
4178
1808
29090
28730
31093
20206
14967
13742
17795
8391
294
4665
28252
31243
19498
13817
22777
3041
10210
23648
29008
30582
16789
2861
15735
9365
13237
15771
11277
26233
26464
20440
8662
25311
12076
16056
2725
28511
32548
4011
29055
22779
26126
29933
25597
18937
11248
508
9458
16878
14802
1103
29262
21532
11972
21573
25154
8189
17955
12892
7077
14368
29465
1187
28055
27444
21859
2162
2660
9059
27479
19544
27051
20449
9509
1621
5567
3268
15709
6729
26701
32022
31409
25773
31295
2856
16125
7553
19169
810
1924
26501
25154
15353
17020
24492
29406
16952
7630
16590
15993
14754
13079
28573
16974
26782
13554
730
28265
8724
377
7113
27730
384
15881
8930
14571
11589
24646
15561
5531
4931
18527
2944
5292
21419
20628
4060
17650
19986
30197
16181
16558
1221
32364
8546
9137
19037
16381
2788
11461
28051
27981
18274
3656
22357
2913
18518
12826
20249
29865
11269
29882
22897
3389
12468
7083
25823
3174
26649
2845
14571
32608
16144
32457
23412
26974
11663
18973
24644
9423
8924
25497
22247
27104
509
16249
19132
7746
17009
15764
2380
21037
2333
11908
8923
3749
19849
13319
22845
22780
24396
165
28907
3992
24517
14995
6230
1014
1036
1496
22907
30191
13096
31150
18872
21562
21635
1323
27614
26163
25243
1824
30855
17114
5625
7490
170
14623
15463
28295
7788
3421
4190
29907
10297
12324
9406
2516
6676
21051
14529
15146
10539
31205
2098
10700
13743
32100
27610
30887
3810
1724
24124
3720
15730
1209
14466
12091
18437
11571
15286
12277
9749
29841
14901
19183
21758
7820
30049
22100
17237
19510
919
25181
1660
11066
21089
698
3699
10853
6380
18229
19441
22373
20156
10130
31924
18897
31390
26297
4629
16234
28126
12567
26079
19873
16315
31297
12641
19545
7448
24026
31426
24045
16500
1976
27797
14453
9756
26434
19373
5189
20639
12828
32563
25527
12675
31239
24309
14379
2614
23042
15361
30795
22855
32437
22387
19348
10198
3600
15243
24338
19274
12848
11011
26474
28482
19330
6815
1054
31693
3626
26885
26637
11229
3750
18639
27449
26617
430
4319
27085
14643
13151
26354
5215
26714
31129
30840
5490
7536
9638
13732
12351
4958
14620
17087
15541
13287
25092
5057
9406
12251
571
26146
18116
26509
17945
3310
24948
14214
3665
17176
27841
32123
12568
30736
1068
27005
22154
19095
17987
28528
29769
9683
19816
27838
11367
13470
9684
22093
4998
7972
25820
686
8765
18093
17778
25751
21950
29623
28142
18835
17334
10824
17167
28920
9589
6274
27708
3865
7759
21368
27920
4286
16706
22080
30742
13009
6617
30538
24273
16986
15439
18415
17152
6318
8440
4685
27935
10210
20189
26963
27697
11142
6566
32536
25277
20880
30398
13681
9495
28567
11697
7362
3296
6210
26585
21780
9680
9471
25401
1384
6067
2040
19625
23883
29106
31299
1332
21675
15060
23128
22206
7657
27589
20169
23529
32303
13781
301
7994
4
15171
1373
13688
13342
7356
16612
22357
29815
31
26288
15953
23971
29827
23310
18650
29280
22395
5077
10680
7535
8089
18656
9896
1442
12336
2242
10823
26679
6750
1462
11570
28004
28490
11989
14956
11059
1963
27020
4864
19088
25738
32588
13543
672
3400
4995
18731
24149
3810
13772
15693
64
116
25698
3045
22694
12540
4827
30856
469
25185
2323
17134
14008
13748
11878
5460
6058
11445
5410
12832
12680
25753
23099
9412
31498
28170
11585
31204
15443
26224
5264
17083
5318
13935
16839
26555
4892
6576
2683
3699
5043
21477
22828
5814
22825
14087
10871
29434
4906
24290
27278
24574
18310
17876
18150
16304
20871
5842
18479
6989
27521
24747
18569
4298
30378
3729
6645
12147
29996
18901
28937
2002
27257
10482
26601
29394
5599
20429
11634
21540
15196
25915
13496
23522
28339
452
30899
2930
5311
31655
10293
430
3848
13341
19999
21057
17812
18914
18901
27732
768
21746
11247
21611
22223
3984
19250
13705
29185
4237
9662
3483
12775
31431
25224
30995
19767
17904
1803
25044
22364
1169
13627
5454
3599
19278
1467
1514
9515
7531
21071
15272
1213
655
1172
14342
11611
10696
15599
20773
14008
15824
26051
18471
7285
20111
1767
7899
19769
29664
27991
28828
12291
3480
31529
21110
5055
17605
13251
32395
15640
12851
22604
20149
1678
20021
10336
19053
18120
3489
6920
19436
28971
20509
9193
143
9387
921
22715
18560
7393
8477
2813
14739
14686
26309
10727
18798
3904
29450
161
25325
14595
9538
9394
27333
22681
26474
10427
30567
32700
17700
26469
16423
29315
29692
31384
1949
30771
12527
13038
1355
11864
5934
9063
4737
4629
21535
5470
7806
13241
23717
30907
11736
18578
1953
9323
26910
3846
12729
31501
32443
14559
20056
18414
23581
20455
2549
26680
535
18613
24985
5222
30852
14278
21403
24059
9518
23760
3502
13684
2542
30802
15391
3195
11796
8048
24151
26717
14088
510
17575
30910
29746
22235
6981
1676
25112
25216
9873
20273
26822
19416
5277
8205
22899
13139
2029
17955
28513
16438
16251
9746
22533
6197
32766
4168
1640
30019
8812
9586
21965
19881
27582
24374
16276
16981
4595
4389
10334
18293
4695
30187
2162
15173
15621
7369
29536
24357
6571
19270
17124
26351
2445
10017
26892
4743
19149
15497
11677
1460
16617
13456
23220
21038
9861
20446
7337
26616
3179
31138
6456
24559
18896
1743
483
21668
16857
30084
9618
15719
8797
16587
17789
32676
32749
7303
12619
10867
29457
11688
28283
4202
6869
4769
28420
13237
10372
20508
6968
14441
22708
30188
13038
20758
32130
4163
18912
22940
32287
14629
25426
5183
28556
24092
28917
15613
10913
3630
14602
26398
852
25612
26570
22798
1336
24716
20486
23144
22852
18777
7947
10323
14550
24553
1992
1041
4599
1200
10547
4053
16609
6804
13288
28117
703
16032
4883
21921
1459
10236
7313
5043
14877
17437
3154
10055
18715
25401
20226
29293
21580
2302
24552
12380
25306
13699
15886
9737
8119
14975
15522
16632
19750
28857
12956
6226
4478
25023
19873
1081
298
14811
3111
16216
2549
5699
8923
18110
9093
912
20799
27628
26916
16497
27032
19756
199
6305
4103
10277
29512
27670
29942
15021
23031
13948
3765
9694
1361
10977
5733
1900
271
14258
19478
15669
6499
1766
17964
1818
17790
20089
20487
31502
6997
1308
7139
32620
12453
20267
19452
16270
3380
14303
5878
20123
4699
2757
2941
27808
31681
24942
14121
8675
23913
14696
13476
9332
17135
9838
25870
15364
21518
29916
22688
6138
8806
20582
10896
19396
1148
17160
21557
25963
8707
8256
15212
21099
5466
12412
58
1729
18005
12494
19891
6725
25152
31463
12826
20538
5409
26947
16969
15652
26686
19361
3155
32473
27103
32694
7529
15067
597
546
7930
22245
6715
2979
20254
8132
30204
3721
22581
21096
27286
10346
19403
15163
20381
23574
17600
24498
21122
10189
29861
26145
3861
19376
8296
12243
4425
21622
20532
22874
9271
15968
13971
5412
4710
17519
4822
5199
15178
12244
4790
29118
8714
15272
30523
21357
22919
24797
221
13825
29081
7797
26346
5796
18843
4593
24103
28431
27691
29709
29370
14312
22571
19882
14663
25935
23307
30988
7002
4532
24651
17221
17157
19179
23099
16881
27082
13698
10246
12580
3770
31314
7406
28065
22495
12884
3289
24397
8920
17590
525
26595
2243
27438
56
10728
22880
20623
30899
15330
20850
32154
21511
7109
4201
2070
13489
30382
4415
14371
22306
6355
10912
6091
13066
6586
23117
8410
16854
6314
24514
31983
3703
7520
27159
3028
29286
28930
23844
9227
9189
857
29160
16809
31111
12346
13868
5992
1778
31045
12131
13815
30436
2003
9429
15764
18036
2857
21756
19933
17819
18162
6702
10211
242
26092
17021
13953
30909
25825
7900
28908
18729
10713
3459
19338
10194
7054
916
11016
23176
19744
23038
3495
2899
4618
24993
24278
7604
3669
692
10502
26926
5899
27492
6586
32005
30447
4542
3037
20806
27499
3279
3161
2311
28106
2314
3301
10736
7335
23530
14622
27899
22949
31448
8666
3191
28513
22862
12985
13139
21413
29245
9725
29081
23007
172
27291
23097
27089
11170
12433
11784
3721
10567
3963
14344
29076
7494
31585
16106
5743
13941
31700
12241
27198
20408
22841
26201
31680
6179
13412
13784
28547
1630
15465
6116
1108
6990
30382
9237
15354
14321
19781
13579
31780
2698
22393
24243
15263
22271
4263
6599
4044
7807
29008
18580
11858
27239
7787
30976
14096
15975
8960
1995
23126
30177
26610
2325
12116
4241
24093
6689
20178
12915
3744
88
1570
23265
1404
14737
13907
5884
19039
24975
13224
13134
23482
4299
14664
12462
24601
6260
17719
99
436
16309
28805
19340
10305
26166
6086
18879
1293
12261
26562
27376
9547
7670
8813
22676
32428
14632
12313
4615
10800
12619
20714
10283
16699
5631
650
23635
4331
3262
28191
9823
6057
10269
29306
26152
254
17486
7825
17438
5032
3306
12336
1327
17902
4077
27371
21995
27696
515
23383
20710
13762
6146
23162
17502
27643
6583
25983
31518
10120
4581
7598
3234
28678
16267
1180
30844
31185
11366
18591
4343
30230
3255
13701
30969
10544
19526
7558
14638
15153
27815
20086
12386
30398
6332
26432
25391
27169
4475
8591
28377
7833
22513
25550
9078
23028
14471
12115
2386
7776
7045
16087
21905
23679
16084
26922
4630
3001
15624
7204
31908
7382
1438
991
24899
31436
10881
12835
29670
3541
9939
23074
27978
29893
747
29798
28449
26779
31130
24327
29552
32342
691
20001
19254
15114
26314
8325
28750
11826
16443
27823
11926
1608
3439
23033
26705
21395
14426
6670
31178
27969
14152
5792
59
11445
10970
10078
2028
29474
7499
25632
26015
11609
18168
26469
16172
18911
31776
5376
1897
21827
10216
14606
29004
12462
30882
4907
7764
5820
8526
8678
3108
25226
21601
17010
1394
19729
23494
30878
6687
5298
29219
29446
25255
17169
16733
8075
4796
1319
10846
25602
7982
18835
14870
20265
31502
6449
28607
21983
12307
24046
14438
28820
22076
3035
17319
11518
11959
24704
5560
2061
26114
11378
31401
9250
16720
23336
16105
12156
15150
11530
20749
3826
21350
22475
12493
8424
5668
249
20303
11388
7767
18130
17577
20736
5978
19290
32417
2477
468
30122
19638
6549
16349
23947
28005
29658
11362
5443
165
29726
16842
17839
948
31546
5081
20626
14869
17459
8405
27949
10202
1386
15848
29456
287
12818
8902
18223
13015
28647
22671
7992
26827
5405
4087
3876
13535
17047
8868
5389
15255
28250
17368
5951
2523
29249
9295
2193
30711
29426
3435
9974
15846
13072
14222
2127
7376
9907
24519
27011
16849
23317
24754
29650
17916
1678
21145
27750
28576
21698
30431
555
6345
17177
29343
11745
24330
8559
7312
22640
122
2829
25132
15227
2557
27608
2065
12343
15045
26057
18855
24702
16664
10909
7171
3615
13395
7630
6155
25721
28719
21185
20443
2120
13635
15169
4968
22974
13002
6700
26723
7382
23975
3692
14689
31717
14502
18985
56
6257
29189
19005
28588
7751
31283
8681
24651
3272
30679
11974
1173
10884
15636
18686
10336
22282
8715
17339
32635
12029
26786
20960
18322
13931
3460
8952
16721
32091
10858
19563
17612
29349
19864
21240
29983
22791
27306
26719
22353
4724
18576
12638
20607
13743
4312
10207
20278
8729
25643
28016
9248
1480
6171
8691
19939
2520
540
4759
15430
6406
29647
21767
20118
29818
19591
8929
4424
2789
17414
2409
32479
17868
21127
16767
18448
16676
23042
17358
26404
8478
29867
27975
671
31300
3259
18382
25375
32709
8564
19250
134
27661
23903
10851
27227
22425
25049
223
3950
29194
27597
29806
10427
20856
13763
7951
19345
19464
15130
21810
26356
4033
16529
7207
12351
27803
17933
25815
17166
1241
17814
24242
30810
22425
25506
30440
14566
22954
29846
22492
20186
4253
31626
31958
31406
25631
1612
11767
20298
6534
2728
30835
6508
11689
10471
30458
22089
245
30614
32375
32119
2493
15497
765
8714
210
14111
18686
12030
15444
24518
14015
17109
11463
16578
23048
28288
12393
19499
30240
23427
12483
21301
11769
7509
15999
693
7847
12805
8057
2272
32278
30243
793
18517
4605
4062
20703
15454
4878
5482
17727
29298
20592
29349
20656
15615
10094
20985
27904
871
9073
3204
23786
21320
23083
25974
2538
5889
22550
5307
29776
5490
12573
25819
27028
7939
2456
26654
29929
3047
11134
2291
15892
28578
31702
31122
19071
9672
25711
18145
21641
7176
1489
4756
11553
32106
17779
14489
23443
8917
3119
25523
28577
27860
18674
21861
14806
27289
3000
25873
24087
29251
19640
31329
29819
3676
13275
1766
11357
25766
29811
17151
9647
31255
4394
12797
29840
30754
7224
12676
801
22328
18394
6196
17813
4751
23295
10121
29832
18722
24132
21760
16786
28665
5410
11900
14875
31146
5990
24039
19569
5920
7906
4124
8983
30107
23907
17157
19041
7672
28387
16128
21565
22835
15359
16264
28244
15914
24747
3857
7762
19619
27428
6707
6273
14737
1830
15883
25757
20627
26976
21983
17636
3774
3877
19456
4972
23196
9828
12789
2489
32116
12762
9173
9871
16844
15750
31477
9733
23341
14173
5059
16347
31526
16448
10994
8205
14227
2347
5592
19880
9760
4271
23060
29661
20744
21666
26739
16724
26915
19477
32533
20931
22815
15750
30411
21950
7693
17751
32708
27857
2336
8319
4457
26060
20146
3968
4485
22878
1672
26009
30377
21221
343
6204
27087
31621
6023
25282
11069
31607
21814
21086
16044
1444
10112
20047
8874
16755
28414
28762
5949
1759
7052
16760
14281
8396
13648
11980
27699
2459
30456
19159
30023
22012
23874
12015
6231
16899
20418
4333
11813
5247
18144
24871
6404
19591
4896
1182
26169
19797
10662
32632
7847
31832
6649
9136
2732
1412
4359
6156
27974
14829
3433
19279
31354
15508
10473
10160
3318
29056
6977
6796
24309
25361
23078
17496
19043
4498
31365
25817
21569
24845
14093
22423
1868
6499
16365
13455
25049
11419
14303
26920
23300
14203
613
23912
17161
28757
18258
31080
754
30756
20365
7941
32627
16856
7954
27609
8978
1005
28729
22378
21386
26690
29755
416
22130
28201
31986
17789
26906
12986
29664
25608
4022
4974
17011
23434
24510
24297
3975
16125
18836
2070
30253
8642
9576
3961
6571
27538
1881
5825
15044
10423
7900
21149
12857
10876
9570
20177
29839
3042
8245
14473
787
28308
31139
8941
28188
1053
13663
31221
19600
14169
17444
6015
19625
2601
15003
11935
16889
31595
28543
310
21676
2346
17663
5062
13838
8977
8548
21380
32333
8486
23283
25263
6015
4789
6933
32545
23014
31113
31925
14116
15731
17762
27114
24710
17546
9124
31958
1520
1029
30541
26574
15987
27771
3369
10426
9060
14530
24649
3007
22634
9650
689
16668
22997
22316
32337
2642
1329
3675
16951
17032
4123
5434
28674
17965
24916
855
7578
32223
20
16342
24350
4236
3489
25784
11550
215
32031
26462
31499
14781
32170
10824
4587
20088
19106
23587
849
29091
22086
18435
18573
26528
645
31469
25120
30775
23568
25240
2931
9087
2996
18804
22216
7682
29159
21484
17776
22556
8353
25320
12350
5284
10093
32663
5181
21198
26047
13419
6046
3920
22408
30565
23284
8388
4104
2450
27300
13134
22243
28630
25750
10110
7032
26856
9777
22648
12910
1182
5767
3410
4495
16491
24780
6589
32218
19750
13069
29160
24531
25100
21790
13729
12830
16649
11221
30398
15948
20531
31861
16059
7157
27799
1133
6052
9735
23097
14659
7221
23133
30038
17611
21313
22420
2284
4508
23120
27930
28285
31684
9100
29063
23311
31163
19166
21297
32119
20886
18004
5882
20951
11901
30150
14701
20070
10847
21945
9738
19823
8164
22915
14557
22685
22692
12464
32342
14709
27542
31653
9556
29476
24523
13187
22403
2427
26460
18766
27624
14648
18081
16463
10170
1415
15267
18358
372
16072
31188
6020
6696
26259
3582
5288
24854
5369
15994
104
5501
17165
15266
14083
6833
7844
13448
16789
21102
19288
9193
16186
29036
13523
26972
26998
563
22090
719
14293
2609
6983
31284
26318
1290
15788
23416
26093
10799
17653
18101
28978
12466
2749
29352
22964
1369
26755
13157
16777
9969
29359
22857
20202
7396
25808
31793
6803
15374
9000
1769
23913
11725
30058
5864
8543
27991
24258
1082
31130
12113
14102
9661
1492
26525
27020
9616
17662
24947
31820
31177
31529
7603
17799
21862
11942
27513
29112
9607
108
28402
16169
28378
25531
2671
4793
8022
30975
23992
18910
10284
4087
20387
28134
29690
5398
21989
11394
3394
28202
28455
14724
2332
2619
861
32232
2599
10422
7763
14353
28613
7115
14472
29014
1416
2579
576
27837
18151
29558
25813
29446
2870
32076
11854
8172
11733
18882
6962
5287
1703
24191
12959
13237
18117
24200
10390
18906
3444
7009
15001
18534
18773
16758
14968
29878
14812
9145
15208
12541
9475
27275
5461
16965
5440
10720
12921
14256
13236
8862
23342
22276
4773
13127
29696
12902
31790
15320
25095
19302
6453
30961
2420
26428
1182
6709
6761
30801
7870
6132
8206
16642
13587
3080
1505
5024
21042
4604
1869
21435
18944
29300
15743
7328
22053
7624
16245
12576
22206
14835
2135
6291
2898
18348
6155
3357
22536
8914
516
7984
27415
25101
24154
12882
22141
22963
20768
14113
29172
17896
7154
18068
6434
24586
28109
643
6672
25420
25891
24426
26589
17568
30767
15210
26036
8667
14215
26256
24059
11283
7920
90
31181
4428
26741
20087
19627
10580
5563
28879
18542
27116
9103
5827
11648
26152
7105
6582
19276
23833
31029
8396
9459
7081
4663
12785
20033
13765
32015
21534
5343
23234
8917
9943
18890
18681
29831
4857
16131
9397
30297
30898
19849
13904
5452
32465
30596
21400
31490
26432
31427
30839
21457
3278
26472
21204
15126
28210
3810
17844
16844
27213
24348
10149
17245
4528
32244
16476
31927
12638
14575
18845
6563
31443
7467
30555
11346
27973
19349
19233
17209
25641
23899
14000
4384
28409
27813
20970
23413
22069
5504
10222
8933
29096
794
24453
14894
13292
23861
17085
16174
3888
10710
27091
10816
5945
30525
3414
26569
1191
25114
17290
12302
32122
19454
11531
4425
18132
22032
21682
24571
17408
29697
18108
387
26292
11074
9001
17648
29843
21108
12131
15892
17910
25888
11040
22233
25068
16296
27785
2777
7040
22397
1948
296
5178
17299
1231
30836
18408
10514
27382
14673
1437
24655
8294
718
31227
26106
26459
9548
11950
27801
31127
16272
9017
8756
1868
21014
25333
32338
7484
7336
15446
11301
13855
31280
32113
25858
31557
11979
22971
20244
30844
23582
23828
13392
18228
4077
4100
9643
29921
8425
12612
24203
10401
19914
10368
31868
19487
21150
5723
24357
15287
26721
9652
17530
16859
25293
551
30003
25013
24691
6103
5500
13581
16651
107
28142
24942
22025
16727
16574
26756
369
16221
32564
22473
14059
2899
29535
7009
4890
27686
12808
30785
32042
18975
26852
29079
1704
24421
23821
7526
32151
20932
11699
11377
25792
6572
12047
10587
17993
23165
29081
13068
5257
4097
18811
13911
3355
13626
27205
27353
21041
18527
27362
5924
11819
20513
17867
24605
13673
17970
10618
10146
14941
2824
11554
15984
18404
18143
15773
27972
5590
23549
22182
6465
11227
20025
23624
1938
9857
17342
10390
1104
21132
781
8605
28838
4750
4673
27543
31795
17079
23447
2914
3503
3821
31533
3376
7890
28447
6666
895
3953
15831
31327
29260
13291
7439
6412
31363
8899
7494
2150
22971
1422
23251
26680
4640
28944
1400
7944
20144
2210
1594
14491
22443
28886
14192
3515
11076
21854
25371
6455
3741
1578
31605
7724
10994
28625
16845
899
2837
29490
20369
2235
3354
24667
13741
14312
7251
6314
9747
14588
18303
7217
23451
27206
1854
1631
13326
25144
18632
15837
12413
15981
4319
23479
20440
25579
19202
3516
30652
5285
6372
30759
24459
32324
13852
23167
12738
9766
17438
31675
22407
22183
4714
8618
8834
29088
14083
6034
18670
19502
2851
2072
26608
30645
24621
11871
39
7204
227
8820
8324
18298
21209
17642
13148
22153
11305
3521
8635
23289
12649
17037
16636
8849
20442
22483
16022
17330
10210
439
32313
21284
31677
14292
7706
10006
30319
12396
5515
19295
24317
5825
8654
2826
3036
194
29995
13074
10922
26602
23616
29290
12316
10598
19865
31552
1080
20854
6016
18819
16068
13845
8214
12963
2046
9436
27555
8856
29069
10276
23851
10789
23480
10091
25922
16990
15062
26361
4896
26984
20741
10946
15352
31872
12319
143
11398
29502
6122
30041
6376
24603
1167
14837
16046
23090
334
31479
27956
13379
4975
28624
26672
9469
20860
25913
22663
17533
31405
18133
16229
786
8868
27665
8076
32067
17754
11344
20716
20755
22362
32325
12916
22659
9773
9887
11817
27993
7445
14828
17269
6688
16894
30135
3009
23664
32433
13556
27974
23663
2635
927
28703
15768
1773
5535
27043
27835
10166
9456
29171
3909
29422
31489
22479
30658
29828
10587
1710
17312
29883
13700
4877
1590
1824
15395
24839
9477
1471
20324
6438
18749
19606
5278
24441
2691
18762
25908
230
14065
13081
30393
2754
23646
32528
20055
159
30432
25726
881
9317
26768
1448
5511
1189
7821
4286
22874
17705
1860
27918
16721
21968
15854
18552
1308
2969
3929
6434
27799
20477
15340
26477
16881
23170
6886
29735
12045
10381
742
3842
2600
10103
7088
12612
21949
17636
32046
12481
30629
22864
16309
7942
27523
8427
24970
10456
29791
13991
9637
2525
4497
17807
20404
26776
15073
25690
24931
11931
10220
20288
15579
12535
9930
29708
20616
15608
17901
1139
12320
23823
21836
676
16097
27152
705
31776
20250
15517
5552
26316
23276
4834
3562
21572
14930
32388
10705
28531
31327
28371
6076
30817
14791
11079
22173
12875
11937
21034
2529
30713
14699
12178
17559
27212
10575
146
4053
27927
5540
30385
12375
26159
28856
3995
28522
29382
14285
5399
27400
1780
25697
22841
12613
11159
691
729
10986
20061
4482
32324
6495
22559
3864
26160
11214
32113
22407
30966
28549
32119
14387
28155
8092
17146
23696
16239
6104
7098
30765
15419
28368
31238
20978
30260
31566
29835
5286
24725
18680
30826
2227
12972
16432
24973
6958
25299
1336
27962
22034
19874
21146
15080
11724
23907
21191
20306
18429
17862
15614
19915
8059
10199
14703
23505
10649
12844
20641
25316
24744
4451
27153
9369
22461
17612
7708
21738
15285
11106
24350
11984
25975
23808
15836
14100
24953
9169
19743
8545
4230
10761
26786
2975
17854
12242
25390
892
1502
23945
24580
2635
19393
1579
23419
2834
30247
28170
9962
30430
17078
27077
23496
31578
31294
26998
2578
1952
12865
17453
9709
4943
18355
22430
30861
23518
30462
20502
6229
3120
13641
11444
11328
616
12026
21461
32383
10238
3961
19408
8804
4115
30263
27620
12670
20481
15600
6510
25606
17975
29485
25951
2169
17220
13068
7662
7815
18737
13123
10378
6444
21780
14947
14355
3101
26338
22362
13129
18533
15237
828
24453
11344
27950
4163
9127
10888
28141
2580
30543
19582
4223
27459
21072
13323
4967
19482
12385
24664
25152
28310
32022
14843
337
19379
31759
10850
22370
1513
368
17013
18894
25847
3728
13431
24282
16095
9974
9517
23109
29234
29057
6211
2080
21901
31206
31723
10720
16484
9824
6087
14770
4350
13730
25353
30734
21441
22801
1497
30607
28592
16176
2551
6914
31794
8795
32417
14781
9237
12217
5047
24114
14802
23148
28701
21187
24851
28426
18273
28888
29042
31569
29341
26159
30340
24086
4255
25716
28950
4991
29000
28434
15798
4466
20530
15176
17526
18509
8853
22143
21996
7128
31852
1755
22909
26744
20691
6672
12508
26789
4532
5751
29901
3741
29346
609
28463
9818
21253
13739
30265
21442
4984
27026
3332
16671
23151
31433
27977
4558
3101
4553
24173
27963
31125
9577
32186
13837
2863
2990
23536
16797
27181
3300
5116
9133
28062
11501
16135
25175
20099
7898
27058
9795
26417
5816
28320
15133
502
28076
23094
29766
31487
19523
15262
18890
14713
20227
1810
16787
17399
22854
27991
30940
29716
2632
19591
25064
3417
2174
7700
2547
15201
5929
1546
31593
15162
10796
26516
4182
13327
27674
8898
18717
772
27284
24457
31598
32354
23762
2572
28018
29684
14463
25625
12616
26289
2250
20471
21685
20378
15290
14431
14615
26086
22977
14792
10139
12893
23445
28904
30128
29186
4667
4727
19900
3060
21860
12342
28685
7830
27645
20272
18
26606
25346
13119
12747
3403
18067
979
27518
1579
29001
11759
12204
11867
26058
10100
25411
17248
26267
30626
17429
20758
16438
10460
9097
20887
31069
1963
14736
1118
23981
21254
9179
16557
5750
16849
25932
18219
17866
419
31146
22226
22484
4812
20888
2312
32363
9623
19144
14604
2791
23756
30828
31380
6708
6521
20461
25525
18213
13298
3552
11778
22282
17943
26422
29432
5252
27349
23218
1946
19608
5872
13985
15192
8707
28415
9925
32309
10957
16056
24210
12841
3105
30061
13213
11204
2140
19415
15441
9749
13156
30483
18147
11722
16699
3306
15497
18328
8916
32085
17639
21982
25893
17728
15818
389
1661
16015
23321
10794
13848
12639
777
8575
12785
2702
14991
13806
14039
23421
13851
20608
14019
1812
25219
10750
18793
16391
31293
23382
2829
15448
31442
19775
23960
16926
3727
19232
16363
29060
15998
15662
12147
28692
149
19925
18429
22838
30252
32346
5580
6131
28341
28350
19945
3583
679
23781
24763
11255
23227
7928
6871
24295
30555
7431
18457
30479
3159
3571
3316
27623
17627
31627
27142
8544
926
20981
7664
4717
29531
32336
22884
1218
31621
24727
31104
10715
27959
5320
15450
20801
31850
22342
9180
4105
22890
2172
31442
413
32395
5060
12353
1471
1559
15751
31994
8138
7308
7333
1904
23355
25348
17175
31175
22897
22005
22995
15917
27825
3098
13295
21869
25709
25009
7434
31681
28358
25575
26344
4072
13135
4241
31324
28793
2836
15900
28523
17271
31195
16327
28846
23589
19625
6671
28152
13084
392
23403
25145
9370
23688
27962
12450
26909
19972
28922
23818
31793
3622
32186
9105
25990
4525
20946
13187
6213
15342
19665
4479
23716
29209
17847
25816
30649
29630
4453
13371
1419
7312
19793
21906
14703
29544
17022
5417
30866
10893
29868
22543
722
30002
12748
15808
7634
22080
13750
1280
30285
19542
13854
14346
11178
32526
27332
25578
14801
20867
26092
24360
13630
32272
20750
25510
3411
8026
25038
32715
18675
19088
6958
8929
29004
7921
12035
18620
7924
28303
5030
2205
23864
25683
8683
2902
22449
19266
20311
11438
1560
23294
22669
19462
19034
11664
28682
4157
13551
16996
17682
8914
25448
12949
30442
9800
11592
31340
18504
27599
4885
31779
9992
11296
9135
8174
23584
18345
19424
13628
30678
20970
17459
31033
20017
27679
4362
26264
6061
13087
18667
12945
2610
17540
5403
6949
32327
7948
8302
27305
29828
25151
26717
21634
3909
12626
9305
3886
21670
15692
14175
20356
19627
14951
24525
2364
20414
17593
6516
6321
6495
30739
26094
14822
29463
16170
28465
28871
2989
7668
14437
18098
20125
31573
20723
310
20422
11771
15839
13851
8035
20615
3415
24738
6716
8429
18572
23565
2590
28445
14272
26466
10888
24291
11424
5741
26023
267
18133
21508
23940
1994
26326
22927
5501
6745
17152
16327
20466
3043
21224
3261
29760
31137
1264
25374
4339
5188
29208
14006
20023
6291
1047
10804
25744
15189
16811
31277
27595
3185
13613
6499
5685
5460
8552
25158
11274
13971
30891
443
23344
2257
18973
32541
12069
17636
6481
1409
17719
30515
21530
21055
4339
610
23201
27822
17631
13618
19892
2862
13164
30626
5985
18796
15398
21339
25028
5089
6446
23370
28701
27804
8426
13967
3621
27970
20475
21142
2467
10835
12143
131
27194
23470
27448
468
23429
28248
11485
18497
32102
25465
3696
27879
3738
8359
14784
8870
9617
5479
1999
10184
27517
23025
13447
31459
3498
11060
31400
22272
22797
26650
11269
15100
13343
29709
6640
47
27372
8890
25075
17484
358
4373
29377
10888
0
3997
23915
14335
28280
481
18135
20307
28916
22339
3439
3990
15185
252
30486
6762
20152
2400
31584
1382
13682
12387
32258
31420
12541
12637
3463
19737
3679
5642
31301
717
5306
15061
22928
7212
16929
26710
18733
6452
19114
9753
1801
624
3524
10913
12587
31003
30155
3244
16872
4745
30170
6585
7254
707
6625
30152
15619
23154
23799
26721
25318
23550
14833
31447
17557
11254
10803
19406
9657
24755
1734
15355
24767
13624
32683
22571
14545
25437
7535
9351
2053
26925
256
11542
7636
15756
21951
32643
25037
14365
10710
29217
3722
12386
8396
23596
6372
6181
13399
9042
5987
5399
30577
17009
15864
23992
4013
11683
16879
23926
22732
14200
14879
25625
26251
23426
20324
25694
22720
4631
20815
1506
13733
4434
795
3650
15988
8027
13539
25985
29236
23016
32019
14762
13010
5892
9757
1462
16499
17168
9325
32687
32521
24583
10398
12822
14884
2566
8686
17539
23308
9483
17647
14219
17676
6140
27264
6118
19472
14572
23292
27857
31091
20123
22961
26034
4882
19259
1172
2811
6309
9338
23602
30288
11087
27836
2026
21996
4979
4520
10842
16193
22730
25575
23063
5342
8370
19496
4769
918
18121
20840
12694
23263
25531
21616
21541
17528
13912
9375
10438
8015
8938
20969
2344
417
15557
24608
28779
9827
3615
16242
8592
18913
4642
11828
4654
14757
5440
26590
28006
7066
28615
17750
17176
12401
20149
12913
14167
5444
32461
7351
17947
18553
28138
16230
28470
30186
22164
28858
24202
20034
18897
21612
25720
28074
2877
6008
21148
5542
29533
6436
4279
15929
19505
9534
32236
16976
23560
9125
29232
11102
4760
24843
29692
24643
3150
21752
30276
15218
24547
2322
12973
19539
27184
1437
29691
18406
3139
26430
25800
27818
4018
516
13948
23997
9519
13736
13433
14660
12637
22292
6038
28173
23523
21283
11727
5235
5310
28328
10811
20098
987
18353
12606
29532
5861
31757
29951
2523
8540
6411
30236
22136
17127
14469
15517
108
2027
28445
7463
4629
30812
28615
24178
22682
2259
2184
21245
26322
8673
23677
15105
16226
12708
32542
675
27174
31639
21700
12397
30931
6830
23657
6143
16090
27043
18095
9474
16527
17802
32292
21086
7562
24236
1221
8621
31309
2962
19137
9967
11560
21088
25215
31871
12890
7269
13793
13126
11129
18415
8395
4910
28180
3172
5343
16345
26006
25742
10891
5524
19565
29495
17222
21126
108
5622
8470
24621
30318
6728
5974
20748
4413
18658
14518
26269
24498
15174
9859
13197
1565
12181
25897
11816
22246
20132
23030
18195
24181
6225
22048
22585
26192
27160
21258
7
13187
21473
17347
15580
1093
12060
8143
23739
4312
11280
2859
5444
5041
18800
16267
22498
7385
27184
6886
13893
13459
32150
30516
27411
4415
28052
12151
23258
25726
18261
30200
8522
919
21014
24531
32417
28442
2103
18869
14694
32195
9874
31205
18522
11936
17931
9089
22700
26230
13160
12043
1132
7266
31076
27684
19778
14780
20734
4246
12128
12608
27671
10392
24757
4464
20028
23630
4195
5684
10177
11920
14964
32196
26383
6380
25544
9415
29758
10478
21074
11709
19175
670
5509
14234
26163
27723
29448
26547
13112
18311
2993
19166
32134
7027
19633
20949
2556
5181
268
27868
21473
7142
5965
2724
8240
28745
28535
32366
23346
23129
17726
4467
29778
27306
2679
17284
11310
24371
17870
32494
2282
5714
18871
17312
25801
13072
22439
3472
19198
22183
899
31322
5823
4929
27481
29226
2204
31747
5966
22493
17935
30282
5591
1123
30548
12340
10284
4456
30586
24675
4858
14131
19131
13053
26456
16846
20233
2039
22525
24935
23273
26260
28336
23030
16004
18984
13823
22048
23291
11298
11060
24923
17404
28489
3205
19796
8083
4166
22411
1678
14402
16227
3062
7243
30035
18322
1662
32687
11629
26289
2077
15907
1894
31500
15739
15096
23896
10788
23210
11340
22007
25775
7955
24370
10273
27615
21936
1805
15543
15335
9596
7229
8876
32700
17960
3582
2395
29208
27920
19340
13598
20421
1645
26764
8732
16152
3788
24743
18786
20668
8383
15992
15414
32176
2770
10664
2471
18067
448
8279
8809
22560
17127
24510
12000
22773
15098
16403
2939
17560
1270
1965
24387
30651
21847
31081
180
20927
9611
8780
7371
3960
13223
10858
21600
17200
10841
11526
17334
3566
1309
23546
10321
32248
1204
29274
6407
13974
18387
14932
1114
17689
23576
10842
26885
18204
23361
23940
31957
17930
26784
27439
13754
27616
8906
25067
26910
30004
23952
27028
30069
1143
14384
20670
10774
14967
25548
2390
24905
14375
11802
22663
161
28067
9310
15835
21388
23151
25237
21923
29736
8959
25331
15000
13912
8061
24976
10946
18712
18374
10335
29593
525
8374
22367
26987
1888
3749
32021
28157
19405
12593
4921
19061
4343
11326
13232
24695
25599
572
6586
30351
18516
25513
17261
9167
1229
6102
18274
7865
18165
25325
12974
29535
4262
3379
787
25800
9177
28555
4472
32150
24764
10556
151
5094
18949
25331
1014
17528
9094
17164
4888
10512
24322
30477
23796
19995
19264
30323
4006
11158
14685
25266
18533
9516
3174
10359
16309
21918
26407
17968
1501
10600
27709
23502
25500
3234
17523
26569
13080
12324
24395
21861
17687
10733
8666
16437
9841
29894
30681
4317
22982
4898
31482
22299
22892
22857
9336
1289
30123
8885
15602
28572
25389
30396
32377
14449
3504
24688
7400
1225
766
32196
10355
9682
2591
2544
32387
5672
15053
26390
15554
28827
10536
27429
27249
17459
31147
29694
19458
26993
29023
1749
5347
15576
22094
32474
27544
25260
13371
3865
29708
30714
22928
7071
21545
21720
8344
11743
26278
17390
22766
2132
4128
21301
25910
7527
27245
8703
24842
28050
14893
20536
25399
4294
25249
29419
12330
28426
19393
12807
28837
27750
28296
29540
16567
3071
31635
14081
10986
20099
20458
2192
25534
20423
11294
10804
22870
26543
24980
23689
27506
21071
27168
26597
24477
9039
7637
19165
26024
2196
31516
12811
16470
8220
13572
7439
26201
25898
31705
21716
12157
30884
13304
5909
25124
18617
3809
6943
13554
23494
14990
21464
6345
17019
6916
4864
24312
30010
16935
29111
4015
8383
6610
8767
1207
9734
29735
3844
7263
20841
30244
27353
6330
3338
4215
5765
32519
4720
31380
32638
2929
24437
25604
23540
3321
29279
20480
26641
15792
4429
20286
2176
27433
8405
3083
30252
814
19947
23706
22346
22706
3844
20380
27033
13575
16508
26384
8680
2385
24629
30045
25818
21563
11394
20638
15590
4072
10819
20541
12705
15405
22097
18627
9280
22781
1564
31214
21848
25892
15250
8965
30697
13624
28739
12648
30107
14029
7107
15723
18503
29673
31056
18788
3257
27320
20661
30467
12981
3456
18030
9954
28215
32470
30477
13917
19967
24083
25053
20388
6989
14338
26308
14
26346
28635
23406
2225
26471
13429
31655
7471
3241
21943
14601
1234
27814
3664
11736
20956
28009
5543
14122
8984
20572
3605
31307
9141
710
9043
22879
15700
22419
27950
6985
12384
3668
27266
19148
1694
19334
10341
4336
5125
26135
27043
3752
31183
11814
25195
31153
24528
4363
23623
189
22535
16023
22097
15057
8307
13212
30117
9708
14119
19888
23058
30953
29857
19503
11029
19622
8280
25215
28935
24678
13204
16280
3733
32116
16002
11971
28273
15882
9096
13729
14663
15216
7382
21360
10227
26472
16446
17802
17905
5322
30021
29998
14356
29548
4474
29315
23419
836
3846
8410
20674
17105
4485
30772
18293
7350
11540
4
7626
22697
9131
26422
10383
5003
3246
23919
14177
728
6846
4503
10527
1858
29653
31125
9374
21145
20370
18265
18846
9454
20433
12064
28157
25848
18303
25331
15147
6071
25517
26481
16350
31574
27362
9679
18951
18774
1718
24349
7428
25577
19356
25803
22551
29340
29440
14955
8471
12857
31634
1208
26469
31724
9185
27096
21282
18340
29483
18142
13471
11708
17523
24211
2069
11227
2005
25974
24983
12569
11799
3841
21828
13667
29312
46
12225
24608
30445
19258
4839
532
26145
22697
19128
26245
4189
24970
28312
16285
13872
24316
8890
12816
30097
4849
3544
17407
3371
3634
22311
13083
27128
22436
16522
30221
13073
6345
12549
27926
18373
29577
17269
1522
25576
25907
11647
22275
24173
23231
4807
30123
13880
23126
6242
3066
24877
26132
19597
29065
4493
31756
13983
19365
25986
22412
9020
30896
13560
22435
204
19141
29103
12001
24619
21915
19854
16478
28066
21420
6971
19965
30231
26262
7400
23538
19584
14017
13680
28034
9118
13890
12194
32522
12263
2815
4060
24899
9668
25620
9181
22980
26620
15990
17620
11465
31344
23766
32700
29746
3338
30409
6124
26575
13040
25381
6122
31450
6653
16814
25729
29381
22129
26610
1555
23351
5863
5489
7216
31569
21640
13057
12134
12341
21375
8561
21851
20681
1964
23405
23322
32440
12701
28321
27051
2234
18362
4130
22758
16918
32703
20489
9352
29541
3184
12385
14215
18584
25480
9027
419
24636
8178
13375
2878
24573
21563
24830
31597
12905
24904
25894
17487
20983
9540
32126
27038
17736
5853
26195
5507
12460
8368
6426
28591
8424
20737
3414
27303
29495
12720
188
31583
32398
23656
2709
28427
25124
7962
32357
21298
7474
17578
25034
9220
21495
21992
31142
13549
26112
26305
12928
1898
14758
17335
26664
1052
24792
5006
20634
18971
31515
16712
3621
2188
30926
16980
11469
5750
9139
3331
3821
15569
4267
21307
3361
26336
24257
21871
19810
11457
26474
25038
5491
27715
17419
21435
7293
25591
19644
10110
8182
1162
29772
30265
16326
27729
9605
28189
26029
16678
1457
6877
15327
23667
16477
4707
30450
32140
16476
22979
30458
30274
31247
5741
1011
1461
10980
24486
10591
21865
12829
17465
29999
19612
26323
22633
7655
11735
3898
24619
21502
12996
23846
27026
17027
6719
5070
27531
775
23727
15056
15562
2230
31383
630
30468
18119
6504
15672
6751
5655
25242
4738
1319
7696
22778
20151
5058
17616
6214
29813
31974
27271
13047
29467
15881
29729
8798
9864
11289
26918
31986
1062
31854
10462
26345
6440
23037
31416
28933
15887
23246
32236
22961
9075
27056
15456
25676
7168
30763
25801
15045
18367
3254
28690
3432
1174
298
13825
25847
18451
1399
13592
23293
18021
14997
4537
11359
2731
31166
4238
23092
25714
7131
4136
19670
20088
21820
17894
11577
12982
31115
16921
26748
12190
15363
32613
4542
17058
16349
363
5683
31733
3339
18084
30583
8085
15657
4496
34
22409
29873
19729
9884
23399
31854
4113
4659
12570
3891
1131
30314
27362
12236
13577
14484
1692
6965
1866
5026
21060
11018
25510
11834
31160
15423
20884
22281
8639
28177
2731
23385
13385
19772
18696
11238
16889
16239
21745
17389
7392
17149
5559
1671
4236
22229
10721
1589
23361
7860
19078
27324
19590
6041
32251
26931
11491
28794
23983
602
21226
23349
29522
31533
2420
27081
28989
17337
11053
19398
18958
16431
5971
2
27538
10295
25530
20110
8425
28806
28692
7912
24548
29363
15983
32370
1458
18246
13567
27427
18108
1555
11550
13949
21965
24774
29585
5311
1654
19390
7693
11355
28337
10527
23033
14762
19396
10786
6262
6879
11880
23216
15261
22586
12843
2864
10503
31870
17427
3229
26003
20900
15492
29403
7779
21969
20579
20811
17192
31878
7548
9629
5536
4118
22049
25829
21085
18270
20500
24305
22215
25520
31400
27610
26724
27408
34
6106
343
21155
5733
16733
17959
11620
17103
23899
2242
13081
5470
21988
31938
13190
7959
14077
238
18912
10152
7594
8708
25732
26188
7500
15030
29929
16879
3885
21746
23507
23699
90
12390
26058
28146
12721
4676
27595
12644
24122
16962
27709
27396
15291
22758
12326
18446
27014
17152
20639
7820
16790
7800
12422
20530
16346
21577
15986
21638
29649
5070
4844
11844
12375
4925
16092
20480
28095
14705
24129
13325
4641
5356
17189
11166
5109
17436
19665
10539
10977
13021
16189
2582
720
20800
11978
9103
9540
10122
21555
5813
3309
27520
23745
12285
6010
31458
2751
21976
18863
24374
14894
19088
6584
16070
7610
17779
13245
24300
18412
10036
27830
7053
21664
19854
22401
30692
18106
18986
12337
11393
28181
195
4522
22161
27068
28808
10603
11359
6749
11458
23978
23323
6394
18614
6566
29147
1506
15053
13369
32223
17376
31474
9388
15385
29618
24636
31184
1004
17340
461
18250
20277
26622
7930
32047
904
20036
21164
24017
24764
25244
5637
1496
14505
30733
22087
14996
21552
10630
8690
29329
10620
18197
12589
19564
18312
9049
19815
26598
6881
21818
23614
21815
28590
16855
4512
3749
21741
704
3376
12372
17663
31846
26347
25184
14183
14544
28427
10537
32719
23183
9515
4078
7755
15347
10925
24990
25826
3711
13401
25578
5707
3739
16198
18591
25076
8073
3326
18739
24905
25498
10973
8349
31282
9378
2234
22378
19165
8361
25290
5646
703
3811
704
29048
19669
28899
7225
26089
12080
1035
18520
29701
944
26439
25773
5163
28176
18683
22876
29698
29474
12601
2683
12884
5468
15416
30907
3360
6804
22785
21835
13802
24328
24684
3321
16470
22945
6219
3739
24309
13689
30437
20653
25183
9370
15014
23099
11906
20489
10772
21250
6713
2307
4101
24274
27937
8070
18447
18486
28584
531
28481
15959
16742
2739
3344
10782
27057
7480
18580
24217
22123
31429
32245
10400
15647
28304
18464
440
4684
14311
21182
27191
2817
21873
2150
11945
23722
5559
28945
7283
12074
4322
21711
27062
29994
28614
30393
21622
7856
9248
31783
15612
23027
30236
21539
16248
22126
2843
13085
4331
15923
18866
30432
9028
22914
16118
1732
21705
4250
26871
1061
11961
16335
2698
24341
30512
4573
27724
9038
6730
21628
12003
4458
11915
31540
4743
22615
6271
17523
22466
773
4509
13533
7539
28257
5745
23779
24601
23431
32763
7319
32334
29235
19538
22974
26258
18297
23180
23591
21066
15543
7650
17468
12808
19143
3088
20439
12045
3449
19195
24919
26125
9024
24982
31986
16178
13611
28678
12365
1891
15127
13061
6217
11973
20516
22148
31008
20610
11109
23444
7346
26570
4316
5510
27417
22040
20133
593
29059
7863
6769
565
19265
31620
25398
12958
8475
12021
27429
28747
13031
14170
15837
17583
8026
18275
22238
17048
24093
10211
3136
5646
8227
26323
4517
19326
2619
30618
10092
4632
32225
10380
18983
32117
25690
4528
30287
2685
12288
24774
21559
27528
2010
9864
24639
24515
20847
2353
25418
6614
3292
60
20338
31171
14117
32110
21754
7697
9929
10006
17283
4139
5785
1940
2947
4099
21193
22040
29684
17146
15432
15532
22601
18948
5709
16245
678
775
21043
10549
30288
31109
19846
8469
15971
19067
13918
19874
5315
32649
2539
10517
30036
9554
24914
27351
29038
8486
183
10820
22411
2527
23707
7856
835
2056
2409
8359
27003
325
18763
20601
13529
4846
11330
1526
1659
8190
30326
28023
12008
30252
16587
30238
29510
20055
1972
30046
13006
11303
7244
9149
126
24818
11171
22232
1293
13788
20565
7336
15652
323
25186
7173
26571
11098
31033
24168
14626
26131
21526
26357
9553
7235
7310
15033
22465
23553
14185
15920
10893
16462
6063
3082
12851
7676
18437
10542
12688
30664
7738
14848
2571
32202
19742
7391
31760
7183
18579
3570
19392
23684
12262
14373
7654
8213
12895
22382
8493
29463
8726
20565
22417
227
10505
24755
5140
27332
21612
19898
178
1556
27200
13109
16534
17825
15655
22545
654
21078
29303
11293
6077
5911
28301
21262
25232
17388
23396
24774
12787
3170
32102
10966
23748
9518
19073
21313
12679
17684
30590
28803
3676
11527
28558
30417
13615
31634
27174
18083
12335
20342
4877
1136
23169
32149
30900
7608
24885
24078
13509
8008
20601
29866
766
16570
268
30839
14912
18747
31222
32434
23523
12689
6775
19690
11597
10076
8253
5731
4035
21915
24025
10425
2686
5747
13684
19397
15106
29228
11198
22724
8107
3965
10024
19638
28809
30985
12115
23045
31342
23593
16584
15719
12356
9452
2281
23045
26276
7004
7720
24797
28069
26115
2166
1893
31986
5550
11774
4465
9760
7793
30740
12886
16702
25067
17512
2384
1965
11979
30336
15649
20786
22931
15717
31483
10057
21149
24988
23712
8892
23899
12119
31176
18293
19682
20717
10435
21136
27050
11656
12895
11957
25743
8221
32012
677
31516
6818
29502
3602
12553
2427
10515
18612
17154
2869
1334
30617
13995
20598
28931
11453
11232
14388
21484
25818
21313
31782
24091
14209
11758
376
26200
19818
31375
8643
24366
4361
29592
60
10057
19809
17099
16172
14627
12061
19966
10656
32224
23517
16670
9569
18294
5070
31092
294
13840
4477
13863
29449
3253
7149
12802
23352
14628
32487
2680
7917
4867
23953
6117
12192
5689
4930
6935
4731
7321
5781
25613
31758
23232
4796
22014
21572
9280
11031
27806
13973
15102
7429
9884
17022
11736
13307
31087
20526
2699
17363
12882
23939
26324
7526
26765
18228
1238
12636
25847
8784
5820
21827
8889
18919
26015
24287
19796
29958
24490
2497
24550
26857
20860
23323
18857
7021
20173
30675
15292
22980
3669
8406
1062
18284
15593
18863
6680
18786
3048
32088
16242
12691
32469
1360
23433
16019
15429
1773
29479
17297
26108
2804
25044
3211
15443
9063
14420
21182
4317
9118
25713
21857
19529
7833
1531
27282
2954
8085
5388
7313
6198
20701
15760
10028
16428
1251
5125
27002
20602
21903
1920
8140
14206
19927
13553
31201
4683
20880
32679
24921
10573
14212
4887
1132
8241
18884
12761
30940
23807
8256
30195
2856
27273
2452
26202
3587
23049
30245
1462
15876
26630
6509
15974
3487
26743
13715
20420
27988
15915
17727
8362
25638
24936
30636
6965
3151
14803
13055
30152
18482
20367
4311
3412
17297
6057
2341
13527
5376
24500
16190
7715
5018
7344
9518
16353
13554
8497
26959
23765
1869
32445
25115
4196
7182
5749
27711
1107
30321
7415
28400
13265
21116
5508
31362
24504
22579
2142
13623
6160
3852
30836
2645
32469
9634
23617
20347
10233
25005
7666
21556
15021
19506
26311
4045
14301
28151
14779
24932
2553
12346
8551
5698
16891
13730
29988
10859
9638
16246
31088
30578
29451
29453
24467
17810
32082
4998
26754
29435
1719
953
12035
9578
31699
9324
23826
14844
29725
25291
20611
26436
7088
2834
29418
17819
27215
13197
18616
12727
19366
21442
31654
15744
7378
23533
25687
8990
8996
24748
22328
28247
24610
12028
14508
20504
26319
23652
7270
20561
5677
10096
29717
20998
23807
15457
4423
7588
27347
12835
32391
26001
29248
21375
29641
30982
24685
2194
27145
6433
11730
29822
4654
9270
11331
7007
13108
2919
30250
9345
13194
18036
25364
3280
20921
14804
9583
23951
20551
17156
30097
15181
6363
24351
28157
24853
6817
8111
31970
23526
26608
25026
3813
6754
22315
31553
22304
9418
10981
21118
22635
4394
1352
5132
5082
2001
10935
31443
135
27652
22450
24163
12433
31988
11770
31625
18276
749
31990
11040
9531
23759
26966
31530
27620
450
14326
24096
16579
19238
16389
25734
28698
6857
18534
13505
21896
12637
21590
13613
11727
18729
9040
7275
13786
18686
26669
23544
15102
9069
31632
6404
128
13879
3457
10113
7767
15877
6744
15226
15668
12889
9949
17574
21440
7621
1965
10301
18724
18011
14304
19722
8399
14948
744
11714
4979
5461
1468
26004
14673
4350
19255
27393
10679
14085
1978
27886
13255
18067
14361
1527
5241
8781
10165
14855
19940
23174
8677
29221
953
10162
21147
27281
272
26910
6724
18192
19303
31711
22767
16772
26343
32265
29874
9919
12266
21025
8009
5529
28091
30420
7937
13376
668
1768
7893
20432
23822
30068
18902
6692
3660
23116
13776
31211
10777
25280
24874
8446
21435
14982
18446
23793
7240
244
21706
21991
5664
7794
12150
12203
16827
3632
12503
16637
14245
28692
31876
21802
13254
30455
1607
11232
26087
1808
1734
11071
11122
6320
9059
30771
5753
13104
19808
26882
26106
5160
7239
1569
21346
22242
10121
3404
22863
12303
9061
10965
22426
4536
17675
23869
14485
19319
12802
14081
31633
31462
32455
29366
18596
24664
183
3416
29097
27591
30510
23264
1159
5646
20465
18708
21175
23128
2761
17571
4608
25561
113
29809
31365
17340
4274
16176
1538
17244
31693
20272
13395
9910
27417
2168
31030
29471
27885
9493
14161
3634
26560
27570
27767
18701
18575
13417
29479
11197
28800
12249
32085
5366
9668
9337
11373
519
3009
5675
27286
4878
26225
3093
26932
8040
11525
26796
26800
28268
12239
2065
11643
26713
21854
6305
18000
21388
13035
25032
1978
29175
1012
27925
24791
4814
17702
17812
27995
27779
30336
16728
26839
21237
18614
2391
26428
7653
14803
21371
30363
21417
25891
757
3630
27684
2640
8917
28316
16373
4043
28375
22393
30703
1133
24192
13836
4297
25695
26218
12630
18199
9527
25565
14159
32633
19811
26270
28531
32531
6859
19724
13949
2109
31922
26216
1907
12155
25821
3957
30178
31919
13304
32065
7531
11405
17717
10818
10878
9808
23862
6564
24678
31147
45
25826
16518
30979
29506
18324
14050
17371
27957
7560
28641
21904
14916
1811
15185
27718
22351
10153
8363
23586
18490
12972
2200
8890
11667
14978
8117
20169
23924
30186
22163
4136
939
28560
8963
1017
3353
21471
26256
4389
25176
20758
7756
26890
13729
15774
16336
109
26604
30875
26494
5302
18776
14529
15369
4444
14542
15720
11064
27038
26337
5603
25574
14964
16377
29454
12622
18629
16817
14119
7045
12250
16253
14303
29000
21523
23184
26288
7928
28120
12541
21360
30435
16595
2076
15655
20165
21340
30255
9502
5775
14901
20293
6200
19558
19576
22879
8837
29167
21453
3026
8469
26314
3296
24044
26122
19548
3091
26842
25329
22226
23152
24777
19795
12130
24289
10572
29062
19412
26531
2302
10185
24386
26616
16488
8081
18460
15900
2085
29981
8046
5499
14915
17744
19814
14625
10989
13248
18193
27250
29767
5899
22885
4123
14746
16234
9604
20808
9649
2952
12863
28952
10371
16276
14041
32333
14354
21140
782
11081
6290
9725
10324
25142
28622
23425
18529
27012
10184
15657
11501
11416
25759
27555
3257
31938
4534
18141
8656
24176
18963
17619
29965
13986
8197
10917
733
27806
2058
23532
7494
21477
27375
13390
12073
29285
9017
8016
17604
30448
27076
25196
32122
29677
30122
19812
19159
12878
21350
17621
8399
12482
14138
23311
31558
9003
20174
27428
23766
1618
22041
27199
10956
7129
29572
25399
2675
25202
8013
20580
9110
24143
6698
18354
27712
17882
14128
11507
25030
26277
31986
24186
21255
22180
25069
4069
8179
17818
10276
18234
4682
721
7175
12342
13222
2830
15001
14817
17596
12996
722
12902
14815
16520
30274
21794
24774
3013
3320
32507
5006
29617
8354
31987
7426
17023
4854
10492
12827
20695
13136
18703
9411
32131
10140
25720
13278
19819
23670
884
7307
18371
16528
3325
20647
25219
20308
14053
30356
4887
11979
15394
5688
22360
25790
19817
5960
19132
26395
28670
29894
7113
2969
16074
18888
30160
6815
16814
7036
13015
2403
20247
1129
27095
8015
11218
9463
11560
2728
23842
32050
3385
10353
24848
5067
13188
909
16643
3679
10689
20261
12944
7932
8538
24649
14995
27362
20256
27354
1663
20102
12092
1447
28658
8925
17768
14806
24205
26582
11615
8582
31746
30761
3985
22962
28270
10831
19996
19288
3306
721
32248
4059
16988
23494
113
29863
4756
9623
20699
25107
30100
9478
23169
10635
32046
21103
27358
32494
30933
15949
5136
8501
2989
7935
5001
30294
26852
27597
4360
7783
10821
10534
18887
16903
29962
18987
31734
8186
24818
19314
9833
7699
21908
27395
28814
24919
20979
8615
20129
12639
21074
16739
13859
11006
18506
23871
30344
1572
22809
24139
2608
29442
22077
27108
29592
21103
9282
32052
31442
19851
984
25080
24370
4258
28968
24710
20811
11603
3432
21262
18713
26609
18093
32288
3200
29737
12801
21102
31221
25829
19382
31700
27516
21361
4602
24981
17874
476
11691
31720
2027
31906
7532
8883
28319
32647
5880
14742
160
8646
4790
23851
5807
3435
13710
30092
13327
17918
3324
21014
17210
16993
20834
12909
2772
24059
8867
24768
28381
25879
29421
16719
21034
16518
5078
31530
11286
1164
6571
7739
9845
26362
2308
27270
22473
24727
668
7344
28089
32196
24928
25534
23486
8800
32454
25632
25120
17642
4448
27630
289
25829
22961
15473
11383
16513
4415
3301
21248
3447
20457
10877
3762
14645
23419
22952
4305
29755
5504
23699
7780
3269
31576
17135
12521
23722
27786
26356
3912
20100
11099
15270
29446
15889
19359
20567
3515
14297
975
11629
710
23569
5212
28261
10559
26816
14659
15640
10797
12064
23010
4669
20217
30791
27401
24368
5155
7430
14165
1266
21556
21778
441
15472
7924
353
13918
21512
4316
30167
7597
26185
16078
1570
17834
28154
2564
23011
5507
23390
28743
19470
16232
3767
11361
22931
1182
23561
15060
25406
32719
31776
5836
18139
27045
3796
17235
5023
2967
4748
29892
24003
21762
29953
28290
30066
18043
8517
26857
1253
10084
12035
4997
22989
14781
5896
1922
24049
24637
4354
15972
792
27297
32392
24825
9769
31813
1883
651
11665
16625
19180
7257
26341
25589
19230
23881
26568
32120
29772
8663
30224
27149
26254
10321
15140
16519
25656
21830
18088
23055
2468
7228
9309
8307
12850
24737
2370
5825
11916
25348
23552
20501
12335
3717
7300
18607
3623
14986
28398
21832
18201
13492
19882
7334
25735
10002
9948
20335
9040
11924
26882
4667
1398
13762
17109
19948
12580
26541
6767
23106
16624
20262
32691
13994
26973
30255
7658
17751
6052
6575
28842
15508
28084
17770
16380
16985
16247
27695
10173
26140
30039
20563
11845
27881
30721
20575
11847
9141
2408
27654
6136
11248
12045
5466
19828
30297
4479
8767
7773
24598
29981
29215
9925
9732
12323
7135
5454
8780
16869
14354
7311
2103
28501
7021
5050
4675
2251
5499
2684
22134
15622
1938
21541
13554
7534
26630
19977
5322
14235
1436
25894
25364
26651
8002
7943
2111
19056
9213
10728
18343
27225
12066
14362
15719
6739
5321
10921
28270
4958
4735
20285
7894
16900
30779
13630
25201
25752
23956
24123
7076
24252
14128
19853
23672
26149
24704
15159
24046
27811
28074
28177
403
27483
22983
294
4437
29527
25935
6234
12693
10050
14545
18512
14717
620
8168
13706
26004
4373
28778
11986
6287
32231
29154
18137
7787
6340
22849
12575
9656
15042
11472
26130
25400
11124
9321
21114
5032
27500
23015
5652
20446
2045
24027
5501
26388
23622
1153
25426
13188
25451
32498
17558
7477
38
5274
21588
16148
23935
4333
2693
25158
19671
14678
10803
17341
17707
24432
23263
22537
26519
25465
28961
369
11545
15108
10894
27715
8600
20461
24798
1384
20517
19346
30799
16187
17536
8768
3396
6300
17886
29420
9522
6719
12009
3876
26300
15946
1801
16197
7453
30240
16610
5869
2759
17015
16926
28083
20297
4529
6252
20502
25718
22633
32712
31924
30404
6220
7678
16829
7410
18730
5993
20134
13038
22604
24833
20002
23541
12809
29589
23630
28668
2452
17492
11563
22607
21272
9874
30546
8056
9223
31433
30435
14434
28079
20190
7359
16574
17934
21414
15863
17062
13031
19369
22404
14720
11029
22310
14904
24102
16928
16727
13044
32324
12814
13045
796
25345
14203
28159
15688
2785
29676
30392
23100
15081
19041
19951
6683
11013
27177
8322
1495
20904
31738
4133
9452
4786
9537
31072
15182
21910
21943
23255
9119
18108
4917
16846
6566
18468
14281
24556
2301
21837
22025
11839
13321
24149
14247
16769
18223
24161
10822
13210
11333
12607
3724
18021
12871
27722
23929
9143
23884
16014
6135
24222
29368
7213
21682
6630
5554
14594
24617
30690
2009
5763
8966
14185
25138
10476
17066
8734
23141
22426
12301
12276
26666
23732
6341
1010
24318
18449
28260
9780
20506
10582
30727
7987
18597
9567
8748
22598
16425
31457
196
25960
19268
14925
14218
7227
26272
13559
15506
7245
28196
26487
10533
11418
5228
25423
3276
4691
28279
31695
30379
17630
26528
14902
10512
8990
12752
23834
11084
3572
1521
26378
11714
3078
18598
113
29757
23231
26425
12477
14983
4247
213
12993
18231
13460
12277
26712
8394
28432
2076
12620
6389
14270
7111
10614
8762
9448
7839
4646
9146
16378
30708
27333
16202
836
22887
31928
15816
25852
11750
24200
5552
4994
29918
12864
16362
18152
23979
8983
20198
19378
14164
26191
31723
10970
2165
17245
7852
4888
25468
26442
17181
26464
19224
1881
20868
5803
15087
5866
31955
8442
10384
5278
27445
28056
4264
12988
19687
22176
25720
24276
21833
3520
27526
27810
18997
15932
28051
26676
7567
4150
14542
21327
17693
28972
22599
21008
17561
17858
3750
2767
7685
26818
26909
15688
7231
7009
32411
21757
11221
19140
12099
31446
13850
20162
30748
27147
12922
1516
12042
3139
25098
29386
15101
8446
26979
15976
7272
29744
15537
17425
23029
26670
4615
2651
9591
22222
19958
19812
19743
3530
7773
32346
19700
27238
14210
23617
5245
22611
26466
2544
21696
14290
29510
17757
27249
28445
29591
9243
14435
11010
8691
31009
1602
4817
19840
18381
14212
29560
27009
26665
28317
9709
27175
16492
28786
13516
25513
14276
23569
1346
8087
18002
2719
1833
7275
18038
11153
12404
11105
27470
28960
18382
8328
121
24822
17022
18713
22305
7470
14734
7176
1080
14715
14892
22746
21505
28839
30032
2230
5843
20032
4767
5566
11034
8334
10896
27808
26782
18119
11213
23655
20744
12166
12252
10392
10658
7034
766
378
25182
30811
25431
22197
28186
26659
15184
14366
28706
18554
23354
14546
25334
20082
30260
2178
7246
2676
26190
14093
21084
26747
31726
22100
1617
127
23667
28234
30754
19253
13337
30538
1932
3829
16156
20142
9814
6395
28193
22941
16342
5843
10705
18980
14774
9231
31175
14984
29176
24635
4780
4827
24120
8467
4000
27854
12337
5363
23260
27078
9091
27022
2454
12082
22708
19171
12069
32027
24948
20077
27494
4860
25125
7834
14430
22229
27802
31359
15137
29307
30751
24010
7154
23346
6842
25848
10667
30589
26545
16840
19552
22325
5964
21487
2879
12761
23516
14861
10682
7973
2044
28384
8169
15846
27159
18103
29225
15628
299
24874
11274
31489
28364
25353
616
12089
19051
3218
24791
21003
14808
32743
26181
14015
29446
19391
5338
3048
2831
3675
14627
13812
13943
17596
19568
14337
24245
6675
22138
7922
12527
19321
4681
8898
2566
29664
23125
29209
25554
21577
8172
23581
10159
27704
29139
19595
2616
30309
22064
19974
21586
7605
31655
1711
15725
32360
1476
25333
15110
18324
30873
25263
26992
4306
1960
15464
29141
14391
19459
19193
4472
23686
9649
31070
9788
18339
19540
8386
25706
23883
21257
3292
6575
25091
9104
6782
8548
11854
13485
9323
28178
8739
32717
12906
19510
27806
31213
7832
16961
31734
5048
9474
12771
10671
1263
4467
7817
30481
26382
32651
15653
28120
25389
24849
12589
31021
30500
16010
6886
19157
5618
26123
23266
8361
10080
31819
11975
32326
10977
9212
2899
12037
445
12124
22429
9262
9326
4103
28062
872
18250
30991
1007
31092
12899
26446
25812
9499
20652
1019
5754
11877
14941
5500
22653
24076
16024
29307
6829
18736
12364
11068
20754
25932
31322
23854
18734
6249
16118
25792
25729
6546
1616
24949
23635
13703
16500
16443
29357
19382
7791
16377
13481
5990
1716
9319
12779
6454
10430
2850
19824
13510
29686
5888
2951
22196
30166
26016
284
14026
25423
838
18492
2677
20840
20710
7638
15225
24873
4223
3263
30436
25271
2987
18937
10304
13248
2163
9781
13581
23833
103
14486
3183
13222
19951
9912
24355
123
17372
11761
5047
29760
25410
20951
19195
27098
9098
21506
2227
15432
195
22803
21646
13258
17465
24308
26460
20041
15177
26722
14459
26355
20595
425
32658
294
15025
687
32386
14991
14087
12852
10138
10387
92
11864
29707
9453
31112
15966
32411
19865
15790
29103
13981
15345
2764
12322
16160
14103
14992
8058
20071
26002
15726
561
8601
16956
19439
29556
22714
22619
16972
9326
20186
2830
23099
32457
17036
27627
14089
20594
25242
25830
30697
25757
4855
14708
17548
11786
32245
8945
2033
26246
17848
3135
19839
18356
27115
12465
29777
16653
13745
8743
11473
20262
18911
31354
29832
22577
5992
15386
1076
12743
24089
9717
25627
13285
902
32411
6816
32052
22084
6816
10516
19597
4440
8770
19150
5052
13296
23116
10878
10116
337
29755
446
12516
15633
10654
22250
17305
30598
9923
19762
15844
32382
2191
15085
21901
17968
29102
31280
30248
24179
31469
10144
21655
18478
739
17284
23504
16144
8407
26911
22241
19329
16094
4156
31793
12504
8004
3338
15880
3022
20781
16938
1105
13618
22652
14599
13215
15583
3316
5222
9583
4332
29853
4414
30125
9506
7530
2505
18809
11955
14872
11995
29482
18472
1625
27507
6035
4508
13874
9871
14470
8488
29858
22341
18583
22430
13700
7952
11298
28026
24246
24168
19344
19477
3195
30613
6869
1820
29982
13252
14909
2625
12249
32347
5225
20272
25332
27274
7572
12229
7473
14114
6172
10364
24168
17579
573
7977
4975
12721
4383
489
2364
4446
23827
21080
6990
28750
8985
28932
8521
7070
16295
15650
24544
24134
18085
23680
247
10409
23740
16315
22281
22123
13776
14002
28616
1667
23755
10554
14852
14737
10397
18452
17102
10865
641
18972
19933
5392
24961
2498
19761
24446
7996
5822
31733
22853
2535
4096
8362
1274
22418
23014
14978
8209
24236
1202
7690
23797
14282
30523
17676
857
11428
12771
21940
27336
6240
15816
9457
900
7444
7231
14366
24973
21126
19070
2530
32256
21046
11672
5717
8866
17566
31407
29284
13245
21432
28516
29302
19499
9921
28307
9296
24496
19261
21822
8245
22413
12091
7110
30034
23889
4314
5985
13658
18419
1804
28616
25454
24350
1946
7472
19007
26828
3688
636
32118
13590
18939
30641
2644
7242
28984
22698
7061
9023
9838
27661
5275
14821
2967
13949
26568
18464
27611
3601
11308
31959
7766
517
13920
4936
1563
27312
14513
670
21369
13750
11905
19397
27261
17023
5867
22909
4791
25320
17062
9901
21569
21560
14636
7930
9726
17493
31003
28057
20768
14136
6107
11873
11757
24734
1153
13605
7618
17920
29171
24384
26200
15558
11341
9073
21062
6328
23940
21482
15047
7861
1354
18083
24254
4007
10289
22516
10999
24502
31250
31587
22448
28092
1968
20155
32600
20217
9113
25438
4758
777
6733
12763
19853
9234
29090
27587
4703
26434
14183
8121
19695
377
9032
25545
17388
17474
4081
31227
31499
1800
3959
8999
2707
12423
7923
5130
4127
29824
15728
16538
7327
6577
27143
29079
17313
23556
19784
22627
12239
16135
4572
5395
24760
25756
12393
25286
30163
15346
12982
24117
10944
7347
12816
6796
26834
8831
5356
30841
4555
23706
20429
29570
26598
9697
11624
22939
14107
14595
25094
8440
9118
21741
28203
20512
16809
1414
5237
11331
23163
25757
26310
8653
673
26399
11942
6971
25972
2702
13538
14893
27107
30382
11385
9917
5234
26498
17593
26896
19075
29558
9894
298
23252
478
24987
12551
28490
1439
2868
11495
19437
20524
5738
9705
32563
4277
9728
25307
26497
21403
24095
23377
12783
5670
31037
2292
13900
17018
9283
25373
21602
10183
26094
14499
13946
17089
5493
23537
7459
27216
9325
21851
6192
13448
16362
4018
20736
10203
3304
13077
18946
3213
1001
8715
14199
29289
12255
19663
21882
16051
21579
20203
24382
22109
16039
2824
2968
14461
18178
14597
12989
7423
17386
6726
332
27543
30094
18511
23695
7930
11300
20881
23550
26702
11657
6275
31748
9951
7719
10485
28166
2067
28956
30626
10658
25504
9113
16388
9012
10236
18311
29804
19359
27414
8561
29777
15690
29507
23966
31976
14952
19579
8317
2038
24701
15813
30279
3299
13597
13040
26079
22543
28663
28292
11005
27753
9747
6136
23435
9021
14936
31269
31823
32333
14161
1531
18635
24612
30257
28019
12897
7847
14100
27332
23227
9197
3719
2010
3434
4432
19531
31236
31949
6340
16214
26093
17973
104
31515
8141
326
1115
523
15328
24225
2769
31068
792
6592
24166
18953
8207
16928
25266
21274
6207
8102
30493
4389
25973
13884
31732
24341
17283
11451
11709
13354
1589
6925
19144
833
2951
915
14087
8022
7701
31684
4639
18759
23507
18455
29631
19162
29950
28451
16945
17154
22355
2053
22319
1886
6526
18435
26359
16131
15061
4975
23970
6779
2886
5581
9905
19725
20366
9528
4841
11071
30124
29953
20577
4762
28054
23450
10457
32429
31274
12210
31309
28501
3687
162
7626
1083
2781
11784
12417
29085
28514
8881
29466
12882
21767
14013
13130
6920
17483
31997
29608
13009
15246
32672
17852
29918
31176
12303
2649
24457
24954
3605
3117
29849
2021
19011
10391
3778
17531
26515
31416
12396
21651
8267
15565
12214
26464
4644
21436
25529
9764
30124
14572
14097
3233
25833
13914
17306
9680
30015
10474
23415
214
10387
15611
9049
29236
31153
22845
8701
30014
2027
11207
26871
16846
9731
3428
15023
27193
20556
12078
20905
5506
19979
18015
11529
10702
547
10851
1622
31512
12018
6450
21630
21030
12662
5596
26
24508
30644
5477
11508
28687
13914
28116
15558
29308
8611
15239
28485
10618
11643
12489
17246
5838
6372
935
32192
30718
18584
28159
30874
26375
13551
29657
8358
29522
28420
25594
17254
18149
275
18103
4782
11223
11814
12040
354
1542
21745
8669
23937
5388
31226
1973
19298
4718
15613
23660
1598
23
15758
4436
2543
15109
13056
21896
2551
9795
15238
14461
22980
535
9880
23258
10803
17276
16024
8586
16466
32722
21942
7951
2410
16597
6673
10009
12349
21708
29982
16471
6028
28418
31310
26765
24028
11386
10475
24295
20090
20703
1347
26765
25533
20410
19721
17271
16011
30184
19192
15235
14110
18250
3513
5572
27400
25790
1543
17949
27765
3662
20497
8975
30385
5544
11296
3024
19434
21710
27257
13469
8246
32015
20101
3408
13784
21046
11567
30261
3775
9729
19086
14106
22351
10197
15044
27813
28260
23727
18982
24555
11924
21342
12445
31805
23733
26864
5195
22341
24479
12650
8050
32595
9523
22716
11666
1009
22685
4083
21458
27837
19925
23217
18593
4728
18028
20698
28317
3674
29573
10385
1716
13224
22818
7267
19849
18313
30369
449
2073
27414
22662
9140
17310
27568
30586
13772
19636
28054
2196
29530
8634
9398
8920
16094
25723
4036
24061
21955
3853
27018
20084
27722
28666
17535
677
17861
12702
1178
25980
7429
28880
11112
10788
28949
9925
10845
9490
2601
27184
12136
13894
19153
19374
8137
10445
8562
20834
13607
11147
11767
21980
28893
18231
28612
20032
22934
30119
4075
15268
14105
15950
7075
19385
16486
31747
17142
27822
28673
12291
28601
22609
29326
1594
18625
23160
25502
28350
30036
22175
19657
28829
13534
20690
6909
6616
7909
32206
32277
12463
7999
7779
26285
2591
643
10780
5685
10666
9917
3362
30021
3670
9318
32094
9264
20728
915
10974
31196
30642
20844
20346
25809
8891
10720
25015
25231
30302
2455
28395
293
26182
31784
24738
7935
17912
31373
12609
23808
17057
3540
21481
30417
10770
2582
21406
30072
8969
30125
28073
28716
15026
28834
11066
20327
27501
12389
15954
17982
210
25537
9696
30190
31986
4878
23851
28599
25312
20649
6767
2285
2673
19873
24779
13644
24895
9907
26970
23436
15604
32121
10145
22581
8901
12766
27945
8885
10300
20437
28780
18607
20795
1355
15094
13207
3902
13401
17092
27772
17888
30143
13040
21028
30881
8078
10128
30046
1510
9252
24795
3988
4929
23901
12685
18336
3827
6152
11405
14560
27311
29592
21965
28813
29601
27164
23154
21832
27567
5234
5174
11510
18431
32439
23562
13518
14521
8449
28671
32688
24078
20561
28774
3769
20089
15299
14390
22548
21060
18952
5295
12307
30799
27414
8253
18558
26637
12830
17567
14891
5327
19391
10312
19662
13893
9337
2822
28947
10817
21348
21985
8426
9151
7458
25158
6690
19235
8978
15461
10042
13249
4806
25815
27252
19106
27064
21892
24362
8837
8504
19908
1381
16677
22185
10692
27564
20922
17389
18732
2842
24770
7198
18686
10676
1281
8319
5313
14073
6599
434
4832
22202
28273
24875
28749
3627
3890
1764
20329
18235
2836
8018
24104
7713
23353
5529
6000
11575
20327
24060
13251
19212
9156
17559
3358
28340
9181
5200
31265
11875
32493
10763
25711
3131
12637
18461
7768
1377
10119
15875
15286
5974
32191
14421
29204
12165
404
19701
17430
14616
22611
6028
31765
15632
28365
31287
14857
18581
5722
22141
6316
3466
29470
21125
11740
29029
8075
32389
27201
32318
10535
28286
7217
27173
19088
7207
6608
10425
1725
9510
22140
15095
2438
14726
26472
12623
29031
20070
15238
5117
26241
26862
2731
9622
8929
5512
16366
13281
20485
24396
25425
27369
23964
23483
18083
24144
13710
7857
31140
15590
28988
10901
18795
25210
29705
12499
20229
15345
3865
13964
20831
12693
4697
29068
32357
2991
28351
29052
16236
1367
19923
26968
11469
395
17006
11556
25811
5759
30401
14299
18904
25396
31642
19881
27562
25420
7395
3673
8244
13597
24427
3089
3930
1540
3050
14909
13860
6395
27455
18633
9503
7022
6139
16275
32256
15435
2339
28192
29835
14681
14898
910
22195
22218
5214
25289
24579
29971
32028
1794
23612
14587
11750
3165
23872
31218
14652
12522
2094
27301
24809
25047
15823
12239
8583
10468
8753
22866
5957
3606
18321
29062
8168
16816
126
5841
24080
8799
7484
21368
445
29621
6247
10164
31249
22744
30424
31241
29784
26492
24269
25043
19525
26382
10819
34
20862
4146
30887
23239
1628
24688
942
28079
15339
22058
15234
26224
12089
10450
28190
15906
3021
20826
32251
9584
30581
30443
27628
30446
2885
5081
14406
9134
24028
26327
24389
19982
745
1127
29867
1747
9198
7317
8874
24700
5700
18661
4100
19664
4704
30346
29041
30906
28756
16600
19009
6742
3480
20476
8258
25932
16395
4075
9956
6493
31285
21400
9627
24379
1231
14442
7557
26526
29061
24045
29261
148
11002
17864
6735
5400
17933
28655
6653
19175
30811
1817
20097
12943
22532
12661
19364
15817
18611
22936
20718
28680
14808
954
6670
32082
6712
803
3709
19279
9384
9184
5215
2208
27157
7354
2730
20081
15560
23913
11913
82
24808
3332
28675
24130
9793
19644
31192
32013
20291
4810
28843
6361
26958
12710
11622
30203
31277
24442
30427
17423
9952
20950
32423
14151
14238
16805
9564
19459
7450
27488
18911
26786
23302
24449
10254
20888
31701
14139
2726
9153
29126
360
21604
18678
2334
31683
9323
6877
20404
27735
6630
10245
5555
12087
31470
20274
27548
19568
17070
9461
16778
10812
23237
22400
3002
12152
1003
1209
4170
27224
12760
13965
16961
3930
24162
31111
19920
25720
6117
16801
14808
27810
20199
4442
17067
26475
9980
5896
21015
30979
20200
13424
14497
3685
9220
9364
3086
20945
9443
13260
20264
17277
30516
15896
18110
19080
1258
26549
8173
21039
29851
17390
19358
18243
294
24117
13136
2522
29849
22898
11032
10054
19026
6555
17637
28739
15460
11141
26889
16244
16444
24314
22517
1041
13956
18187
31044
25818
21063
5287
7164
3919
31574
32621
3088
1826
12267
12479
8489
2541
10637
25880
10917
23329
18739
14239
23776
3134
3756
19452
9139
5450
7998
19050
32315
20860
8078
25101
18396
13368
25791
17799
4741
19008
16606
21958
30261
23336
28286
28447
31166
16138
24479
3233
30921
15484
29653
13731
11034
703
22950
27040
12565
5177
7987
32325
18817
13605
13851
9159
5261
12938
28316
890
2064
5481
11771
11424
30997
5691
25638
17278
24215
25755
1177
9910
12681
5951
1662
32464
3610
22572
12312
27674
31286
8490
12641
18098
30032
7286
20978
9441
13663
32184
13860
7082
13606
26420
32629
28067
30649
12100
19501
7172
9533
6662
23105
3582
25839
23378
20855
16974
6248
29935
30923
16145
23583
17670
23313
13274
28975
22742
7901
514
29786
22442
5536
7999
1614
6664
17939
1656
18728
16684
30169
10968
22327
25269
30304
8482
5890
7325
14600
29508
4236
9582
28295
21038
10198
11443
13708
6628
24742
8109
7330
23506
3975
9800
31575
25441
7185
27725
26270
26823
14442
2777
17523
26147
12813
9742
17085
17097
16330
4872
13688
18650
28942
6675
8211
6425
8805
10523
28183
4345
6973
2660
7946
22267
14573
29563
27027
310
19190
108
6623
2615
1160
28469
12098
2060
10056
12155
32034
22940
19280
6780
21265
15930
26743
26437
28729
2937
1235
12068
17917
30017
11389
5729
19933
7202
5780
27945
30362
21993
7045
23755
27803
25713
24713
29991
16784
3772
23663
11874
14165
20546
6555
13023
12825
4745
22863
1387
5567
9462
31785
22456
4740
26339
21485
9485
9443
22514
17029
25915
19638
672
19014
27603
16285
29981
29557
18326
6819
15451
11018
13869
22303
5476
32435
27
1753
18674
23068
20719
7022
25913
10606
24510
15606
18952
1302
31696
29667
15120
19143
20890
10796
27779
18370
31724
18348
15842
22613
13676
28101
5904
8353
15939
5704
7082
17057
18966
6553
10395
13672
2616
24590
20458
8618
10270
17049
18135
26494
17427
24231
31271
12642
19500
24903
15548
14464
16255
3471
17512
7728
12688
571
26883
32445
8716
664
22971
8556
31930
18081
15532
27066
21934
5735
27825
28134
13760
13494
18809
22191
2876
23797
19933
27743
4827
22606
24688
29960
19698
28175
4696
18446
21226
13136
16477
15077
8432
32215
19008
19228
10221
32312
21582
10651
15289
17728
18228
2857
12684
14484
533
25137
17077
14998
29402
26053
1934
2440
2250
2531
7855
6644
13658
19703
21602
28747
28486
32418
24151
15820
27616
25530
32665
17575
680
23442
10433
18275
28446
27259
26730
1917
25812
19850
16356
5970
10695
31644
12333
830
10991
14232
4892
5638
16149
6132
5344
15475
3045
10107
25001
19520
16708
845
23461
12855
7908
6695
27950
19350
30741
28900
19266
28343
10718
4164
15411
26352
14156
32749
13983
26553
10
29359
27811
15116
17714
2060
5964
12050
28771
18168
5710
1787
20756
13789
14329
29485
17447
13282
15720
21666
31169
30573
28412
20363
19802
21990
21769
28986
25616
14527
26830
27966
1345
25521
20907
13776
24920
28744
654
29550
15079
8865
19375
8133
9719
31603
13437
18388
20892
11084
12759
14671
4044
19229
3200
8001
3952
32249
3021
20982
31932
24602
14497
24088
31676
26405
19611
1816
12592
6062
8590
18639
19866
13311
13618
7270
20117
18453
5401
1139
27240
14060
18148
9316
23003
11517
182
26401
29770
7172
17897
30957
20983
9222
15360
6285
26788
3475
19421
941
22114
14665
25397
639
20132
10393
27200
22181
23959
974
16821
4433
30134
16714
23797
5291
31641
21011
19590
17523
17421
30607
19652
10727
14442
9868
11475
3815
5409
7043
8664
21591
30357
1054
23145
1989
10284
25079
26178
31819
27045
2723
17977
27319
7852
26863
14452
23786
7339
25449
5337
26750
2788
3107
19910
31916
2237
32179
26882
18284
3674
2430
1268
30173
15217
6967
15891
21480
2138
30114
2206
3872
3430
11422
21133
8429
21618
98
455
9194
26812
32263
8853
6283
6389
2375
23127
23811
8087
13188
29302
23653
9592
1035
3993
14601
21152
5531
26908
30257
24919
11553
5310
25836
26499
11718
15001
22587
18993
3627
17752
25715
3954
13043
25252
11746
616
21123
26591
2741
23968
17925
28437
31769
28578
27571
16431
17057
28103
32338
23146
4584
26955
1532
12808
10103
6819
17955
30278
18665
30481
19667
29581
27981
17525
1847
26092
5579
8038
32607
20422
6539
10113
10048
10440
26834
17921
21757
31006
2926
17041
21605
13543
24149
6750
12732
27622
21641
19823
8638
8570
16190
5689
10977
24784
24895
16238
29659
24919
20878
3095
23396
20340
29002
26082
15677
3448
30934
17853
2161
207
24632
2723
2779
16249
9919
12982
5608
12735
15849
10895
24734
31774
7043
9938
19165
17800
14098
15365
26085
11724
30322
10402
26137
2130
19901
1386
25091
12043
5743
20477
663
424
25031
936
2236
25866
19056
13438
19464
22266
2400
24746
5835
27163
20993
27651
848
15900
14734
31201
15967
18482
11712
6447
21254
32710
16043
30402
25498
17259
16354
2537
29688
2578
1250
28486
10512
13441
15534
26076
8613
4865
12470
8808
19534
29527
27389
27893
24257
19190
1915
15531
21072
20851
13505
17896
2484
7993
10203
11922
1034
9342
1914
23723
16667
3190
4691
4901
15072
24774
1218
20728
6214
315
435
9843
32046
17340
706
29903
7096
20605
5025
19466
27329
3702
23738
23283
9642
13332
16662
9601
31067
20526
4990
30056
648
24378
9952
14574
307
16577
15860
17403
25971
8464
7710
10096
6515
11057
18839
4794
11453
5913
9416
29607
17593
26659
2806
18552
30320
28605
5668
22583
28054
26721
7733
17739
1224
15560
13138
11849
13074
20314
6027
20749
29364
21992
31681
25610
1318
7581
963
6622
14425
19250
21943
809
4416
27490
14524
17056
32655
26526
1741
18269
32451
13057
30184
377
18530
17286
31856
17629
31620
11129
21713
20053
23954
26411
25698
7911
6222
13034
2447
8546
6419
32048
5431
20025
30046
18715
29523
16786
30862
5405
18137
30619
16104
6645
31968
8989
478
30174
6916
21075
31121
6150
19724
22012
30612
65
30154
7855
7923
9983
18243
1135
23924
8572
9744
11391
2588
22070
23556
375
19701
21924
24079
29080
13327
11045
10594
26461
6597
14903
31700
12370
16449
31721
27525
17961
17987
12435
8641
11787
22813
22980
15655
25132
18435
4220
7946
31138
23681
2971
10263
631
7245
27290
10296
16893
22591
6265
1465
20321
11422
23288
24490
15491
22173
25098
12164
16645
805
27527
11791
7075
31445
20257
32642
7618
20296
1689
27372
5451
28054
1587
8404
2233
14877
31079
21788
31089
6529
14297
12332
8274
2801
1675
23372
22670
14252
31057
11344
11448
7108
2182
13435
14878
11298
12030
13982
24152
7627
9275
18560
25377
12898
1764
9090
7270
11757
2930
26755
11421
23004
813
23298
25432
14663
20311
22402
27162
21111
5287
2355
13161
12712
17145
8910
24612
2317
17731
7873
3863
4629
28107
19084
19149
5101
29335
8555
2469
13126
3621
14901
29736
28504
6237
19588
26010
28710
11204
4374
23247
2564
10994
371
17217
6743
14918
15056
26719
8605
472
2100
24359
16045
19375
22489
14326
28479
21045
8149
24735
14766
21223
30201
27835
9213
14673
24314
14401
7193
30266
6350
6231
13661
22300
25689
3687
24411
29143
4681
12660
31194
30885
22335
16815
27163
2641
11055
6725
5473
21156
14345
30076
25775
3873
7065
14078
13780
19442
172
12404
23973
27937
21364
5207
8074
22539
5421
2819
15932
20754
4865
7694
2508
24979
1065
28119
3816
23064
21334
25954
19290
17614
5967
24675
3025
23609
32475
30616
22244
23078
13281
26460
2388
13025
31182
17530
1937
4265
2871
29503
10368
9057
31424
5331
15740
6280
6972
24265
23451
20331
13077
4340
18994
7577
32494
32124
15003
14232
18312
22322
11573
4566
3810
14881
10157
19938
6309
8805
8316
2012
20926
17729
17329
6187
23373
107
29937
7533
15550
21418
12988
25268
309
6307
16113
30191
17456
27888
12437
678
29032
627
21200
17643
15352
18922
30008
10381
4288
11203
4435
26766
2060
17201
26966
17111
6769
20351
1075
5163
7416
20389
10963
28762
18559
31769
19104
2743
20571
4839
24903
715
19522
10756
21948
26955
31081
31711
25214
4424
5865
25146
29980
422
24935
29496
9976
6863
29172
29879
13131
17576
1074
6623
3689
14533
26552
16123
583
15577
8376
6024
29754
24944
31711
652
14337
6368
6525
31018
5126
14972
13286
19314
23265
17932
9496
8062
15902
31610
28574
26298
15936
6862
20148
15747
23557
24668
4523
26868
28396
4412
18063
26364
17653
11259
30728
17588
28584
4496
638
12016
25176
14994
17536
28949
17833
19624
11879
22058
9296
9280
30006
8241
21786
9860
27845
2487
17968
28553
19743
1450
3481
12490
26408
12651
25344
21462
3203
11556
26296
13637
11954
20060
23037
3056
31103
24776
11389
20578
27803
26980
791
14473
14470
8131
7138
7089
25262
4515
13169
21172
29915
9413
20309
26730
15306
27388
4580
11879
22808
31875
31545
2534
11363
19603
15228
3328
22443
11317
31332
12322
25342
28502
14329
16317
17236
26649
10911
21055
18616
11377
15952
23107
14248
23022
6441
10500
4543
19415
18728
29976
20881
30586
32564
14683
7639
25280
31581
41
14284
26884
3686
28368
10454
16933
21632
9540
29545
32730
3417
17941
19240
30022
13653
15007
6222
15565
17435
1921
19021
20517
13396
17744
15797
26288
14511
4492
14678
3593
16937
3026
18089
12509
15243
13140
26988
32764
7732
14471
31373
29103
17432
5915
10825
19277
6921
3120
28053
26889
7478
15559
23229
14350
13041
8310
14667
5838
25013
1121
18730
3990
27751
14949
1291
8550
18652
18582
25608
2817
3740
11500
24199
19520
17125
2361
14946
20907
9715
19294
25157
32330
25983
9663
19543
1977
22662
27636
13340
22651
10315
10178
11162
27792
2719
31305
18362
23626
29024
7550
27634
2396
21312
6620
31009
8756
29127
1111
25530
28555
16540
22674
29989
8250
20992
17233
15458
1871
27803
28977
29168
96
11899
13719
21229
28191
24922
7654
14206
1839
25631
17653
26737
25910
19880
31424
30753
2612
11463
5213
8858
20499
2442
30770
30974
30335
3008
14950
23592
17143
27320
23957
2702
26404
2636
3016
17772
8554
26910
23460
20767
19390
17442
30177
21710
19639
4957
12030
23888
7911
17388
26931
1866
25195
21319
21160
5272
11457
12231
21476
28911
2778
614
17032
27072
26992
17863
11325
7519
22426
20086
19947
25956
22430
10352
2860
16466
12806
28134
31232
32374
32502
31550
22210
13842
22972
9307
29786
17083
29353
20254
31925
21504
29471
5932
5490
20300
26604
24306
15582
2318
9686
29159
29475
6422
23671
7185
956
20034
19276
23243
812
1371
19720
2757
21744
26426
11566
14156
19890
21039
31710
28364
17855
29347
21487
16531
12219
20219
18239
18391
1940
19136
25927
26619
11700
25853
4083
7694
635
13801
4784
2965
21996
28614
12230
7818
32678
26377
6120
31396
13078
26043
9
2009
25580
19999
18802
18978
20171
20629
28690
26238
31301
14526
13077
31033
17414
5601
11192
8558
20047
17038
18011
26059
24999
3969
20951
22164
5837
5576
6419
4330
23792
29737
15058
1870
12322
31678
13263
13153
5131
4066
20236
5357
9946
15697
28775
8745
24705
19594
28014
3385
21026
21368
26740
757
31172
2642
25061
18155
32331
26560
29654
20647
26535
18495
27616
20018
10059
9414
14127
12248
1249
7338
21718
8494
17212
22207
16997
4948
4494
32192
5822
15480
7387
23536
16164
12443
21933
23042
4757
30616
15882
25910
12122
17506
21411
198
22236
12685
27214
1664
15289
10000
2742
23220
30231
19785
10577
5968
4665
12609
18835
29258
27984
32306
24930
25406
21651
28742
4297
19545
6801
25762
496
10869
5830
10915
1356
4229
17261
31335
15891
29236
28054
13456
29427
457
11128
20292
22275
9550
3336
5240
24314
18161
15051
5487
30367
1194
30440
30589
10880
798
13441
32273
6631
26564
14659
30195
17674
15942
32060
26057
2946
19754
15597
10208
28414
7601
29089
20777
28217
15103
9213
2434
3113
27773
19671
14647
22394
28540
14412
12233
1594
29723
7948
10222
31190
24938
27129
19672
16197
9423
21489
9402
24451
4265
24039
1161
5185
3636
18745
28928
13531
9901
3133
4326
28554
10166
29981
5267
8923
26363
28390
14001
27487
26902
7387
14912
14756
28592
16399
2524
1125
13033
6963
23619
27390
18938
18604
530
23586
1817
14057
16591
5328
19102
16115
24364
2947
4451
2373
18058
7082
17008
13535
23997
1367
32728
29846
271
5435
32478
5806
15239
2258
11100
10922
9579
731
6758
14691
3075
9227
4138
17240
18080
7170
7450
31045
23773
18046
5710
25335
25125
10447
27939
26718
10869
25483
10793
28900
15459
27778
3900
3325
9312
9460
9456
24063
3386
8194
14131
12341
16869
11619
1325
31534
31866
31832
10347
15451
9856
27362
30525
24538
28267
21810
26204
11148
22114
31073
11728
24685
8261
17249
13585
1573
15087
5428
2669
5338
5304
24411
27049
29001
30526
7570
5611
28437
20582
3002
2776
19806
3229
10007
18681
24982
26212
20411
16739
25744
20235
7746
9367
5594
21692
16832
6311
10573
10684
31224
6810
13026
12526
463
3858
1224
13209
32256
17964
13235
9322
17424
30376
13686
5053
3461
29770
19924
14616
27475
9599
15763
13816
3479
31812
26579
30161
13191
30276
24990
20304
22441
26688
8128
19171
27716
6324
14041
12923
15381
28088
25008
20113
17218
12836
16842
29799
5268
13815
3644
18832
7904
19962
9405
24754
26310
30368
12543
5003
2206
7729
24128
15922
5808
23079
18204
16287
10147
3033
6053
25454
10553
14422
5557
6368
19257
6036
899
6947
5804
7882
4213
28371
1355
2586
19509
22720
11577
10611
20487
12786
21742
29878
4698
15594
883
11031
6300
24619
24789
455
31571
27129
31444
9680
28778
16737
16859
5440
20424
10361
21045
5001
17960
29673
23933
15656
10788
23466
18518
32389
10130
18702
20573
29210
13588
17921
20060
27096
2027
29070
26817
10182
31244
7589
19022
2540
5750
31259
12561
11631
16322
28914
27031
19709
9468
6107
2653
24171
30897
23289
903
13213
7753
17640
22228
8871
16791
2046
3026
31025
3247
11472
13390
16160
28664
2552
5391
3187
12418
26902
18116
30314
12441
32021
25402
22510
9882
3504
4818
31021
13829
31796
3635
23173
7892
1415
26684
9891
30475
25961
13372
4076
8849
16122
23654
7451
32062
28284
15487
10540
27445
10331
21722
6778
17268
2410
10630
5412
18601
31856
8646
11444
9287
6371
31681
22787
6106
24307
10363
12887
22680
29899
9220
14543
18744
18707
7664
11009
1543
16057
1542
12257
30520
17905
20797
22501
23931
1658
2788
14694
3282
32547
1568
11338
18848
16015
17307
26848
31747
6453
24443
3595
11620
170
7057
21155
1101
24611
22995
26136
12922
8758
6925
17496
2354
17376
21971
243
10200
6348
14778
19837
30909
9426
13000
16181
28728
11967
16680
6115
16889
28756
31010
5639
154
1937
16203
4143
23415
3379
5369
24489
28352
29819
2298
24154
22988
6193
8326
31726
4016
6377
19569
11826
5649
28805
16037
16573
9782
24315
13264
18390
25697
5208
1370
14994
8544
15365
6042
30781
23135
19785
30793
15611
27392
17680
16695
18863
9646
11499
4924
17180
17966
4951
15730
3147
29302
22850
25761
8236
15811
30923
16123
11903
25062
10570
14346
32757
8926
1168
4326
26003
4268
4464
20651
14168
7011
22398
6442
9759
11647
24598
13279
25799
16503
18592
27428
27792
8086
18963
931
24776
19718
22968
27153
21928
15662
18225
26906
32377
23614
31673
31639
1786
4615
16045
3847
7174
14353
9036
19005
26482
13799
955
11350
821
14262
11595
6126
10187
13078
8703
7828
6619
11816
4937
8314
6935
31969
31253
5233
25187
26789
28680
3093
24378
30232
11786
18501
19534
15665
21506
29143
21871
1936
24032
19081
21678
10513
27105
27194
27330
18081
13326
23642
30379
32592
27399
12703
12437
11176
16894
23033
27646
10045
25606
23241
17691
22662
11406
13646
15736
27371
18728
4447
3040
28447
10384
96
9084
21936
23273
27759
13886
30685
18249
2014
13953
8871
23160
20710
7145
22571
4853
32153
28561
15150
3642
25625
25445
22778
31553
13064
30924
17769
5703
3647
31371
15679
4560
25539
19942
17084
4331
3316
24327
26738
5815
4104
11428
15957
3878
5560
14045
5393
21761
26425
21859
2976
22829
2158
14559
6939
20268
16988
7058
5328
742
12766
25912
18070
15274
11930
17971
14685
20592
7731
3557
15881
20833
1985
16478
15489
27289
31614
12087
30978
25643
8897
6589
17338
25445
3121
6227
18066
20822
2098
22289
25931
2702
10660
25521
25548
15397
16077
4780
18106
4607
22163
16288
8778
6733
9711
27893
19283
599
24990
1728
7848
4218
24602
19687
21156
32620
6088
10375
1798
7880
19827
28818
1791
23750
1785
25021
29066
7497
5700
19865
15356
544
20604
17663
17116
2181
17787
16818
23796
8170
2946
4928
9384
7670
29482
4905
27527
13258
14237
25667
3104
18568
32517
16733
3607
23830
16197
7971
20600
23839
23272
9538
11850
347
2646
17100
20840
10001
25934
25053
10124
16602
8336
32383
11693
17575
21466
9419
1419
15109
23574
6737
2440
21408
11730
14010
21177
8966
11248
12204
25917
28078
22175
23534
30413
9273
26250
12749
917
29943
10319
1214
9538
5805
11314
17988
24669
12438
7699
19988
23511
935
22941
28024
14053
14615
3777
20977
28942
31263
2658
31520
6273
13567
30546
18406
12973
13121
11134
24267
4876
25921
21861
30108
5183
1773
7631
15448
26464
458
4539
28494
28052
12344
26777
21631
20447
26102
31417
10313
18749
25064
31748
15687
22254
3352
20202
21363
17169
11004
923
27277
15732
24311
22394
5057
30379
11041
18638
1668
29023
19531
4795
31935
32233
5950
9586
6703
5151
15172
28324
25355
32622
3562
1596
1512
4394
17411
4941
31963
19745
15344
32073
18909
17526
15647
15733
21107
4781
20690
25753
7822
12546
6178
10492
32431
5119
17219
4239
23888
18253
3593
2921
16256
31691
26027
4723
14541
15325
7112
7781
22118
14855
19111
2801
17793
28090
20163
14909
14587
29293
31111
3223
21054
23792
24918
101
4456
31485
29390
3674
4266
12561
10062
5616
3821
27257
1205
28178
3516
20400
19053
28184
1630
14056
28585
761
31298
743
22250
9404
25249
25620
23240
16432
17246
12242
6127
26845
25905
16908
6248
26426
31492
7441
17434
30497
13981
15267
14992
19071
4222
18762
31228
9296
18185
13551
30588
8139
22760
20901
3229
30681
32428
31178
24094
25292
26548
26703
8182
22094
15953
15444
23191
18327
14119
23288
5493
15332
12247
9071
2754
15652
8411
10581
18556
1780
26289
26945
25258
32717
9787
11166
6883
21116
20582
2486
8463
15315
2314
18704
20850
24735
29969
252
5094
16346
13276
15980
16487
5409
2018
6661
11477
16232
29338
29814
18422
32748
18332
19721
26043
9577
31491
26231
8388
30605
12053
11777
29989
30381
17702
6332
30827
17336
30137
27437
21210
17513
13289
7957
24057
22464
24583
23438
3153
11954
3461
13143
32369
7456
24594
7533
26933
30470
17415
23515
12616
19957
1538
17618
24552
8899
3536
8700
21737
24449
16529
6670
23037
11693
19990
22685
31538
31913
28046
26674
18620
19564
19810
29344
26101
4216
14941
23445
2466
16139
16912
26992
21368
24730
21621
28754
6879
13179
10450
13176
6901
14306
27104
28872
8150
14350
27949
19113
6427
8388
31167
1048
13728
15869
25082
17145
27787
12252
29892
19626
6025
11234
2534
28894
603
24165
11701
5801
5010
62
12275
8151
29334
29891
6640
5762
20205
1013
20468
22756
11450
1274
25057
14185
23172
3277
20245
14600
29753
30004
16782
31188
6003
20466
1105
22478
11513
6718
14604
25086
27529
17525
4346
15810
30677
25100
3335
30309
17867
5576
2357
27379
7961
3633
5950
20044
29425
9796
27771
28024
21257
32360
26372
12346
16871
8611
28185
2024
13915
2830
12736
16505
30797
8070
3504
26592
15032
28581
4974
16281
5879
22000
32694
27777
19776
17746
7964
22762
28270
23498
26099
31983
21251
3424
16238
261
877
31581
22533
28371
30088
19387
26394
25668
17253
5339
15325
31962
16202
12662
4461
25925
2297
4310
28224
19764
2101
22342
4804
11115
28803
25287
15174
2069
12846
2052
14612
16732
31885
7048
9950
32312
13704
6959
15458
17284
2649
3034
1353
24407
32144
24423
32587
7825
5722
30433
25498
180
5378
5363
8062
24054
20664
21667
16444
13204
8850
30781
22077
2664
464
9356
4972
11198
13668
23632
10464
6244
16050
20461
10171
30208
24980
21857
26962
26278
28065
7288
17038
32426
11439
29507
1682
19635
6806
11974
7325
10257
18999
3057
11570
14673
7101
7378
10871
28942
10275
5640
14300
24842
1527
4219
13564
11133
19293
4938
28616
31916
29014
31237
16866
17086
31810
2845
7495
6091
3492
21144
19505
4663
17190
5385
26684
28478
1757
28352
19655
19407
13517
29502
2205
24478
14768
24812
4821
28277
3827
15628
18166
25546
14338
27631
27743
19607
9413
6504
19686
9062
7530
1410
7872
8875
7014
2414
17825
4439
13238
26815
12067
15786
30315
17114
20076
6729
26469
14503
31499
12688
29791
6797
14116
25385
3116
12958
8397
8158
15167
32526
4791
6059
29041
28906
14353
3608
21759
774
6057
18630
18130
15672
23125
19527
31748
30659
20625
23346
20639
29462
31593
27511
14248
6071
7322
1521
27740
29306
4596
17466
18617
16630
2
24771
25920
8761
4077
3364
26106
16315
17566
688
6329
657
11043
333
18592
10467
27220
12419
27365
20384
30134
5842
2262
17520
26527
6985
2842
13291
18075
17748
19002
2056
14863
11990
2144
2776
29212
23671
14430
8564
18118
28736
13809
13108
21078
27237
21319
4385
2812
27745
24512
29101
8121
12872
3058
21666
7292
13913
20207
25433
6540
13011
12490
8492
31269
30219
7767
45
32358
15546
10803
11801
11371
1691
24324
11655
21686
6454
1794
3941
13779
9462
3255
24741
827
16514
22786
8244
21370
11850
21090
20780
14733
8288
24945
32074
3470
28298
7855
15266
10387
29333
3457
3985
6099
32492
2170
13300
2826
9065
17112
9879
543
13418
850
2033
32260
18472
31761
8974
14559
7748
25596
12748
10599
9635
13624
12618
21904
5244
13551
23198
14442
18095
10321
5062
16198
22105
23257
27873
8732
8869
22994
32160
6953
14565
2329
14071
16860
21473
29988
32024
3315
25966
1603
7585
16354
24131
31014
30228
18292
10249
16544
24201
18868
1457
13482
11423
27918
19978
12971
25272
6834
13459
4855
24422
16441
5262
6037
8480
21643
29269
14405
29242
9216
9969
28609
4372
10181
27113
28228
10385
27778
11608
21833
11466
19513
66
24725
28676
32626
27432
8311
992
18837
31450
10575
15058
17559
28045
23629
24020
4056
13869
11643
27228
26188
18933
2814
27787
24538
27708
18841
18855
25089
27794
14962
3787
961
2827
19993
6109
26809
30427
26822
8897
22413
6947
19426
8908
3978
11787
14537
26748
8589
13841
12495
29030
20512
31137
30337
29807
15079
3301
13357
32319
22843
29150
27556
12787
2068
32436
4926
530
12076
32330
1055
30147
16737
16150
7609
20029
7259
1072
17042
8318
2928
3240
4679
14144
29124
9501
1234
20777
24501
30603
19208
3906
6006
3429
6245
10154
17657
14308
14860
12428
27923
21150
7946
5966
22491
5210
13787
6155
31315
25123
17199
18756
9034
22683
5614
4050
28544
32658
15481
3871
18700
23511
7987
27030
30203
21326
9280
25944
31290
5955
16524
18737
20662
2302
6671
1482
16321
19608
8016
32544
19640
32269
14376
2612
4834
15505
29641
29445
412
40
22526
7867
17843
28017
13749
7717
25106
7106
9914
17509
15261
378
6341
5610
7260
31379
2487
9119
29148
7543
22817
9826
19154
21013
21254
28344
22530
24371
22498
31935
29791
25094
17898
21604
30836
25600
1942
25045
23810
745
27485
570
28907
24369
10431
1184
9806
17541
13961
14133
15092
16544
22101
21691
16363
7268
31056
26167
17520
27433
25152
27881
10259
9301
10437
26753
22549
31532
478
3472
31765
26858
29104
16445
21995
7439
19075
10041
22741
18427
7438
27381
15313
29626
32244
29970
2889
24353
17550
17433
32245
3866
9963
10092
4350
2620
22293
30588
12127
29343
1430
7741
26769
29166
27963
983
31335
11197
19480
13215
12855
10781
28108
19781
26938
30830
11015
5710
8245
24693
585
16325
32345
32175
11756
13358
14184
6884
23396
444
7450
3582
26566
13508
24511
1564
17799
13936
16933
32739
28550
952
17596
21524
3405
20622
3064
5220
11412
27481
1527
10888
13319
29861
4964
28047
29514
16153
14235
8564
29753
27561
5134
5364
29044
5645
13031
20893
5659
9585
25839
4648
27350
5486
13998
29448
5145
19257
16596
4419
17830
19226
22487
2945
3923
25120
24286
6498
26381
6164
16862
11541
5149
32171
23298
21287
24490
11007
18257
17560
11903
576
28299
24372
26639
2727
16979
30752
20150
30636
30867
15540
11586
12409
17693
5512
32178
27550
22158
16338
27966
13062
6776
4335
24983
25642
3264
6207
25455
132
5700
4918
4668
25159
16065
26544
1337
10573
13813
6277
15790
29777
30720
26718
3698
14942
4368
7879
7342
22663
17469
9093
24035
10201
6578
25641
14127
12174
6158
14309
8652
18307
11530
13727
30937
16109
2395
12356
21597
23367
29658
19807
5513
17295
22498
27114
2109
11185
4857
16739
15822
21572
17843
2851
1287
12916
11220
492
9069
21567
16309
2497
13255
21733
11497
26618
19934
30105
22047
16791
23426
11901
29258
21461
16077
19405
1280
6911
11692
27482
13856
23431
26266
28219
19640
16725
8879
12991
20774
2399
26842
10918
6781
27002
9835
8592
19242
10863
12500
18357
215
10322
5296
21719
15247
11535
22020
22389
16419
22854
1477
1090
31181
3929
20635
6613
7956
5315
27365
11426
7663
23979
32253
28457
4909
14008
31421
19053
20756
16680
30018
23208
14665
29980
28143
9277
28144
7734
11189
5358
7699
1638
2962
9551
29000
17153
26968
11898
22158
22548
1456
18437
14969
9719
3422
16945
26767
21797
9671
4196
7153
13386
8880
14298
830
15518
18760
5783
15284
12402
17513
5792
1944
2056
11803
8554
17368
8360
21082
26515
24816
25072
3865
20688
25354
19820
30086
10279
11625
11367
4240
22622
7431
20480
29862
19635
13949
6016
31938
18893
27428
12522
22695
21235
14714
18388
20583
28540
11463
5750
24871
25734
0
3329
5926
14059
26603
818
18684
2417
18564
10278
6176
11073
22944
9328
23213
27291
32464
8809
21094
32711
22152
12487
21751
9295
17536
13169
18814
10859
31579
22162
8009
10429
18823
14316
8673
3646
11620
14960
20040
12921
29864
14347
3456
13815
27394
1474
30796
18170
23549
32257
2107
7790
27688
1328
23009
18716
3444
15496
25704
4385
4829
22309
19016
7070
10060
17756
10066
3762
11196
10830
32755
21413
16540
20413
13751
18790
32373
3103
9484
31544
8653
20209
20553
12200
11851
18254
15342
25538
19740
22720
24621
1668
27284
21078
21418
2195
22297
7159
4992
5165
28477
19957
3204
351
3882
26341
18893
23160
21827
5039
27764
1213
30728
15841
20632
24926
13114
21577
933
31401
4160
450
28630
4478
3530
17998
24825
7939
27316
9829
18035
7832
6189
25741
22147
13326
5912
31019
30411
531
17586
15513
3596
17649
23158
30584
9009
1401
9534
19784
28047
30777
14250
13622
14955
23798
7109
30004
19388
29270
18406
21327
5171
20956
23253
28989
29817
18457
25391
1590
23992
32033
13836
27398
32092
317
6366
11359
22043
4575
17053
6003
27186
10971
30753
29890
23282
14291
18383
25905
8572
31219
10359
5469
17609
30175
32637
15150
12525
32234
21047
4527
5020
11401
9879
18205
25069
25351
22282
4414
27486
8314
23967
23539
7704
17653
23148
17937
24693
5375
22830
24685
9152
4420
6703
25398
5180
30347
25197
19848
2663
31208
5880
9021
8575
5427
10140
15623
5958
30648
3264
24252
22787
28464
23694
2032
25033
23793
15188
13001
19963
2913
11050
29967
18448
30640
32470
14211
12948
25543
29676
30578
13167
17531
14394
18057
1130
24583
24162
31979
11503
12473
1481
20865
2320
24555
14768
19601
16844
27957
19361
18579
6797
21985
11533
30016
14324
20639
3123
4331
17369
29050
14403
19476
4750
18955
4292
2875
11620
23021
1075
31474
26225
25457
25069
10806
22928
30866
847
7935
32424
21547
4123
6422
12594
21351
25117
30503
20725
9081
19471
29207
24596
30606
18363
8855
16971
23296
20319
1274
374
29645
26197
28483
15187
18759
5363
11651
7304
25357
23473
14434
3304
21561
24969
14843
28914
1755
24996
21741
9370
23463
7218
25006
4941
29162
20122
5667
4399
11203
30419
19310
22951
17039
26129
22024
22301
32677
26277
9231
6146
27972
31006
5601
5393
5065
27829
17641
11477
5925
22248
11449
30828
18575
11876
27225
23946
118
3368
1503
449
21690
24040
31296
767
32539
30895
28518
6488
2034
29385
23171
1541
2335
9696
30884
29613
7490
12901
22409
11236
20270
306
24756
17906
7578
2157
6848
13013
26394
22447
5364
19081
21070
12133
12568
16006
1625
10103
16263
5515
18325
10536
8582
5274
19590
16446
26068
14659
24332
1890
4995
10534
7644
13257
5893
15028
29232
1044
1418
31541
3518
5749
10890
22031
1255
27156
5021
16709
22834
4017
3731
4926
2040
19850
19905
26056
29025
14975
9881
10844
11151
5236
7806
21412
5656
22007
14806
14394
16826
20258
16736
4787
74
17859
29127
17116
12526
24763
18808
13379
7308
25252
26801
3577
30338
30647
14299
3991
21912
6892
18458
16255
14642
22114
8738
20068
28363
25346
30540
21517
27550
27488
26857
18773
28326
30177
22998
25463
32457
14883
32337
13448
6481
26009
7690
13637
9371
4982
15485
7183
31507
31693
7040
9524
8800
7670
19480
12400
731
27187
16785
22452
13126
11923
6862
25381
11451
19223
5597
15976
31458
28948
25038
21277
15463
29144
17094
27817
1963
24720
15439
2361
1978
2922
13810
15364
25982
4086
19976
1232
20786
3794
20173
16567
16408
17030
31158
6187
12911
32173
7429
3640
5536
21590
10138
5385
5816
29865
12044
19374
31002
29390
7160
18716
17782
3082
28825
6261
25845
9515
23961
19082
31926
2087
6439
16543
7550
9472
11338
5230
7083
23018
10869
16750
9066
1712
1883
29524
23850
28500
32516
7642
13905
12790
17441
16832
8749
21494
26781
785
26413
10845
13428
29864
19537
8569
24264
15602
15071
10184
23858
30710
10328
16408
15702
31378
23722
32491
15546
23303
26791
30496
4824
25272
24758
22992
8561
19758
12232
19831
32549
30816
5774
16468
4161
27185
10986
14866
8664
20283
27555
28839
15125
22219
15452
9341
6351
4140
24007
1999
1886
11561
13846
13655
3757
19917
32178
31270
9361
14701
9264
30419
22873
10473
385
23511
12967
1582
10088
17720
10366
17663
26417
31077
30875
14582
24481
3937
17417
3269
10025
16420
10992
16066
26206
26431
23214
18083
30382
30398
16936
18565
22859
25170
24674
31028
6764
17840
24910
6054
29877
18996
31970
8136
18675
4042
19565
6782
15885
7438
2603
12004
7480
6834
28439
22747
15977
24096
8960
26817
6416
1889
29407
12415
19715
13886
16744
457
14264
6821
26079
24993
27064
25678
27949
5405
4176
21917
28979
27499
10122
32203
31326
26898
2140
24129
8060
14458
10014
32580
22478
943
5697
14295
13150
7010
8511
11485
28050
3889
5070
19327
3586
6952
345
17101
2951
3719
8368
16552
9620
4037
4095
30175
26570
25046
5373
9624
3014
3754
11621
17394
11582
6902
938
26600
1100
10038
7143
5241
6665
8691
19732
7429
11102
28481
23168
10491
11799
10637
16763
6833
11321
24469
3923
23955
27030
29624
21379
24448
1950
112
550
14705
7032
26141
23218
19292
27218
26116
9954
20312
16373
28311
26100
10241
5020
31991
14357
28190
28422
14263
7706
385
19402
9955
24944
8495
23275
11584
14422
20161
27308
9942
31305
266
24229
20652
30912
27130
28183
24019
20506
21442
7293
23973
17621
22841
8291
22351
256
32127
11387
16013
17907
26336
20206
9653
26173
16635
23280
20727
7134
2595
4247
3811
3767
20485
30445
31275
7998
8075
7236
2219
18806
11265
12489
2982
13343
29047
12124
1363
16425
22118
2207
30616
11375
4246
1101
4117
8610
20798
19662
21860
14979
31854
22792
14751
23638
28586
10359
13859
29587
7127
1408
21652
26846
30300
16898
18722
25145
1409
8751
522
9337
3098
27034
20575
10486
6250
16016
3594
15239
31298
22444
25872
13486
25705
10150
7187
9231
15680
31596
3100
32551
25254
15988
9111
10298
25882
22864
6815
24973
32287
24195
15484
214
17893
31123
27242
30449
27685
21599
15260
32724
30797
26291
24193
3781
21725
25626
8006
19147
10769
15347
14236
12130
19392
24519
19387
9586
16004
17370
14503
10370
6171
19968
6066
19497
16141
9906
6978
13766
19855
8289
10452
24177
7080
10506
21569
12594
13458
31243
8256
22896
15203
31285
10285
21932
749
1570
5897
8815
23778
4809
4033
4480
25660
24143
27315
8539
18139
8993
27758
26847
21104
319
22969
27463
18587
4571
3288
26715
15952
22818
28682
31975
2687
2650
342
10093
2036
21037
17287
1303
11900
6980
16502
23279
18249
280
135
16210
16535
25861
7030
30626
25744
22945
18004
24124
30573
22603
716
25770
223
29959
21419
1561
17581
1161
6816
15885
11934
26767
831
22355
13721
30324
8012
10040
31243
11266
6199
2296
9097
9865
6627
11641
16823
4141
23211
4921
13416
30596
25767
14981
24326
17761
1067
27117
11061
17642
32657
5876
7859
29169
31801
18188
2178
385
13517
31937
2378
22710
25802
1332
31481
26066
3388
14795
31660
3982
30409
2599
8146
11950
5360
25174
3982
17880
11923
16714
4958
27558
28595
5002
21499
6906
18556
9768
20864
23954
15745
17907
21965
1244
3400
24301
26158
25867
20233
12288
30776
18026
28339
26348
28148
240
10800
14468
7488
30229
29674
18714
26225
23781
24206
31032
7741
5203
30224
27281
20185
28623
10735
20790
5214
12827
11450
25869
6257
10842
27859
1920
28963
10090
2675
29042
26390
13683
28398
32119
26338
22976
26936
25156
8630
16590
29608
29028
8515
4771
1789
11821
21205
24929
7839
20723
19907
26139
21031
2683
22794
32743
10272
7090
29749
10549
1551
5535
26496
22367
25010
21911
7996
30849
6022
4528
22133
906
2699
2424
21715
20115
29003
12006
17342
8048
29721
23440
24261
10885
151
26143
833
29659
30331
11264
25397
18036
4498
25437
24441
13787
13573
18764
19736
24062
31707
70
10742
21824
12991
13018
1206
1227
7939
20130
7130
23331
14054
27511
30764
3329
12050
13025
1629
22622
361
23505
29677
32206
20737
3731
21322
25615
20333
17662
19260
6626
1855
31470
21888
10777
12234
17140
20660
30194
28205
4939
26995
2467
10125
24334
7872
7990
18593
20393
26024
17303
9844
12942
12323
20972
23654
28457
23356
14628
19316
6421
18545
16339
7866
29328
9821
14909
31030
29484
11412
26288
12495
9928
20175
25624
14998
30911
11081
30413
11339
16223
14440
4015
30499
7069
30112
18805
16328
262
9109
20546
30626
31225
18303
26489
6997
31764
32211
467
14987
24812
24608
8111
11507
22273
566
26537
6282
24305
19086
11629
11545
10475
10726
23246
14590
26215
30252
28434
31536
25620
27805
2192
22142
18
7982
11390
18967
20578
20779
16644
21327
3483
1822
28052
7328
5598
19954
21886
7663
7179
32088
24767
4625
22325
31082
1818
25998
18004
14222
20843
677
23610
2718
1335
7824
10185
31302
11911
27657
19554
10669
31735
22284
24224
4439
8458
11743
31047
4170
12992
23376
7799
6255
12907
5694
14630
31292
15038
10842
21197
5008
807
15919
20832
26078
11615
14944
20868
22414
4415
13873
28925
9376
31445
3401
7525
17043
3767
695
15140
15237
18583
5426
14492
17563
18456
26789
24996
5027
24544
26859
1848
14328
6894
2518
20334
31398
11310
18551
16812
2511
31819
20889
25369
29518
18885
29071
30545
12953
3907
12592
14685
21996
9258
17439
8418
32420
19310
11344
1944
16617
9385
14023
17150
9871
13162
13731
1613
22846
28879
7004
8362
14289
6998
23369
27551
23293
14576
13157
32204
19763
32599
17234
30170
31175
5794
5278
29105
5969
27159
30790
1515
4436
31552
23928
18824
13597
27457
1437
18915
9710
11880
14743
31460
23644
7686
25671
30584
13558
23677
13907
9790
21031
16283
14118
5764
21854
13606
26424
10609
13163
21944
22415
23427
10285
6605
23174
16957
3434
25883
12749
4633
6398
23586
23985
16580
17976
14339
29085
6026
28289
3221
4577
18959
21822
13494
32435
25921
11000
22751
20595
10890
19386
17404
18740
11082
15547
31354
24439
14468
11581
18337
26169
31448
32437
13604
30257
18097
6188
8438
31827
191
2277
25952
4504
9896
15936
18257
1
20474
20702
7925
6362
15205
11526
28296
16444
15399
6728
23405
20949
7111
26208
15738
17131
17414
14173
14487
9631
17683
18690
5255
29039
3070
6508
18181
13567
23919
18677
25619
5401
26776
12633
26767
15602
1640
30743
4871
9135
30977
8218
16078
19239
16237
24217
30031
23531
20876
14140
10658
17028
22609
9088
21085
12795
13870
18780
21933
12191
29645
1317
31653
3074
25857
19119
23253
27973
6652
8629
29471
20117
28866
16762
27334
6390
23262
4017
8648
14655
11091
1690
3950
22374
213
18031
7713
4862
8249
22014
31103
26878
21291
22167
686
9924
7967
12072
24304
3674
26762
29351
21624
4087
22097
1456
27005
15561
2433
18288
31116
22257
32066
16833
13602
8912
8966
9366
16250
23937
3846
4250
24228
31910
18671
29972
29143
7016
5336
1294
8712
14521
18552
1974
187
10972
150
2052
2330
27688
19136
10141
14148
9481
5952
6392
10727
5959
1868
1215
529
20107
27517
24184
30019
14879
1667
27748
17864
5109
26646
1703
5444
14571
29743
20906
17808
22093
27257
30654
23493
4251
514
9730
6551
1933
27959
20614
16613
23381
23055
432
13709
5924
17030
14559
29061
9455
8525
7247
32552
11891
24256
573
28109
3959
2584
5451
29854
15697
13026
6181
14248
18347
30384
3173
25390
22151
5902
16564
4419
18817
11191
2610
11672
23636
17673
11545
19346
29856
4791
14493
8863
31979
25278
23062
9419
28901
3226
27488
25486
32496
7353
16514
14056
25311
21552
30863
23216
24062
20653
21962
30250
28755
28844
24845
16855
14116
18414
23660
16273
5306
14375
18709
14551
1380
504
1146
30565
17854
25116
16563
27655
11826
3814
23581
14256
26560
10731
23624
19142
24059
31228
4112
3777
4692
343
7433
19956
13467
17437
31777
19882
9411
21255
10624
20085
16870
28245
2995
26307
10888
21768
22026
27570
21024
5201
27198
23590
4053
27465
32087
536
2693
5858
973
15921
9739
6686
10478
12695
21954
22143
21887
14855
30789
2238
2470
29732
8313
32192
3592
14350
28622
5061
16430
17463
26049
23523
32301
2674
18598
28595
30086
21325
2980
20298
22859
11169
22017
23402
17283
20583
3999
16378
17872
3277
5831
25268
27983
16010
806
10782
15808
29806
6677
12475
26599
23357
22558
14466
16177
27837
13243
29327
12955
5390
32096
28441
19664
16954
188
18852
32657
4621
19261
25975
15962
4647
15314
20049
11331
17999
16372
4440
24868
26890
25063
8786
2556
6764
3133
8471
26772
28975
9885
4934
30303
8706
28610
26168
11941
12579
14534
19762
17376
25136
26017
20447
17511
23099
22253
7421
29257
10268
8428
30038
21116
9995
13259
17138
14135
28526
22824
12427
18844
18927
10963
21825
22170
22738
26321
18575
25362
27525
17575
12926
19256
12409
12245
11288
28989
14641
2976
1056
16171
1177
25620
15360
16
920
12362
20739
21598
19432
2535
9668
17810
27942
32229
8167
15636
7205
23190
19974
25182
10376
7909
10734
9313
28816
28384
19212
29220
18226
12659
7458
26287
109
15222
28478
27687
6106
11243
28397
6714
9605
23936
25516
21438
5371
4444
16031
26516
21156
14103
21126
14547
25427
30218
18412
12834
6684
23498
8609
2150
24678
21487
25963
4254
17472
19738
15609
11530
16633
12086
8984
5523
30186
1789
28970
32615
16279
2750
24787
26596
26359
23646
22005
1719
23311
11422
1247
11077
10438
9115
18625
2378
9460
12955
15971
14527
31932
13062
30487
27906
8220
30387
22509
10033
15042
11621
31013
26582
12065
17302
6634
9162
18373
7795
31805
83
4835
22823
15663
6800
7221
26460
32083
24087
30980
16639
28019
11996
23175
31556
4994
27221
6763
29419
23506
987
30131
27585
19079
16468
27074
18793
24908
21775
26550
17756
3396
28143
20984
17967
12611
24268
30737
15381
8255
1046
1216
9892
7169
5819
4681
10204
11296
30539
22799
18533
24880
13403
11365
20760
22583
20519
14754
24001
4704
2427
15731
3363
29940
11219
9078
29245
1413
10945
17412
10956
13933
3215
13390
16145
22391
26661
23723
11988
32475
31278
18736
20393
32368
5495
26754
24690
14621
29335
11496
30245
27792
8917
17316
9680
17203
10822
22148
4058
16988
1334
2996
12427
26821
7369
14294
6606
4411
28386
30292
31286
28058
27972
7157
5440
11768
22520
14255
4312
10273
5870
5565
15390
4932
22247
30961
13161
11243
28049
32330
1420
21552
18676
24265
15961
1070
28174
897
31332
7863
19130
8174
26634
32325
24279
18055
22961
20018
165
11158
19792
1067
16498
2632
3379
3554
12151
24576
19960
1795
3581
29169
28126
2922
9412
20716
14655
31123
19876
20342
22618
14673
28533
7710
19030
23235
28973
526
4484
8580
26696
23007
29925
20515
1645
25778
31468
18387
2638
32636
388
20579
14288
19617
5973
7280
7020
31173
31299
24025
7380
6110
24376
32371
9434
14734
26404
20734
23182
19377
25922
20056
15271
23602
23196
13041
5157
17186
19153
4223
6452
25099
19990
10227
11090
28033
1147
8107
948
29947
20080
27113
20710
7393
28295
28548
1715
16102
30843
21213
25924
25752
12658
24341
31628
20533
17791
30589
10467
1985
30315
6990
25072
5717
10165
20891
15565
30650
27607
4483
2150
25143
30411
31403
29474
25254
6606
29164
1222
32461
11364
30280
28566
20972
1692
16931
31933
22419
28821
3247
6126
22710
11073
32681
15948
12035
30313
13635
21639
21107
14321
21089
10312
25888
10334
4359
8400
12630
10389
20242
25308
19948
9445
29991
27595
23765
10568
18922
26626
6130
2790
1392
18576
8234
19163
14582
23566
17085
5690
24275
28361
10453
1874
9899
13860
9567
3120
20966
2871
5400
5733
13408
14524
1259
30729
11618
24620
4730
4607
11474
14885
15099
14203
6310
13839
3141
27330
9886
15615
27690
22321
32307
7131
27144
11393
14027
22720
20123
16201
1582
30624
24085
4804
13117
29232
113
12245
8418
26369
17412
27976
1347
17388
28245
3419
8507
28596
3886
21629
3082
14055
18931
32085
26443
5
18739
11782
3879
2788
4221
21170
6857
16211
8309
317
16657
20222
8486
19027
30093
11922
1690
7084
20901
10785
25512
6030
7701
6343
24334
1428
4257
29582
32448
16559
4611
21391
15743
18026
8233
7002
7852
19314
8349
20376
13407
31061
14149
25327
19380
14730
30028
31014
13157
12722
29792
25994
20638
21789
12830
26768
30220
12176
16330
28859
12600
19781
6724
25280
531
25652
15927
11497
12497
8849
19604
10679
13819
18070
21311
5579
26816
25474
3592
7430
26509
30690
13276
17136
28381
14607
9276
10838
4689
14328
2287
56
3075
17185
16372
3554
5656
10732
8635
13912
660
17688
30613
25335
1394
26759
13928
9050
25845
8772
20903
1147
1081
27332
14977
25370
31757
10860
24409
15715
13829
14420
16247
18379
15818
13899
26365
18747
15541
28187
26396
624
21404
5134
7815
9378
18156
4784
26152
7011
12536
17367
30227
11723
11921
15073
5816
15058
14807
1085
29276
5373
10062
32301
6858
16701
31029
11977
5957
7444
32019
15176
3778
12281
26514
25723
25172
11262
25232
11418
19432
25008
16756
2627
21810
11070
20414
19648
15079
4830
28131
5513
4141
14445
28759
2825
13904
14933
29931
10405
31926
9652
8793
20475
32021
12731
1565
32615
2019
19028
1159
20940
13582
11783
3855
11153
27886
8990
5352
14569
32120
2055
25048
8536
4020
17147
24390
5235
4465
21725
27541
5095
26423
4965
15280
7868
31357
20093
31462
8667
30748
25835
7417
20942
21252
3121
5745
20936
24365
20401
28470
19429
6353
2837
25438
24242
27609
25582
1604
1008
3989
1691
7130
21653
19119
10861
7232
19988
13154
8457
5525
31966
16359
29965
24589
12329
15152
23542
22595
6896
29145
32577
5073
1595
11100
24784
17439
30880
17284
24208
15224
30474
30756
6489
18531
17081
16136
17173
23344
14474
14380
6181
10705
13689
4140
2048
17899
9316
26364
20765
22829
6418
3801
5140
31713
7283
14207
8704
22976
3625
22941
2599
6411
16200
30342
10973
14295
10842
41
18853
21417
27815
32067
30362
3906
25779
15827
16141
2748
6663
13263
29552
8662
21044
17429
1138
25741
30486
9124
15212
32236
12886
5388
20988
32036
25138
6691
11503
13535
19329
28154
15973
9426
11505
23311
21295
8593
6036
16836
20348
11944
12443
25360
7861
16103
16481
17269
23205
20221
12971
14898
28125
3657
27694
185
13655
2540
6481
22115
25945
3619
23093
3171
13724
12756
28658
3577
6318
16486
20260
14568
661
30166
15271
6697
693
16647
20894
25313
13556
90
8122
10641
19995
27775
14009
19340
18303
9611
21036
687
28130
5706
32382
844
22420
8662
24626
13927
1501
20328
108
25637
13728
26735
17075
25217
9016
15583
26613
7233
17830
460
17099
1064
17646
32311
255
18542
12222
31272
11852
23149
13393
9213
21604
7837
24723
24577
23608
22722
11654
13888
5235
10340
23012
21146
327
10624
22534
19223
22893
3453
21252
8314
21607
16481
3870
11545
11785
28229
10586
30187
823
32007
31343
4579
27632
20030
8418
7036
30348
23923
30319
24726
26689
3726
29866
17536
26348
16526
19686
2134
28686
30845
14166
28045
16661
14499
15730
26316
5342
22523
924
19197
23159
28131
22020
16037
18729
9751
31945
18288
30134
4320
7009
15889
19679
17289
7994
4680
5929
23827
417
5444
27105
17194
24804
15916
10590
11095
13491
7417
134
17526
8652
28550
29076
5227
12504
3306
25624
24081
27791
6917
21566
9075
11043
16985
1876
6207
1756
21531
27015
6263
18943
5770
30957
30570
20981
11136
25033
15075
11689
17735
12298
5792
31538
7597
14868
15365
18610
25435
10435
21010
31870
4450
16557
10643
2175
25879
20648
406
27864
26145
27021
28706
19912
13520
17211
17190
8402
4785
29406
28080
13596
22879
22129
21855
6934
21403
22913
5147
12123
11423
30516
515
19676
27056
7563
7079
27195
8691
21988
6264
9845
26753
22211
17789
2244
7357
25297
30791
30660
5350
6437
11814
11220
22248
6851
11165
8383
21368
10594
12308
19100
22367
9075
4557
4594
10006
350
22041
23328
30868
14351
6604
7420
16228
9393
24046
19131
32506
26041
3251
5393
5959
17703
19117
18072
16267
6152
26689
16246
9067
14144
1880
21563
22083
30086
18774
5128
4285
14000
6480
14838
27811
3121
26234
19893
4849
31456
25310
14196
4143
19963
6740
19201
17149
7019
30126
3634
6384
23881
32307
16003
3484
17570
30031
23040
8178
10615
5256
12134
12749
15368
2484
14725
1479
23379
873
18920
20305
13527
25014
18104
2307
4509
24336
32734
1328
29817
17807
24424
27838
28046
1115
31022
8244
18192
14689
15797
12053
28494
842
21587
22893
17391
12205
24724
20393
8827
6531
14045
9387
25118
19420
17487
9758
6825
15569
11758
3847
23770
13498
27395
18589
16349
13729
24255
11611
26642
30454
13600
595
27409
18819
1817
6853
13548
30627
2541
23024
21172
30127
19932
1832
17982
30394
20481
10281
18214
14718
25467
21931
5397
8597
13771
15927
16192
28909
29309
19256
1329
13686
18955
7253
13514
16157
24574
19710
10631
12798
25686
14405
20739
2261
23596
12016
22718
7094
23958
21452
26909
32511
17099
4676
4530
20106
6279
25393
19134
14631
19377
21492
12276
24649
23100
963
22656
24575
2891
2880
28744
4902
29336
592
30322
26590
17174
6186
17702
22586
13525
29102
18069
23356
550
16889
31546
25088
16385
20790
13663
13623
5539
26038
11748
18135
6011
17220
22076
19473
18759
13490
3000
13188
2939
21432
4104
19376
30690
767
27391
11693
29063
20088
6550
16412
27606
9714
11828
26207
11519
9708
17964
12293
3995
25255
30855
7304
1938
27008
8709
18235
28220
27773
12894
3966
22982
19494
24269
4404
984
29590
24015
375
884
15057
4137
17290
24098
17240
15144
18958
13386
763
14380
6265
3297
28911
15720
30917
1095
2336
9187
14693
25200
6600
20162
1917
23619
3905
6090
14674
1087
12824
25889
7424
11876
2914
19540
8043
19281
25427
26270
24439
32426
3596
14952
380
29884
31413
24076
22260
15204
14540
14302
11895
8748
26556
32621
24554
26040
17586
25606
26867
10849
19116
31866
11695
2591
6355
25633
12712
14764
4874
10527
23809
2278
28871
28646
8692
17014
11809
28669
5759
11951
4907
11775
22105
15800
17793
5862
16683
7406
6176
24713
26877
15236
3451
21348
17646
620
16331
24984
31785
17275
9126
12082
23828
9160
22739
28592
21707
1365
32093
15554
31436
13297
14054
19021
1268
22876
26174
7093
14250
31917
14644
7772
9818
4337
3756
19814
22565
22293
24818
17088
9430
5894
10830
22880
24088
29718
30681
17614
6375
24738
7822
16867
11077
29937
18084
17616
12846
11616
16668
18531
13261
21436
23446
8838
12784
6128
9832
521
16570
7136
24817
31137
30103
30356
43
15408
17013
29337
896
28230
4402
2980
3039
12520
13136
28537
26894
18833
31216
1547
4418
2935
2558
17637
14061
26127
16553
20936
28887
15571
15382
14486
10352
27715
23637
14446
16997
8234
20628
27673
13681
24354
1170
20901
886
28506
599
30031
18636
30871
7203
17319
21976
1913
29348
18158
1761
22016
11115
21443
20000
32078
27553
26879
9238
29871
27382
18141
21027
470
13019
350
19283
32362
24049
4587
1915
5825
27585
11324
5253
26091
31917
23162
21000
4850
2598
9376
2844
21344
28448
18215
25196
30466
21699
15586
17548
24812
22372
8231
21645
4541
30643
10031
1743
10020
11318
16319
24087
29859
9974
3592
32481
6547
9080
21197
3320
14441
20718
31939
1859
13111
11439
26941
5602
4470
24805
6152
32378
29442
31621
22164
13004
13414
4485
9813
11661
10330
8777
25193
4465
2698
20318
26747
16010
3993
15466
18663
20944
13926
11107
16927
17153
16014
10496
2893
5291
26674
23917
12858
19078
24826
21827
4206
6664
601
22199
7065
2356
17683
5906
5425
28595
3581
25697
23901
3621
14340
5997
27922
12217
32625
25069
15227
2555
12908
19707
4767
20206
19134
31685
5950
9563
21723
1669
2043
31592
18463
435
30657
26476
13400
1400
1887
2818
26757
18791
25205
11357
30429
10344
916
31195
14867
8436
929
11228
16345
9608
30842
30932
15523
20819
9948
3999
27821
21810
2949
3093
1599
12511
32661
6623
8496
3174
31802
14729
14249
17880
16780
23511
9259
1858
25782
18269
16595
30944
2391
31818
3037
25487
18984
2693
30056
22401
5342
3579
14968
11060
32082
17719
28993
26277
19423
30259
10915
28353
19211
5485
19697
1308
6250
25406
3062
28645
31936
29543
8762
24090
3942
21229
12161
23544
10479
16424
24725
27574
26890
10518
17477
5746
21418
25589
29102
2412
18789
22032
25529
4978
24346
31961
11749
5787
22743
3384
28231
16952
19450
7459
8399
10504
11414
2927
14284
1963
18968
6629
7602
20313
32554
28057
1051
18644
6359
26999
9229
25499
14576
5919
21371
1377
14255
4595
5134
28093
18587
10349
32549
547
26283
10167
13082
5651
19374
1397
9671
912
30442
23525
72
10196
1796
27691
26627
6210
27424
6886
22758
9116
12104
6919
29936
29558
26642
15075
27891
25067
381
1927
26264
22414
29981
14923
931
17827
11128
9386
28280
4240
3247
3664
4062
32398
1121
14709
20996
32420
31948
362
5314
23510
5429
18289
14112
12442
6026
8658
23068
11915
28999
299
16552
3681
13206
16392
28915
15393
24250
20659
31465
5009
31917
32078
2045
16623
20232
28190
6182
6626
5156
27178
4135
689
10111
1541
32020
13235
353
13544
12562
29447
22975
28675
7518
5764
29279
26645
3473
25075
19517
30011
10274
5500
19502
14597
22572
16479
4803
9935
1137
11237
2928
26191
14240
29333
30445
17514
7635
6058
29917
9804
31580
12997
20654
12983
193
992
5568
9627
8197
899
11977
488
18217
17210
5240
5536
9203
12870
20312
1072
21742
6803
20728
19200
11186
27114
26697
29769
25701
7016
21831
27687
30338
21807
16347
11247
25305
3675
5632
12226
8920
20792
5414
27234
7432
28082
723
11077
17114
12300
22672
10984
15268
28629
26371
12646
16615
2840
13401
2889
4051
8660
6631
16544
5133
9643
25872
16978
12207
4574
32617
433
17553
24441
25115
9810
25287
2507
22665
22045
16490
14105
22067
17312
24220
22932
25562
30376
32710
23687
26598
787
21284
12757
19972
8672
31108
21411
21011
24712
18250
3666
29249
23185
26552
9904
19569
12640
17772
12399
27361
13903
23594
10454
17417
31487
22492
10678
29126
15344
9431
18592
25527
22862
21856
30293
4327
21006
111
29310
27821
30010
32179
10141
8913
15753
8917
836
24304
2867
26113
7813
8994
12291
2467
19113
29145
430
13678
22052
20237
26211
8355
7625
23702
4003
12688
15931
5593
22355
13911
31140
28326
29456
6896
9641
22881
29122
16497
13725
30816
14196
22925
13556
32405
27491
28763
17915
877
3156
31065
30919
19959
7979
6065
3691
23369
11194
30395
31855
9248
31703
23746
17533
26054
20657
23307
29788
29241
612
16147
25123
19337
15818
10521
30886
3714
21652
27612
10293
28811
21402
6566
20358
21710
21360
25225
12527
15513
14138
10217
18392
5892
19905
26939
4721
13269
2246
28171
9120
23968
16022
20804
4414
24371
10718
20908
4738
30769
7105
2990
25277
1276
5160
92
15432
24024
13401
3508
32699
12622
16332
15394
23392
24015
7993
1351
1768
3738
6646
30713
26460
8160
14720
23947
12118
3621
2904
17486
20336
29929
13584
4951
19197
24712
3749
2947
17655
30559
14095
22969
22841
15920
22295
7791
5614
31687
1641
3696
10570
32734
1770
4316
6008
20799
19019
32368
3283
1832
30175
26119
8280
20979
22697
31329
6747
30454
1978
3364
4986
17321
5306
15136
32720
15366
4804
11735
31339
2102
23927
5693
25855
25961
22089
17596
12251
7686
3103
635
24093
19716
283
4064
6690
28823
693
27732
28225
4112
18446
19270
30137
30974
19072
23154
6631
22426
3194
15715
12221
11874
17035
25142
2415
28931
4796
5026
20591
18044
24099
27701
15260
13953
18613
3808
30135
17949
29532
18614
18454
18332
7242
32753
23964
25000
6540
5174
12776
4530
25058
5146
205
11668
6094
27620
18946
10356
19179
29076
15643
7915
25472
29221
8632
28262
27733
9232
4093
23501
11973
8977
3394
3427
21781
22829
24843
23534
1796
30964
13882
16151
13475
27908
23683
22803
871
24782
15905
25987
4477
18077
24007
3993
861
32468
28890
29565
4002
1142
27101
20207
32025
17132
1837
9517
18200
30979
14830
23063
23569
19765
31045
2193
10854
30505
21959
6185
28543
8829
24882
22010
32027
28354
15963
5327
26851
12488
28008
6284
23109
22812
10303
20682
27263
9168
25407
9922
19194
30074
17965
25196
9690
2431
12657
27368
27859
21906
9090
26140
2622
18039
4767
31647
10348
14861
3776
16085
826
23179
16332
1116
30693
16138
5132
9895
18208
30020
13024
32233
15716
22683
1968
3893
13704
23133
31014
14051
10641
8006
8346
21045
17867
5702
5582
11323
12825
27781
8924
12787
1417
677
29804
12725
6187
18247
6698
10702
10020
6864
27512
27244
32510
8301
9311
3770
8258
8276
20172
4427
4681
24397
19449
32700
22607
3953
4649
4501
15561
15922
29336
9841
26360
25500
31666
28511
28351
30427
19331
18311
25266
11260
26223
17
29807
16120
26147
9026
16177
28654
5323
29416
23714
5296
18565
9721
15345
25473
4886
10615
28453
23325
6621
26774
25265
27642
10757
24609
13128
18126
23806
282
5618
29777
24877
9889
1632
6724
15074
8982
12156
4530
4491
10370
16965
12918
23848
4147
11994
30717
2047
17831
29652
25421
22673
22700
30681
15942
14284
31428
8559
9256
10114
27598
8461
29526
32026
6627
8568
3162
13446
30847
21069
552
28533
21217
217
8103
29897
7604
13105
26221
17483
3054
31103
27338
4765
27385
27035
12553
16753
2577
30939
28658
10233
12525
10283
23700
16286
27041
13920
25409
2293
8643
19657
29145
15599
26316
23047
14156
7760
16834
3871
31834
32610
30228
13006
31133
20458
10182
16157
20170
18267
11469
32052
32564
32586
3517
4979
6033
4642
31137
14783
24833
4633
12586
2074
17740
27746
11533
4983
18539
3236
934
19660
15179
21676
20961
22120
3021
15455
11098
17287
22033
11762
21955
30244
6900
29277
21383
3854
16343
16908
428
9278
15267
19928
19710
12648
5385
21559
17002
30416
5647
5807
32424
14943
22728
17297
16669
7926
4450
10211
9727
1538
14695
15774
19386
12113
60
27162
26514
2852
9454
198
3466
29317
7469
24092
12165
14810
11673
11988
6060
20923
22333
14168
25103
27137
15961
12153
14735
19231
28261
1632
23547
22966
8018
8903
10617
30819
24595
29545
17192
15324
19036
25526
32003
9531
9130
2252
9993
22169
3971
6819
29083
30175
14079
3463
28965
12761
2439
24524
1280
7564
31453
28605
9623
21962
25180
28117
24009
9475
24450
16178
29583
6494
26539
25670
991
16648
24863
14288
5584
204
28495
6666
26878
14565
21596
23588
816
11280
3033
32754
16696
23781
722
8162
28443
21862
4365
4912
11122
3289
6031
8797
6672
24531
26722
24541
10725
20118
23446
30992
29218
30108
13702
4979
27294
29812
16989
2584
889
14029
19160
8019
24575
21457
17997
30391
14543
30644
28140
27456
10556
2956
5445
5586
27635
3939
27658
6114
19166
23178
3350
32371
17993
13873
32431
20805
14148
1589
2056
8777
29000
29753
10
12631
10013
20728
31060
30755
5882
8153
28545
12910
16879
197
22953
13945
12928
27701
17962
12735
5779
30095
25512
7651
12428
1970
6994
488
25526
20431
8295
21408
24549
19068
6393
3431
12377
9987
17394
19473
12774
29952
16468
2336
13394
20523
22981
17722
19199
32370
32330
14043
4297
13387
16723
20808
25394
29512
4088
14276
22717
14059
31362
28933
30359
25533
14125
28393
27004
11418
16940
15974
17881
25167
16110
29631
4910
24935
32416
9982
9911
4673
20467
5278
4427
12134
31775
13960
9348
17946
5416
26945
21280
9521
31071
29025
28839
11812
12333
30023
5198
15460
1036
16139
8988
5870
32214
23220
17739
8224
9538
25771
19185
14283
10923
7280
17376
905
24084
3980
20170
4433
5994
28871
25513
2120
29704
28570
7517
23514
3457
9191
18071
13578
3481
25064
11767
1542
17300
2662
1393
31743
7860
11051
20725
17207
12797
953
10319
20828
9531
16956
20556
10772
14150
3262
28446
20953
13701
10906
24577
25351
3249
25139
27167
31027
22235
24293
24241
26303
2737
13116
25192
26795
12285
19300
26123
19630
15726
25569
4705
15750
923
22656
11089
10636
18757
24462
11848
30603
31964
1351
12251
32210
8005
31633
15534
28552
19419
4587
16788
13376
436
27040
16119
24013
4645
14912
19323
12376
22664
14928
10718
28848
7996
65
30243
27872
21998
28575
11759
29447
32023
1675
6195
10852
27334
8043
20491
689
19616
31456
30438
11698
2853
9721
20968
22285
29237
4262
22156
3676
17106
26735
27278
6017
4647
2917
23304
5433
6601
10073
20187
16885
23870
22861
14416
10981
18620
24872
2559
8533
11570
15790
13040
22076
15757
17582
9729
21522
28980
2941
28807
19171
28628
13220
9272
25250
27235
28630
6217
1983
1375
21797
17875
26107
14423
19573
17275
1404
18093
14384
9298
15900
13722
8763
15866
29959
25458
1577
6667
22661
9258
2991
5812
3604
1815
17752
31398
1722
10744
18298
45
28057
15671
11113
7072
25796
7532
21226
252
1105
9763
32747
11468
20400
8671
5233
29772
5435
31583
3793
24781
27661
5151
5667
23131
17432
25634
10996
26014
15474
18159
20539
30974
13296
6618
16526
11530
18422
3972
918
19483
13709
23717
30657
1332
20662
8713
9270
17965
1535
14297
26382
273
6739
15900
21441
24772
7446
5757
21982
12521
16498
11087
27648
32002
3051
10190
3837
10969
7482
1448
6496
5152
27480
5052
17178
25428
16345
23073
1396
14311
23163
32618
31560
21917
29439
4904
4465
25399
3383
25009
7040
31823
21345
13600
8368
6787
27315
10141
29981
6613
30263
27359
29488
23634
15321
10478
26974
20722
8127
25134
4114
25024
27096
27801
7143
3386
2488
30796
16411
12027
19619
15685
13633
15255
14823
13931
6197
29639
2415
3534
13653
21190
26774
7729
5102
15354
313
11718
22005
11223
30480
17976
16376
28673
20286
19950
32083
10928
30246
18063
29863
9561
22401
21697
16520
13963
15533
30007
8310
16151
25928
746
30223
627
3582
29350
8834
24160
22943
26569
22599
9675
20597
1608
13582
8945
27092
9714
14325
1223
21490
19193
26621
15257
28153
1966
16063
2289
10331
11148
11099
18106
16230
25464
16818
10661
1048
12103
27093
716
10036
20609
9148
17558
14997
5732
13116
20186
23747
11052
18483
17991
17092
18066
30470
31491
5173
27027
5453
8850
19865
1906
20172
26874
7408
16384
1702
7460
27788
3867
22733
31878
4128
5493
20413
25087
18458
24215
8810
23554
3890
18469
3702
28151
26179
28259
8872
222
4698
16888
3482
18230
269
10994
17585
6173
18191
23819
5970
1464
27905
16682
595
13013
32394
6189
22448
11215
4009
15078
3712
18098
11338
7011
20263
20128
26136
27507
4044
32372
29843
3173
21774
3748
7010
11283
27378
23148
19178
13088
10784
24617
12063
26749
7504
8451
8346
28210
6911
9166
11245
31579
10086
7986
9011
30576
12972
3850
28139
23242
1883
14603
2822
30819
32017
25766
31038
5342
17272
18991
31146
28359
22903
32062
24719
7195
1194
22102
26746
24843
23824
8132
15243
25597
16644
2506
10004
25300
17775
10749
11619
19825
30267
2540
27099
27001
31499
2306
31562
25433
29737
5550
26742
28808
9151
448
13049
26380
14155
30231
3151
28224
17741
18809
24878
11476
21314
16066
12053
6165
30678
28225
22568
18543
27990
24159
26939
30512
10340
3969
1581
2446
18158
32560
28791
19692
27489
26232
23556
18521
22553
14221
1604
18266
24349
7861
17276
489
31241
2657
30304
1469
7755
32413
9699
17612
8594
14251
9550
27919
17028
24555
655
28037
10672
23807
11988
19578
30403
30763
5465
13065
11774
26114
5246
20960
6631
28991
3357
835
30015
19697
31770
20052
28981
20955
21052
12177
27609
11034
32315
19102
27347
13832
23834
26949
11861
6497
1206
27579
28750
22436
7328
3620
9185
24764
14632
10074
18709
26336
27834
17642
10446
31416
878
18528
3324
12993
7386
27077
18706
25074
6187
17253
9914
8608
1652
19158
2758
12959
5957
23349
26218
31146
13184
13491
18601
6916
14952
5456
9230
31072
5371
20199
7324
7167
4994
32363
29191
16408
18790
18544
23077
6524
23365
16109
24479
1658
29509
21568
6380
15104
20392
32626
19328
9988
8097
30141
20288
7202
8806
7499
17978
30343
15495
7489
31891
19725
30590
12028
1216
27815
8071
5274
25593
8960
29618
22717
25323
7263
7222
15243
22190
22734
23304
28922
30198
31867
10924
5194
3725
32606
16204
29907
12033
28
7687
8192
6298
15916
16011
19612
3470
32568
27366
2892
20344
25542
20889
24669
25095
28439
32238
10944
26099
17999
10892
31827
8246
27351
8777
18275
376
29696
9023
1390
16843
3049
30754
15149
25752
13218
15313
32209
14553
4753
31530
23950
10633
21781
10531
22870
29273
24170
6422
16359
3237
20941
29533
8711
26790
14048
22559
14862
18153
15695
9321
27814
17920
25524
3457
18127
30839
1464
1655
7462
5898
5499
9212
12390
8980
1079
29303
31535
3403
7712
29270
3334
13483
23950
11938
5790
20912
31069
8663
2901
8648
12948
23794
31746
26376
9542
9419
3822
4126
8374
31141
14624
7303
19134
15620
7390
4354
4722
27071
12656
4164
13824
4693
6183
27629
24539
6532
17054
16827
7960
22808
20032
30973
16152
11010
14602
13387
16999
2217
21394
2933
1252
13445
5193
8633
18722
8681
12285
27705
13583
3872
7074
15532
467
1468
23377
25683
25339
13611
17041
814
26839
23435
2518
22385
25120
12479
23879
8498
222
1987
18628
28260
18057
6716
9512
25352
31599
12884
27339
20898
13653
9924
3404
14314
12641
23858
17549
29637
1336
18110
26366
17523
27491
2776
14623
27658
12023
21588
22080
1315
31349
29888
5771
24787
3567
20981
5701
221
8300
20972
16977
549
28814
14547
3574
2920
18546
11616
13794
5163
30936
22374
13422
6129
3972
19622
19235
2481
19684
16359
17789
7047
7410
9801
22768
11946
5980
18134
17961
32670
19170
26714
8086
25259
22528
4468
22824
9357
7886
3822
1368
25453
1060
13386
25448
29712
4609
2717
8939
10063
30510
24993
135
967
10782
30469
8186
18385
13081
10247
18267
18357
24986
24901
24482
31770
28917
16592
24171
21697
24636
7811
31991
9075
356
28307
24692
13112
932
12902
6014
24522
32030
27561
4325
16713
14273
17821
28593
16432
17774
26801
24675
9608
8025
11350
21374
31580
21683
6927
16710
20844
3206
31943
23240
14885
24288
23400
19482
5073
18739
13737
29668
29196
16892
21544
13343
15223
12195
29880
16413
20400
18082
16380
3018
18817
4842
15669
16433
12631
12418
14424
22850
13302
30578
20068
20690
12652
7903
5106
31459
14403
7031
2573
30502
16635
15632
21829
23486
15800
20363
27391
32071
21047
17151
10511
30743
18438
7956
2953
24259
4853
17836
29907
12773
31176
18633
15359
1309
14126
22443
30040
30038
9975
1848
10555
21579
21377
31137
27945
11593
30579
10563
4889
1846
18350
23243
25363
2002
6529
31390
4858
23613
14620
27000
28842
2746
1096
31826
29251
4530
7509
13194
8387
30716
19027
27966
4315
12891
21637
5880
24059
584
31762
8849
23472
12786
21502
16975
28975
20868
6745
12369
21298
22950
24758
1325
4098
22342
6367
25047
8661
1176
22983
28869
31579
29531
28864
592
17044
11359
4846
18526
11748
26692
17148
30014
14185
17796
16141
16851
6796
8116
2806
7925
20438
27654
27306
5652
31494
16147
24821
7454
32608
24535
1646
24995
11847
3069
19623
20280
17422
20829
422
21785
9996
8388
10137
12050
7406
32243
29893
13727
27217
28906
4032
31058
4241
7270
23520
11637
7643
7592
27123
9713
17290
6520
24880
27758
9904
6762
29806
12476
7922
9312
14228
6257
22426
8528
26961
12756
1767
2887
1293
3578
12199
30638
12575
17967
8456
26573
23872
28824
10412
653
9535
18454
11003
7042
19447
2924
5565
11048
25215
22437
24808
7277
28576
432
4534
4976
11148
13134
29691
4489
9164
20270
32182
6793
23419
24661
4326
16195
15282
6340
3999
12619
26691
9045
30300
17405
19626
19687
28823
32449
30016
18618
7063
9358
2226
5148
27530
21677
30130
15686
26323
10432
10476
4481
11173
29698
24380
30349
29649
2000
26654
29506
2780
8553
27750
11128
27221
25842
3377
21285
28773
2493
28443
23749
25768
7114
1458
26367
16187
30350
13099
11653
26135
23796
4180
316
21661
21154
28874
2973
24945
6781
30572
24923
5772
32367
20239
10309
20365
17512
23412
21615
4688
29858
30327
16524
21954
21802
3464
9631
10996
16028
13151
13779
31854
11821
31212
24230
22469
14575
10381
30285
30064
17489
8836
22612
29399
10213
4520
13702
29357
7271
10586
6924
6016
7162
5563
29913
3214
6068
27421
3909
4315
9821
10679
23543
14464
4212
10652
32265
22598
23923
750
24935
20339
18005
17998
24952
9188
12628
6552
17153
9308
6903
3277
1350
1308
4172
15185
20082
10932
7794
3415
30520
5912
23387
11673
31163
11510
27600
1868
18347
15687
10934
24659
19377
4901
21903
25523
6670
29148
25156
12359
5247
14659
25121
16309
1379
9293
5665
14752
30239
21979
6252
1823
17602
10196
16158
14958
15589
28792
7242
7908
14294
12785
16191
1317
2037
26667
6921
8089
13149
26854
13883
797
16839
2570
2028
8184
8620
570
9728
18192
26794
14251
10409
3934
29481
28983
26412
12191
10046
7597
29161
8268
24272
9580
28054
6605
15609
31280
13259
17130
29358
22827
23747
9090
13987
29528
5729
12159
29801
28684
27761
32265
30425
32206
26161
250
4534
25960
7439
20626
3726
21310
12469
24429
24801
19167
15427
10929
25990
30938
12507
14988
12617
22227
14691
1758
13017
21973
2950
5170
11234
746
18940
23795
17782
23017
23564
23261
17329
14992
24143
17585
7325
13266
4278
21549
30291
6514
26062
10299
20579
6097
5955
5993
23670
14853
25508
1689
18994
5674
22885
6137
2654
5117
21290
17974
19783
423
2371
16365
16482
27350
23666
5987
20274
26130
15861
6773
27500
19535
22720
26322
8282
3774
24587
3687
30077
7913
9996
24603
25718
7423
26118
10429
26151
16492
20610
58
23317
11949
24796
30484
21264
13411
32002
14351
30743
5286
22649
29230
8310
25243
14241
7901
19505
6473
30777
30832
4517
26024
805
13516
15725
22267
2927
22628
10627
26976
16013
13672
4007
7846
18914
27448
23301
6494
22919
31263
15634
28213
29770
16190
2487
8065
22775
27846
7857
30489
16599
21099
23096
12906
11127
2581
25822
13511
6058
23768
21179
13313
19921
29734
24519
4920
8026
11075
19335
24560
16263
5370
6124
9575
6513
2447
12152
2599
18252
20724
13986
27607
3820
15679
3196
27990
1928
18780
16019
11019
19647
4095
29718
2422
25304
11997
5179
21003
12366
27164
11231
4673
12428
9224
22125
28902
17397
32007
11776
28085
16679
12239
1740
16170
11137
32214
31162
17045
13027
16394
594
12910
24756
28611
13278
5864
5674
15350
18892
9416
16325
32427
5973
32376
25117
9905
6748
2903
25566
27024
13721
22868
14609
20927
22006
15547
21405
32023
1849
8782
32013
8072
15332
18328
32147
7691
19545
19838
13389
21975
28994
22807
1224
25560
15664
14014
15811
93
22914
13157
23861
17169
2697
8236
21905
25388
16106
13362
14408
18410
11843
16554
27023
32061
19217
27442
16740
24766
3025
25185
15819
6890
20325
16543
10846
14475
24762
4410
24836
30836
23976
11190
2049
8561
1305
22884
28975
29822
12398
31030
32394
3895
31774
5585
12274
21136
25504
8676
15917
8646
21644
20152
26412
3478
31997
12553
20367
16300
22841
10261
7531
14942
17556
15090
12362
16538
4497
24612
6771
31261
27979
25455
16236
10214
4627
24042
15294
31979
3419
29781
31224
28426
7379
20396
6390
5186
26321
1020
1891
24611
4598
22902
30845
21891
15
11202
5656
115
12345
21398
5094
19570
3145
20102
2037
2784
9578
6430
11385
15797
9224
28462
28364
31346
28397
26213
28595
31064
19882
5921
22755
9432
2617
18310
11204
15692
21984
19662
28020
25828
30040
5855
21519
10211
30767
6691
22830
21771
32619
2964
21933
14933
22384
8982
2738
6630
26916
22538
15338
27455
18000
19488
16150
15540
21834
22636
9415
18719
24529
28861
24165
5589
2360
20778
1398
11481
28615
10733
10269
18256
32094
15733
16097
31797
11099
9398
12208
18254
15806
11716
548
31839
14731
2208
10501
31389
6768
13905
1294
13413
2984
28215
1268
24366
10271
28061
1700
24509
1495
25997
24012
18072
4234
31464
9118
28860
30609
3254
13265
8338
13060
13498
31464
8992
25635
13897
31158
21884
5364
20317
8738
7815
6958
8166
28968
12503
8790
7008
27168
10485
8488
14506
22339
23497
15928
21526
29547
26962
26585
30653
24858
26523
9022
32277
4798
14826
22239
17093
2099
26682
5150
21943
1418
2795
9259
25711
9993
7865
23589
19868
30322
21739
31874
4845
25993
13260
8112
7462
20944
7007
31740
1651
30101
591
31924
24316
27182
32549
30344
8121
8068
29117
31542
16264
27854
24827
4199
7805
7839
24762
19923
15225
9763
5125
9900
26622
19877
8074
25146
28225
5717
8267
1987
23937
9033
31383
16813
28824
21953
5433
31718
17104
32431
21743
16772
18167
18807
27678
7593
13494
17395
21187
938
24606
10170
31405
624
12164
18594
5098
18206
9103
19587
30079
13043
9615
4158
32348
2163
4112
24062
654
29633
9648
22718
6327
29264
27181
16652
23483
23994
4546
30476
29885
7664
31412
23999
330
18068
25896
901
10707
9123
23863
13281
31841
31063
2884
22141
24452
31564
24205
16238
12684
16097
17921
21688
26620
11489
27474
11541
17212
13923
9290
3058
27278
20718
3682
24251
1091
32225
2193
8024
7727
24850
32610
16376
31322
10934
16201
1037
5112
22657
16695
27287
28828
4622
9580
3494
4520
9344
20621
6938
6664
24938
24310
19118
31776
25836
25169
30005
17410
1823
7527
12579
20965
31923
12855
6222
6355
27351
30277
6902
13729
29273
24885
1027
29220
30223
18840
4751
2210
8309
25606
19620
15239
27799
14445
28487
5465
13874
424
8117
25838
5398
11092
16876
18909
1998
25055
6253
25906
12675
26849
4417
614
12062
11184
25658
19598
18349
15407
26235
25554
31752
13286
14138
26401
14772
11096
10693
17955
13575
15248
4291
28527
11917
15870
20157
12031
10155
16001
20445
20704
19074
21445
20725
23598
2326
20943
6082
31296
14256
2774
115
24096
9857
4693
1125
16446
32391
13918
7729
16997
26037
9009
12008
20461
11854
25869
18589
20019
5522
15430
548
12614
21916
30616
14362
18659
3723
18619
24357
22948
19168
18231
19325
22132
8999
5498
4524
20038
17626
23592
25746
25095
24706
4018
5291
22224
17183
13354
5269
6241
7882
4950
9932
16331
18073
6403
6329
29292
25027
18843
12011
11552
23044
1786
9892
20406
2371
6014
28823
31905
27251
9053
2288
8432
20919
7228
4245
14465
28617
17149
2987
8817
9372
16344
26973
6614
25920
173
14552
9905
14599
20888
12186
6942
4582
25543
25837
28878
1053
13960
26286
6839
8474
5798
2899
7946
31131
10230
9517
3430
2836
11565
31465
9547
7248
500
10589
16593
19802
31551
21122
22426
24222
8666
15804
11781
29516
31556
19810
1188
21245
21697
28026
23537
28313
17579
24516
8252
11384
22025
2299
20968
16327
4707
9047
32215
3886
24020
31318
6691
28335
22880
5052
6927
12498
16264
27096
21565
21247
28444
6922
31265
18731
6225
12930
22453
11447
16403
28234
3182
21140
3484
9863
26223
3244
5702
14844
11518
6781
7069
9167
28468
3335
28601
7824
11000
8681
29643
30839
24622
22983
25845
31981
25643
19950
27487
5966
2412
2363
8071
4846
28552
26681
31192
7258
3940
17545
24703
26592
22438
28551
18298
8529
28012
16426
5873
2309
25917
14380
19402
25120
2112
1131
1656
5652
31147
23696
31763
12647
20607
1518
32174
7607
31091
32173
2533
15611
29997
3623
7349
18955
18104
21394
12689
8803
9779
29664
11185
23843
19398
3555
6318
21339
26331
9141
332
32134
5514
1111
15510
19028
28756
30872
31025
21165
32277
14136
28906
3826
9268
25678
31377
29062
26397
8167
28170
2701
3825
26608
3745
6387
1147
20822
28574
11440
31335
23659
1817
15947
13998
26764
25360
24477
4181
2817
13495
27096
30039
19748
9743
19656
3296
5573
11706
25432
18875
16846
21774
29015
270
12323
9320
11900
22853
17612
10691
680
9548
10070
19849
22380
1
16502
27048
8907
15337
15088
22249
3905
31521
2999
25726
25860
920
17750
28121
6281
9084
14990
709
8778
14834
13377
21935
967
14346
16015
25668
7626
11762
20798
3650
15344
14442
22367
3719
31077
25207
23086
2671
25327
20316
21307
11100
31278
16582
27079
30358
32290
19783
8049
22358
7405
23301
12306
3869
29402
12980
10469
74
31391
16065
31467
1772
21215
19152
3213
21461
31987
22377
3716
32240
30954
21998
6134
15828
25294
24785
19937
1944
29993
17411
6589
30441
5320
27056
13149
16731
18879
32553
535
8957
18862
26146
6436
31024
30530
17949
21321
32697
31486
21030
20919
25620
22843
5825
25137
8971
10605
25633
4204
25736
21161
10394
26299
18856
29028
20313
8684
24848
19070
30547
23660
13700
28543
5755
29874
10934
30752
23864
13019
7259
29965
28182
29074
29572
32745
15804
20019
9772
3218
12062
9264
21773
24487
16371
22451
31673
20040
22890
13189
26341
11037
6424
24110
25864
1178
9781
10846
25893
6273
26377
18059
30692
8360
10913
4060
26344
23804
6854
3142
22109
32454
2608
20469
9424
22829
29430
20973
32068
31484
14665
29681
20354
5542
1634
16803
8880
21896
20409
10990
30245
3949
24184
15777
9340
26455
27439
8796
31975
21629
8649
24752
1734
9872
8639
11906
9081
28738
20107
20144
626
31497
1120
17144
7054
10272
1304
21781
9125
25296
12654
15146
12128
2029
25197
23396
30794
26275
30504
29403
30762
15987
27308
9146
20113
24184
1587
11936
9391
18927
922
23366
874
1526
13333
21601
20402
29844
32546
31434
24846
24826
19899
29660
26235
8456
13776
30493
3447
28691
31220
7969
8025
26342
12631
16812
2275
13574
11252
4887
26
32571
26379
6389
15445
1867
9682
12278
29845
265
616
10507
6164
14478
2826
16842
29985
28103
16265
31765
16938
2352
763
6390
15643
3550
21937
15054
21735
27843
27498
29359
4451
7470
29126
15622
11611
7825
6910
12669
5856
18311
16593
27167
18911
1557
13250
26045
14584
30000
2688
27025
14476
27520
1446
9762
8216
26468
23460
9063
5570
31798
253
14383
14386
9424
16564
4289
6819
8015
14592
2239
18234
13847
4167
23632
15254
6679
30282
29821
5032
12878
17822
21212
22213
1165
22875
24684
6905
7039
27416
9153
29343
3560
3350
8801
22574
2858
5307
29037
3158
4365
2370
14724
6732
11967
27314
12772
30306
31002
25868
22226
27354
5158
17353
24381
18172
30175
14723
13726
1126
17976
20467
30754
22180
95
5147
17419
22784
14659
21188
20563
20123
12116
31019
7059
10429
1929
28152
12580
18282
23464
30319
18820
10294
32194
31722
18939
30554
5372
17799
26494
14086
30614
31262
28883
28921
26149
32374
1014
9808
3107
952
12988
29083
27050
23075
23222
3894
2685
23554
13400
16343
11848
1243
23898
14691
17961
2282
25183
6662
27502
205
3029
4482
13217
32129
29212
13511
1474
6285
7402
12229
21715
21629
12782
18814
25498
24978
30387
28255
30114
6840
10696
13520
4483
20152
30494
4106
14435
10671
2993
9512
14013
21183
3178
30337
29281
4612
29764
22838
22972
4810
7599
26887
22618
5629
31538
28267
29865
10464
17235
27359
31488
13314
5051
16254
23007
30319
20374
8658
4985
16675
15673
21226
26735
1732
9991
19628
8159
5008
917
22893
4253
404
26892
18879
20416
15646
20431
15498
10337
11638
26718
11615
16543
21961
2171
15624
4070
614
29579
26724
2674
22061
574
8562
9742
19523
28018
32427
7202
523
16469
29845
3308
23890
13770
19861
26638
25290
1295
21508
15945
20666
24988
25222
24712
20979
12878
20119
28704
23814
17348
24935
17494
5044
31242
21224
18722
13990
17780
31525
15154
351
24269
11733
25906
622
3761
29744
16971
17384
1080
6401
10729
22549
32469
15101
26818
7786
20349
22867
27412
21687
29963
3716
23597
18594
22499
28021
24369
15700
26837
13507
17688
22898
10053
19542
25590
12623
21129
16697
29567
16736
19091
13224
4810
27888
25552
27499
23381
21780
12879
1635
9546
7138
4134
30051
24832
26590
25362
15169
10693
15285
25949
8748
30171
30254
30213
23359
1984
3677
13338
15447
1202
24602
26984
4130
21619
7345
2134
11385
11850
13275
16654
17136
30538
18669
29150
8107
21974
2128
30430
19059
7781
28977
7380
15880
32131
26489
15188
10681
793
8704
14892
28979
29421
18685
1535
24215
32364
22722
14383
15055
19368
7334
30208
16417
28061
22082
19195
6916
12728
25824
657
27955
26266
304
17665
1793
25
24893
31612
19180
15495
22688
16262
28532
12087
18675
22943
4910
21566
30345
4899
22292
4471
5468
24431
29471
18634
8775
8261
31000
24493
23670
2418
14763
24554
29466
26541
32701
5539
15201
20163
5631
20116
677
29425
19139
7833
20708
12689
26127
19824
12144
3322
17904
20927
18407
8097
5393
32089
28518
19076
20364
16061
29178
8904
2560
7136
12887
25248
12004
18988
29133
24946
9755
1992
21623
22325
6856
6682
30134
28446
21347
5514
8413
28027
20493
21129
558
27871
8992
13266
25606
30335
14347
8688
19540
31196
31837
24577
3663
26530
7967
7609
9321
29648
23143
27306
26238
17178
31530
28354
28754
1932
6994
3093
19514
20591
16912
19932
13849
4464
24180
18622
2702
9471
20539
20559
13932
19958
29416
9687
14955
31867
24342
1108
5917
23079
22028
11714
13603
24936
2962
23961
7584
1059
16899
17560
5870
9630
27812
29121
31120
27550
19508
19621
20840
10956
14788
1249
7978
29277
5065
6889
19985
31474
368
26116
12753
31933
49
15256
8396
12518
28583
7080
32392
557
3999
1691
19041
12496
9327
24639
1659
28079
13705
1037
2811
12462
6735
28335
6519
20059
18729
8383
17578
4305
7381
7890
109
22492
1023
12981
28131
1117
20242
20982
14323
13040
4173
19878
5115
2509
16921
12126
15042
7660
10138
26496
28079
13165
7044
12479
23609
23862
16688
19682
32159
16350
19439
32452
13017
31690
20638
26016
17614
661
21882
7563
4807
23477
5174
18754
1316
7260
8779
26918
6222
5789
29584
9093
5100
976
27402
25115
16986
11831
28165
26841
15446
24034
11619
18917
7421
3279
6453
23265
12791
9814
12936
3952
31726
21956
12161
23798
4932
10311
9645
2976
17669
1546
11922
6309
31770
18080
14986
3531
19136
25766
1489
29228
10297
5284
25564
14394
14017
17205
21740
19713
9668
15976
6628
11436
1102
3685
14935
8267
6083
16724
12518
2259
2768
11898
12745
23398
2209
29861
16299
13013
6229
14283
699
6756
19631
25070
5632
30157
7182
27458
16108
10887
29855
28050
17205
28231
24785
1760
20704
24264
20489
20300
11423
18120
22424
26167
6748
13395
32746
23207
13334
17475
29183
29421
8940
18184
6431
6022
28279
8869
3274
25920
22109
5627
22255
10909
27171
16714
27230
21628
21315
6133
23934
3574
1407
8069
15683
6023
18804
8177
3163
6510
21874
10525
17064
30038
26763
4512
24819
23349
7146
21194
27871
9589
24167
26086
26907
16466
20056
1724
7644
8323
26025
32602
17803
3356
11311
24852
29114
16563
25657
20170
15453
9665
25960
15465
6455
12876
6593
18356
23442
9923
20737
3653
17459
13354
24112
9422
11149
19830
13177
5029
7221
10299
28729
31872
29078
12420
5462
19837
20198
29698
21458
9573
601
18538
10656
19761
10388
12568
16566
27341
9316
18424
17507
20765
16048
11686
8419
4414
684
17620
24881
12558
10832
15597
7964
10990
12041
12279
14749
6854
21166
22462
17768
15434
13493
7727
27585
7804
18343
3330
11153
12402
15057
24732
12473
2906
11325
16947
13734
7611
14048
27955
8997
7166
12565
17376
25209
23084
12106
5949
5548
29433
7929
9773
10786
24578
3547
6105
31092
26451
29016
30033
27771
556
577
26230
21674
8453
193
13847
28577
28879
29841
24922
18688
1405
15724
13918
28281
3523
1987
17950
10794
29725
31153
11673
14121
4372
11313
31280
9312
21181
17551
11599
22939
32130
16924
9039
29407
27172
21542
24987
26110
25857
19495
4114
9832
4755
61
8621
15172
32058
12762
28770
31679
12347
19645
20552
26020
1032
4641
24059
16942
32706
1076
3138
3354
29692
9674
13551
20991
12994
25171
12551
29666
2265
12810
15395
4869
23625
20080
10006
1281
5145
2809
7632
4884
11610
9733
1155
29372
8551
9745
12292
11397
362
5935
32115
25887
27426
15539
3358
15539
15076
2864
9379
14455
7904
32419
31829
27265
28582
8429
31713
19417
29161
21639
10802
31953
25986
14193
21649
24473
1463
12907
12561
16654
24254
2152
42
979
7293
31296
29092
419
13972
21157
20662
5861
7581
28248
15216
3201
19890
5276
26966
21491
27184
13292
17742
18846
18107
22249
24252
29026
387
26006
30187
24944
4805
1735
10159
20317
30100
13783
31816
29558
19929
24730
23946
13908
12185
8594
14395
23728
27510
27238
19645
9592
1145
12943
29420
3617
13070
32341
21834
12608
6480
20986
26458
29524
3207
25909
6985
29158
6127
10978
6867
26837
7356
247
1893
491
13146
7354
1407
17075
12793
1841
5981
3215
31817
15834
2774
25349
130
19357
32388
27738
1448
28159
16933
24674
12045
6808
5697
22934
22807
30919
3854
15463
13123
9124
7824
10450
15210
18486
2564
10805
32324
29671
20095
6497
16682
10036
14547
25840
31008
169
13490
13273
13074
5133
5910
5697
20830
16858
26591
14484
17043
8944
28350
19669
5496
23689
1875
7730
3665
28784
146
732
8541
23918
2923
8213
30371
9221
31914
13451
23279
865
26140
23780
16919
652
19187
1690
16002
6625
29547
1289
4587
4291
9134
31942
15203
25487
14837
6451
9877
17870
30705
16464
24654
5296
31593
14548
29757
19894
10788
30333
22519
23982
5385
164
1853
23524
5765
10004
13698
1431
12333
31004
14504
3498
27557
13027
4363
5276
17088
5372
12992
23738
21224
23098
29727
3731
24513
16326
17790
8621
26889
21358
5696
15734
22467
31808
2831
9853
1684
29016
26981
3042
10605
4854
23633
18700
22634
22996
30328
28569
16890
20662
5466
11675
18497
19522
2518
25601
3514
21778
10736
339
13601
30728
12243
29859
22672
28897
2578
19648
31720
25357
307
22444
32370
5310
22126
22096
20422
24640
16306
6255
27628
20360
25833
5337
25282
5647
17021
20961
28317
23777
5403
12816
24115
5360
12983
31003
21945
17327
29904
7443
11080
32220
6133
14300
25221
1181
13448
11488
2945
14543
13506
22276
2270
22683
27639
21212
308
15178
13083
14618
32690
32602
11910
23885
2057
24273
8436
25800
8581
7633
28624
18911
7549
18285
15538
8026
7406
11451
14374
10275
6499
23082
4527
5954
29976
30486
10507
3083
22110
17306
25785
7830
21057
10406
20921
4208
10857
3665
28819
30096
8766
27760
21402
27021
12112
18791
29298
9486
2293
6975
22224
1921
23348
16121
1665
26896
8417
31266
20142
18640
26890
15016
21598
11068
2962
2284
3644
15587
4380
24600
2971
3421
21034
24755
11447
30339
4486
4467
12349
992
5602
8786
14862
28258
1723
26083
14144
85
4227
29927
17254
30098
5118
12316
29458
11252
25837
5205
10136
14348
23530
5327
20500
12822
16275
28611
15278
20267
18666
12600
24860
6840
18172
22555
16233
25646
9665
20881
15349
13563
23620
16012
8638
25274
1539
14237
9693
4518
11161
777
5460
15189
32410
28958
4102
3491
3263
21191
29959
13804
11843
15967
25622
27774
13196
5827
30824
21581
5646
2219
8360
745
12397
29242
14395
17582
16865
26835
17864
28986
16607
20783
760
25637
16630
15788
4474
28140
28663
1768
331
20781
28248
21135
3124
8218
1754
31857
10900
3624
2410
5592
25951
2567
19781
28440
2407
13271
7776
24423
8154
921
6663
16111
20492
13283
16068
18210
3703
17624
13186
19790
15617
11096
2546
2929
8317
116
46
27470
20339
17701
1437
1984
32292
3645
1814
22607
19401
11421
17992
15105
29980
9641
16473
20594
4121
4089
26573
24103
13574
10321
13738
11040
14513
13012
21977
2732
23545
31860
29392
2434
5263
4269
25710
28940
21246
30579
17958
5382
27113
3945
14432
8008
31380
22611
20764
19936
2727
16846
32729
22372
10030
21055
26805
27015
14563
14857
31445
30185
28080
9987
17927
16692
23408
27689
21414
26724
16374
20881
1727
20582
592
8353
18289
13285
22860
16512
32154
17249
15164
30410
7856
2945
31479
8328
21228
5546
13856
30559
30126
30416
30891
14087
29981
16524
14748
14079
21773
2159
5394
19583
22823
31127
26501
2223
6723
9343
11852
10006
2841
283
20834
16469
12313
22309
14953
5397
3735
178
23791
1342
5931
15112
5105
1897
3928
31155
30877
13465
15979
28630
5724
15397
24998
17344
8208
21497
11166
8383
2714
30975
21218
6969
12448
5079
29661
6904
25485
21966
18942
16326
3545
25102
1046
29754
19082
5906
14337
8913
5627
3165
14728
16704
31708
6252
22662
9737
26234
29417
19018
23629
29504
18209
16957
27105
28798
19128
32196
15268
26730
11419
18280
11279
23909
28727
13621
22541
7039
2281
9823
13837
17212
18869
17452
9046
29081
32058
2573
23451
10570
14821
6414
3792
24902
18022
23153
2364
23685
8800
13718
8654
12040
1893
23839
25268
5147
30241
30545
8234
31191
9173
9660
29072
26090
23560
12318
16576
6043
10873
22149
25502
2824
24919
3764
29681
16818
20404
12488
22897
29756
15416
22299
14880
4464
30738
30057
17630
11907
7732
27441
2616
19610
21184
5470
22402
6028
5821
8999
18469
490
1039
12852
313
25149
1446
30210
19287
30094
24565
28296
32424
27436
7590
29211
30018
23977
13452
3727
30645
23846
30425
1439
22496
28368
9361
26766
11786
9643
12606
5903
27694
14479
4582
9571
15253
14704
10042
28097
22698
20962
6160
20730
24843
10459
12307
27229
18396
21947
5817
15064
25696
1163
29302
3937
20170
12162
19504
9876
32592
4558
18162
22942
25474
14225
32740
19545
24026
20265
10875
26808
25492
8116
15597
10598
11455
18643
16616
30634
10901
12207
7299
8334
14344
15674
26485
9536
14493
20920
8324
27320
6525
4477
22337
3227
26826
28408
7667
22368
30511
5616
22481
11697
14267
7182
14196
23828
20975
6812
395
9674
6677
5516
26577
31223
25556
21436
4156
14340
25346
3192
7287
25666
3769
3649
17811
9680
15021
17100
24570
2750
23228
13390
23460
22386
9415
30711
5261
25931
1217
8636
1894
21637
5893
9562
16010
5469
7405
18584
2869
3189
8096
2764
24304
22137
13611
9632
22864
28419
7124
2838
24032
16060
8106
1226
18012
21701
32353
22648
1312
20309
15709
5565
19423
14243
9741
28962
2712
21766
23674
20566
23238
15194
17440
27579
10968
6311
9980
10532
15840
1533
21222
5086
21391
24482
8481
5613
3169
26736
7217
22167
24085
15480
14316
25127
11360
22251
20436
32491
23010
12091
24484
21375
25945
12669
10793
16973
26389
5650
16979
7765
684
23686
10892
7466
8430
28088
32328
10813
1563
10555
23006
32606
6228
25085
29846
9856
27216
3622
8451
18621
24144
11843
10131
28314
30037
12196
12132
5515
7824
19970
10585
16058
6938
14438
29038
23300
18917
32069
6728
14404
28659
496
5905
21461
20677
2348
14210
13906
11031
3356
10817
15520
28106
28776
31086
29231
14626
19096
13688
24700
49
21441
16950
30683
24211
13156
31283
30067
30300
13971
7241
27274
27215
12629
14193
18691
18513
3916
2265
6436
30749
22421
55
15517
568
10224
24158
25286
17192
27425
8718
4649
24289
20118
14097
27456
2176
15177
7043
2176
29243
21992
28530
8086
31128
18996
8871
18416
25566
26023
13506
2687
16073
17753
15245
7867
14722
6948
9098
30952
2510
19974
24270
3480
12678
31176
30226
28274
14407
4573
12296
9265
11626
11149
17131
27120
1591
13139
17498
11684
11349
4483
19302
31210
20613
559
30954
11523
21905
9292
23067
8476
26494
1041
22879
10707
4873
9376
12643
2808
29010
19688
5735
19600
15314
7114
2525
4128
23698
10106
3123
19240
20127
11305
8429
2797
25273
3553
22774
9595
15435
12720
22328
31723
6816
29192
874
12770
16979
12902
24361
32346
6919
22066
12619
31141
21849
7910
31600
3246
11539
13683
28121
25987
7074
25313
19838
5392
3787
15413
90
14893
30617
17815
13322
24028
17818
20660
21142
25803
8779
6754
14735
14881
208
27522
26458
6007
21992
16683
4811
3619
3105
16389
24822
13757
2120
30450
11585
9180
21028
13556
6078
4385
13668
30283
19896
20343
28373
11485
16524
30104
14808
26587
16058
25556
21012
7842
9020
1550
15720
8927
3863
30471
29219
32247
24879
26847
11640
15782
24671
30424
3628
29670
19401
17502
18322
28178
17771
3396
185
26443
19188
2897
13284
14875
12501
21755
8762
21848
21402
6514
12223
30795
29563
24032
15235
31250
28206
8175
18458
8259
19200
397
2123
18642
19748
25068
9228
27445
75
1996
18863
13509
29557
16636
24406
17512
5638
6942
26796
18797
27420
6572
29911
2487
1824
3384
10408
4894
2971
28664
14613
7186
5451
27521
27114
22401
20599
27603
25787
16379
10111
25494
31773
7701
16311
9635
12054
19979
14453
30662
209
2217
24681
17090
30870
13163
21805
918
24058
31715
16669
25087
1363
16987
11113
4158
16495
6076
3689
22555
18310
21166
10288
31018
11884
1
14691
15437
14859
12876
9804
24698
10769
29907
11818
17599
19174
26030
11467
29571
25569
15144
6749
29454
21947
14438
15746
32588
32068
21833
17314
4301
11860
7572
13189
21777
23301
2898
28193
31747
15135
24690
12720
32451
2004
17333
21254
17320
8110
9418
8482
17286
9925
11191
9987
5164
30517
14202
16317
31793
30159
12272
12491
29681
7951
12023
16039
14290
24654
17615
28568
20428
4409
23495
28875
12328
8578
32533
20902
22407
20182
2309
2393
3623
30478
31830
31414
10850
23209
3296
27202
32375
25466
7035
6796
21389
17310
10525
701
5621
177
1346
21361
5808
16193
15249
15813
1585
25219
1212
12465
3171
21573
16040
153
8686
2340
12238
11550
3767
5375
6625
14650
12709
25516
24496
18828
30123
27113
16975
31984
6147
25237
31089
13139
9143
27680
11033
14022
18022
6720
1650
31440
25157
20453
1530
26121
356
30064
7398
23012
3635
24351
21443
27853
30020
30668
6233
2676
5202
984
17620
28264
6787
4194
8742
11495
15850
25276
27047
15861
27216
31775
2558
16043
19764
1437
13125
23762
25360
14424
28264
8368
27102
5618
17358
2338
23771
1348
13628
11755
23947
10067
3830
23628
11773
30847
21543
25045
8272
4606
19074
31098
8054
8073
26922
3817
13624
23893
11983
19483
12666
12869
8986
9513
22209
14942
1868
22114
12274
21883
31266
2202
29533
3650
4859
4036
5881
27990
14396
30660
31217
3278
13556
21374
18272
32743
20924
563
30297
25333
29922
24333
2859
10144
3526
3832
32227
29004
20355
24756
27154
5593
32466
29480
27600
5773
22316
5626
19968
9550
19247
6236
28118
2581
9283
31273
30615
31903
17789
13104
24736
18022
5572
1232
17066
16591
21810
2501
31820
933
25020
30785
15041
22470
12054
19006
20716
16924
30161
16403
32665
15055
24007
28998
4870
25785
10168
24482
31138
22811
6709
16521
14356
23438
13757
28811
24191
2620
29735
17719
25349
24143
5951
12592
1418
4266
19124
28292
8378
14039
7474
9018
3149
11329
5323
13354
29833
7076
25243
14866
19209
15553
31148
19685
13502
6742
3351
6502
6451
29773
14700
29942
14101
4660
23892
25514
25074
6637
25973
17569
19777
16039
3990
6293
2211
23565
26884
5807
4456
20924
3124
928
7509
13051
25001
32493
676
7846
26648
14986
24909
21356
18379
20651
29060
21563
13635
11223
7043
12535
26401
13630
15497
18290
9031
15692
15651
4249
10042
21118
23722
19947
28618
31349
22029
11056
9206
329
16848
10343
9994
21279
22869
24576
5642
5118
32603
32075
13395
27102
12740
30513
2944
11522
18587
25378
17035
29320
9813
29774
28724
9535
15703
31512
27815
8376
3769
30919
26201
672
1610
7039
15923
9804
22484
13937
28402
32406
16801
2638
974
16872
22589
29185
25177
7318
16254
18333
27563
23921
29890
5524
14524
20633
3704
26667
30225
15506
5346
21290
8859
13722
22552
32728
13788
15162
26449
22310
29003
21532
3422
7211
24826
7196
30327
2768
20342
30881
25402
20173
12526
26414
3313
26324
18840
6708
7956
18443
4945
22571
27151
21952
9860
20704
13124
345
10828
23825
18004
9865
4061
23607
11162
30666
7456
9379
10233
3847
2717
14796
27096
30360
14494
15592
1898
15988
16273
19385
12851
29090
24495
16810
17352
32753
5083
3866
2006
28649
19405
6904
26469
27905
4463
25232
22878
1555
7559
19364
15435
12300
8087
23743
32095
24808
15617
20422
12470
22238
2927
13008
32477
24535
2674
2871
2965
13605
24682
12016
14804
16242
24229
18455
28941
22262
4299
14030
18353
21486
23417
17736
14070
841
28204
25121
15319
21412
3169
21745
2396
20088
29178
8480
12315
12690
22244
2812
24319
15556
22007
29448
8520
2011
15133
31639
15827
29904
31927
11418
7068
4675
25660
2487
20353
548
10787
20123
14153
14516
2308
17808
17892
10156
3066
27730
25844
10683
7243
23326
3981
16950
4683
8717
2617
1292
19837
4256
23616
15096
6140
7068
28198
5626
22809
21784
29044
2567
23366
10964
30140
7680
10547
24268
20183
18657
17974
28173
12401
12091
17904
22984
8904
21732
1838
1701
13488
5868
5645
9817
3803
468
31074
24443
19543
22523
28504
10131
15448
23641
23899
885
28984
13679
30517
8653
16572
31870
24951
1018
6553
19704
21275
10528
21046
26676
31335
28536
21684
16741
10517
8171
19500
1485
2992
22496
14135
29998
28737
17746
948
7810
24619
26917
6085
21739
4436
21434
27675
28909
29317
4033
7028
12763
22292
12110
2913
21391
1472
12079
4685
11358
11996
9342
16059
26444
3504
26738
9167
11899
14620
13946
20240
23018
26494
28813
19308
30300
10710
32187
21885
14485
25128
30473
9482
12492
31010
5755
28625
21086
5887
7282
2435
9152
25515
7992
17681
10935
4648
30938
31526
26827
15152
18230
23028
31737
19228
12884
25140
14248
1796
27898
13672
18910
27944
9082
6500
16564
29838
19663
21772
1031
28653
4584
19039
6001
6090
16196
29109
14455
32737
29887
6724
11524
31686
1964
5097
22039
14028
19235
9766
23224
806
12956
30823
32560
9292
701
20361
31865
6305
1137
17564
27636
9810
28218
22760
7002
12161
30664
2863
23797
4515
19402
21042
10256
5158
19460
8310
7596
10839
23458
21832
17780
3204
9164
16127
5875
27741
1658
4737
8965
18592
13194
31753
29067
9206
5136
11559
26467
8984
32749
3080
18584
22069
29091
26615
10965
12696
11367
22308
27680
31110
2168
8612
452
9573
22960
23994
13199
32292
9304
8533
5950
31702
5185
27865
24630
9888
27152
13090
22389
32470
21210
8903
4039
12385
24049
5275
10813
5476
1277
17274
16091
19487
31310
12610
15761
25619
12656
23839
23405
26214
22016
12044
24590
15754
9407
15510
26460
16410
23269
19171
27510
25348
12216
12788
10988
22253
3164
1319
16175
5329
30189
9472
30533
7658
24011
7720
19137
29396
19509
31158
30963
1518
6426
25262
10332
11523
10027
17607
6756
22058
21813
18546
18256
1002
6574
20503
30318
21666
31886
23202
9874
6440
25440
28478
23238
16049
25496
30304
7998
4081
3879
9224
23178
4483
28493
22340
16143
32138
8622
4853
28856
8857
19369
29653
13033
10704
22501
18361
12981
2120
12844
10772
16720
8114
30077
18877
4807
21050
16476
15346
21742
3506
9069
156
12954
4588
24129
7124
5905
30311
24176
26791
17855
13102
13544
2326
6699
12542
30084
5985
1065
9383
13537
31878
5200
14772
6253
4100
11438
20558
11456
25828
10683
21086
30256
26618
6028
25586
28575
13161
18249
29410
27544
15205
22753
27059
2971
14397
3324
2491
16820
29080
29490
12422
4178
20222
18554
3193
31831
20891
6629
1205
25964
23360
32652
22591
14487
26283
966
14429
12559
5384
2719
25155
6991
13496
19846
31726
20073
9552
16198
14417
20381
15589
27704
1711
21546
4743
10934
20808
5476
21003
12242
3895
11015
32014
23624
11675
24523
15670
21938
5109
13368
11195
16379
18385
956
12838
11030
29609
32763
26713
2288
21766
30310
5072
16291
21992
5135
11302
11244
21864
7099
2267
10207
25500
16953
7252
27097
29883
9459
24611
20407
20353
3779
22153
27205
15061
32520
17721
23801
11946
9976
3423
26082
3107
20792
17633
8667
8442
26538
29925
24836
31266
2950
8595
8051
18859
29612
32540
30246
25575
1336
30715
6204
6091
23127
26747
12389
26263
11098
13177
12952
24250
19977
5227
30212
7663
16186
21153
11080
16045
27298
14795
742
13502
9450
31676
6133
23853
3077
24429
29463
17766
16834
24901
14763
28057
13469
10391
23876
2655
27355
30317
24409
2464
982
29060
32062
24244
25493
29591
22610
22984
15519
15328
28283
3716
27665
10973
30415
3563
23535
27472
30356
30594
24504
11401
8811
9652
16189
20967
24520
31093
25522
15261
31397
2342
23302
3250
25464
14008
9584
4684
2402
28949
331
12333
9385
9403
10531
30334
1384
8106
14352
17611
14981
27777
10306
7760
9444
26852
8158
4979
19162
6944
9
25745
32741
2834
27201
16893
13466
8773
12276
19782
734
22362
24651
16313
19033
10413
26695
23079
28968
10805
30992
489
7378
10924
10378
12064
30590
13296
40
4161
21859
27306
28165
1746
20095
4397
19505
24942
8332
12705
29256
30479
27952
13152
1354
1933
10356
24480
31142
1377
19319
6483
31640
11439
8036
19531
12725
2948
13473
22434
3525
24412
23113
30553
8144
27623
10717
28991
8060
12044
31542
2324
8086
5679
21694
32751
8174
6319
11232
8925
29032
23475
2493
11467
8272
17191
26657
32678
22766
5121
23221
30912
31322
3017
22646
25718
19346
4440
14693
21776
1738
25312
15488
24808
12035
25900
10738
3023
25567
30761
25991
24492
10164
29862
1378
30822
19423
14168
16626
1796
30555
23841
19490
4115
31634
5265
29392
26952
27506
10414
2177
14951
10436
10480
83
1379
23481
21136
16691
31175
2246
7939
2639
5972
14514
7105
31694
25580
26350
28490
6079
14511
10788
12139
20304
27235
19218
27837
28737
20761
15769
6000
1688
29453
12305
8518
1685
22223
9440
226
21224
16544
19019
31299
29474
24351
1164
20620
3690
11045
24100
17670
32369
32493
21106
1895
3752
10360
9861
31573
15280
31535
17455
30502
1809
9419
19290
24554
13104
18802
19871
18091
31611
11042
26645
27379
7399
24659
12135
18063
17052
24024
8746
1683
10990
22535
5485
5534
6288
16153
20369
7007
25604
23252
17755
5464
16726
18791
11591
27874
3594
26005
23839
11890
15187
22549
9677
17946
10374
22585
8558
25939
461
24527
10151
30201
30496
22085
23612
16023
24433
30480
3038
7141
7207
30541
19269
29583
20686
11945
3199
17464
17165
18303
7816
30399
30424
14913
19226
21697
23270
6169
1734
18527
6502
26832
26436
18753
24814
8174
21512
6874
14772
27939
9493
16366
15104
27621
9238
18258
13537
30299
9131
22004
8736
8058
8449
4635
30322
6254
9125
21487
7409
1339
20378
16187
15053
1188
23977
10866
2623
28492
28152
30448
25023
4635
26846
16003
15223
26595
25078
31274
20727
5699
12658
1564
7978
12748
14258
9996
26249
3427
32534
29868
31630
6374
12304
19824
31596
4883
2941
14228
14589
4773
24373
21344
30204
10943
10464
17067
15476
11918
23308
10654
27768
22571
30845
11450
21013
22206
31172
4124
22405
2025
12564
23552
10149
24676
8272
10885
21674
18404
30056
688
22287
27714
8422
25778
30929
20441
15044
27502
223
5936
10625
10038
13004
23001
16244
5589
30408
31384
16991
23507
15822
19144
4423
8948
30239
31995
23683
16898
9198
10977
9236
4556
29277
29291
28724
4975
20648
28207
30769
19412
28576
3343
11132
30842
13148
3349
20733
374
27947
7586
12458
19640
29132
27848
31576
22159
24546
9204
25809
13168
10914
6096
9254
24307
15567
12135
20039
31774
18408
18059
16080
27366
5024
3955
806
22259
24974
14249
31683
9124
14630
21540
10190
22867
12264
22704
20207
30682
471
7831
32097
21077
3629
15994
1609
22570
3149
16768
70
28487
3321
28083
28745
17323
7109
12710
5799
12328
5323
29531
4716
9319
673
18021
20211
11308
6280
19786
28595
31707
7398
18987
11868
9788
22519
8871
24355
24443
23231
23292
3929
29043
12867
19567
29251
17707
23288
6895
4134
9633
2172
11765
27553
8135
5508
12462
4415
9164
12310
23900
17741
19356
5624
6138
17385
27306
30056
7198
18268
19181
17933
16932
18602
15144
11822
8073
11879
21103
18466
1685
24011
3303
23559
10557
25097
9677
25015
25415
7645
21178
24312
28591
15204
17445
30195
3402
20017
3881
14312
22185
23453
25736
4127
20800
15710
14577
23330
30663
4700
17022
32297
17377
12736
28545
4822
31484
21581
14976
31522
17016
26611
32638
29080
16139
16801
13948
27073
17252
8540
14144
21727
21006
15502
27221
7901
30360
17056
2899
30599
14835
4042
24673
15351
13851
554
2807
5199
3321
9492
21993
6574
18057
9898
9377
6236
23096
19372
26539
16968
26512
21905
14968
26037
25110
3798
3675
31792
13427
29078
1752
9669
7891
7259
27422
25714
21643
2356
20690
11228
7422
15111
25614
6465
31681
21801
28842
26542
9213
20780
4282
29810
15125
18168
9303
26578
11913
31517
30371
22014
8475
10088
13319
27716
13104
12725
5567
32388
10872
17667
26265
2276
15569
206
17657
31172
617
12953
17953
22517
21283
19914
24239
6437
4925
5562
13415
15518
13103
11789
15667
32305
26326
1343
20328
13676
22481
19840
1867
13588
22316
30658
9684
16079
21051
25872
19634
24352
3785
16929
15246
17816
29299
16685
29332
27979
22862
9727
24112
10626
16336
22604
28693
27311
17389
28739
18820
20390
16768
29029
23243
22281
3565
10135
7180
17668
5892
23157
17215
4411
26921
19178
7034
28929
24754
12029
24944
20939
2705
8174
18745
22500
30771
11906
4433
13666
2728
4507
18146
27992
30979
8971
8006
22349
5636
7850
2759
30445
6388
22439
25770
31743
28113
22555
25709
32407
20651
7908
13388
19341
14414
28592
20746
21805
21537
26968
5869
7216
8526
22128
8203
9452
23331
27676
22468
19655
19129
27428
26512
5105
14803
22347
24827
12115
3336
14557
18669
30402
18725
7304
26671
889
1997
17772
1323
4806
8034
17781
27379
259
553
28649
24965
28872
6312
23101
31566
29279
6995
24365
23532
16248
12136
22540
23608
24350
19224
88
12164
17898
9447
14225
28193
18039
12885
5451
10533
26133
31166
899
27498
27074
15231
21295
19418
12118
13914
32536
29930
9981
2844
4332
17765
234
892
23695
28267
25418
16455
1459
12985
15479
4794
936
11051
1391
1327
6005
13438
2180
22269
26663
27227
85
28569
14697
21393
8956
3329
28757
9123
28041
12634
23178
13698
17328
5079
27519
9115
14270
6366
25623
8468
3793
5478
6261
30803
21833
24996
18449
21185
6010
32486
15371
11725
4771
21695
8128
8499
29220
18788
18332
23166
27883
14678
23087
29131
22320
4673
3970
31697
31842
5412
31403
32030
21857
947
4511
8867
28397
15610
26440
25459
5215
3394
19415
28616
4758
13624
18268
4423
10037
27724
8851
24709
28684
25176
29185
29641
28371
1154
22336
27412
29982
2403
27800
32094
3213
2153
3791
27427
12099
8313
31041
31262
25754
29145
26675
24149
5653
28494
13668
13397
12439
19073
8933
28863
26066
32679
18475
26883
8705
17505
21859
22892
2522
24033
8453
3165
5310
8783
13228
1754
5940
10603
17957
24137
20885
28787
26053
7034
22281
30023
13056
20198
24753
3275
28216
14900
24870
30861
18131
13058
27683
32680
8336
8929
18046
3816
17179
18593
12893
9262
10207
7888
19366
2326
23067
2941
2231
8408
7480
15681
13144
19820
19802
22913
28141
12274
11829
24557
6385
18512
7202
26444
11423
14365
21361
6012
23282
11454
16897
1204
3536
13518
5903
20493
5506
1220
1356
12609
7016
28367
27442
19890
11499
4613
21911
174
29362
1213
4227
30961
26649
32313
14911
20331
9951
17289
3246
31556
6942
23467
20704
18206
13185
20215
12517
11162
25009
30139
23519
13085
32528
6690
12379
19156
27050
29018
24802
9461
28009
12277
18122
4168
19848
15760
22354
26855
585
19379
28399
1602
32491
21497
26336
19045
5078
16753
10504
13950
16666
18755
13821
10393
3351
13975
20829
9903
13181
11698
18529
23263
16504
10850
1716
9467
27684
15773
28037
25926
19015
20069
8411
25724
8767
25070
16168
32019
825
12035
14114
27073
26788
166
12238
23870
742
11255
14045
18251
30797
7511
10556
27379
12872
16588
2535
10769
2775
18855
15102
10770
28224
7525
19738
13820
17668
26068
22753
431
14865
3703
5848
12908
12601
12586
10617
20627
483
13833
19846
1713
18944
10895
25756
20921
27969
5115
3595
1682
5255
16632
16869
20690
16796
24188
8789
3786
19232
21489
30514
11970
21702
10899
2004
29061
6080
1049
18215
13857
3959
25751
1533
13032
24192
21411
8105
16314
32715
6327
21705
5511
6174
5846
18531
9999
31682
2930
21300
30444
15485
13454
8516
3795
21440
8736
19902
31767
15648
14009
28927
30062
5386
7015
21741
3576
4019
10971
17290
6525
23631
6087
9161
9719
18563
21130
22688
11856
14364
29199
5726
27244
17665
9202
8767
24682
7014
26597
12349
6951
26179
6739
21290
10756
24581
4675
13052
19946
23427
22142
32104
30603
22835
11764
17586
31466
31902
3932
16579
7197
30225
13339
9852
22865
13462
21095
2378
5648
29730
17068
31482
3007
31760
5166
24015
9067
8654
21745
7378
7365
25559
4310
15978
9834
12513
19462
1324
19304
12119
31891
4852
23038
6409
18269
16949
10148
32547
1075
10637
22091
2651
19771
32157
32486
2927
7572
17687
25897
28623
17209
4888
6289
28310
10281
15289
9892
447
14021
14049
17018
32662
23929
9565
1404
26732
30110
11314
11628
15503
4511
6705
31654
28282
30299
3021
6565
17736
17355
298
9928
17263
4325
6774
21334
26026
32448
28284
11457
20023
1784
12150
32551
12355
2388
4643
28702
4003
23718
11034
14001
10436
26355
13918
5286
5349
212
32050
29955
32387
10268
20015
21456
31253
17851
15251
21277
22266
2787
5084
8519
31920
10601
18582
5240
10310
27501
14193
8045
7700
28221
2454
892
9129
1143
7483
25557
22021
878
11637
7688
12297
32719
11342
3015
21803
15749
792
4589
29806
22233
11521
8384
22418
24286
24551
2419
29319
780
14189
19696
1832
28715
5710
18388
12582
32371
12785
24506
28226
26865
31806
5564
30400
5164
24497
8759
31256
10249
428
32207
5102
236
32530
31667
3396
15392
22289
22818
15855
25465
30783
26159
8775
31799
9193
11201
31011
32046
7079
13021
32261
28708
19764
20776
5009
17019
28797
7847
29252
2320
19448
30922
12130
15202
4919
13993
12336
10743
5053
29325
23908
13307
9232
3250
10970
43
2320
19275
18312
15601
17798
15303
2484
11216
2048
14675
27492
31747
10973
15520
11031
14433
31396
22758
25778
19588
13978
2601
14013
25898
32659
14523
18383
12251
10504
5634
16455
15821
8298
13947
3133
3588
24246
3327
31161
701
6218
11077
1826
17933
7927
27561
30201
25030
10839
26667
30151
3738
31328
25275
31571
32387
2106
692
6169
9826
14670
2982
26104
19174
18592
29016
23339
21679
23134
27917
6778
12211
28089
30727
5041
14817
8435
20298
2130
1285
31673
25762
18567
28652
13236
24807
15450
23240
8027
7040
3368
31445
19211
11046
851
4413
25689
29674
27704
2362
28583
22138
7265
16762
31733
25760
25083
1223
18682
16139
31626
30183
4979
82
26331
29377
31676
22838
7226
12994
15005
16936
2534
9343
6246
26123
25538
20124
23102
10810
6989
14316
6584
30669
5076
6873
15015
10776
26343
26631
29492
18037
19721
23604
6701
24900
32427
11619
12192
21551
8540
4921
21417
10675
5434
11943
8072
25051
13996
5321
5366
29775
26707
270
6074
13198
31037
29338
9591
30072
15196
14568
16328
9487
24119
13236
15502
8574
25056
18968
28809
3675
13862
23797
26662
31017
23051
14484
8856
30753
3961
18829
810
9778
30512
6376
27860
8262
10499
21379
15372
26567
7236
24755
4830
20065
29821
19502
11071
20234
1632
1833
9119
30784
10497
17597
31165
19346
10051
30095
10175
13922
26000
9904
6018
2025
4046
18370
24623
2172
25486
7261
527
5645
27270
23729
5280
27124
14657
18796
6888
27632
1557
14046
29193
13928
11350
21338
3606
12279
28617
11488
31013
24104
5211
14842
18597
21886
7699
27108
31986
27320
19782
32751
32551
2386
11018
15911
12596
21327
14828
9012
17456
28214
7910
16254
18672
8539
22155
26005
11992
10591
19077
14799
9457
25850
23361
25907
4412
16120
12777
28565
4678
31106
28307
1283
16125
16031
1720
10848
6338
6651
26599
9551
25535
16358
12986
6995
22907
17823
8714
11316
27051
11987
29279
2980
32076
29793
23978
24098
28654
26720
32567
23839
13139
7011
13277
1631
20792
9979
19064
23203
16243
382
6297
28549
14910
16135
18299
22691
6355
25534
27961
11263
20537
11098
17983
9638
6237
27108
8958
11920
26468
27069
24037
19144
14144
27362
28044
13004
18817
10095
26418
7223
23918
354
1385
30109
3157
15778
1808
6583
16415
28736
31362
15808
30759
32252
18701
7966
20557
22283
5798
13381
32326
20247
18906
25817
14646
13960
20488
3346
16256
6402
29134
20581
28380
17710
19393
32609
8875
446
16225
5335
19592
5035
28748
3645
31520
31169
8625
9044
17219
350
2056
8457
16187
6263
25344
27545
6236
219
29625
27641
20188
18620
9012
27765
13285
11371
27912
10391
18921
17763
25174
5194
32566
10889
22782
7743
30410
26034
6931
29072
21352
25190
10893
31396
14571
14820
27966
13138
30683
101
21768
31305
5950
30629
22604
31151
12464
19104
20133
24840
21174
13977
1495
30298
23888
17761
8962
17038
3277
31958
9244
23834
9955
10154
5533
6877
32255
7014
20604
9290
16090
8110
21595
14025
15437
23238
4607
5466
11622
26453
14850
27772
4539
30569
25548
11597
12286
10428
8383
9202
25298
28214
20402
19769
10205
12978
17569
12157
9503
6405
6306
15051
6274
32060
13851
29762
26034
6950
30003
28864
13870
32275
23686
25275
24480
7642
23069
16236
1130
19745
2205
16179
8833
23768
21694
15671
1150
6407
5887
14925
18674
714
30105
1819
29690
27545
8881
22909
16148
21965
19153
20775
6961
15968
18329
12172
6412
13301
27314
18175
11193
24344
29956
25880
31105
24518
3625
15450
12013
9264
20513
4370
2081
7356
15175
11650
1131
29005
9859
24895
30748
7108
32706
4056
28823
3015
28835
4792
7847
14273
15219
29262
15126
16169
25692
14955
6523
520
31449
28139
23891
20917
5997
23959
1363
7907
24981
26186
16637
18654
12795
23123
17522
29202
9452
6683
3719
32205
12556
8200
21786
6982
5705
928
2983
477
14605
14322
14358
17060
15800
2353
2519
21279
30797
7587
26417
13640
1131
32185
25815
24790
6528
26496
23485
20927
28473
28984
4393
24572
17981
16193
9485
17548
26906
20799
14996
28603
14719
10870
3835
5284
7597
22902
29346
3573
25128
8957
22627
32754
25522
21529
28450
23485
5497
32653
31141
10196
14224
10870
22694
12763
20892
11310
31527
3484
17872
17777
10502
1356
4123
12990
23505
24335
1439
15872
6619
7103
10342
4974
1936
4841
25424
23984
8965
4121
16976
27971
24020
21848
31448
28446
2342
9970
22674
30358
18449
17533
25169
24191
31781
29462
19271
17812
24641
31982
1144
10777
17835
18950
622
26814
10080
30262
2863
8903
1961
2164
8300
20330
19439
12115
23035
31864
2768
9930
17544
576
115
11063
6279
11953
7448
7587
23916
11198
25075
15688
19743
9479
58
6736
2986
28853
28285
9696
1845
16293
26678
853
5173
6346
2977
32462
6624
9164
2509
19690
25316
1781
7411
30675
26200
23630
14600
7547
7411
517
10894
25381
13948
18962
6063
16936
17281
19738
6028
4591
10060
25748
21459
29509
26131
4138
26767
207
9071
19042
30277
26842
25871
4221
6716
21592
28078
8608
16668
16164
17474
14641
1979
9614
15223
18564
7731
11027
3419
29623
24888
7788
24411
21978
7592
32459
17006
20563
12900
26209
912
27009
1119
32291
24690
32416
30964
24270
29808
19693
27261
808
29123
5642
19233
12169
31480
25507
27117
29339
12448
11858
3622
9054
18250
27584
23774
111
14766
18446
15558
21641
27435
3699
11331
17484
20084
1318
15812
10557
25734
16510
11858
7695
10205
12631
19049
8225
14311
29369
5382
27207
22713
6836
25857
27853
6913
4750
27805
1721
16443
14881
24414
25681
12072
23166
10778
9949
3196
11222
29011
14766
19415
29339
18884
30815
19703
30690
24378
2651
22828
24844
32165
6047
5388
10917
12399
15042
14951
19084
27660
21554
11902
15700
30163
8896
18543
747
32268
17759
23540
20089
8266
2600
23629
28043
15867
11938
11131
10865
26429
30017
27055
11748
17907
13356
22786
9197
16152
16707
10598
10242
15956
24417
16605
15473
24525
4318
21481
20738
27712
29529
25155
7383
23376
2228
27599
20376
20510
4447
29136
24013
17433
23514
6233
27787
21528
11637
31748
8275
25510
10331
4069
21303
2716
21198
6081
30270
246
9140
4732
8714
31967
14419
10449
6840
14094
5977
29766
19208
2389
9503
12894
31422
23415
11566
14352
17480
21051
9475
14712
3488
29886
3087
14797
2164
15373
3330
14227
32133
16627
17481
26897
26445
31760
20437
7430
8164
19499
3103
5016
9764
14026
8809
25485
15884
5887
19526
16317
28770
11908
28764
12487
11676
19722
31849
5892
6145
463
8324
2233
14604
2927
20390
24721
9745
31228
10600
4170
22562
14160
12558
2990
15156
27042
30149
24517
14462
25688
4137
19017
16418
6940
6410
25946
5647
19250
32112
15219
26150
20233
21468
22429
25500
20496
5841
9698
30623
19146
26771
14341
17212
6437
17455
17008
30848
30472
16315
25966
20189
13611
17375
5786
5840
3627
23701
16024
12481
20958
1836
24322
27435
23268
8595
21669
3068
638
24276
2542
2367
1699
25823
11679
13560
5713
30601
16838
24655
30754
21716
5872
14833
32543
9841
1946
27572
16856
11395
2024
15226
18357
1446
23962
13143
8327
14384
5179
5366
6754
24759
411
7224
2479
10707
28288
21791
22397
28964
14233
2283
18968
15767
31411
1666
15325
27366
9263
18965
13388
11870
28852
18433
5983
22757
14113
24307
24346
31291
3782
13648
4964
18816
9683
1492
29717
30455
23568
8057
2384
19209
30159
7322
3603
13965
31520
5464
26892
14406
5955
20797
10159
15277
3171
15391
12165
21745
3969
8775
6599
32317
8366
30675
27947
14905
13181
12121
10750
16339
15288
25549
23667
4927
29266
22949
10555
12348
26269
6970
2133
10650
12221
13426
8744
25081
21085
20892
719
16851
11936
17819
6068
3773
2650
15175
11104
18409
2945
5648
21393
11248
14046
17893
1421
19406
18184
4692
17591
20270
28563
8434
8032
19945
24709
15101
28127
25289
7689
5696
2020
23442
104
9527
25609
10819
28724
12916
21930
31641
12999
19265
23799
5845
23276
15751
15687
27327
12763
11502
19888
27627
11371
838
14292
10299
16515
16422
6397
13221
11985
27602
14701
21046
5311
12642
19951
855
23203
25633
30642
21072
21046
29748
30295
4106
6472
5756
16457
23065
5298
9149
30029
4857
6027
29439
24410
12184
2719
13108
30122
32277
10268
2076
5649
18888
8079
28262
26766
130
13839
11032
8480
15638
14008
18992
5082
23320
18268
28811
20282
30692
30068
1287
12471
1250
3933
29925
10137
20233
7617
6001
6669
8098
4435
29924
8313
23119
30911
29833
2829
15435
21216
13855
26011
8435
20788
6783
28072
28550
7822
16254
11971
5673
32267
29461
14613
13870
22087
25023
9786
26005
31953
1059
24655
10707
21980
4083
24396
4051
7223
28692
20628
1339
25983
2047
23755
22256
13971
18023
32744
30940
15432
19228
10123
31471
31838
9263
2960
20323
4787
26199
29924
17989
20151
9363
26263
25137
17696
2833
23859
27229
10719
8527
6221
24024
1618
30592
8793
11284
8123
17201
2755
22179
8689
12076
1595
24638
25173
25244
26960
11531
20232
883
12608
14368
24155
14345
3854
16963
4743
27653
10454
24051
26015
23681
1374
31917
12738
12137
21997
24936
27029
6692
4704
7266
13552
23415
7034
29726
17880
3238
22396
24493
31150
3548
31989
30254
6821
4556
32732
30609
21882
3225
21724
21152
14175
2547
32495
19519
18488
11908
6958
11250
5385
26762
24296
4513
16047
5061
15345
22680
24783
5267
7996
11218
25869
11866
32172
12151
5758
6438
9000
25507
2399
6803
30702
9321
11015
9710
12329
27416
3610
18327
6597
13500
18176
24489
31874
12776
27797
28637
16455
9139
4386
172
19898
2561
18317
25012
23821
1796
2252
18781
10010
7170
3487
6076
11443
9048
28799
16568
2099
11199
11217
8555
32089
6350
18528
17611
15191
11456
20490
23433
1317
24440
22714
27449
13339
9922
15254
30900
18623
5084
19577
12730
32220
27189
9635
23004
4564
4980
23471
32409
14902
5308
11718
14024
30099
26926
1555
28982
12174
26032
24182
5775
27443
2541
23933
642
26506
25245
16272
6176
29291
24839
24683
30085
23955
19396
30930
2747
18936
11461
25727
6107
15706
24728
1120
22133
13851
10982
4351
21042
12624
29761
28994
13496
22296
5404
26964
2254
16685
21019
13795
14529
4024
28046
26508
19462
16490
29240
4755
10272
31688
6996
9944
22725
19654
32218
1030
9020
30360
22270
7694
26889
23749
9209
17876
7628
12669
26381
27175
21607
24108
15811
25847
10079
23119
11384
10434
133
25735
17175
25168
981
20971
32552
25248
8606
26531
3850
25890
5091
29363
23164
1575
19201
4628
29795
32149
3475
26377
22983
29151
20371
8112
8734
30516
1218
4055
1229
3831
29257
19474
22508
15216
17312
31498
27721
31681
26287
20760
27312
17435
29491
27155
5738
17969
8548
30054
6404
7661
5077
26725
15186
13922
30875
10977
12210
31491
17841
29177
20885
10514
5275
15668
32316
21851
24906
10701
27328
31265
12352
4174
6997
8537
24564
8288
24527
32534
10616
28386
31078
4165
5209
10808
19894
4506
25031
26854
19210
25290
13045
18013
25049
10747
28355
16916
14225
19320
10907
5339
30356
2474
6808
28781
24448
24900
19694
23876
32692
30141
13446
10929
12560
8707
18152
9515
18171
366
12638
1768
3243
1266
26966
22186
30881
26778
7177
10460
14706
7473
16730
30429
32717
31298
22017
156
10682
19524
232
27749
13088
4878
10197
6394
3978
1169
14154
21990
20778
10181
8618
30222
16671
7140
22940
28809
19699
24535
19380
945
28008
11757
6993
3706
27252
16339
9921
5123
8330
3777
5804
7531
11035
25585
31919
28134
6237
19797
17735
15632
2635
19081
241
27521
26861
17927
18575
26017
2521
11930
16654
10429
28922
17685
582
7771
3728
29252
25889
16843
7800
14627
32000
17407
3246
6478
16474
8605
784
30137
9382
24401
1124
21409
12668
24680
14493
1474
20215
2971
20058
6091
21341
12840
5552
3599
5122
27944
14377
19837
32105
25884
12812
16338
30381
14281
28895
2061
5151
28742
15147
23331
23857
17747
17791
20725
10643
4588
6327
16767
22939
15390
11646
594
28138
32282
24850
6212
16973
17800
10056
12646
28641
7453
7631
31542
6779
21616
25784
10518
11590
23049
24630
16125
19118
31675
18339
29805
29565
309
9668
17317
10564
21715
11854
30999
4093
11962
3241
22300
21230
30243
4083
8679
20689
19703
22600
10167
21297
31133
26945
6481
21783
8975
17850
18094
7398
4916
30937
5105
11652
29546
12364
15004
21178
14177
19409
11010
19678
10800
1532
8704
24495
20898
6709
18152
18560
7121
3072
26046
24473
2807
29569
6567
26842
21376
29503
31646
22433
8292
15144
10601
2542
29107
15573
14539
16069
18802
29968
27388
19412
6821
28307
13398
22102
11949
25107
27729
4919
29908
6013
14769
21113
28711
27776
3838
22998
14212
9291
19253
21159
15347
25752
21181
20228
18745
1001
13468
10797
29867
3345
12267
18472
28225
7159
11655
30892
26603
30615
522
318
1832
3401
3066
4762
5332
12614
576
11604
24385
18536
1755
14783
650
16177
20949
22286
2852
29199
2166
9657
9910
27358
5305
4387
22315
6063
4348
23673
23557
24264
7163
30429
17908
13292
10495
23236
26791
4828
8275
31900
7906
797
25592
3251
5329
2300
3225
4180
3228
10192
29377
5683
20795
22911
22604
2570
19340
8003
17948
27525
28066
4014
29197
27740
26720
1516
16682
14782
24391
22089
14881
29942
3725
11250
31732
8009
5999
29696
3314
32029
26312
31154
5606
13409
27105
6138
23950
10792
1419
9276
6222
25495
875
30290
24614
28162
27030
12755
26850
4690
28766
13461
17552
22442
2667
20080
19511
6474
13069
9797
198
13235
30416
28735
30795
3339
27217
22873
11109
31940
849
19489
14076
22137
2056
29371
26159
7192
2235
6696
6286
6982
6033
23241
22666
31231
12963
10782
13865
30333
5202
14804
14847
24156
24029
18431
1113
251
20531
17572
27835
8485
1797
28794
13709
10737
27168
22769
10257
10982
18682
21876
11416
24419
21642
27115
13046
17726
27485
12933
32563
1708
27623
15540
11907
15201
279
29049
2168
17656
7470
29921
28791
19092
5840
7888
2921
6088
7259
28925
28082
25268
29049
11838
25959
15729
10993
30470
13499
14000
23747
3883
20667
28061
28275
12525
30780
7434
2469
4405
14097
25033
22250
31002
10625
16473
31962
6313
5112
11718
5475
30438
8956
8138
3424
8974
26467
26680
8813
2847
25283
24474
29434
7066
14379
8985
21663
3208
21776
27038
25775
32699
9866
13367
1808
21590
11969
23996
18250
21392
3745
19890
20445
6836
22486
21103
27608
26220
15092
26239
18087
9024
26101
25927
24109
26458
9961
29416
23315
14732
9961
7015
17247
18836
20813
27914
15176
32158
15135
4613
18504
30986
7887
11605
19060
112
16423
32493
8201
24289
19586
4880
10055
12400
2873
254
4738
13809
29279
31954
17014
5633
29614
16555
6875
12103
5568
4362
1337
24569
11651
24699
5630
26273
19431
22136
1998
16417
13273
15754
282
9972
27765
7345
22516
6072
17271
6
18465
32489
21491
13471
20336
29680
25927
31667
9291
9564
13901
30974
31372
23151
2261
24679
2706
11740
338
9953
3731
26063
11987
14991
10803
3374
20277
1579
28758
12830
9111
17320
31539
28106
26895
25110
19115
6496
18843
711
23768
21595
22875
20912
13544
16392
29693
15633
17452
5187
3704
20569
26988
29058
20733
13892
31358
5142
3370
9798
3094
19629
25730
16684
27616
25114
13082
8449
204
16473
4756
8238
1450
6349
2385
7142
20982
22477
14819
13761
9461
4959
9921
22695
9985
22339
24127
1264
5408
29236
8893
10185
19164
10346
25374
474
7759
28515
6012
24870
17022
5859
22041
12850
9192
826
13465
11369
29534
23749
18799
7615
21268
22711
24982
6549
23033
32537
16001
3804
24900
4624
28756
2430
20559
31327
8276
8953
23209
23852
24476
26189
25703
16135
19987
11033
186
22568
11674
11265
16071
32248
13706
23634
14514
17876
14941
16617
6396
17677
32171
20561
2576
4659
14937
7723
17432
27539
16653
21971
11541
9982
14564
18496
16175
20172
22632
4396
10569
4129
10940
6005
24025
24175
13594
27844
1015
28732
4224
20588
32436
31014
19365
22933
32428
17700
10546
3225
20959
6414
3631
24494
26044
31840
13499
29382
12159
20539
30465
32435
28349
22444
18023
16271
32317
5425
8968
24155
9994
8569
10085
7654
10694
24428
31831
20208
29249
12651
18761
20368
10571
5081
29859
6611
6342
16602
18569
9638
5631
16730
20422
8694
26174
3922
32515
18709
20891
11590
32317
21600
22548
22291
9846
21279
15581
12263
1962
26796
23543
4497
2820
13784
32260
24827
1362
29066
7770
3060
19895
29865
22358
5171
11423
15676
26866
19353
14072
11472
3482
9655
27040
1562
4412
17040
6425
28126
24223
5792
2436
29456
30453
21533
17101
25144
1971
31100
29987
26651
4768
10551
427
18327
23596
11982
31605
9935
5124
21772
13487
14216
27619
29067
11288
16083
4267
18810
28344
16365
14772
13214
16847
20067
16996
7063
10507
19321
512
19045
7421
4813
21953
6186
1486
23096
4395
27441
20014
18677
18586
10288
8846
2565
10782
30666
12431
24017
22664
1368
31418
28434
31941
6889
5233
28398
363
16007
23077
15459
11410
13501
31178
6889
3045
3158
24456
15443
26361
5990
23220
8695
11229
30095
3838
6414
2546
4989
1516
22110
12028
17331
29831
29974
23162
21642
2388
23801
15155
18294
22149
21438
19218
3468
11377
15799
7475
27969
30786
20914
21054
30069
31469
17437
9972
8624
27752
11629
20743
5035
24343
12224
7727
1554
30599
8128
2426
23688
19550
13515
15076
29932
658
1106
9511
7642
31194
19583
13780
22133
7522
21019
19363
15204
11459
21934
26375
17691
4402
25576
18694
15196
4855
1343
29768
509
802
4314
17518
8939
11641
9902
4005
14703
9908
5351
1658
8880
19181
11401
17904
6010
82
18775
20431
4925
4637
4340
23872
11353
14278
11592
16279
16792
7286
1573
17264
8444
31424
15914
18941
3004
8332
30440
3230
15241
28499
8260
16050
19733
11410
22300
430
13270
13944
5934
24428
6920
28898
17461
16069
22513
32394
20052
1633
20840
6779
30136
25038
152
9673
29050
23760
28418
15742
32194
18680
21953
27863
5426
8568
16914
20401
22914
24886
25363
14654
28519
32543
25803
13052
20922
1214
31851
26600
24534
29453
2515
20463
11074
27019
29272
12197
18576
17294
6341
16441
10116
8155
5791
5033
13945
1652
6830
2354
21761
8369
4280
26123
22988
14226
30352
26194
12235
27732
592
23111
20116
24386
32226
9144
4617
14542
31685
10172
13620
18656
18701
2212
29814
12398
16556
15407
6881
18765
25585
20989
32482
16455
23630
32326
12835
5485
19038
15564
26799
30382
1574
8206
23384
10409
13468
8383
10582
29120
22117
374
32048
15214
13283
6823
30944
24026
19055
8914
11570
18860
7907
18170
8301
1055
6492
10073
10293
10583
20030
3154
6832
26870
22648
26535
6888
12522
10505
30188
1136
31368
28611
5180
14923
28127
334
7722
23817
20294
24177
26618
11315
27448
16525
10514
5865
29794
20330
27307
16330
2041
25654
20172
30740
19537
32203
17273
30220
23980
18993
30248
19105
32080
26980
7028
23116
14044
19799
24341
23866
28635
23352
4112
10925
5530
12790
23851
21408
23863
14849
13732
20650
18939
25169
8738
18212
28137
11945
10732
10638
6295
31517
6233
14127
26685
6354
13960
7932
28940
10245
19792
18875
28353
21326
890
3944
13433
20518
27694
23512
20167
18600
22956
1692
3076
4756
18493
25128
24294
22425
30056
17973
20308
4820
30568
6499
28025
1940
26846
7715
31512
5472
31940
1748
16159
3387
3746
5420
14206
27686
772
18650
7481
7911
3115
24937
28348
13065
9987
14184
29808
6436
25685
12488
29579
23646
21054
21637
812
29490
6624
16777
14247
3440
9559
3277
6173
901
25070
19137
4689
19197
29331
18414
24758
5190
26249
13529
5837
30135
18525
18731
18349
18384
6427
8720
31459
5828
3009
24541
25469
19764
5364
18165
3426
31806
8946
26605
29925
25782
4552
4846
15513
9651
12229
6747
30054
13390
26158
10420
11484
166
23091
11707
13768
27688
6690
9941
24325
29965
10971
18098
3221
15139
2436
16432
26352
16849
30078
14461
5276
4949
5783
9340
12798
10577
21377
5483
31600
16006
27779
14530
23956
28127
11886
3934
24551
17073
20947
8158
7577
7745
23155
10318
16540
5767
2807
4867
13051
12849
16609
12997
31341
9707
19651
2612
29226
30430
6830
8804
22269
9846
16110
13515
22938
19305
15092
11357
11059
15349
3732
16885
14406
11625
26993
14327
1465
27878
4277
31027
25640
5479
19717
7949
28030
26367
29876
8923
194
9058
26166
16015
12340
5031
1752
16534
21913
6988
6575
22272
16595
31867
718
5600
13492
12683
19132
15606
9748
32714
30246
139
28961
10106
1488
22941
30967
21785
13009
8508
25969
14310
15104
31540
29502
24992
20906
21484
2615
21393
2182
30094
3567
23755
17642
30824
7308
11698
5438
4755
12246
17594
31410
2770
21646
6258
31532
21180
27649
8898
3972
3102
11229
12656
16884
32155
20546
8169
4298
14997
13340
24127
26976
593
17329
26990
20302
6741
32118
6371
990
10261
29991
25919
16833
19919
3350
3160
24832
3764
22980
13952
30517
15944
25518
267
18426
32523
15209
4619
6562
5209
5105
6494
16935
2959
22335
25323
100
111
26905
24104
30084
198
3118
16096
21179
21323
7522
6963
3892
9675
6503
10974
14922
26243
8333
3004
15866
19662
27867
12173
9624
21760
28254
22263
15554
13201
449
15818
6803
894
29982
23688
27928
13292
20244
25381
6408
30990
3098
20747
431
17482
17938
20065
3372
1943
31266
10893
14556
18474
24767
9207
21014
17489
3082
23824
10009
12447
16480
8852
17474
20553
15148
26380
4483
27856
23552
6038
25616
28896
25573
11752
22619
10873
16111
9107
2115
30796
3092
10885
29064
26216
22333
20178
8323
32277
14750
26036
29460
19712
21571
28112
2011
26521
22764
17594
11691
27322
5403
21948
26427
16521
13163
9683
22303
11423
10019
24827
10231
25450
30219
19628
17639
12495
21631
17317
30279
29204
18369
7912
13979
26366
17044
12294
21445
7734
28678
12444
12409
241
8333
19230
14834
16848
3413
8403
26083
13061
26073
28961
19633
18360
23473
17931
13279
17577
8362
18936
7370
25622
2844
10934
11158
28895
21624
11710
31336
7400
9761
22970
11477
5823
26749
22852
22427
8831
2123
31473
4239
14836
9783
29326
15063
30719
25771
16297
25433
21308
18409
23892
16755
27619
23639
7973
12269
28908
5913
24449
12844
24695
9445
25370
22952
10090
6931
5559
8096
25692
16116
1076
1804
20914
22373
14281
6867
6919
15524
22159
7230
8658
6754
11583
30124
30018
6169
1597
17800
365
23455
29142
5497
14762
6652
25542
4568
16955
10873
18942
21863
23856
20473
164
7488
7815
11404
18266
30987
11160
4930
7107
19316
2481
11325
7491
11997
16381
7946
24071
4687
20650
14130
17734
8887
19786
14091
26310
21583
2682
19668
29601
8282
14018
24065
10313
19220
22717
7380
23498
17897
30842
7213
5199
485
30753
21923
17640
18028
24538
21971
6282
24619
8426
760
28248
15438
5151
12733
27424
17395
14191
31823
17449
3039
28380
4021
10028
11376
19611
25444
25504
21971
9332
3854
14650
29815
28268
12988
28597
31170
15522
9500
7119
7426
18551
23580
13716
10406
23281
17335
25566
10158
5218
30479
8477
1888
22340
4029
7508
317
23144
32613
356
24883
9808
10125
30605
31764
473
9135
7474
27207
4636
31116
16860
23230
12695
9156
6018
4647
17032
10916
14344
27239
154
16191
9221
26180
5571
3264
7881
11617
30317
13310
2975
1136
18644
9553
12367
5539
23471
19621
231
7523
28690
17356
22715
20293
23187
32537
17579
1850
16300
10282
17060
6918
28512
6917
6762
24563
9249
14695
13204
14534
10482
2136
3288
16370
10953
19459
14472
25100
14647
5573
605
31871
14922
30852
8820
21633
21939
22338
8598
31301
6948
497
21180
27762
26620
5257
1490
4053
20518
19545
22460
20306
3646
18330
17303
30753
16118
25418
22849
9783
27577
11064
15643
21761
10382
4187
21773
26712
18750
22887
18123
16818
29113
418
11095
13717
1462
31220
7112
30034
15258
62
31561
16623
22171
237
8804
30053
19493
14031
20353
19212
22652
32037
169
22611
18084
2041
6800
11444
28542
30386
211
6119
13363
29925
894
29014
30677
23918
17873
29650
23620
5056
580
388
17999
1913
20424
25638
27932
5690
19536
23923
30922
16309
20624
7131
29780
24583
4356
26492
5817
25673
20533
6990
10074
11617
1592
16029
419
5406
8567
21181
31725
18821
17588
10489
13731
29285
9802
21708
4260
21810
29878
3668
23017
27407
25687
6403
25960
7469
19058
664
8504
6996
27001
20045
25589
191
21133
24658
31334
15149
65
15739
14429
26677
3745
29494
4319
7386
13427
15295
31109
19295
25020
12951
7458
15197
10118
11570
8614
18450
19681
3055
1347
22780
13608
5966
22222
18598
31621
15710
19815
11715
26551
17268
860
14969
8211
16418
22603
9727
15561
29031
16007
21610
8297
17188
30653
12484
14758
6607
1240
27999
4697
13675
19745
7784
20425
16568
16555
25279
2089
24743
31214
3846
4450
22544
8882
3833
11539
5031
8239
28925
13782
12845
19058
20475
12742
23779
13058
3950
28222
1092
16068
7611
2275
21747
5916
12482
2532
30963
13909
12466
29568
30998
4931
17697
27337
21176
12326
14428
23976
5548
4306
9467
18978
7799
23565
8633
2777
16572
11321
24451
19670
30200
21299
28111
4741
25712
5498
6447
26625
21095
8340
6182
11410
22931
16557
31290
5493
28370
6530
3402
19931
4634
26237
11554
22579
15022
1569
12621
5292
21400
21673
27946
4342
23635
6636
30275
1353
456
3716
9433
8873
17276
15407
708
5736
30983
15733
7290
26348
19400
8332
26733
3507
30935
29048
14490
29331
28475
12150
27230
11335
7773
12699
18572
10791
2237
16057
21438
11063
28388
23682
25832
9827
9882
6640
24115
2057
29272
22756
24072
26808
27904
23309
10346
8504
24012
5643
14986
24522
2180
4820
15509
8880
19957
23639
17873
15344
12446
16736
9960
16982
4524
28092
11908
5048
14889
7837
7195
19581
1136
30272
13581
22624
14820
13004
12268
114
30945
19582
27162
6750
14067
16131
7066
15601
13126
549
32032
7642
27998
30122
5226
31918
29704
17529
6867
16175
8337
767
12838
8909
4661
3281
23472
10093
32218
26003
26009
5994
9727
8472
17012
20697
3823
5834
32532
13330
17210
25677
19105
23404
15461
863
17644
71
17377
30467
1792
12624
24634
21470
6650
15872
8849
10209
20506
31590
26700
1320
13337
17959
25868
13346
701
26051
2271
20723
25260
13593
5816
22550
20094
13358
32540
26183
25877
26410
21277
12192
5169
9891
25484
29186
20799
17694
24683
26294
21618
11731
3233
30548
2581
24753
23025
14820
11808
28578
301
30788
17929
24848
27303
18122
27868
7080
31465
28201
9614
16222
6054
11417
10127
4017
30960
4658
22942
21296
6826
31897
28385
19517
25153
30175
23093
12049
19607
31398
3011
14592
14400
27526
11476
19710
8177
11695
19942
14691
22837
16079
15102
2795
11106
16438
27201
4353
21196
15672
14526
30525
17464
12498
27023
6187
17556
3729
6944
27982
10469
21168
9934
16484
21120
23936
7860
492
15229
7693
24001
26854
10089
20479
24078
16346
19515
20670
18799
795
1929
20442
30793
13389
29692
24233
21155
1829
29442
9010
18303
19312
32450
12873
20074
14423
22613
21756
10066
31969
26163
15662
19608
14777
22251
28034
19302
18482
23576
22651
30275
29320
4496
31457
9700
361
25822
30054
31813
17075
4339
27017
24057
28032
536
7611
5567
1888
13863
11456
22101
12005
27899
17497
3729
28517
15653
14112
17325
507
24800
26035
26083
8143
20296
17172
21305
18839
30150
30800
31903
10334
9679
27487
24887
27524
2766
11596
21492
18439
15454
5014
16230
32000
16573
213
23508
369
4989
8352
2956
16189
1149
6831
20855
32632
792
317
5616
27617
10652
32432
11734
18861
7422
1660
22496
20871
5324
3397
9265
18644
8034
3140
31277
16443
30305
21483
12426
7013
30557
29132
27562
17921
5334
11703
13864
14860
21354
25122
1969
15183
10056
13262
11797
27689
17896
27816
19613
8078
16378
32238
26016
3152
30620
28050
8785
17821
18127
13027
19675
7370
27180
18026
12464
20558
979
26898
21789
11282
19109
26253
17955
32488
14771
22258
24450
2392
21493
9131
19990
18851
20544
21390
15206
18690
16754
25162
22395
20015
3824
9989
13550
6438
20818
3651
11077
3117
26460
11018
13184
26130
22320
25412
29422
29108
20419
15204
26693
20164
24206
1356
28402
14285
11654
30318
3246
26994
23885
26930
15698
3832
20394
19864
12524
22532
30263
3359
12306
7077
31065
26085
6774
11412
19317
271
13243
17083
31841
18539
12935
7669
24857
16212
17882
17941
25524
25303
1182
3113
3990
21780
31615
12544
11750
22502
19708
21737
1603
23238
6078
5310
6066
8172
5929
30753
24027
15544
12850
5382
30326
31057
27760
3186
15104
21388
28021
17537
8882
10511
4702
942
179
19638
15785
20815
29325
2869
22855
16223
4830
25343
16114
384
17488
29543
31425
30016
10442
26373
7162
32668
6376
23900
2087
25539
12201
6073
1132
30492
15976
27998
26903
22153
15630
19168
13177
238
2693
16590
27125
31469
4464
26003
1622
24564
9497
3742
23141
1146
10922
9408
8892
3461
25249
6101
15317
8560
26238
13734
11622
5611
11966
26638
32753
16195
13581
7772
4246
17636
1720
26105
22317
7964
23393
30283
21137
8737
1014
13272
3902
14934
17892
28335
31775
15818
30343
24580
417
30465
27365
11034
3852
19704
3997
25958
4627
11363
15642
27121
3242
5689
7180
31742
15639
30578
11801
31981
3148
11792
20175
14687
13940
24412
16606
4507
25036
882
7044
304
6068
18943
11336
18908
21510
15434
8427
17837
7846
16497
3484
9318
25434
25077
9067
6180
31708
889
11008
13633
8238
24007
6029
2425
12590
28692
17921
11851
4458
17797
15487
23202
53
13298
32270
14261
11003
30697
18066
32044
26833
20982
17147
6276
21584
2337
6588
25524
14244
30393
22398
12049
32480
32592
5142
8815
9364
7431
25525
14729
19618
24332
26719
24483
333
608
6047
28269
18067
2014
2168
5163
30653
27513
23966
25875
9012
24773
8167
7158
22678
14521
7420
20003
7433
21683
7764
5769
31184
19132
3171
31771
22812
7949
21006
6009
9508
14035
5219
15308
23927
26672
4743
9969
5777
19330
16879
31963
6061
12775
31443
4658
2779
25857
18656
19008
29522
5110
13358
3086
24071
4539
5745
4810
127
18579
20595
7532
14817
1746
29634
16794
10831
2279
13477
26056
21622
25753
14421
9891
32100
14737
4970
11184
16026
19225
3220
12080
32355
26403
30603
15688
16996
16013
15433
28254
4211
4771
24182
8390
20909
23526
6436
30110
27586
19980
25276
5366
1172
23879
27960
32053
9217
10442
30355
25015
10236
28298
32126
23739
16099
27713
11861
30845
23564
20921
7249
21407
23202
10311
6911
25805
17071
21397
19441
8609
25721
4005
13491
3268
15890
4115
28928
28503
24363
9371
21814
16785
16169
1754
5384
1705
14715
13657
17011
8182
9258
32711
14579
23381
13489
10374
18678
16587
10000
16234
14225
25451
23324
6589
26226
14714
23577
2950
14358
16338
1674
17930
1084
27780
16456
32660
12441
13505
30418
18546
16845
10747
22500
12608
30870
29255
30795
9833
20291
8198
23799
9450
27500
11460
6738
11353
22497
7008
32208
4646
6880
1389
30151
6690
31883
6105
11138
30781
4504
17100
913
8084
24139
8403
30818
683
9633
22846
790
10486
14543
455
1677
15775
23274
17268
28867
31619
3304
18110
1632
6782
21959
10994
3210
8680
23308
3288
17662
17503
23919
24723
28767
10439
28117
8904
19149
17552
28286
9474
14010
11063
13440
31061
2553
30480
23924
16706
12568
12098
11631
25563
7408
20243
2356
28455
11898
21094
24743
10440
5349
27521
7557
4571
20965
17940
27219
25120
22605
31607
26004
15963
30944
7220
5439
11770
4452
29381
11888
5111
12793
25503
1374
12032
11433
3695
14733
25814
17216
5283
29253
23795
26462
10540
16194
11887
16586
19842
29101
9508
28169
24553
331
25105
13104
24308
20981
23292
2806
1607
27976
32091
19981
10400
1181
30837
25779
27417
20283
29381
13956
17831
6348
11935
19602
27879
5134
25110
22967
2330
17867
17948
7466
24173
7179
8427
21329
19071
1416
20388
10454
15133
7522
4918
25597
592
16148
9346
14389
11161
5799
21437
30701
13947
294
14101
6312
23098
20817
11415
15700
14051
19605
13136
15063
6028
29756
24498
19180
10717
28386
28474
24877
20175
9768
16208
22128
26804
27820
11119
24151
19064
16440
5765
31523
11302
31801
9117
25545
18605
4211
25019
4168
2277
4084
28423
24633
24525
11334
22318
4008
15383
28905
12550
28194
13030
21248
16241
3087
18390
26955
6531
21059
30269
24661
7655
14287
24496
32495
13694
2589
17353
20188
10570
31548
9512
15822
3979
27256
16312
19090
5159
6958
13363
4743
8271
19934
3305
21332
9568
28546
32701
13530
3847
21278
4464
28520
8361
10649
32290
8750
16898
11211
2837
28149
32524
10967
9653
10253
16162
31419
29653
14726
30565
27429
14652
32419
23647
17033
13920
14987
22246
28528
25713
29506
16451
25619
12953
18904
10644
20520
10371
8928
12911
11516
4634
13092
13000
20418
6291
17559
15381
30250
27821
18315
13743
310
26167
1060
6268
21066
15571
13
3531
32386
15867
27753
30079
19527
9281
12301
6000
12069
29659
25068
1038
13783
94
18386
26696
7844
32714
11606
22700
1519
20167
9994
22479
25353
18990
5620
7151
18249
25035
32578
22487
4959
18530
3129
2819
5861
25839
18031
7429
20023
26930
25658
18471
12933
12651
14696
5970
20518
20835
8240
31534
5935
29355
28265
14987
6725
26664
19194
16896
12207
6864
30610
5841
10415
13230
25241
28950
4883
10028
5478
16666
14599
1425
21170
9218
21293
13513
31052
2991
8432
30565
32527
7653
23317
25826
6162
3756
13458
14126
24094
31222
23972
4456
3173
131
15644
9191
9072
11266
21497
20863
2394
24185
32572
14847
31292
20710
3064
19966
23784
25895
20905
20440
20442
20247
18118
26099
619
22778
17306
8775
11848
18203
26447
8989
17699
7859
21324
12566
9896
21517
12481
32368
29363
9192
13439
27525
19392
7197
5390
29844
7587
6017
9977
11460
15481
12557
4973
27238
28638
29244
23810
2171
15968
16565
9945
24950
3380
20266
29159
26435
26664
5504
17552
31879
1497
5168
28792
29482
23590
26349
27286
21523
22756
27271
27018
21554
4819
31247
15920
6852
1745
1852
6773
15570
13646
4621
14953
4603
13312
17328
9110
18036
2008
12451
28305
20045
23348
1561
20174
7670
25686
9887
19640
19457
4117
31231
26113
41
17618
29796
2103
21396
20910
6336
6553
1621
24058
31339
1064
11829
27888
525
30465
17075
18848
31165
20969
10825
28460
9322
28458
11505
16696
25722
16286
28648
10397
13746
27913
24242
26717
32342
30379
9566
16092
31633
31766
8203
10061
19734
10814
25515
20330
25608
32463
17415
5480
22808
21955
31492
8746
28141
30003
21796
29621
15816
2925
1871
27620
24936
21320
4564
14172
2603
21172
21675
8387
22647
26517
14589
9261
29016
5842
5093
22231
5994
20904
9849
30488
19194
9541
24324
14484
13672
2194
16278
8371
25551
15440
3519
1874
5352
29030
12183
4024
7724
10617
23041
11723
11321
1470
29745
2947
25207
30732
21612
25248
7675
2614
14863
7832
24492
12183
10451
23252
8612
21742
2383
4379
7129
8813
12991
3151
15356
9228
16899
29527
21665
19491
25067
92
18337
1080
26801
14392
12220
16405
28359
13867
19843
18206
17107
24528
15222
10210
24313
5456
11625
2544
17240
12758
16172
20972
22999
28739
5738
19426
18209
2082
23506
20441
19694
5854
20341
5292
8581
10546
31855
9493
24702
30946
20426
11019
30925
12969
5791
1358
15356
22642
10110
23360
29368
5067
15120
8950
6799
3222
14331
19855
12536
6145
30214
3524
12180
21433
15486
27841
7603
347
32728
8499
23322
13868
8855
23715
2052
13065
15729
770
11878
30881
12973
133
4215
27617
4303
12723
16496
7856
2167
4540
26000
4317
31111
8972
21092
32085
23428
17952
20549
1946
1343
29336
17442
23920
6068
1678
4224
8410
4146
8231
22718
11844
17852
13671
2462
4866
21936
24138
19201
18425
17318
1296
16114
1180
20635
28888
12774
15899
19791
24176
8258
9942
27627
7020
13598
16920
21735
22389
9801
24578
811
8164
4493
5573
11124
14736
16180
1557
13050
19683
28106
3546
31056
6196
2853
10536
31115
7248
32419
9329
1702
30554
26803
28153
10021
25046
31639
7051
21497
512
20840
30827
7844
2402
25434
12171
669
20645
1601
26113
26102
26024
4180
22969
3388
16335
3121
22631
1695
3742
7458
8896
20562
22150
30879
4074
15925
20478
6420
1329
25266
15574
3556
5627
32484
10184
3245
24574
15871
16977
10190
30640
16364
21695
20006
30975
14131
29834
30751
4163
7710
29927
9707
3953
18204
17819
4878
25489
19555
13325
17181
32370
8921
17056
19397
2204
21557
2623
14
28550
9313
23098
24801
9225
9763
2640
30409
7445
765
13069
30966
29347
31314
16470
25991
9450
23497
4674
28425
25558
247
8235
25402
27318
2616
20997
28435
17461
25309
1007
25606
2699
20621
26632
25221
30708
4581
14980
3523
23393
20578
31743
11454
17774
27009
9744
23677
405
21284
3618
14230
12193
7992
27263
5876
4453
25237
11694
20439
24749
805
11263
4892
16757
12617
16228
20927
9305
4216
23938
19102
11597
21290
21512
9600
29326
19956
8000
16213
10201
17908
3812
3008
2522
32367
11570
12242
7655
18873
7234
14873
6638
8533
23960
7129
2220
2398
14326
18329
32288
17189
12147
6369
28736
4892
17361
26947
2026
7667
26892
30360
32285
8448
28207
32396
22889
2532
18027
13149
8100
12652
26730
28127
20447
15797
14305
16580
14488
28564
11621
20762
32306
24372
12415
6165
26018
27649
22530
29199
14186
25541
1180
7885
20171
9489
2476
5892
10550
16607
22611
23323
2565
24437
24782
7987
1640
27789
7683
30821
3490
20146
32601
28490
16757
11757
9421
7105
13018
3489
8515
11756
22262
15796
14105
2172
18506
26351
17154
20527
10282
13992
18706
5270
13424
28062
22549
30236
25969
22052
14117
27972
10288
25986
4476
5938
2258
3224
5254
11117
24914
31684
13370
32483
24694
24070
2475
14382
32002
20322
32730
6421
10539
4742
17103
342
23118
18861
9448
3747
14562
14019
28272
32234
3244
18122
19315
12761
14641
27772
19409
674
24177
3634
10642
15099
29138
2820
18809
26217
25435
6962
10716
21695
8994
4035
13235
30433
6920
13675
8686
30926
28835
24242
29452
15582
9084
22867
6377
7240
23419
21218
23255
4326
31647
28850
7665
11325
19698
7926
1964
32696
21949
23334
11951
23092
12536
32165
19941
32449
31236
18080
11728
14503
8349
12857
14368
28840
14602
22501
27012
10117
7318
22802
5568
31172
28228
8974
12800
4271
22463
2084
6507
9376
4752
29704
32764
29820
4499
16245
1933
22142
24236
26388
11061
17974
182
10656
29908
5073
32188
20808
12524
6298
19820
11348
5299
5313
20424
30988
2662
6747
7199
18645
6111
10667
15420
7838
4970
25248
10205
19578
6869
28574
5223
21646
198
3458
27863
20782
9297
21728
1532
10307
26314
10382
25316
3568
13272
28007
7572
6773
20427
28489
18427
30547
24624
5984
22825
26545
25250
22439
31421
12286
1507
28587
19100
8408
6443
28307
25833
18732
1471
5725
18993
5023
1734
1130
30181
21293
4952
17213
14606
784
11993
10624
11580
15844
4997
10823
21439
12296
27467
31385
13594
2375
2783
12333
5301
12728
25355
15729
3282
17890
7238
28368
9922
7716
4231
19765
17241
25941
5979
2507
26527
679
22582
22280
16840
23249
5894
21225
31335
11373
12046
26239
9694
2974
12274
16042
27161
16631
20750
16933
11388
3992
12044
10434
23577
9882
1974
6135
11303
16814
26632
26778
21167
15616
138
31209
8073
8290
5085
13773
32647
26022
13203
10848
16368
32331
16196
23724
9776
23645
23005
14518
12237
662
18748
17083
3741
24521
29690
28089
13623
31105
29064
15153
1959
10725
24702
2091
1126
29918
30511
11132
31113
14460
641
18756
6712
15510
18172
32698
2146
26033
30752
20780
9903
3875
14844
28481
18102
20601
24828
19330
1905
12821
25603
4376
30701
5404
13497
27607
21062
21135
29223
16508
25299
21943
10625
14899
28574
13767
6466
20829
13335
4797
10878
12175
17673
14729
5236
5342
28876
21361
24164
8794
28605
9396
13216
11736
30955
7789
15844
757
3859
18363
31210
13655
6607
16927
14906
26678
7946
27941
19520
12059
12471
27975
29600
27624
25282
6670
12238
19993
23879
6010
32729
22345
24323
7844
6279
2296
17416
14754
16551
8075
25780
30379
18339
32404
24803
22139
19029
12884
11108
31225
14875
10879
27050
21272
23086
4670
31684
23803
10031
27002
16528
8028
23811
17240
27179
302
3809
19968
30379
11905
1449
1955
8465
5543
22648
17596
24185
16277
29561
27542
15252
1931
254
2318
11864
30200
26831
8858
12278
17048
22977
27018
13069
16863
4491
13198
18973
16794
22230
23673
4670
6356
22931
30020
13842
28406
28049
25686
7416
32307
21327
23298
6786
21795
783
17490
12842
23470
11819
4355
17216
7980
27308
1232
12583
10698
15641
26868
23489
26928
29837
18410
31784
26721
3340
5751
14751
24802
3095
28138
2760
26398
2942
15267
14103
13833
26230
2514
3206
24068
15595
17793
7562
23297
16664
9685
6982
21991
852
6288
8191
5432
12335
22491
32209
24817
29885
3395
26016
23985
32050
9729
31313
8990
16815
15486
9273
4484
5468
15126
14549
10944
11191
7196
19132
29277
2092
27423
13779
6396
3045
27500
15296
30457
5603
2004
17569
6731
26958
28592
6141
27564
19977
1314
8698
12027
8074
157
6353
25310
15849
28071
5760
17323
5430
25821
31423
30089
12048
10040
10548
6610
627
32400
30698
21436
30162
1886
25088
57
18278
18374
21150
9499
20421
14293
7213
23420
21174
7943
28616
14685
21060
27404
26861
32397
6161
25547
377
2253
26861
24744
467
21297
5799
25346
16743
1225
25635
14848
19286
21121
28589
5006
15211
14406
6029
7842
26450
19818
3292
8900
10244
14410
2198
12493
22406
1326
22256
20719
22227
25712
11499
20981
12311
5089
31785
7628
10525
30568
14591
14147
23051
9452
18125
17679
7245
26484
32394
19986
26063
32141
931
2781
25711
5869
23302
28787
28082
21845
30841
22607
5813
21692
13873
27049
2151
32425
27296
10230
25590
11489
4238
19118
19335
24386
13675
16977
25386
2287
8676
3756
24077
14509
28852
19033
27632
8333
1981
3973
6872
16588
10071
6645
264
14839
1000
19019
17197
2642
7605
28294
19161
14971
19191
29641
16690
15691
10290
25949
8684
1789
25282
23800
31348
8082
4534
18496
10606
13427
4322
10123
12898
27993
4656
10729
31154
2154
22839
19044
31952
421
21775
21126
23213
18815
3171
26140
16501
20174
4039
31802
3705
24551
26188
27007
18797
9987
10322
24474
11219
17896
15518
1549
27575
21701
27565
4145
2205
18525
15687
29819
13752
871
21591
10493
13404
5941
15609
2352
12982
30613
24789
18672
699
9717
5548
6344
15710
6090
31280
24432
9734
23602
5401
11412
25151
17623
27253
18647
22959
5655
31551
1816
21069
611
25396
15092
7373
29925
2274
30860
25950
28518
5122
392
31896
32622
7687
860
11440
3757
20727
2761
28399
4761
26746
20647
5474
24409
18737
17379
15570
8674
8776
29892
6902
17760
19791
17778
31976
18391
24645
952
2518
16906
9718
20489
7674
9884
28808
30145
20940
31861
31312
6318
374
6247
18666
23503
26760
6673
18056
25947
9709
12292
1418
25605
15390
26405
25167
31103
24981
2387
30539
11837
13701
20297
5978
21115
11464
27077
16980
28801
19224
9706
18402
13350
31875
12514
3216
27539
8985
16073
9507
1353
11496
6342
15404
12134
17962
22139
30173
31779
31676
18080
17948
12194
25042
19178
27862
6887
4842
11058
3222
10276
6910
9171
3926
31801
8958
13140
19861
20859
28797
27463
11177
28596
3499
18544
8535
25964
11651
22058
24481
26215
8261
8455
2271
29551
27687
15543
12049
12116
24135
24875
3188
1328
10213
25337
10835
1007
23503
2819
27168
4879
24604
4436
9411
25765
10269
16202
21554
18593
19089
31994
31554
17746
18456
19920
16317
6445
5611
118
27316
2506
16585
5623
17174
9263
15413
9253
30338
21073
12766
14136
1114
27096
25951
30391
24345
6179
40
4508
14310
20364
22972
13747
10345
6637
4126
5699
11997
29795
1157
17904
12390
6225
4183
26592
30117
21928
1621
31773
21898
25190
21523
19258
618
17245
22444
13626
11602
12854
15795
26541
29594
9397
31597
16156
19133
22847
14653
22439
24168
3225
16735
4333
5328
15602
18137
2348
11593
7716
6319
21417
11541
9015
5463
28243
3705
16678
29292
15011
26134
20198
11431
32198
29303
9893
13322
11262
18919
27728
10334
838
6789
7511
14816
14645
12442
19892
568
16420
14121
13866
27050
26515
26312
30666
27792
23497
5807
14524
21768
18619
25615
32316
15594
9263
25509
26595
27645
25377
4494
12328
26218
7782
29533
5670
16240
27279
8299
5280
1114
26384
9326
2626
21422
18594
28749
14121
29864
25317
19763
13222
742
30026
1507
17471
613
16176
14923
12023
28588
8013
4443
30160
8263
16976
15639
6797
1911
9412
1259
20412
13096
27704
19007
15092
5411
23453
15180
11356
27781
26351
10286
28524
25456
10776
11834
6392
13568
18193
11665
30314
28545
28490
15605
591
9951
7244
4060
533
11101
15261
707
12562
6282
20963
16837
7369
20594
22861
15724
5737
14097
24367
25031
23959
16909
9452
17341
26733
12452
18457
14496
27843
32738
13791
3078
3757
28440
28065
18388
22596
10379
22239
17051
24234
25193
11867
26664
14408
3073
20090
28758
10330
23346
22252
30759
9134
20004
30607
12563
4776
30007
25233
6816
29834
6457
10710
31283
18418
4572
2969
1318
23717
24679
29269
28954
29322
25259
11238
24207
18938
12857
7147
20914
2359
978
28016
11637
6969
6943
1994
25829
27569
9890
19137
22201
9288
6125
22005
1830
20263
19474
24442
11259
701
6234
24006
16105
31420
3898
2253
2594
16997
4482
30314
25383
21510
32728
22017
2010
20929
8293
3939
20955
15246
3278
18673
13329
18051
15462
6405
13959
14676
32418
26253
25722
29206
31181
15609
24752
31048
508
5976
5131
17939
23621
26301
10845
6097
16940
22504
20862
2253
14686
7202
28316
15945
5026
14697
15827
22982
11020
9677
4093
3967
11891
12826
6860
1591
4646
1975
3862
25652
30939
15822
26991
11660
10472
18861
12541
22431
25014
20077
6280
13797
9586
4049
13777
9194
19205
3184
17189
4246
27719
791
7985
20146
1135
26473
32536
20136
21199
2504
1731
9610
21950
30329
15225
1366
29141
20482
1199
2681
6494
10455
12065
657
2057
8246
9761
4215
26337
18000
22319
20861
27775
2985
29643
26612
19837
16321
1415
3826
4398
25332
2144
6994
7820
20383
32590
3579
5490
32388
14106
7014
18444
27248
11120
19546
26763
22299
16949
7162
16157
32591
20762
14082
31772
28236
8562
16462
31365
2156
26177
16028
1709
1795
22677
6034
32047
27529
28185
15363
22057
11771
24039
26990
28840
10878
26526
9415
12896
4678
4276
21114
20385
25526
19470
4014
20358
11720
16334
12486
8304
8880
7533
2350
20658
15804
16393
24660
16270
127
1280
14324
23137
2862
4797
18329
14874
5194
466
20833
13552
895
7239
13312
14421
13261
10034
24071
32549
8421
27272
1639
30756
982
27443
20016
28839
8936
2917
12191
22417
22728
1323
24152
11393
5862
29509
31984
28490
26396
23605
19374
9124
12432
29590
13459
15649
17371
1455
22679
1890
29291
16712
566
24202
13605
21436
8491
19443
9807
2896
13180
23328
21166
29635
16310
15091
9707
8487
17530
32544
30268
7407
16696
5602
29504
10568
15419
17901
31786
20141
27110
18595
8481
26549
22845
21642
21479
7984
18855
11262
3001
5235
3569
1059
24695
6640
8343
22558
24837
16906
19775
31877
10481
11815
4999
1811
31062
21510
9984
24225
22784
11603
12410
1873
32720
1400
13443
32525
4450
22967
17194
15920
27374
32629
21769
12418
2156
1241
31106
14954
17660
32662
14920
7775
31364
15877
22561
22176
17563
3703
17643
14117
27302
4297
32477
27605
13632
17977
12560
9977
13024
21367
15678
5105
12213
10496
4809
25125
25813
1447
30463
31807
8855
1908
8860
16280
31293
16050
22672
18415
10967
30532
23043
9057
21860
11320
23447
661
15417
22943
24557
14648
4519
8347
7018
8873
6616
29113
17723
16117
9210
12673
31126
7173
7839
2892
4419
24342
19300
26198
4700
618
21969
12564
7761
6973
20865
30408
302
15355
25475
29522
17953
18096
6911
6473
30007
17344
15645
15946
24166
4312
2082
24976
5584
31780
12765
16581
1350
8131
9537
12056
14091
4472
17235
25232
15835
15010
11079
11168
24108
27758
19941
19195
23732
1099
20530
22953
5675
13470
333
30555
17490
17847
26519
13052
5172
25348
10518
24968
29100
18565
21276
22305
11303
25728
17699
13920
22699
16758
17148
18921
5401
19541
29225
7234
4271
19183
18055
16869
32208
5803
8752
2451
20744
28539
11423
1772
29003
31502
9493
11069
15741
17478
13372
24729
2872
20204
266
23339
713
5027
3305
5322
31867
30746
6933
9934
17177
6022
10053
30242
24494
28496
12173
26011
21135
17418
21891
648
23963
21160
6817
24459
17346
8685
15338
4519
8644
2083
28880
921
17467
14607
4438
4972
7900
28708
26482
11848
18682
2807
12213
24203
9035
10227
3373
26
2799
7502
29835
3834
15790
23611
21121
17434
21378
5218
29038
29811
29013
11149
25149
26195
6411
23972
27786
4342
15043
6363
18951
31319
27482
27178
12575
10053
25649
3582
29401
20921
12337
31022
12286
22887
10764
28208
27006
8851
12229
29325
28688
22310
12146
14482
30489
15873
28993
20808
20175
7313
17081
15015
2462
22180
26434
7687
4299
16507
29160
21207
27735
22304
27740
31121
16934
21242
28475
17133
20576
18590
3987
14166
26392
19432
17828
4762
9515
18763
12515
2021
31851
2405
23877
496
16637
4822
28089
13174
18432
24147
20470
3048
22895
4342
23928
25697
31049
12504
3525
30940
19439
2018
7669
421
6605
10464
20849
269
13884
19159
12283
6498
19879
28313
25839
32542
24301
662
9160
23391
25607
30965
13797
12951
28139
996
5518
9093
14256
27692
14898
4708
29938
13832
31218
5218
24440
2103
9316
12115
18452
2384
14992
16807
11979
10070
26687
9881
9782
32140
8822
27306
1576
19594
3901
9294
12690
14481
6820
17637
29603
16924
23816
30188
14387
11447
13971
22133
9057
18452
17410
11476
19579
20316
4267
24732
8223
21187
10686
20682
11680
24415
30411
23103
25515
22842
31620
8820
43
15270
26309
31337
14185
13264
4817
28126
22136
18840
23263
21190
25808
2720
27093
27897
2361
27555
26195
31273
13803
21513
8179
14871
24563
1976
8655
18182
17880
25388
20036
21104
2431
7626
26614
6649
8524
1649
11284
10401
25738
28243
25054
14397
14093
13827
868
18216
6165
12494
25488
13878
6262
21071
30054
745
31734
23102
6283
29160
2551
29321
3844
15788
20822
29606
65
7549
25490
17191
11610
14493
19249
143
15000
22979
16735
29796
12855
30410
26329
30085
9322
24747
1033
14526
2208
12201
5234
16026
17414
16331
8527
21368
31053
20879
12151
21985
1453
8925
17540
14105
20266
5178
18228
27124
18454
11838
16144
13291
19415
6984
14155
5231
14570
26992
18668
13950
27688
10429
4144
8307
328
14745
4393
5666
31910
24449
20396
24868
16962
27649
7786
29552
32268
5600
26973
6187
24927
20632
32614
9922
22987
14344
7988
27701
9495
25709
19303
16054
26246
14991
10741
28530
8538
3128
29389
3759
15511
7402
12731
13847
29705
24273
24460
19795
23176
31735
5746
31964
20859
32695
26026
17166
6555
13428
2139
24447
24826
2443
962
2190
29251
5509
28812
7999
26947
2194
29571
21830
4264
9011
10605
31073
19721
1334
2609
24043
14631
26855
1852
3503
22387
7813
26915
17146
31952
23539
12426
21748
22681
13488
32324
3887
15846
19977
18108
10113
4619
9101
21651
17935
1122
28610
24202
21419
29515
3350
13475
608
8816
25368
18563
17482
9806
13288
5403
9387
10481
24044
10631
14140
27646
26053
23350
4545
11255
23682
25420
992
18619
30227
27460
307
22348
25600
19674
29084
213
18523
2344
23513
21228
21747
15119
7768
25876
27338
2264
10828
30598
19913
22811
29952
28465
16563
20192
4971
21247
7512
20741
13318
11866
15627
8416
27354
31983
17749
17444
989
945
11499
17929
20350
15137
3294
5031
7551
11981
4626
30627
23043
30231
8945
30990
232
10808
3424
8586
23382
32133
20722
28335
15256
22512
22876
29357
11051
7377
15658
26674
16149
32231
21680
15758
1656
32665
15682
23317
18279
4738
7336
10436
32248
26157
14540
5928
20891
22813
14262
12156
29866
10769
7098
28434
8769
20102
20464
29172
11855
4732
22757
12490
23533
25981
32144
22014
28143
30940
31880
28191
9657
4923
8564
30595
9301
15695
20162
5425
25026
11240
20380
26877
11918
2859
1559
22773
29607
3874
18862
17404
9326
28024
2544
27061
5901
9341
2421
2467
14090
13168
17686
32142
17949
10238
23389
21288
7999
9478
2107
10480
12292
18079
2297
21079
7210
1884
31857
1825
16242
2767
4990
8719
430
29003
9649
12987
12572
6382
32326
26307
22258
28639
30038
3625
14906
15317
10574
16122
1248
31449
27807
23598
16138
16716
15287
976
5287
14635
20273
10335
6475
9874
7752
22899
32314
5503
26002
32675
28355
5337
1515
4007
1743
8881
20398
30906
6073
11719
3628
21058
12128
20560
26454
3251
5499
10230
25533
10673
13101
28449
12989
16245
6362
15221
32500
19313
5688
1436
26361
6199
6313
24133
28235
14999
17352
29804
31368
27143
30785
20700
12512
14409
15591
27379
18376
27719
15872
31398
8435
1090
22243
11204
16254
9003
22982
5759
28267
27985
2513
8488
11088
6205
31607
12090
10576
12762
20229
16794
75
25306
31099
27677
23634
12372
3996
17483
16734
178
18241
11619
14145
26570
8946
9631
29148
32331
31671
30904
18835
18523
23852
31661
6142
28542
26580
13761
19681
21434
11695
6850
20319
14329
15631
14993
32618
3502
19879
2527
27518
9147
17381
10293
3727
15507
32386
18231
10816
20379
8791
5929
4437
31191
22642
23730
30315
25026
12905
5088
4838
4733
10478
17517
14892
4652
26788
27457
11537
14238
24881
7479
16785
812
19093
18212
12997
32483
5306
12054
11536
27109
30027
6873
27290
13068
1994
16320
29695
1745
13277
24481
22856
29804
19945
14114
30490
28221
9698
8499
7213
10603
30818
5084
8960
8395
30200
23097
21451
16131
21698
12227
8886
29679
8254
8400
7752
14659
15197
21598
8738
19058
18649
8972
8685
5071
28105
8041
8337
7410
8819
29553
10151
29278
1377
14165
21298
21089
25783
9595
17801
8507
29123
20422
6040
26754
21206
14871
6472
26052
1874
32276
30268
27759
20997
23592
4798
7918
7605
24010
13561
17173
4092
27907
20072
13759
15959
1322
31118
16821
14713
24819
32744
24018
25317
18856
31776
5733
16571
27573
27779
9687
17362
21610
18869
142
13320
31997
30115
22544
14038
1742
5818
22892
9256
3311
13143
10966
7531
12004
8574
27793
6887
14503
7886
16658
25423
3056
9396
8290
8598
11954
19680
31428
3333
8937
23029
28312
22411
27539
14469
5503
22100
25340
3132
11456
6300
17983
7515
7402
24774
6666
14952
9403
13224
19617
25124
11073
29226
14630
18878
32063
12559
28695
4934
31186
17170
26904
18532
29268
10549
499
27978
16769
23894
28381
16359
24024
11011
32763
30558
27460
2703
24612
6070
4092
12901
12521
11731
4264
21149
10194
1957
30661
11981
4331
15519
19530
2594
23167
6763
7052
6575
3620
18908
23135
28932
23287
16420
24958
7427
5417
20551
2349
24815
20155
28879
10268
18886
28037
2498
31119
3025
25213
24273
11964
24185
26166
27090
12148
19036
24231
14704
19974
7584
21038
10273
29281
31367
3029
32601
120
13380
21715
23294
32235
28174
26454
24859
15075
12402
32383
8664
573
26861
10158
13226
5356
1978
14593
24519
29848
12265
4375
29405
16779
11697
1050
1539
12238
9991
6652
21488
22415
14959
512
28266
25798
19
24445
26626
27161
8466
21471
17919
23292
31002
27118
20120
28956
30265
18003
1894
254
10992
16727
30744
483
18058
19951
1385
19696
26539
20982
30799
22411
32044
21433
1397
27912
10534
8376
26860
11141
23117
20907
27166
18450
3968
20420
23555
24086
31134
16180
28055
19950
28570
29424
24203
28374
26834
19893
27706
6157
29084
13385
2784
17716
20002
29957
16134
23031
16241
18576
11073
18672
7884
20461
9756
8648
17222
13240
27731
19104
26000
18604
17218
26799
30223
23913
8092
15404
6449
5492
9312
29550
15874
30080
3593
14674
762
1260
24070
733
23833
10380
23145
24610
13623
6828
13795
21606
28565
9298
29680
31107
4535
31684
23887
29322
31350
27722
6325
29100
24657
11061
15298
21851
2564
32288
26676
8364
30044
5750
18779
21248
24649
17973
1485
25315
26677
29169
31066
24628
13204
25627
19266
391
22972
25987
13478
8391
31991
16156
2877
27424
19159
2303
25672
18459
22218
27315
25544
15371
750
12460
3054
18857
27431
23313
8403
5883
1646
2499
29801
22906
29292
27034
11954
19827
7495
1778
26159
15534
16828
10598
7324
22606
26990
7387
29658
27128
27005
3009
12077
8247
3419
20117
21671
31263
25563
21674
740
5681
25227
2602
20216
26751
21316
24407
16038
7185
16383
21783
13011
9094
20714
12976
22073
15614
20668
18640
25696
27960
19269
26064
23754
13816
31305
24377
30318
2988
29838
21640
26473
20046
21300
3886
21743
18828
16709
9179
32647
39
10637
14588
32632
18073
30380
5763
9598
28922
6505
25318
21442
6180
18761
12650
25353
14870
13153
17825
26668
14742
2920
12337
28104
283
13072
10456
30262
19689
27542
18861
22974
24702
17816
4009
21767
11053
17192
17509
23506
8201
24606
13605
1000
17668
29874
23318
7249
15704
9802
22740
17607
21286
23184
28975
6507
17501
24776
23343
18102
22238
17761
5974
6577
30686
969
10788
24681
27275
2694
24545
11933
18930
17795
32150
23227
25120
8871
861
18187
9351
17580
25562
19241
15268
22575
21770
20920
479
16131
7739
32341
24499
1483
1884
28618
21774
22472
19831
29316
12795
25839
16508
14152
17022
28223
28224
25121
29119
27729
32453
1437
10347
1073
9660
24120
27224
15980
19784
25113
30568
13418
24069
30972
29615
10238
18505
28784
23256
14652
12970
66
17092
11915
29120
29497
12661
763
11564
18435
2603
11992
21976
24176
21964
24191
20865
1246
27273
2928
32627
31221
14015
11173
31380
13972
13083
27426
15524
5130
16386
9166
1731
8842
29232
1921
13108
17369
4767
12382
21600
24138
21930
2915
17694
15340
3442
20798
3633
27138
23425
354
17682
11443
9645
4955
18417
23299
21055
21086
31478
14082
3925
5925
27340
5699
10629
21498
30816
28304
13763
10001
29158
6876
4741
26394
15646
27769
1061
24087
30421
23692
28806
9835
11182
29117
32250
24116
3618
11827
6499
9435
19910
6591
10137
5866
29644
15447
26124
15389
26829
7367
16043
7099
1990
6051
4868
27430
25184
8832
17068
2737
6772
20323
28897
17587
29902
9338
19822
730
2353
7178
25807
28097
13212
24745
15254
10948
10956
6573
14605
11283
24578
23524
9501
18181
3078
4742
15726
1199
3436
29799
9680
24758
31766
22897
14298
27233
5626
1106
30160
31730
26917
13426
9418
31799
24320
5160
21011
24156
3283
22317
18384
21507
28039
7505
13538
26006
26800
28012
3085
25820
19147
23704
24153
28107
4803
13725
13496
27038
14523
13485
11498
18471
20999
11090
23966
25445
13947
8356
17882
16729
2793
16831
19356
10262
21733
13940
3522
14360
31691
11839
3367
214
23300
14713
28943
17306
18820
17103
27333
22673
14999
15603
31874
27166
23518
22673
10129
31348
21652
22149
17841
26468
2582
19019
4539
24691
3491
24759
9092
816
5984
32486
25349
4549
12959
19828
14009
30667
32608
1007
28999
4451
11544
2188
16993
26754
4786
14361
12012
23692
2004
27187
21601
26661
25443
1465
31603
31044
17225
14721
15858
3976
374
11593
17391
5328
31268
16112
23585
9222
1888
8166
29575
12859
21958
26337
12367
19961
30348
27089
13303
26836
21186
29719
18610
24387
25559
11505
32269
12974
21856
16953
30930
10696
29717
11088
31276
19231
3612
6229
25101
26098
10379
24986
12493
7490
11816
2904
19476
10539
31603
12705
2809
17013
27622
28823
19819
27751
19579
7388
8912
4315
22383
24649
17389
8856
7493
3811
25606
14811
32527
18442
7494
24375
7657
14324
31841
30879
25542
3418
28535
3266
2415
30577
7228
20631
15816
16412
24918
13112
21077
22112
1798
23539
4350
23832
25355
20126
7951
4586
29635
10796
4483
8313
13972
13694
5762
13788
15754
11899
22568
26704
18497
3939
31880
18217
25606
15968
26353
9999
22329
23391
7792
32358
23541
8221
32149
26126
28148
1669
3962
4685
12204
10553
15874
22537
10942
4719
13663
4667
28561
27902
8407
31648
22586
19384
9415
20658
29344
31483
14824
19926
21981
4227
19921
24023
26343
11650
19645
3219
20591
9971
30863
4596
12809
2091
12563
2338
19086
9137
4487
10231
8638
9807
1882
2740
29994
24681
17971
26610
27730
14734
15669
16603
22538
589
29058
24985
290
6218
25085
17935
19013
4241
22613
14023
10530
23593
19263
12844
15050
6893
13826
30202
30553
4247
2361
15602
18649
28702
6356
1234
2403
28994
11105
28804
11399
25700
3722
6806
6127
14492
21726
27626
28478
10246
8404
19119
22334
32348
8460
13711
29755
11722
8665
7978
10154
9725
22525
7620
20751
8574
18611
17210
5661
23870
29427
12603
30238
28274
7665
15796
11413
10912
28903
15244
10018
22010
14356
15250
4775
3052
31492
22964
17321
5617
18451
27249
32249
9386
22829
7313
24467
7985
30167
25363
29382
31915
13939
15207
11157
23580
3263
9181
21598
20096
13728
22110
11705
1815
30750
7002
17827
26112
21935
18689
18908
4361
4024
17078
22925
3782
9809
3264
6702
6112
13385
18499
5031
4784
19561
11119
6069
27916
15357
18936
14480
18529
22161
16838
4811
11266
12025
8173
28283
12736
24980
4575
31643
24763
21457
14049
11695
10872
3313
9659
31400
15923
3087
31412
264
9846
16222
445
22854
25834
179
20717
5748
110
15171
26413
14879
14694
7853
9013
8055
22613
827
9911
8623
19119
25444
31193
423
488
3734
745
20169
18641
31027
9804
22321
804
19930
8888
25360
2909
9191
32164
16210
8908
32573
5116
23422
10217
32067
8984
32478
1767
21292
24047
22753
6284
380
25224
28861
25407
24775
9138
14424
29283
27580
6901
18025
14307
27235
22216
31706
11278
25251
14596
6258
8102
29191
31129
688
29747
29890
16768
18170
11933
7664
29169
4599
6138
25886
27605
10809
24741
27917
27518
11551
31120
18355
19606
4857
6107
15235
19029
15982
5797
28142
4087
6939
11042
5930
11630
3965
7917
9010
17492
17937
1184
25614
291
4537
6819
14676
13480
29026
20545
20719
8629
30436
8449
25887
21271
5417
14899
7105
3527
6546
7881
27345
13157
21654
15720
9773
10465
13741
11455
6811
5500
24172
536
23054
3567
28913
30252
7461
32745
7553
19516
24053
29119
13168
12125
4104
27231
14657
31252
6565
5511
20495
7202
29266
30772
26156
4769
2712
18780
32007
9808
24838
17119
1619
25644
26745
32444
7269
1088
9114
13440
6622
12989
6567
27397
21643
28493
2167
29272
32649
30373
30648
14843
30893
27225
4476
22349
1314
10997
25588
20550
16724
6217
28794
32359
18445
11268
11221
7665
21726
8837
21433
23894
26049
9709
15758
237
8188
12153
626
28393
31817
4879
11393
14220
32307
26902
18772
28056
31427
19083
1479
25351
12892
4945
14080
7675
16868
7881
29869
6648
12068
12963
10380
10577
5234
3060
14129
2784
12173
17032
9732
2042
22472
30329
25225
11938
8043
31744
3812
31741
9302
31116
30620
2823
21479
11281
5791
7043
9758
17827
18310
1336
5119
6723
4379
27482
19768
3833
10264
17479
28932
32547
3890
2420
20047
3084
30806
9126
28443
2752
19251
26469
29474
1055
29944
13741
32189
31537
25951
5352
15108
28089
23786
22041
16439
17165
28780
6746
19293
7460
26060
19592
9770
16369
19974
25405
12326
751
114
32510
21516
254
23369
14518
27760
31341
28005
13411
23461
7512
27976
19472
23262
10292
8544
26371
17555
6824
7562
20791
24103
26782
31188
9997
25799
25499
26247
10558
24981
20043
16741
3348
2310
20065
4143
7386
10632
12446
1130
15505
28009
13102
27747
9956
29684
19003
13681
30302
1501
4797
25466
20187
26847
26511
8632
15164
5795
19656
20669
4959
23268
9544
13749
32335
7377
26257
12012
25783
22450
16089
4496
26525
1743
24925
5303
12108
2189
27895
28067
9874
15579
8435
325
30252
25292
21535
20225
21631
31109
25121
30897
32137
10330
781
3052
26390
29236
16695
28808
1335
14390
326
8285
13040
20384
20618
3148
4913
12019
28048
21121
32263
30294
16115
10740
19988
22328
11380
10038
8765
7991
3661
15978
26530
27200
9923
9873
16339
16376
23035
524
5953
8283
6158
28763
32754
17315
11615
27947
9337
4460
27949
8336
26406
4885
27236
1167
378
25961
12985
991
14301
28031
16373
30192
30099
21726
5009
7213
25837
4325
12420
1151
22460
31083
26457
29970
5131
12962
10372
17755
22798
28225
20726
18522
12373
18402
9455
11292
24389
16552
27924
29317
3273
7718
27073
26444
28485
12412
4256
14151
5836
17347
18555
3305
10130
16556
5966
22025
6308
16483
30369
5860
19158
6074
16916
28262
3069
7555
29756
12197
23135
12349
9645
13487
31848
16116
600
20101
16543
22882
10520
30311
31192
2906
10631
9298
2986
1895
5142
28360
6947
25776
20573
22479
14267
29726
11695
27452
4231
28865
25074
4657
2479
3952
27309
16357
17954
12720
1123
23459
31112
16344
11296
3094
5753
28274
24401
18371
11500
29411
3544
20183
3314
27471
29280
29219
420
32183
17646
19301
14425
29284
31673
19145
10269
19849
3644
15791
3423
11300
28297
12975
19946
26661
11488
24282
22807
18386
31104
26691
22592
15466
30909
14783
17271
29704
7507
17384
11896
17099
31994
20328
25053
10036
21307
17524
5265
28111
9857
2966
22919
14358
17267
27568
5548
27282
641
2366
4634
17987
3005
27355
32398
12610
3309
9991
30748
29349
5598
7975
26657
26019
3835
27597
20346
26617
32285
24122
20979
1931
3493
15137
5634
13135
2505
4782
19638
29543
18475
22983
30186
27789
11696
10386
13502
12980
18063
16951
18504
12012
9384
18919
31878
7303
30744
18717
10135
24954
5642
27427
1835
17926
25039
4569
4665
20375
19506
10162
4848
17132
23813
21247
7407
4472
31488
28272
13240
13832
26060
27351
13666
17575
5722
32304
23951
12734
31097
17375
29854
5248
14504
12856
32546
26757
1320
2372
402
4789
6486
7874
11330
11624
25656
11117
913
24524
4950
32125
22628
17542
28363
13424
9428
9116
15259
27146
8484
914
6215
27803
9462
21971
1951
28288
10430
16979
7640
20204
31606
22131
990
24553
148
6949
17643
19865
2617
22096
6745
2754
9131
31606
10677
26249
24581
3988
26900
12158
301
1097
7594
2009
2823
20027
10392
20227
5864
15031
5638
17497
31566
18583
8818
18220
7118
2153
10823
22540
30029
18381
14258
16198
14963
3103
8881
31915
5213
8278
30573
25747
23442
14892
5833
3618
23865
31360
17723
30410
137
19704
7131
32529
24704
27370
4025
9365
11736
1405
884
7501
27959
23307
5896
14353
26022
15306
10728
9821
21316
16812
17229
4946
12859
16259
21709
11261
13812
11113
2863
31964
16519
2143
8574
18590
28278
4916
27228
15403
2714
13993
921
9188
32349
2770
26628
1580
4650
25535
21377
18215
4642
13148
11612
14785
11025
17046
27869
16883
5024
1471
11293
27714
21964
4148
23831
7816
19606
27453
21762
17910
10748
21556
8671
9818
6441
9706
24142
11934
20713
28998
30629
30353
10847
2351
6723
18923
4090
1452
14370
25739
22693
586
23980
17410
25406
7103
18640
12885
1610
28876
30292
28159
10215
10856
6509
4918
4609
20250
12685
10863
22217
26023
12924
36
22883
10989
29354
10709
20191
24335
21444
23629
19307
28114
22917
30502
12231
30279
8911
27023
2809
30123
30970
21581
17473
6539
26988
3328
8527
32043
7529
26280
31924
22057
25645
25447
16535
21598
9016
13193
31145
14597
8426
9665
5723
26911
23887
27829
9806
32534
27964
23997
11786
8096
2971
3304
25332
5606
21763
27201
25466
31462
24972
17488
16273
27669
12513
21475
25953
5449
7318
13582
17982
4567
17596
29040
18395
26872
10931
32696
21946
10610
28224
23656
9959
26740
24799
8153
3046
10177
25435
13695
22762
26384
16795
6255
16456
25779
191
14622
12586
20856
21356
28780
3720
31693
10339
9185
21076
13863
1881
32566
28917
31908
12291
26391
4343
7663
12144
2343
27393
27492
24475
11589
26119
13428
1345
11278
17344
4427
32752
11938
29019
16561
16481
7083
20590
7470
30983
21916
3119
28018
15592
11831
20198
5107
172
13138
27554
25048
12787
14554
20523
4374
22764
17432
21305
10713
30756
15411
13027
22309
7835
1015
22362
28349
24605
24788
11735
12356
10191
21290
12242
32674
6409
17348
27253
7849
29283
10914
6736
10745
10003
4859
12110
23840
8822
8322
19688
25094
27116
31209
6808
12169
4329
15523
30865
15204
13129
24047
27821
853
27108
7442
23463
12671
28003
27363
25226
24589
23378
27277
25705
16408
20854
28561
8273
10186
21344
7434
25468
19396
11842
2613
11207
10174
20226
4144
20070
23149
16013
9474
30423
30890
14446
26588
4628
7120
3999
17055
31245
12134
21918
17565
30037
16894
30660
6820
24348
23900
18131
18489
2909
10715
7374
1569
15192
24845
5389
27174
13891
21410
2704
15383
23101
1675
20628
7185
14723
11103
22884
24061
6118
30717
16242
15962
23677
8563
25766
21565
19351
32286
7158
25749
7411
4883
4407
31412
16948
4286
25394
27147
29071
713
9211
7477
18631
14143
13182
22072
7259
8434
10331
17415
18174
14618
15092
4427
3399
9278
26307
20578
27050
7768
13810
26792
21671
29236
27429
26870
23873
25
32155
25449
9650
6059
7029
13925
6237
10512
9813
26329
26884
4434
24107
28612
13883
1540
11852
11000
24348
25641
20677
14110
24893
26193
15342
32506
21215
1541
3650
17904
19816
3173
27757
24007
23572
5648
1447
27054
17127
3652
12865
21116
12774
25927
24701
20540
14470
1541
17315
11497
3429
20218
31057
9334
32312
4690
6419
1553
7172
24911
25139
31401
30610
9964
31699
5294
541
21952
31544
3352
26189
11556
9321
20906
28009
22936
6393
18552
17608
29795
26913
27815
14216
9850
15122
10356
12419
29347
31880
4215
6271
27354
21155
25641
25765
21748
15347
30629
26933
642
6353
27307
17527
24568
3574
20714
30197
32527
30022
12159
30183
8295
20717
29625
24815
113
29869
18207
3078
27532
22902
25780
5302
23918
20280
21369
16779
12230
245
10804
18116
7199
32538
16496
17229
5384
17423
28869
2546
14962
26381
20569
2765
27993
28976
32679
28928
18087
2253
30847
18602
30037
26373
32078
16659
18387
19354
3488
24362
25770
25346
995
13362
30304
21178
16494
27832
20123
24541
1474
19400
17546
25589
27151
26208
21121
1041
506
13093
14051
24088
10397
16981
7237
8284
2255
12797
3280
16242
19366
12908
13543
15938
4155
12007
14602
15450
4269
28318
8955
16008
6249
16863
10783
26023
12200
3978
23334
1977
8249
22213
25327
24374
14208
30960
165
17572
27071
24540
25391
9832
14996
21559
30151
13020
3779
6219
24552
26785
19254
6889
15470
311
25922
22175
19449
27082
18476
12593
9874
15951
13292
28487
12433
31440
31024
4196
22205
22276
13988
10007
21942
35
31601
373
4240
9464
29443
13766
15041
2104
32272
26495
22845
3346
23766
22641
24287
29191
20132
6719
26635
11772
19099
29717
22930
9102
13750
20631
26325
7845
14856
18456
17198
20556
9029
6925
651
15552
25732
12481
27996
20422
11075
28234
19376
2882
9132
31163
27546
1030
21015
15771
26330
8424
9679
16534
27577
20503
10521
9587
3381
9903
29298
26438
24158
7818
15129
9703
23808
26202
16077
5794
28546
30708
18648
27952
31246
26863
4684
20710
20211
10606
21901
12845
32327
9530
15119
5170
18640
31508
865
7903
14885
15945
4715
3337
11792
30342
16372
19179
17719
20974
4455
22739
3323
15722
16598
17947
24225
22336
13631
22619
14767
28648
20494
13021
7577
3355
13284
4689
9885
9004
26775
28866
29164
30875
122
9673
3338
26600
8926
22273
29815
29605
8152
19642
25999
24783
28997
32498
1967
19294
19724
28289
12441
26907
11427
7827
18458
28338
28117
16987
3818
19208
28866
29446
19667
11470
22311
494
10773
1623
18655
15121
14346
934
25002
11201
27910
9932
11310
16797
6017
32369
20027
21951
3192
10928
19027
30775
5392
9256
31338
4024
24445
31055
10218
8594
30498
30218
25850
21984
2041
27003
2816
3075
28982
32282
612
4943
27431
22536
14232
23555
17503
28064
24917
13439
31251
20046
31783
26289
12228
19364
7979
18897
18974
14506
3607
7246
12577
13174
11388
14856
32126
11517
13896
703
5444
9001
24975
1227
31675
16684
19851
16398
22672
23059
25313
5416
31283
29086
2341
13545
22398
18255
21921
9228
21655
6081
5970
10018
20247
2107
25652
10956
13676
28805
3008
31789
11644
30458
4786
26015
3722
13023
7183
933
12894
18675
25447
26146
24992
13895
11351
20936
24454
15696
19283
13778
22703
10555
11170
10742
14670
23424
30378
2197
11914
22458
16494
31030
22309
16822
23893
32562
26460
458
17709
24752
17423
872
10095
31188
22818
16882
5317
20532
12067
6096
25033
31372
1069
961
10000
12466
27660
22638
615
6092
15265
2629
32092
7872
17288
3972
15617
32492
7673
1684
24300
13592
5100
5785
10114
1704
23937
15943
25974
26390
16798
1271
11916
20896
22746
16890
22947
27454
30618
28205
23026
215
889
13261
24466
13748
14318
12429
24892
30261
7721
7654
29525
707
15421
21423
4135
9989
16260
22765
13682
29015
9791
30444
31523
32376
11390
655
1891
11650
64
20452
979
20512
218
1019
30742
11003
3485
14585
11665
23157
10163
10344
110
28570
27466
20433
16871
22867
9205
17293
4033
28125
78
9176
17686
10362
10465
26663
26712
28519
15941
29884
14995
30221
652
11895
19442
3963
12766
239
14725
1300
20064
2753
30785
17797
25434
25640
20809
32763
922
13262
29548
32658
1811
1506
15854
23312
19402
6507
10379
19667
32243
6108
27833
18184
11094
27368
21550
6174
9720
9367
20642
13178
31224
11674
16598
29293
31415
11740
1749
24931
11067
25433
21369
27997
1494
23347
19250
1441
26370
16642
26627
1455
8080
14444
15565
31608
29186
29943
32208
7627
32565
1050
29295
1808
26179
32154
13363
2104
7079
3604
24339
10228
15266
4053
5875
8741
23518
9714
1642
31636
8274
3478
15048
32228
5989
6550
344
12229
8534
3147
10722
7530
26331
17312
21108
1340
8968
27498
8290
15568
17523
10744
2700
25110
10646
31467
6367
11476
31860
11336
15647
29779
29056
12748
10467
15705
28090
17024
17633
25686
22555
29837
11627
14306
6707
19280
22586
5991
5137
27569
18283
27163
1891
27313
28103
562
15838
27203
10311
16465
28384
30813
28887
2885
10324
25678
11867
28661
16087
32338
17904
32149
2328
30052
20852
12829
27269
18259
8008
2810
28964
30488
24404
3587
2750
32103
8524
24238
5443
10116
2098
13188
20074
22616
22301
16338
26264
24516
15160
26018
15107
23605
30477
17385
31511
23161
21252
29954
15641
10193
30502
4443
17930
2631
4647
19055
2254
21313
29092
12788
8333
87
28585
341
19034
24162
22902
30050
8722
25301
13187
4679
9863
12113
32449
25530
18654
29555
25379
3449
2870
8433
25437
16372
29323
9701
32236
25926
20441
8552
24406
6762
9348
18019
2483
18604
9719
24738
5484
29533
9355
12330
28483
3531
22955
3789
14227
28017
24887
5115
9945
11370
25125
10971
7028
4140
10862
20122
13481
18546
16936
24836
7914
6778
14831
20305
30040
19569
14474
31041
23686
25900
3020
3691
14976
5144
16567
21969
12300
21876
1768
5049
14127
9917
25391
440
2803
24426
30077
3344
15464
474
22019
20284
6377
6283
19864
29896
17824
29580
27995
1638
13389
23093
18842
18495
21826
1301
23539
9095
10930
29740
20665
20052
8492
30042
17306
9648
20835
28440
12158
28140
3888
17254
5553
27960
27098
24324
8261
5233
404
18661
17330
10810
22087
17889
9152
11342
29586
25770
16295
23317
7696
1537
10612
9077
26073
13610
19630
23274
16971
25757
2106
473
6922
25342
8060
33
25157
7247
18111
4084
9275
31589
20183
19173
12286
32664
13316
3393
15735
23231
5146
9123
13483
11100
20447
30403
31292
10003
23477
10639
25907
18785
889
23933
16892
23178
9642
4383
1714
25299
10702
19704
7326
24050
13841
4750
25338
17091
26672
16832
20218
13116
5525
26714
19725
26787
22212
12263
18272
12286
25077
24006
30115
2764
30978
6528
23057
18418
28292
27993
4010
10488
1593
13605
19907
26485
13482
28509
17601
11976
522
9330
14370
24073
5216
22625
31165
9792
9449
14984
10826
22740
25783
1976
25380
31302
5279
21131
11598
27934
21586
9720
27060
18726
27850
13860
3764
13015
6632
4987
24285
18193
5979
5120
31991
28431
29891
26337
323
12441
29974
1615
29700
20091
32067
31628
20797
19767
22038
10566
31165
12279
17756
4131
13657
453
16967
16797
10873
32510
18708
29968
28374
29444
4586
29457
5505
7732
12038
19202
24104
14360
22037
1763
27029
25053
22753
20843
6007
7431
4400
16984
29029
6755
17385
17667
18208
30013
16249
19767
24600
11988
14709
20035
26162
32267
12161
10318
28105
18273
20336
32747
16115
20771
10925
13294
17413
2017
14553
25981
16729
26398
28085
18026
14926
23115
26179
8640
10129
10743
28968
21147
25243
18752
30293
7485
27259
6029
486
7775
26070
27263
30282
17605
1580
29732
10661
2325
12380
22894
29298
22505
3691
3300
26477
25123
28289
16792
22192
18305
4916
2649
14364
20337
22793
31017
7930
9254
21816
21234
28386
17387
20912
11124
22492
7351
19035
32130
24006
1538
20387
4974
28406
3288
29237
21442
20000
17964
7173
17968
21369
7022
31378
25804
18716
17760
24171
3449
26285
26917
13298
10145
12349
2970
31072
21034
15470
20202
22025
11685
9688
11869
14050
5832
11179
11377
5184
25886
17813
10028
17634
509
12006
18096
562
27577
11506
14864
456
30999
5302
13922
18480
28932
21439
27670
6381
19079
72
26246
10173
10485
13475
2509
28447
26724
14810
8925
20499
20065
17813
15820
24353
13030
20286
13935
668
13702
16484
14122
17960
21227
1117
6662
1914
28290
15152
24580
24671
9333
5042
12978
29184
30682
4334
9211
30052
12586
16074
8259
13622
244
6632
18100
21705
15058
11979
7122
2137
15517
13371
19030
8852
21981
9450
26169
7000
17283
7255
26127
29631
5083
31475
18070
7001
1724
5507
3215
15032
15874
29637
6348
1842
21053
25174
651
994
8107
23507
27650
21488
24420
3390
1339
530
24789
31140
12578
24915
30575
253
221
27412
28832
20052
31067
15952
9731
28968
22320
9252
32724
9745
17568
15758
31654
4775
13817
15989
2904
30879
24615
23017
24645
9271
32130
17325
30395
6613
21738
27378
30127
18154
14102
21094
13998
14877
26153
10605
2583
9894
7046
2734
2952
14071
8166
978
6806
29346
10664
19080
19393
15223
30056
17101
26022
9708
19666
14954
15991
12483
28600
32190
3497
8166
4963
10685
1516
32406
27687
24377
19296
3268
30010
15201
6662
7103
27335
14727
12405
7696
10813
25126
21198
28322
27885
27427
31217
4903
4308
11603
753
32182
25525
4926
29382
4537
9324
25890
8770
28678
11902
5691
26183
20044
1012
30530
2102
23985
10602
29236
8874
1209
2147
13140
13927
28778
19423
25459
2957
16558
27440
22383
13074
21496
22281
22778
15470
30250
31960
27804
29592
30391
5205
14587
15154
27140
27483
29531
22272
6677
9208
30049
15007
27237
6336
24604
12404
13077
23398
28742
27874
22345
397
26566
25024
6864
13275
12410
26122
31491
13135
7220
1494
3823
18645
26114
3722
12982
21272
22707
11085
562
26264
16022
9659
26332
13308
32389
7901
15596
10409
2594
21592
21442
32147
353
17892
19845
10323
12103
20224
8714
25211
17393
2277
18679
15142
28631
2232
20264
26323
17490
19971
23377
16755
32092
30054
26085
14016
6295
906
10295
1233
23954
23639
1760
3307
15175
14951
31584
9883
7912
15034
16648
10497
10203
20651
18711
7791
23811
13858
14883
22067
18241
11276
32442
18608
5434
7944
10058
436
11355
1123
9022
1285
19227
839
5482
24893
8320
15919
18345
25816
31973
20638
452
10636
32762
21777
18326
27097
26636
1842
17006
21728
26247
22094
22965
21624
7609
31753
16081
31103
11224
27473
28744
622
26439
11152
30761
12336
12309
29734
27048
23861
31431
7190
25096
2754
30807
12799
4286
22667
32636
20559
2771
6787
6956
435
28042
243
25183
18898
5187
1737
32023
9786
26015
6707
31389
7066
31717
13165
23821
9011
11428
19928
32276
3209
13210
30539
12537
10078
1237
27053
17882
18912
2584
25284
21049
1826
20352
11848
25271
10697
25447
5692
31262
18184
28041
11646
421
32206
16741
10396
3696
13885
28647
14569
8279
30047
7235
7632
15848
6420
6180
24681
4527
4175
2822
27978
27829
25474
10464
160
21062
8535
15367
6270
28919
929
1615
24948
11496
24722
15731
20836
8007
15406
9911
25745
12053
3583
5579
12537
10029
3851
21235
17381
28034
9219
11365
32190
16296
14269
14066
24610
6294
6628
489
567
9130
13807
16953
7999
24813
13903
14549
29549
24217
26605
22621
23287
11224
29139
28154
26477
26831
13609
20874
24393
6107
26980
24829
23495
5146
18618
19198
30967
20782
24793
27862
19472
18493
23512
18318
5127
13884
21870
20564
22624
3950
4194
8225
27205
19495
8258
18072
31701
29398
23384
17456
16830
834
10458
28565
21262
10004
32609
19020
15174
19350
10140
2198
29360
2234
5958
20632
12531
31070
30805
29880
19941
26830
12405
11594
9376
31115
31924
5484
11480
10571
30079
28462
15980
22080
3789
29431
13114
10653
26778
11812
23352
2903
919
13553
30401
808
11808
11165
11052
10970
15726
27337
9635
5570
26382
17186
24626
20875
20113
9279
15647
25653
7046
10956
27770
27484
11173
23017
20468
16574
13645
973
20725
18424
28209
9647
23784
18832
2638
15078
31706
32568
10016
19279
13635
13649
30485
14575
14115
9647
16706
4313
29521
28572
2388
25426
10000
20767
29642
26420
228
1406
14946
27792
22692
27905
17617
25239
11727
25081
14775
29883
24611
24321
7122
785
22124
23172
18290
31226
1947
31615
25645
19714
6679
2952
7891
6408
3416
18960
16293
12704
8625
1253
28865
7605
29293
6650
18657
18291
30238
18027
28229
25443
22834
26300
26094
21208
26311
3170
25357
1419
29633
3204
10939
7810
25
27650
24554
24630
631
19639
19356
9204
4612
16379
30035
24708
25209
8812
8136
1033
18045
25839
32223
9512
11309
26353
13275
20332
18428
17907
30926
28393
25021
17989
27732
7968
30718
14609
29825
24867
11672
924
14360
31994
13700
11209
2302
4676
12528
3551
21230
7201
13202
8075
25197
27728
25149
25641
6145
24981
24498
30271
23454
23902
31672
19018
25697
15525
22639
3774
10369
22552
31201
19784
2434
20344
29658
12630
4267
9279
10746
6105
20411
26501
22024
19529
14808
32548
18569
5866
2248
17947
6033
79
611
3120
12250
28188
12872
14554
31763
32016
27600
5469
5754
15426
10304
567
14509
11690
5443
7099
23997
12260
26519
4604
19077
13617
17926
14316
28730
27583
24728
3525
23875
15146
2055
19112
12362
15170
22899
10628
16787
2063
21079
32058
30348
5906
24764
20479
29606
29134
17324
4609
8292
31111
20458
6989
12721
6218
27872
1264
11895
813
24025
7516
8813
29144
11120
31758
29489
28484
16712
30830
2966
10179
5118
2039
20799
22593
25436
18327
6253
17097
27856
13401
2581
19531
8732
22337
12342
10140
14414
26743
7273
12734
8947
11689
23738
25442
20360
6058
12982
31659
13617
25439
16581
18485
3246
16859
8634
11862
17546
19401
7849
22947
1429
17418
30456
13238
23445
28064
28345
2351
22073
30923
5943
32761
13902
19313
1487
17103
31541
10435
27906
1534
25749
31774
19400
18796
15437
19247
10022
31705
31917
4955
514
25445
9957
5726
1847
28498
23997
23090
6629
22284
6279
24626
16394
10854
594
22399
6999
14119
22881
20131
25660
26565
25308
10356
6982
32624
18116
22587
25770
22354
26668
10518
16930
278
3495
5275
7927
29351
28157
27838
25183
7994
29986
23797
31754
8590
21864
1690
7928
23410
14579
15504
7821
11913
10093
8745
8679
12874
29692
12615
8559
2890
18289
27586
25262
18366
6851
15370
26211
25915
13755
18702
31954
25537
1520
16732
29790
2552
25078
24969
5722
16057
3283
14803
26141
7120
3506
30469
22100
7681
12252
12955
26781
5705
16099
3623
27473
16485
21280
7667
18848
8857
16992
26344
8676
6826
2267
29614
5679
15404
15974
17685
2854
25604
27625
8628
18707
9509
21778
2256
13109
29341
2635
19583
2395
10965
22250
5900
26545
26644
24488
24478
30937
14918
1365
4629
3645
11772
24522
28213
4772
17587
25886
25094
2820
16985
4381
25466
6551
29709
8437
3409
14129
21543
14131
826
5841
12152
31726
24891
26486
12243
3394
14930
26676
28619
21505
27229
646
31679
4260
16183
24294
25620
13448
15652
10139
17602
23383
623
28115
26130
30915
3665
25841
23206
3707
28437
26664
16057
32343
7034
32329
31912
19670
31577
20441
15025
26571
25479
17255
22011
17747
2301
13340
3799
28426
12086
30356
19014
19839
5593
8172
3259
18405
27032
17181
4642
3083
15448
6280
10016
4750
18578
17362
10141
13133
1017
11249
18048
24093
17757
6535
697
19390
463
3951
28037
15118
25862
4502
9709
3709
18689
19981
11664
24001
20718
23644
31395
20427
11083
1816
27446
20729
16203
21432
32185
31117
18811
15524
29374
14430
11173
20879
15361
5581
29684
12807
23717
8955
24410
5706
7872
26937
23343
23132
16922
28096
18971
16214
2098
7587
4149
22273
16770
13825
10860
19875
16388
31871
21799
1561
21237
23541
1576
15398
12249
14696
15798
8459
27839
5433
29435
9816
28614
19611
8107
27393
30688
3914
12006
32436
8918
23931
21344
28522
5261
8718
2239
21821
9095
15627
17476
20601
11948
4684
6318
11765
75
28791
20827
9636
25180
25648
18609
26471
18440
19340
32188
27173
12395
15816
11544
12574
9880
6971
28946
31612
733
22921
11530
4651
20809
24602
18460
10219
364
2250
31487
32676
17246
6370
13612
19705
13827
17992
23875
799
19084
7410
28843
1520
321
22688
18041
28987
25470
1739
31124
27231
24316
1240
15894
12312
26194
11922
9717
23704
31420
20695
6370
3546
794
13457
881
26675
5180
21993
379
10026
3676
7095
1985
12425
13292
9020
20689
23988
7571
29715
4398
28474
12146
12389
13995
24234
29611
5469
14104
680
32292
24539
12832
14655
15752
26989
27250
3193
23951
4475
23071
1325
7808
18113
26179
8217
17908
17666
30184
6448
3292
23291
28711
309
11973
19607
26000
20873
32347
9569
26829
29250
9004
3902
23169
26236
25775
348
11382
4852
9861
23398
24568
21203
31230
16634
17276
20167
26847
18780
13190
19032
23907
22380
25289
23418
19327
11733
28047
16478
32618
5000
15451
18318
13661
7273
31181
32313
24216
27207
8135
6347
14245
31250
24526
18881
5088
20808
27315
31420
567
8113
23410
7124
12079
10572
18778
32046
10279
3209
17774
26321
25569
14520
18188
25269
13374
10434
19404
27933
1353
13847
11947
32551
3447
6119
31337
10146
21294
25237
15151
9759
11139
7017
4981
15435
5704
13445
6179
10620
6982
1306
14326
1161
3271
4571
12838
26591
21336
14770
24646
9169
9932
6834
22379
27440
22660
17230
9360
11804
4846
968
10297
5913
12876
29676
21847
24166
6839
253
22380
26506
12131
6128
25583
23855
20260
16344
15090
16179
31281
14498
6914
5885
1321
29186
11343
17933
32083
28333
9997
8919
8746
26569
14617
22482
6169
17569
28384
14540
14467
15006
9085
640
8966
10611
15393
14442
29697
1943
12984
5338
17491
29432
13257
16200
22118
14830
21406
15591
5229
28781
7846
20348
17385
25984
2327
13937
4722
3314
471
1573
24500
12622
11421
2439
26808
523
1876
25059
14437
20992
32448
22780
326
6686
13923
6490
17549
5213
1954
16613
27224
759
31780
435
12084
30677
18299
17695
2783
12358
1030
1307
29779
22775
14101
20423
9983
20000
24655
10562
19800
11259
6225
16319
13456
17274
664
9692
28069
18233
5793
1840
32670
17586
1102
2851
3858
15792
14220
23043
7913
30214
16179
30804
20070
18816
6958
27751
14438
7706
13787
25134
22498
18032
3252
16718
5563
26742
19504
26998
25527
15465
25316
2287
2246
14341
20462
16757
651
31225
12435
3910
8215
2456
20775
9848
14840
16081
17709
14991
11122
26209
19136
25679
28940
30279
32050
6607
4175
26232
6898
27855
11466
469
25267
843
28249
17242
19402
32337
7335
5016
7640
17167
5106
31333
11178
23088
30478
6354
13661
22889
17069
32605
13766
2894
9693
13416
7953
18795
17362
32490
19111
15504
17126
18789
8278
30572
19678
12568
14508
8029
25711
5493
32419
6023
13313
15317
5252
25124
14770
23403
5
11290
29854
9590
25012
14035
30558
7611
15257
5193
974
22323
2839
26976
5139
26881
14868
10873
29917
12198
11098
1604
21738
11896
26172
29397
28108
9553
9596
4347
10731
11908
19820
22989
27597
30997
3412
19077
23189
29481
12308
658
22474
30907
24586
2024
602
23185
25142
9627
27359
20846
3228
6316
23840
12682
31722
32547
25307
29247
19547
15709
25538
24069
23003
19880
1731
32416
19308
11789
14476
6552
28104
24685
31567
20714
8520
12496
25538
15357
24324
13817
26475
3287
6460
16446
24602
5521
31479
10902
26807
16904
19177
16884
30525
22998
30106
14035
22535
7809
709
19730
28235
6641
31230
15875
24036
12584
31384
191
596
20269
2758
27836
22281
15433
25088
27297
13535
30070
12969
10072
2279
6165
14062
32101
26727
13791
1265
2167
9761
9502
28199
5949
19672
8477
28158
28539
8977
20189
27588
6237
7191
31241
21444
7947
23105
7724
19378
2429
9847
4130
1609
27537
243
23501
31282
21083
12101
10761
40
31164
27546
17121
7258
54
6461
3
30480
3326
8798
17265
18578
7251
25363
18042
15430
26127
17820
21737
3864
4732
29675
18556
27934
12648
16996
22679
21116
10108
14305
4666
29574
1481
22265
3121
28709
32676
3202
11146
22140
29364
26452
3148
14539
13641
32080
25190
23187
7919
8609
26342
14587
32580
20546
9579
29298
30470
29376
15837
20886
26480
25154
28251
32596
27591
19142
31093
8273
4400
21421
15516
24969
16580
12666
2774
14391
4070
1239
8119
22772
27348
10969
16012
10786
19837
25220
20953
13707
32403
27538
7942
23878
224
624
25173
22491
11997
23946
26391
14246
13441
4040
28704
385
23383
29784
1144
5789
23763
1967
29779
30129
12006
20938
10819
5975
32464
17850
7341
27058
20022
14943
29562
12117
26228
24692
13838
17760
5684
22987
5502
5356
27968
21978
9981
13226
27284
22391
8856
30662
20664
2016
31268
786
5196
15102
23668
2400
6372
2283
30927
22063
12311
8369
5792
21899
3795
14421
21872
9262
11507
15892
10514
27371
17172
12012
26141
2381
23204
13918
29344
21371
9275
31603
28432
26462
2095
16125
27525
23814
9571
12063
32038
22090
12895
5135
18402
12719
29862
14875
20578
25740
16963
15594
10811
16491
16806
6149
22119
10161
23470
8341
26102
30082
5127
19567
13569
7391
15286
27213
20960
17169
12786
12126
25756
22859
10038
15874
10919
31115
5780
2510
23243
2753
26956
15575
1377
28723
30877
557
17603
18464
25051
22949
20996
32163
24770
22748
20958
12763
9226
32120
28139
16457
20539
29873
3608
25209
9411
31761
18008
14053
30534
16247
19605
12054
31029
22626
2796
10508
31650
21100
8729
14304
9555
22805
28720
24488
20245
29378
28559
18587
31314
27910
528
11638
5606
24095
31875
2334
1327
24516
1627
18310
7523
26398
8615
32211
3367
24084
28484
28094
25181
25035
849
22586
8765
19053
24036
25431
10151
24618
23547
5991
15287
24957
13494
14175
7323
16049
22211
30848
26273
11939
14873
23862
5012
201
31209
14144
1097
20595
19153
5393
18549
32081
8532
7798
6337
3382
7303
9338
14113
23323
2316
26759
10593
14183
4164
24269
513
23918
26561
28647
11074
25143
5370
32188
26753
130
6467
12196
452
26121
6652
18893
19859
26119
22792
5084
3337
13559
4481
4823
20010
4510
3241
6722
18551
32587
804
30856
26560
30046
7781
17053
31034
10247
11879
738
11985
20048
26525
20297
27839
2398
15659
2745
5470
20723
11094
21940
18234
2360
1593
29239
16747
9658
8378
7905
25122
32178
24509
11608
29569
13705
3480
22505
15024
24987
454
6766
32045
17980
28895
4725
28771
22776
30919
10910
18303
26399
15654
5445
21375
1410
10265
23137
27019
11639
9000
31916
905
11043
23671
31237
20204
16632
27712
11026
7628
9340
28288
17961
28220
14412
25841
2417
31704
10081
30009
20548
3997
17811
22369
6104
510
22875
2184
14111
9011
13021
5593
19947
32213
13350
5050
12118
10152
11954
5446
19297
5304
14897
14334
23515
8359
26762
6075
22661
16965
31521
16104
30323
7521
32086
26349
14005
26335
26702
7406
18487
20235
13301
7862
16614
26157
31043
1006
29204
12126
2495
1939
23582
21913
8258
1447
1356
14101
3838
294
14328
15058
3774
17979
27635
9330
4975
31924
24356
23115
18912
16052
8562
20922
8902
1959
6117
5562
3843
3963
15111
7093
20776
26126
5265
23194
2104
25314
16451
22575
22447
15640
29716
8361
20674
24476
21387
23674
233
19869
4717
30826
18843
11072
10904
5097
25944
16021
10543
10659
15853
31946
22263
9814
30708
30622
16385
25056
22426
16153
24202
11933
25253
2938
27935
29423
25525
17266
9221
286
13001
12943
26071
8547
26374
1019
8049
575
21940
21862
24333
785
650
30273
26284
3304
25899
10029
15800
28054
10224
28083
1511
26886
17384
20533
5986
29903
7709
3620
10279
21000
2585
10356
683
31071
21929
20045
4036
3429
16865
516
14279
18220
3424
2633
24301
4372
29654
930
252
17378
18115
9752
12323
14866
897
4911
31525
11631
2692
16412
32442
4832
23521
20531
9778
26757
32013
29599
24411
10754
27623
7765
17829
24347
17145
11083
2180
30850
29435
16356
4374
28396
13721
943
11014
22634
7543
82
13488
26615
26481
15809
6789
2893
28967
28340
8625
6910
30905
16727
17916
20671
2511
10307
12014
30727
15325
12205
55
3289
9637
13021
2382
15581
10749
1506
6231
32438
466
26501
29770
13200
10093
20347
16978
1784
1781
27871
23155
241
6197
26847
20336
32324
17824
16821
11756
791
17554
20953
14031
7105
17113
22388
6379
16349
3444
4120
28128
27549
5274
15535
32316
25442
28927
8626
4327
21897
20050
22428
18879
20103
24330
32669
23423
13112
15714
12434
4325
13684
23970
12341
28948
30436
30113
19601
823
19987
32136
27066
30055
25032
11736
6074
10959
3732
7855
17614
29965
19111
27719
24531
31964
31719
1215
32507
7664
29764
798
24260
14882
2117
15253
19755
18381
29671
23812
21788
8056
424
19392
15918
19637
10207
6548
13453
26184
4174
16133
11575
12684
15866
31194
23148
5395
17723
29916
17503
7821
18959
7387
23090
8171
14515
18161
3873
10180
27765
3083
22526
22775
14532
32164
7389
26002
2185
6100
29456
12530
1978
5258
13142
23852
2859
1045
16463
18348
10920
20202
4403
14620
16706
1185
21700
19592
18406
7232
16513
20927
15924
2492
24605
12028
5517
19645
31023
1477
21102
23714
22315
7956
22525
5573
5009
25269
4578
3072
11876
24047
28760
26224
2782
7526
27268
10360
9314
24128
31493
3081
4018
23175
19148
20769
7266
13518
32302
9874
10893
18200
22583
4101
2246
22773
10306
27966
28241
238
13766
1698
26004
13603
7795
17142
15048
20275
23166
27241
17140
1884
23353
6869
3868
10980
30694
20802
24501
4535
7373
11436
27741
5969
28812
19974
21449
6878
25519
31102
18431
19104
24192
23811
19141
16018
288
8196
3673
9803
10711
8315
20066
3620
13737
299
13607
32669
12074
27941
8447
253
24467
13457
24072
14393
30228
9899
10268
13591
14700
19724
2305
9875
30648
27691
26336
32642
10376
27939
22265
20085
30008
5303
2196
19680
7038
11155
23611
27004
24127
31700
31526
20969
30887
18379
759
16280
18296
7678
6568
3048
7330
11888
32193
20367
28949
1315
26318
4412
26835
19930
18960
18299
23881
1315
22387
12760
25055
14997
17088
19783
30414
18519
11540
26563
24113
9186
17041
5942
18272
11271
24659
6041
17529
6195
22181
21596
15935
27890
7029
8456
23080
6578
262
25891
1713
9162
17637
16212
8693
698
2846
25543
28286
4532
6575
14803
19035
14940
26685
31962
23666
15565
22534
25713
11288
14556
10263
6081
22239
23712
31167
28717
22703
23602
31043
20278
6681
5809
32467
2971
14567
3209
15293
14788
16120
2805
18401
21344
15179
12483
9061
590
29017
12376
170
4793
4776
29427
27262
20616
13981
310
6803
21493
1170
21730
5167
379
17448
30690
22310
16630
18398
5259
16134
12294
26083
23330
25233
21428
29481
24734
1904
3416
29883
23216
32293
22202
31568
23809
31298
2423
23840
31675
15064
13734
16886
30538
5939
19388
13703
21860
17348
7597
13314
2886
25439
31572
25832
7489
14503
28181
30750
22390
3014
22465
22849
990
6241
30905
11577
16781
6090
8535
19985
24887
15224
4745
14597
27379
11189
20927
8925
12607
24215
29704
9850
5444
23345
9335
16815
24668
15626
27084
5202
22226
3023
28496
5522
26601
15172
21761
13194
7967
26496
19183
4375
15026
8538
31718
21991
2916
24351
2893
17619
379
25990
10830
3183
2829
15589
2104
1503
10106
1700
8737
21996
21562
18162
13775
9303
14041
30392
23513
23916
10303
29131
3337
12763
1333
5478
5893
18628
26661
8919
17454
22545
12321
14968
15049
5896
31015
737
22365
16160
27044
20572
1627
3860
31030
24730
24836
1079
5302
32420
4488
15879
17270
8979
17003
16388
12743
25732
7469
1475
17599
19527
7210
7486
6969
25431
13247
15214
8220
2959
5806
32540
4577
31002
6596
22004
9039
24620
31417
14299
6537
10991
3671
11394
2891
19393
6622
20283
9585
32668
23464
17676
6329
5333
1801
22786
5321
2570
14201
13000
29812
6486
7925
23416
32569
966
29602
1201
25612
12561
24756
17898
20826
30595
32398
17414
20039
8251
5674
30504
14650
31638
13244
712
3995
6635
19602
21511
25307
31865
31807
31295
7861
21149
7416
28127
1204
5961
16190
14710
246
8881
17598
14605
15407
1095
8821
25530
3824
14570
3607
21362
14890
4442
6834
32543
2286
23792
2190
23282
16246
11404
19545
21243
31593
16846
4480
21495
26971
32393
15328
22121
29587
26740
11422
8172
19986
5411
20051
11975
977
4662
11373
962
26953
7633
6610
15928
6200
17228
10950
15982
22691
12331
1550
16931
6935
21840
20821
12136
26677
10351
15568
434
26990
6595
29214
3374
28426
4607
27250
3156
5999
3208
28659
11199
31648
8673
20067
2108
1284
5734
30463
21281
20585
16702
7079
4320
16968
24459
1343
9691
12362
10211
10581
9594
17420
12804
17156
6011
31519
1731
29464
10122
26708
27718
11122
29458
6710
17011
27055
26962
19159
936
1284
29107
15568
15789
4972
19545
27011
5863
10758
24824
25763
13262
31928
28649
6391
4257
8473
22909
16986
9048
30862
28561
18695
23002
1459
1378
25107
18544
12540
12707
6459
7289
16540
30413
10208
10080
1957
17847
15696
5580
4209
3686
7239
10006
17986
21286
12726
30976
25125
29145
2242
15268
7964
6032
16400
25002
31099
4696
25664
8382
32147
30039
21431
22081
27022
17175
4002
9279
9882
4641
7735
23202
23882
24526
25150
165
10552
1370
3025
4747
12272
826
1632
18320
7945
5807
2040
29728
21909
19868
9668
23623
15548
3221
4564
2665
5027
15160
26141
32307
12947
2752
8385
18385
2391
2775
13713
25441
23781
172
22736
26792
2113
13382
26426
25348
17567
10264
3909
26018
15560
28373
8103
12273
28606
4997
7960
30295
9891
18393
4441
8994
471
19643
3445
9153
24929
18730
2375
5684
11408
837
32316
27329
15585
12197
19291
19945
28708
19184
30850
28314
9691
12715
16114
29862
11235
27216
31501
15220
24150
21921
27487
9462
32431
14651
24796
6362
1583
22638
17512
1029
30592
3916
5533
27709
29593
9216
18120
27685
5601
16994
6708
11119
23447
21960
25772
10061
6769
13598
22843
24360
19075
21817
16950
14741
10083
30056
19324
13701
27787
31308
16893
15291
12542
27370
27769
9348
9775
17407
24970
17826
15902
5523
32485
7305
31940
7889
26077
26830
30897
23574
8489
19164
20212
15176
22502
15081
3643
27241
12768
27688
23867
29804
20749
28736
24658
8263
1114
12030
8811
17993
6058
1606
1315
4014
25884
9808
31786
21617
2957
32273
6123
2913
28255
19446
9071
119
25208
9944
22910
17767
11405
4909
29960
4213
13472
30843
8388
32138
4807
2835
2583
25991
22832
32251
6967
16345
16226
4396
8336
16974
4805
20477
23911
13094
4197
5088
21437
8558
3059
8012
17270
30601
2061
25850
9402
7184
9150
20308
8604
5340
329
7211
21241
24672
2594
8360
17571
31036
13374
2437
1215
14352
11404
27516
17004
1934
2756
14336
16294
7892
29279
27180
6761
13816
17638
32761
12569
26852
18800
5043
9761
15460
28007
10670
18139
31101
650
1589
22960
21249
7736
8131
6016
2400
32235
374
21571
193
5379
12736
6897
32081
10181
29024
16544
31195
6051
26256
13036
19610
17597
2176
1436
3659
10409
24324
899
30597
3695
27273
18083
10317
3032
18510
7065
3558
8169
26321
13365
23270
6826
24199
28008
17807
12844
17103
11363
91
26825
32553
5885
8409
10414
5283
11093
26808
14487
19349
31417
9505
28122
11662
3015
6219
16295
23438
10194
8521
8078
5238
6024
5670
15169
32700
4817
1075
2972
4195
26618
19104
21730
5163
7698
17226
31818
17157
5780
28116
22202
25289
29255
20729
21714
21291
15715
1568
12332
5612
9973
9009
32226
10061
18308
30376
19025
15049
15093
18920
8733
12291
4524
7633
11382
21502
23796
5524
15001
17036
23201
966
28825
31753
1012
19892
27487
840
958
6391
2031
6094
22472
30536
12270
24638
8563
1173
20321
6421
27036
11092
22456
7063
23490
791
29707
20746
15467
32096
21155
26145
7875
21687
10172
21179
7559
29179
19849
2510
6945
15350
9593
26013
19733
1331
7865
9266
5787
3092
1530
2056
30349
16671
628
28936
3204
18329
25643
438
31039
25686
10097
9389
7748
20175
20908
1609
201
6261
2905
22179
21460
7749
6993
26562
28066
14493
10059
31759
11334
7502
23971
22794
3474
10226
27738
29244
32314
31872
26973
16492
9271
14365
4106
6422
10346
9269
30704
6681
17282
8139
10454
32176
4639
13069
12287
27299
29751
300
6829
5311
31674
3178
31204
16771
11889
117
21360
1308
7980
30451
9258
19348
8732
27230
22390
582
8318
19218
22544
30101
20345
27300
7689
14045
20042
12662
24076
7850
28574
21128
15846
16168
12863
29073
12869
23259
11507
28495
27072
13200
29090
20507
26904
17812
11190
28864
15550
17187
32199
32141
25493
25635
25208
24489
22264
24083
5276
5287
21503
6206
17054
9306
18942
28724
4383
10475
4687
8826
12512
7464
21842
11137
3043
25887
16561
13525
19917
17644
29417
25239
19343
14799
16390
5421
3653
27010
13229
29496
1374
7113
29792
20422
9214
29258
27646
16586
28064
21151
22921
31177
13824
13994
12332
16085
6200
22312
26493
959
26921
25737
8447
2953
10524
16896
18155
7194
14505
30422
2096
6709
21721
18947
21944
8620
7815
15359
17645
28113
12556
21206
31612
9774
3099
27771
2136
25462
21737
2910
19971
187
12945
20800
25097
3296
18872
7238
1485
28754
7020
31309
7303
6899
19282
26238
17038
20055
4353
1314
27091
22579
22697
20919
8110
20754
22264
29507
24542
13130
5182
10984
6347
24111
13007
4281
17677
22918
29865
4812
15922
27965
17494
27280
11452
24921
17684
31841
14698
31279
11828
21850
25529
1239
30144
15211
8617
2014
3680
939
11460
27707
15486
8943
8285
12932
18089
11419
19734
2146
1335
13240
26021
21059
5423
16967
26839
32078
12902
23253
27860
11676
31975
14416
12198
7333
11672
16409
4341
15352
32283
23130
22804
28720
18419
9370
28994
30755
7912
12943
28969
21596
27308
20787
9643
17100
17342
26
29918
8892
6031
5378
17237
21766
22500
15788
16034
27781
14715
21482
12568
17098
17905
14330
17110
17680
17635
9490
19457
3442
16468
13372
7248
7260
10318
356
23502
17984
22988
9903
26843
10634
3288
527
22388
16597
28145
30997
30133
25951
26287
12038
31132
21946
22954
24880
15376
5317
21911
23934
9506
13531
948
18251
11666
25418
21863
7796
6549
18439
13601
15537
20693
3488
16009
15653
30650
9585
16855
563
11752
7195
5757
19860
5641
4658
269
7846
2764
11574
12375
19207
9517
5317
5585
1379
30712
20494
7485
18058
9352
6025
1925
19654
11477
28390
27882
9579
9902
6979
10845
29871
13378
18849
15917
28604
26085
31129
22499
15620
26897
75
8043
11989
10411
14232
30580
3117
17032
11665
16152
23503
30256
26670
22208
26006
28898
4420
27714
24074
6872
7857
21069
28721
18891
19161
26375
6568
31930
29015
19956
3313
1256
9196
282
3599
16420
3003
32099
32080
18508
27321
3650
1131
15380
20831
31897
6602
1284
23714
9435
20009
16064
4132
14446
6240
9100
8364
11859
4989
8719
17108
9992
25366
87
20993
18349
12766
12318
25496
20583
32373
14412
6767
29186
10885
22461
20098
9946
10
17731
23784
4859
8433
12527
13317
12167
5349
27276
28672
17752
26982
20845
7031
31463
6171
29033
26738
31084
10089
28963
30102
27975
14660
13711
29596
26015
31813
24241
16129
22345
13053
424
16894
18155
17802
17388
12986
24161
4455
15316
447
29023
27529
14939
3242
13656
2215
25123
26919
12447
16345
12218
23581
9421
23396
22301
20774
30818
27604
6778
26178
25519
20812
32314
24524
25843
28443
32319
6317
16324
15759
10346
17103
2992
11790
16481
3029
5669
5474
20623
31241
7054
4181
19564
5525
7103
5758
10238
12791
19859
12122
2208
27567
30163
32159
29442
11834
9562
5324
6769
22084
8823
19717
13656
17434
403
2334
31495
29278
12564
8950
11956
25854
31873
29190
23487
1126
19174
8249
10043
14581
7290
16638
23209
23214
2943
24220
3078
18737
21610
29127
1801
16361
10564
30576
23462
14982
21584
6369
13782
32174
28142
6664
25242
6127
10687
531
9789
28409
32522
12862
18394
11530
12382
24297
30239
8873
30329
7918
26960
28823
21097
1329
26255
3587
19185
30841
2138
32509
6446
15742
28757
20269
2170
26435
17994
9413
3473
8613
10350
32692
22771
2612
28902
31005
26761
2883
29833
5895
23690
27963
7912
2134
5024
4661
3979
23802
21063
4039
7294
3686
31094
6941
24077
27715
4226
31564
10187
16742
9791
30180
4825
17664
19816
27076
32100
11285
14401
3123
9072
28464
14202
31788
13524
6228
8279
8184
3206
11573
24078
259
27929
2472
12913
6632
26244
15961
27084
19150
18725
18364
1553
26615
18950
12614
9522
5782
15454
30940
9935
27617
1115
18060
21777
616
10014
19579
5334
31141
7176
25374
24846
5076
17204
13741
5476
26117
9540
4821
19490
20079
24673
13742
21326
9479
26237
6892
32025
23121
28891
13913
20347
30838
19666
7299
22295
15000
26062
29873
8548
11874
12439
18204
8718
5091
23510
31580
1946
28572
27093
6945
17226
727
6022
11555
18496
7739
13511
15452
17893
670
20964
24436
24972
17434
26205
21629
13139
25443
21738
1248
2634
4439
28861
1431
15320
20695
26631
26525
602
27350
14269
27811
12044
26799
3228
29701
13101
2236
13675
13308
17502
24868
2688
4885
8268
9460
28293
13794
13198
16242
19580
5359
10193
14766
14081
12023
7474
7769
3279
11096
4843
20442
18054
197
17202
1183
20908
29755
30302
23985
7409
1078
4428
19340
14775
5156
25345
13613
14033
27674
30096
5484
6283
24774
26174
652
4587
14245
2277
21521
25399
7029
23190
23249
439
13550
1922
24398
27836
15277
2075
23107
21474
4977
6518
7037
29329
18825
5364
21228
17610
1677
27425
12282
31008
18509
17884
2843
17412
30727
5561
19878
30790
12509
3747
3043
2265
19077
22470
1381
22487
31811
29356
32666
30404
11284
7589
11936
15383
15916
13677
8282
20982
30883
23049
24004
8770
20332
23282
13955
17363
11398
11893
27329
19717
2166
30810
10039
12147
26356
25540
1931
258
3045
21592
4829
22050
31881
12961
26269
4432
8438
22451
927
19423
6597
23567
29041
15353
7691
19911
11244
15329
30091
4579
3849
22138
25385
29954
13558
32013
5026
12101
31337
19015
25723
24424
7477
30337
5943
16690
10523
24901
17613
8976
9954
21517
9561
24317
16809
25165
18
23204
22141
2740
22396
21193
8743
32175
9695
30181
327
11568
15863
4624
30375
2477
9197
23076
27593
4203
29318
1568
24514
3836
8347
21194
30795
16391
15049
9369
10518
9543
25961
20945
25950
17110
15042
22512
4034
8108
22910
73
7251
12130
14171
14319
6380
2364
3107
7892
4034
4199
26846
4658
30779
29055
20294
13866
10756
6485
23931
17068
1630
2286
25080
6038
19384
10959
27590
23584
18307
3447
10991
11639
23106
10030
13622
8360
480
1789
773
7104
24135
5886
14503
18993
25646
21462
4023
12408
12850
7551
29913
8957
15401
1355
11688
9275
16563
15653
6895
28192
15633
3098
27419
10935
21307
27673
20720
8196
22060
13559
4732
21296
28801
30902
1097
26342
6466
29959
17623
14588
19200
15885
19529
854
12576
1636
9311
1031
16246
10338
23716
28858
26646
21661
3817
14673
25446
2477
2033
24011
15992
14643
26734
23403
9111
15898
21036
29974
4384
2076
30093
23294
29332
8328
4917
30077
20458
27715
17926
22339
1834
20237
10575
6836
17463
5126
12096
11916
10988
16241
15266
21957
26475
11703
22213
24250
6322
9135
3257
21900
18800
13340
19648
13765
27414
7800
23812
24379
1840
2800
13958
21048
6902
18351
23895
30423
20766
27487
2314
29617
3573
237
12649
22457
430
8333
21351
7013
13562
6655
598
15631
17369
5136
6490
31898
15023
17763
8478
31320
18842
10865
15813
15659
16899
23759
14628
25579
4723
28592
32046
1544
13480
30122
4783
1905
16873
5053
30782
25524
8598
17809
25964
13414
1539
14079
20034
30405
11142
22227
15083
21660
3535
1744
18349
29799
1912
3317
24862
5304
4061
10751
4244
30425
2862
31023
27869
23731
24771
32077
816
7662
19375
32493
19556
6234
6551
8177
608
32654
19397
18511
27091
20431
20088
20501
25637
26675
14974
2730
23981
4101
21765
5974
27684
27500
16815
6916
12633
9032
6884
18247
22055
17501
25708
21148
12708
6579
3133
17903
28828
1596
28049
17248
20798
8632
2620
10822
18196
7382
28221
15476
6969
12444
29075
10428
23750
7432
19538
7858
13709
31480
12533
20402
30474
25927
24822
293
29590
15673
28572
5119
30686
3609
10005
9612
30868
21536
17348
11629
18532
10905
31196
15582
27178
9539
31022
17210
21346
22775
25407
31680
13023
22410
26526
26775
4033
8949
31348
32528
21665
23475
22877
26924
6926
11883
21110
94
19261
17615
440
26001
25596
15812
30852
23149
32488
28867
894
16342
25824
127
671
23990
18105
200
1926
22525
28211
13231
11791
29926
31532
8683
25383
6267
276
4731
3551
6491
6305
9613
20159
21179
14788
5791
18780
6059
29147
27108
11308
27546
18984
2281
27290
9245
29314
4728
23894
22508
1098
25021
15599
16173
29089
4263
10915
26870
29912
31121
15222
27149
5160
31778
14721
26866
3492
2417
3981
11039
16235
15213
4832
1934
24610
31613
8023
25212
7074
31843
14773
5741
26605
2918
11323
28272
9831
31920
20857
5540
25923
14069
355
8187
21819
8789
21671
4158
18308
32388
12862
32593
18433
25640
23361
18617
10167
30082
26879
24667
2945
593
29004
13702
21252
8947
17692
18228
27622
3790
32080
19853
25915
12782
18895
7341
22336
17903
14041
9383
29516
29214
23704
13002
20483
14043
11512
22563
17869
10306
21433
6466
28551
15370
23747
19265
9080
11948
5305
16899
30854
17352
22480
13242
11177
26053
17122
30124
31137
26809
31422
30262
16612
29832
32195
6161
32731
23119
13229
21204
845
22787
12206
15546
22812
5461
22721
24998
23343
18649
27707
2916
26287
27752
3746
24370
4982
25027
24259
29823
32708
24696
16127
18674
1076
10762
18662
13742
25583
18764
7943
18901
19744
24846
4357
11850
15784
19963
17902
30396
8210
8130
24777
992
13513
11636
21358
23293
7048
18733
21403
5806
4371
22263
9795
21732
13605
19179
13609
17962
27817
21146
8878
16941
13356
11691
20455
1403
30355
31173
2291
31883
15369
30127
19340
16382
17724
32693
23515
9764
26313
21326
7057
3522
14580
18941
22323
17938
28573
9077
32181
14348
28272
6400
30283
13540
27995
16417
2172
3540
16709
120
2680
22811
7421
8423
18859
2118
24176
12275
24978
13230
15392
19309
29902
16194
26321
2897
31863
15494
29573
5102
8626
11740
8619
4935
21894
3843
20884
11706
6891
18141
16166
7647
14116
26229
21716
2995
15439
22848
10958
24310
8763
27299
1652
4305
24953
17590
28177
16572
17590
19528
9414
4255
25672
32291
8900
3127
6
12688
23998
8124
11101
25630
30111
25025
32672
29344
6520
13403
18592
25461
14524
389
24445
9740
21679
5827
10171
27558
1564
25606
25240
32094
2886
8656
19613
13159
29218
8856
14708
29078
12995
21360
8697
19744
19990
12261
22675
16292
17615
11559
22469
2924
31395
24682
24320
13552
22968
25739
20924
13723
19034
17143
3271
19410
21231
25545
9692
3123
29741
18738
18807
6170
5514
6686
10984
7530
5620
16404
15014
906
21699
7262
5863
27053
18156
6251
27245
23127
27767
5489
11683
22557
14899
32598
32232
10156
19368
1745
32555
31500
29005
18125
31672
25126
28411
22798
13905
9348
32418
7702
8833
26713
27451
15434
30509
19137
22525
6737
20332
19785
2004
22717
19865
15538
14607
3821
29862
29938
26968
20273
11186
9852
5610
13872
8158
193
19454
2439
30813
26103
7558
10675
4299
3097
19998
23345
11712
12079
19520
10979
24484
14543
19127
29110
1989
228
3670
15234
13222
2990
17385
5426
17051
26890
29292
1572
2450
6388
23931
14547
26932
6474
27658
5811
2605
210
26454
23388
13255
19327
9755
25323
28862
15344
30728
14245
30288
30266
25968
8926
403
14311
5954
17690
7947
20799
31547
31089
4220
17350
30810
2104
17661
10757
18325
27869
5966
19597
17610
13075
18027
2106
19448
12079
23649
27061
30383
5586
30561
8764
19909
14025
10515
14758
17227
24369
24620
8609
2239
9951
4163
3647
5507
11519
3041
14257
29070
2042
17623
26962
6242
27806
26324
487
2110
20601
54
18724
20884
2949
11553
15987
15037
15627
30926
17650
19436
30657
26918
20666
22369
31029
26768
31079
20959
28783
519
5589
3935
6098
9071
17703
14342
9796
23081
2318
2389
23439
15845
21832
14240
11270
32183
14438
961
20331
17262
467
22797
14096
24865
2322
1927
12093
32010
31303
28244
12242
12183
19449
10863
8237
18367
16918
7582
4686
10643
8759
24997
14649
31509
32038
31673
7836
4940
12702
25655
23474
24472
3153
13974
22887
13124
10543
7579
23485
13658
31206
20427
23662
24763
5541
12326
30931
19054
13862
26386
30468
8761
1515
1942
9793
8558
9160
5320
7825
23560
32673
31625
9128
10230
29813
21615
12046
3767
17307
515
25982
32039
21836
32557
31629
9625
25186
29164
19852
18469
27487
22090
11950
21828
8369
21904
13166
7834
8245
7606
31531
2578
11257
19741
15637
31536
15942
18049
7245
26275
7902
297
1864
17434
23938
10592
9845
21081
21943
9513
7711
24972
8138
20783
10132
6107
4882
2555
17799
25662
15733
21865
6067
5011
29741
16477
4545
15342
25036
17586
6508
29232
13694
19315
20451
32219
22415
8014
2670
32548
18221
25413
15957
15178
1390
24999
25598
807
12693
18239
5461
26629
14993
7883
27504
12978
18886
8368
24436
20695
19216
10987
12978
11397
13829
30027
8726
8721
31867
21981
26818
2082
16971
10664
22006
32264
16980
13723
31283
29775
1218
5060
12192
9108
19088
195
428
26008
21067
7549
14325
9363
23065
30997
2153
21707
763
30488
13482
11364
31055
26103
5815
3450
1689
22971
24778
22125
28802
7924
5244
3196
18721
23026
29999
5270
5242
9784
31149
28268
26436
18990
269
9675
25328
21270
20183
28201
13030
11585
4712
7294
28434
3203
32151
29525
1951
14564
11928
29986
7682
5016
28961
12502
28475
26674
6860
15537
13143
24084
1725
21335
5690
7722
29828
18215
11675
216
20036
16328
4176
22576
6677
30212
29388
10857
6824
25050
27878
28812
25386
3790
19676
11633
25194
2692
7063
28906
10557
8589
13872
6974
28706
24193
8372
29913
8226
32590
30244
28225
25338
21711
6592
7244
32380
16545
3461
17553
32563
17714
4597
3612
30278
23578
29462
10854
20126
1711
9917
2692
32075
19667
8204
29854
4388
7697
31802
3491
26030
18665
27794
11067
32064
31847
447
509
18020
2043
15430
995
20607
19844
1620
762
13237
6574
31418
27742
12295
22142
7478
12134
18366
19499
26612
9500
22797
25648
21076
3056
31474
8863
13550
27565
8541
18872
11988
30123
19604
23482
28694
13639
18390
28409
3468
9360
15166
2097
16847
31043
5355
28442
16265
15866
3422
12604
30959
2976
19235
18181
139
30504
27060
3865
26431
1918
26522
5097
15239
18366
16341
20359
3582
18853
12926
25017
7972
11333
171
27724
6750
31484
8083
2474
574
30886
9971
4527
12805
11026
32432
8377
6246
15027
4029
5374
3981
31384
31807
30243
30304
11422
8943
31498
28421
21989
29120
8683
26276
14208
19395
3750
19054
16241
1607
9047
3550
1492
16708
1835
26174
10842
7930
3955
24430
9721
7893
16119
11745
25826
8084
20365
25064
15540
19626
31210
24627
4847
31460
28599
17300
18347
14413
15336
3079
14474
4943
32073
16112
28651
23834
12121
23715
21600
27466
30044
20265
27747
7363
7084
13890
2628
9696
17232
13478
29798
26574
27599
8848
23979
22322
20294
18813
16941
13842
17593
3377
31791
9458
7335
9724
9555
20285
11233
20539
6157
14055
30876
5409
9559
25425
15812
4280
21158
30573
14483
22818
13341
29474
29795
27429
14081
9202
2240
16359
28782
2266
32194
28661
17480
11641
19097
1930
30835
16501
8810
28687
2119
26907
858
4830
19518
8261
15336
6475
18928
4225
23167
28133
16450
16751
15179
25337
17370
4715
10317
8792
32726
18540
16298
19034
28349
13100
5193
23587
8117
11658
15516
24357
23543
32044
17342
24038
16513
21864
12479
8196
8202
357
6204
17782
16699
31101
27698
10004
19740
26598
32275
8282
461
24722
26394
9833
32118
20563
19164
20558
13696
26435
10273
13447
28166
611
11249
16323
17798
22658
15090
26858
10461
28257
9457
26205
17266
5652
14014
18559
16305
32171
7741
7540
27579
4370
21690
553
5723
13110
893
17556
14397
4713
5790
31549
15706
7176
29211
13821
695
21339
32040
11269
23631
4028
30662
2851
14157
26108
20119
19521
11391
16642
24817
12591
5896
28085
27953
20386
853
7709
5970
19836
2642
10180
15806
12877
27869
355
4195
29210
891
17338
7690
5470
22089
12736
19428
8783
28982
3068
27494
11106
18544
13107
25175
10001
16668
24131
6440
29916
12874
26447
9091
13198
29224
29724
22310
19649
17269
32187
17650
22948
14137
31593
18495
17660
22196
13491
8307
20073
10644
32478
18643
21227
27755
27013
665
32420
2911
7812
17734
19424
13604
30997
2361
29522
6695
6201
8321
12704
11276
28762
4592
1571
29019
8238
10864
20200
16758
3294
14490
26106
31951
2408
9861
9187
5463
3394
26076
27504
31546
15936
25140
8885
16841
20919
28060
15697
4279
2275
23413
15347
13705
19590
15748
17693
26952
11218
30533
15144
7801
17033
7042
29577
27471
19043
18469
29522
25630
23472
29771
21756
31251
8510
25753
15203
12835
893
14803
30226
18497
3809
19882
15041
4820
6536
20950
6172
14952
27677
25957
1478
6563
29180
5203
13726
22907
13462
30042
2625
7591
9751
23051
22224
21843
32583
17694
19443
1048
13486
6919
13853
5931
18172
16586
28946
6869
29352
7439
13479
25635
726
12153
7881
734
19326
12852
7873
4029
3787
31181
9654
10970
20929
1863
16500
15971
25635
107
32364
22930
8084
607
18939
14303
8700
634
5615
18548
1837
12631
1095
18913
26055
5160
27194
19985
4952
18509
21883
14972
29640
9510
30396
6303
22517
12325
5489
19113
12186
5927
28886
30840
4725
9476
12851
18627
25769
25700
21598
15001
6753
25813
9346
13066
24246
22043
16416
4900
8659
28103
13395
27169
21078
19212
8792
6110
17914
19661
3405
29583
5491
3578
13625
19122
28570
31773
9037
19521
10186
15408
19306
13356
906
20914
26339
19206
2924
15354
27779
3582
25397
32202
18898
4882
27965
17191
16788
32127
15641
6504
5011
5756
7544
28046
20894
24103
11595
17619
1490
10432
22569
25478
3608
7189
11761
22037
20719
8509
23985
4204
12140
7817
22470
6013
22654
3512
23365
26912
24951
17002
29338
5662
18376
29912
9071
17032
16396
25793
21968
78
30281
10408
13964
14348
9074
32060
6366
5159
7216
10520
6988
8729
15585
18604
5072
7689
22242
5755
1846
7327
777
904
12229
1814
32118
13322
22305
7571
28300
13415
1904
29621
17722
31328
22460
7021
1663
1673
22424
29200
13869
14845
24071
17322
15597
13391
16281
14486
28547
19908
12247
16715
6995
447
20961
29817
15396
23932
15446
4949
16165
18177
29812
10288
30509
12370
9345
29519
9799
2789
4457
6647
16494
3925
5032
19399
19349
11610
5994
21067
235
14329
26609
16077
4956
8696
19000
10862
16219
24213
10966
15478
2015
14968
25380
27369
17579
16613
22946
10587
26067
310
407
31236
4220
18569
32248
5399
30947
9142
27531
6736
7585
15748
5708
204
18477
27932
7696
14622
30370
2237
20072
13727
4802
20658
11720
19717
6715
1665
2025
11064
7210
1126
30571
17505
12254
26879
12991
32323
18654
11081
8260
974
3117
10955
30128
30449
2764
4113
26290
29873
1409
4444
9942
8056
7639
28568
17064
9135
6246
16270
5148
27278
5204
21339
22061
28467
23580
22561
7109
27122
13198
31740
11741
17901
18200
12344
5349
5348
8259
23489
20838
30030
17280
4570
2022
7848
23333
8466
9228
2061
5043
3700
14084
23815
3418
20735
5413
13477
1727
24918
30417
16077
9468
29112
8349
23508
31976
25137
22194
21068
16794
17682
8052
5917
15400
1952
6497
23512
28852
4873
26683
22343
5290
31132
32105
31817
14915
1080
16283
4828
21838
13317
21933
26492
32047
3171
6350
1196
4136
14624
29153
10962
7127
25838
9763
31303
12032
21524
22286
943
30861
5987
14718
12934
22483
27500
18451
17916
16919
6128
29910
19459
8529
25496
7711
21158
4143
28646
19126
17308
5981
4460
28984
7709
20484
30780
20156
756
3985
15519
4279
18134
183
9226
22045
32498
19895
12877
19401
15305
16351
23310
26655
26176
30800
26486
2544
29427
9733
25642
32413
24525
23825
11133
13184
12246
29480
24548
5767
22859
1377
27306
27170
23028
2874
21220
4192
26034
6877
168
4437
25432
17058
16506
24766
11195
7124
6919
9960
16141
31416
21782
4301
25702
24523
11195
27520
26532
3660
8397
3788
26997
27642
27547
23320
30130
3615
25051
20110
21487
6093
27875
30077
18000
19816
24348
14843
10910
356
15795
22222
12697
15952
21137
29069
8336
21012
6798
8194
20784
7799
25569
23763
25498
21220
12507
12129
22200
29549
13014
2801
31440
20752
29032
10506
29273
22329
29148
25373
13582
21129
29410
20332
18754
5334
4229
9508
10099
6771
25694
11212
31777
5297
30215
14819
15328
32165
4051
1733
15789
6444
19388
21455
20350
1837
27805
12483
31005
19230
22434
24430
24885
27850
16892
6792
2221
5713
26329
17371
20534
21360
22931
15784
31776
22018
18471
29510
10866
25543
16874
21772
28473
20837
22135
19313
2848
11948
8428
25970
28737
2078
4950
17972
2363
25007
5737
5611
30341
20169
20853
31226
13826
19347
11925
22620
26837
15219
28458
27202
11126
12498
25735
25085
13317
25119
8430
10271
10975
28694
13500
29661
29040
24898
19424
17080
19272
30400
16273
29533
7536
15943
28737
1993
14334
1381
31692
21168
24039
4619
9206
5152
32533
17484
30996
18786
22713
1378
7433
13345
28643
10226
12916
23757
6736
7569
19496
5186
2434
9606
28893
14501
3094
22737
1829
16783
31059
14189
15777
22382
31487
6867
17268
31272
10614
12735
25848
31489
11773
26934
24752
19902
24403
26312
2174
29962
3209
30739
790
3610
27156
7048
16819
16269
21793
1650
32265
3990
24872
19507
21626
25948
25540
2769
20108
14753
29378
16562
29083
15010
2167
12196
9675
26431
16983
28961
2369
25948
28100
8144
915
6023
22308
14926
11644
13787
3894
9007
24789
28196
6822
25152
1216
20292
16351
2831
27175
981
26400
27822
19557
8207
16594
28339
19010
1772
9753
16259
27429
10891
26537
14289
1157
11218
32475
5985
5025
7512
21759
32530
24433
28034
5364
19483
30428
15340
15095
14485
24363
7690
22201
25914
1726
5903
13236
12396
20477
18189
23486
32377
18578
5470
10207
22301
24790
23108
21344
31816
14216
19404
17700
24098
19909
12792
828
4172
14132
9756
1205
9321
6786
24969
21940
3550
5646
24425
16838
29397
23781
21994
30833
3720
8176
19103
24591
2236
5996
17955
2780
26251
16539
27391
589
30823
9145
29645
23715
26972
13874
23710
20673
21397
11538
15258
15418
32290
21437
3302
20399
10233
15072
30155
21848
1082
21415
17172
17888
19383
19249
9911
8054
1971
14913
30904
13089
31210
32054
32587
23635
17874
18493
569
22210
16161
19397
11652
9843
399
32051
1870
17943
13789
22487
31991
3995
10262
10783
19334
4859
4885
17163
18250
20311
17735
5089
18113
584
690
6690
13496
372
18486
9660
3508
21088
21523
20353
19601
29830
6060
13272
2665
4520
30347
17843
21943
2147
30372
19905
1212
1287
17886
27108
1826
7334
14543
8421
31456
7787
9927
24167
2141
3885
18193
27417
18904
836
29557
13616
16903
19100
29697
32021
9726
8968
14346
14938
32339
25816
8301
19699
25472
23981
16154
20131
22920
19852
12244
6324
3806
14898
28210
20971
642
3239
19690
6331
21869
11542
29262
7609
19247
4316
32279
16976
15831
28383
15458
4022
2323
3617
2552
6686
12440
25237
19922
9264
17860
27697
11229
5814
20610
3140
21754
8344
16239
17674
6217
4874
9019
6013
6567
19972
14673
29551
20853
20722
2490
28118
14748
17326
7230
12647
19405
2987
2253
23910
13582
16755
26398
18108
25202
6739
24982
20298
19239
6740
28523
18301
7094
8814
31241
3618
9863
12025
29109
25212
15780
23140
5488
7316
22974
30761
29214
16337
12917
23552
23783
7112
11220
8532
27870
28501
15643
1779
14304
16875
13506
13065
22207
26408
32186
29519
29856
24749
18934
19840
28066
4652
17962
29709
16577
31682
15059
29457
22777
28296
15991
10631
29102
28517
23854
25275
6731
15398
22881
9214
7466
9936
27090
670
19892
15156
6364
5653
457
25285
10493
23169
14946
31399
8849
5972
16244
4104
28384
7757
13080
14003
9307
30375
24554
11746
26659
18576
18094
18260
2251
7388
12090
17568
13919
17659
16528
7881
31653
32552
25674
27666
23714
10980
31035
22548
15968
8611
6483
25101
31727
1989
30403
21883
19626
10695
5218
12522
24507
14779
23887
28426
20706
245
24536
26116
23154
23048
12187
12558
26780
1777
13035
22590
29167
14225
24438
10907
14624
21601
10788
32378
23559
24929
11842
19464
21483
3409
20447
22051
19199
16676
23926
21870
27436
17330
29902
22948
2577
17837
12063
21804
22089
27094
22646
1774
27116
7536
13914
13926
26200
21749
8624
30198
32049
265
30684
24449
2726
20396
10025
32565
9462
3507
23147
24744
17715
15481
2019
29223
27975
12242
26466
12875
28468
18496
5041
23500
14752
7530
23345
922
19856
11465
959
23850
16756
24741
1498
6414
30052
832
776
4553
23721
29265
31605
15073
127
9907
1758
1590
8217
25695
5293
13201
4582
9880
30566
16000
18963
7269
16193
24162
10833
18756
10265
19646
32472
7709
7812
17881
19627
7797
8260
30599
21790
26084
31710
21057
29334
8649
13192
28792
12945
21308
1864
2089
20710
27972
27227
6834
30797
9034
26580
22244
27681
31694
14981
24921
32613
31577
7202
30471
32006
31667
4004
7702
25951
853
10988
22767
9474
12577
9129
3990
10422
4177
9083
9017
29372
26798
10073
24585
5463
24322
28208
16712
13963
31183
15052
15267
292
24129
27900
451
9978
22882
13809
30495
22644
2445
27624
17684
21835
15397
16649
17975
31376
21382
24974
15338
29169
18748
15655
557
26168
8308
32669
13751
24852
23727
31926
70
13852
20670
4954
32563
7953
23018
19443
30793
28003
23411
13850
20695
29943
3644
18799
31492
5160
30916
19912
19811
32012
9048
3727
30919
9208
23687
23909
4185
30534
8663
10251
22503
17493
182
9603
19583
28114
947
24178
6973
22326
32750
5321
31329
10640
22221
20132
6308
21893
32753
2163
5837
30357
28521
21079
16255
31648
11301
23759
29013
14504
10925
14483
28465
17880
16403
19904
2768
20421
16677
20022
23970
15605
8680
10046
985
19614
10562
13937
3520
4783
3319
17877
6991
29972
2519
4936
22012
3638
19509
26402
15571
6338
15514
32278
30409
18604
1211
19033
8014
13683
24745
20486
16673
14758
4168
8386
29544
27559
32002
15004
19712
5039
26556
20022
8722
17170
13065
12330
16359
28869
7582
31143
6909
16157
263
7259
9050
20185
26776
28054
13088
17251
5285
27820
19298
23635
15862
18587
4918
18485
11637
26861
19723
5260
31786
32224
13885
24343
3945
23493
1255
11346
9546
9638
30713
1856
1370
2859
11658
20072
10640
7614
13167
21021
29571
238
1548
10243
16857
31249
29034
22479
31235
9006
2186
17742
23080
17690
9977
31657
10078
7392
12453
15847
3104
4198
1007
179
15101
5710
20993
12640
10637
21787
20834
28202
30633
15765
32455
5055
22235
9326
24621
17406
1556
7973
32292
18942
13725
10283
1902
32594
26448
20037
21192
5771
7944
29489
13064
28415
30550
23948
20840
21961
28278
8691
546
22545
32641
10089
18237
2702
23523
19192
30118
27208
22800
26267
12418
15011
26227
16220
11971
1177
8103
7866
32505
6983
20202
6989
15723
18859
29647
21677
28775
3500
8755
9871
32470
1114
19825
5937
29971
27512
21466
1273
3070
23608
24159
22361
9804
9029
26769
14069
14369
23046
1228
4360
19680
9506
12462
27139
8002
15423
19918
17272
30629
7952
4779
6455
17575
7054
2019
14775
8692
2437
26022
32183
16732
24403
25961
8996
27177
1004
23519
20286
687
546
12069
31735
22564
292
32061
21659
6322
9796
1725
17846
13259
17405
12744
17459
5309
31284
14654
4033
27526
11198
23600
29819
30697
27939
8599
20423
2753
20641
1093
23678
12694
13172
6939
2638
16494
28757
4477
25693
11749
6977
1027
19247
30080
10875
5489
1482
29759
12500
20458
28184
29553
3370
9824
15500
21964
13103
10831
14088
6845
29035
18859
18175
11261
22661
10519
15063
10597
10174
28247
13969
9987
25278
3848
6059
4461
29843
30606
20549
11349
1015
7759
32132
24414
23761
22303
15668
17710
4863
31482
1713
12485
16979
14329
2823
7437
4059
7551
24664
15026
20582
14515
31870
4147
30787
21812
17138
24634
14412
13832
10732
18985
27684
23253
15052
22773
15804
9555
29113
29751
8732
29441
16520
26496
4960
32535
14559
29677
11264
8380
8602
8188
1877
14714
31597
14750
2905
26607
14539
16014
32687
21189
11527
7904
5603
8164
30394
3549
18162
27621
26980
21774
10765
21962
14934
23959
10394
29421
29903
25543
13180
16183
31077
2284
23956
23954
3238
14188
32647
15521
14592
3345
18626
29614
2014
16293
25020
27620
22036
12223
891
10686
18301
7644
10330
19135
7650
13745
14857
2916
30494
25536
24789
26967
13952
10538
22570
13797
7537
25028
27734
11442
22359
12396
1423
25259
31929
1438
25656
8509
20899
29762
29280
452
17228
18632
20108
23879
26870
5751
29622
25698
3094
12034
8853
29571
31669
14429
28703
30554
12054
21710
7501
30090
31641
4423
7198
3493
25055
3571
26078
1623
13871
5391
1704
15073
10264
5115
554
31945
27992
10897
30120
15824
5117
17589
6979
5669
16330
29229
4732
31448
22236
28852
4596
14481
24974
7241
26229
1666
8601
14797
25398
17818
9344
20429
10075
16380
21803
413
23740
31919
20689
8358
21479
31639
796
26624
8552
28068
19848
5700
8264
15689
15885
22939
32211
31536
6397
16923
12958
812
14895
11860
3273
28015
4445
26149
12162
8189
15819
22485
11210
5216
3369
11102
5756
9629
25019
8204
16267
31336
17335
26695
28299
24468
8687
30637
18547
9933
1455
30565
17057
23945
15849
21679
18206
28732
17807
7615
28196
3531
26945
8395
28893
24388
28712
355
14702
26572
19490
14337
13364
8409
5407
12257
17997
9889
21451
30482
3419
2258
24429
13518
19588
4995
21262
23047
10942
9322
24031
16450
9801
24656
29397
10920
24956
23747
7062
23898
11461
4619
29336
16134
29164
10591
2183
14520
25751
31576
14568
18418
7187
21157
12797
30462
31313
18177
13288
12163
1071
17506
19218
6999
3833
4723
2510
1940
26416
28741
1338
32238
21642
6209
6502
2115
7993
16482
14521
21108
31344
27297
19088
7796
30756
6576
23847
16030
27152
15850
11965
2636
21499
28299
20979
165
21309
17180
29046
3510
8064
24882
30429
9669
2244
4696
6357
10977
5798
30282
5243
20670
11489
9572
5641
29376
22805
22361
5301
4182
11719
25128
9686
25481
20137
9548
2889
17877
4636
13619
275
22327
23540
23282
3655
7047
5499
15415
23851
520
26296
16255
24214
2878
5361
137
15516
255
10862
26890
24685
29901
19328
16802
3963
30819
23746
20239
25563
17550
24223
20385
9198
16958
8724
27885
15680
10717
15031
30150
26288
11487
20985
29801
11730
23963
16296
29944
29585
18777
3000
4138
7193
30892
15682
3648
30196
18946
6861
13883
7282
23161
16333
7500
22863
28916
11113
2700
18832
8047
11393
17133
18862
3727
20208
20848
27894
10109
11790
8089
1072
4085
20601
29217
30591
11418
28950
7658
30600
7565
22866
2360
18902
26941
12462
19741
13437
18817
25978
2869
19710
20196
4832
19348
11883
20031
2085
30461
23244
19598
21804
16724
19392
23804
60
6230
30312
9536
18690
27272
18048
31788
7386
23149
21711
22147
8266
12796
23746
30220
29135
10833
13652
3812
2525
23459
20784
22296
23585
26998
2586
13427
7689
16146
15243
31893
22150
28723
28827
31557
6929
4610
10532
13065
7660
8260
31269
3059
29098
17106
3428
25789
9713
1865
17496
14873
8575
25346
581
22594
23915
4421
25001
19159
26029
8633
22743
32489
17121
19231
4578
19283
12616
22080
31164
21321
18704
13604
19103
30516
31701
6789
5548
18365
2919
9603
4051
12072
24014
30106
9714
17636
21131
15056
7233
32608
32033
5683
15597
14368
26836
24194
23043
13839
18865
7467
9872
12823
16078
22389
11015
2543
2515
30719
22754
5428
24505
27753
396
20668
14034
19281
13439
21543
13834
5761
18601
17846
10604
28006
5397
16481
8168
17349
7367
24611
5715
28841
12776
26777
21423
10656
21539
14795
23213
15910
20046
1866
5232
10082
22349
1403
6292
16400
14899
306
13935
14527
18859
5506
9110
7228
8855
29652
29603
30798
502
29239
15670
32419
12811
21495
4154
12811
21180
113
8554
29668
312
7205
20243
1493
8924
14349
25371
21440
22360
2862
13890
6641
22029
27244
6312
15260
15034
29346
9104
23942
1368
6386
22627
6402
20802
5466
12536
23327
1945
23432
1298
17440
4327
5616
26922
6956
18946
22299
27247
10823
16436
30018
19468
5761
30872
17435
10665
2157
18119
8435
9012
14549
30388
1277
30177
13740
19925
4586
9839
29508
10116
19641
8366
32194
12452
31441
28734
24270
1671
21837
30361
2959
15631
1687
16979
28374
4116
9784
27553
25497
17414
9966
6681
13220
31188
27391
6072
28299
31244
29390
5417
11491
15171
22956
836
5041
10167
5360
9686
11299
26163
10570
17312
25470
10803
19028
6050
18264
20297
6250
26521
20999
17343
28860
25542
23385
1662
929
13297
390
15406
9519
21934
7778
8095
3080
12255
7383
20840
29302
32634
17043
19150
19899
396
16894
30695
4002
32382
10351
15615
9818
6807
31903
27450
11908
4035
8542
26747
2955
13459
20612
3717
23092
29828
16939
1376
29046
7556
21531
7423
25995
9906
17798
27167
16711
21606
23286
10866
27049
23921
32387
13309
24496
30118
12361
29630
21615
24985
23321
16275
17252
30630
24943
32599
1798
12853
30372
29006
7069
14141
6245
3523
1110
30983
15460
19951
1687
21557
1613
23069
12176
20226
6652
25356
22547
24011
24045
10901
6821
20687
16884
32653
28629
20275
24110
12525
25804
841
32311
15408
8230
23569
27805
15101
10496
2048
4757
21510
9298
3329
16365
13104
31872
8634
12098
19700
10027
11280
6771
28933
32077
2285
29525
28723
22917
320
5289
22927
28847
4166
32587
4816
6328
24329
30636
20469
29104
6438
6017
11820
9505
32466
10173
30195
12192
22559
22205
18557
26785
11644
7875
15447
15504
27003
28838
11595
19741
18392
30408
17285
27607
13750
1095
30196
8956
1835
1144
3059
16527
9727
32401
25129
6060
7601
421
30381
27673
10427
3286
110
15389
8983
18374
5587
23701
1538
8014
9886
6980
20736
6771
19734
23403
1056
31637
14949
24729
3969
490
16959
15301
23573
24363
18884
3738
20901
13709
7592
6418
32278
12787
29585
17734
16874
5730
6848
9605
9738
18613
8180
6307
16066
14738
26763
2195
16397
14236
2283
30520
10003
746
23072
19833
7408
13497
4806
8340
30391
20317
26410
25012
30390
2686
29868
11205
13052
12160
31848
9095
17689
6723
12565
7649
10021
12813
7212
121
25092
28356
24141
4225
28903
15969
20192
9172
32278
24225
16120
26689
23790
32509
25468
13606
25893
16093
10888
6977
4950
23561
17
9924
4793
9568
17864
1959
5169
1484
577
5186
5773
15221
2901
23067
1031
3893
12229
12541
18705
8269
9247
1098
18514
6230
14054
18065
20459
23418
4077
17251
29694
2275
32516
17251
29297
24436
7638
13981
1007
23223
18706
22809
15920
7191
13513
1455
27515
29776
8216
11036
31593
8483
27654
5974
28907
4942
6575
3357
29070
20667
29603
22483
23038
18168
26249
20877
31689
8679
19720
3946
26726
31415
13031
10276
28022
29458
21362
18660
9801
4248
22304
3163
18084
27789
5236
18446
706
3022
22561
17393
14488
29450
30833
4152
15966
19246
14311
28010
31306
10785
15140
31415
10143
21426
5639
7819
27878
1743
13336
23907
10107
10999
8231
4832
4172
29169
28464
16665
7646
16831
21122
27190
18321
31438
5408
10299
3620
28271
2152
30497
28027
6539
9202
25899
7072
30609
23739
7543
14601
436
30595
212
22041
11860
23155
16595
29160
1209
8707
12577
22087
6407
32027
17171
29951
1134
5240
24451
10842
11682
338
4827
2277
30091
5948
16239
4723
7229
1355
18960
613
29226
4730
29917
3369
10646
31053
23645
14593
23628
9909
19147
13318
6544
24628
21937
19308
4180
5441
31161
26631
10671
24558
10431
13326
10122
30920
32298
20000
7069
8703
3453
11652
19098
19911
32553
7093
20391
1021
28582
26398
5138
19214
17601
13090
28480
6165
27960
2399
743
2627
16004
4148
10109
30084
25846
2688
31985
95
6661
1197
29592
22814
5351
21230
24938
17968
26974
17604
30574
5579
18645
12743
11123
12502
22955
17315
27137
21765
6351
8545
9359
14918
31117
24552
4086
10076
14247
23491
10022
14793
4008
24612
17944
25842
20853
16169
28932
27774
293
16223
7123
24063
31250
645
1495
19924
18480
18834
32186
23374
11166
14841
8628
16401
31355
2091
28673
28349
21755
11101
15251
1230
24506
32396
22788
5057
30800
29375
6094
1401
6181
13965
23486
8160
22919
30430
27302
27601
21241
7414
16979
822
15566
11695
2750
2669
5367
11781
30854
22769
13594
12504
13214
5430
3812
29166
5699
18388
671
8760
22578
10728
1031
18774
31255
12983
345
24668
1352
10389
16558
2519
29619
14598
10119
2827
21526
23586
8361
27263
32366
1854
5163
22460
27825
29384
9677
16465
3007
30579
11659
13850
6294
18068
7794
2754
24006
460
20403
17543
25894
30184
23542
20541
29124
32005
2800
5270
22050
19448
31032
19104
31391
12013
29270
16271
10291
31053
12573
25533
27487
11494
31292
19183
9060
7238
17679
474
4532
3175
26299
23782
32166
6546
29561
9265
16493
25469
18994
16599
19787
17591
32333
20337
2562
6469
5061
15323
2956
22670
16766
19003
2827
1652
11737
12606
9987
16324
22918
10661
17607
26064
11417
5889
9777
11610
23008
11706
1942
5300
3188
14934
23033
1318
5007
28152
28031
9104
157
21543
8227
5200
27542
21969
25771
13926
20874
28048
13787
6614
16766
28971
18920
13646
19318
5216
6704
7945
26067
2273
4903
19699
15583
24476
149
8206
8359
3903
2559
16148
1289
17404
21346
1118
18445
23690
5672
772
12921
14444
18004
26438
26271
15221
6144
13867
12666
10892
30985
12391
29177
17837
21257
23682
2715
17200
10629
31799
4412
4174
26728
28955
12591
31457
30384
21631
29580
10347
24936
18070
25035
32346
13014
14555
13970
24458
18933
14253
4300
25356
17958
30524
23803
26662
23330
10153
26831
11162
8499
21609
21751
16939
13732
21227
22839
7262
16245
1146
3771
30590
11348
28516
13483
24546
14793
29532
8959
10355
7857
7453
24469
31592
26861
23888
2432
26708
25435
9904
3748
4963
6149
14188
24448
27104
17049
4556
5450
32763
18202
26648
15937
31690
212
32694
17471
12685
32149
20370
8589
21814
31002
24003
22524
25897
11464
8299
24113
12864
18333
26078
30529
10514
8805
2055
10366
16501
1073
28424
16784
12609
2821
10017
10951
23383
3281
3539
28079
31714
1186
23109
11237
6365
24602
1254
30762
17878
16670
21076
17846
9713
1998
1405
25038
20271
14522
32004
11161
29424
4946
16358
32304
28599
27807
15709
244
12334
8753
17412
21028
31594
14681
29756
16303
6767
32408
12751
582
30455
14678
22740
11958
5999
18391
14803
20853
7235
14188
8489
26746
8795
11494
28077
12114
12006
12624
31379
29041
2134
14046
24721
22214
8363
27168
21057
24210
29941
9083
6087
31865
1556
3290
28083
3034
20163
20385
19241
3420
23253
24291
21311
25289
25533
12756
30118
32032
5716
641
653
12517
26071
25790
13762
9404
4143
18784
32026
3638
14198
16813
32276
12523
13494
5905
7865
21449
2036
2835
5574
8363
2413
21382
17933
8749
16415
9988
26905
21439
395
28056
19729
30713
16058
27067
10718
10543
8830
28034
20880
22596
25850
28693
16382
11715
30820
5987
19885
299
29450
2580
2548
23179
23187
7615
93
12879
13448
13662
27981
25434
19
25599
9704
853
32006
10172
14127
5446
25630
20716
107
19044
29834
27035
19663
17706
31399
12600
12377
4778
13326
142
11257
20004
13520
10742
23797
8919
12800
10698
15244
8215
21874
15132
11482
5024
32451
9384
27643
24106
5529
21000
3699
30269
20780
3367
10189
3399
6406
27640
20611
2796
25351
18024
5150
21149
12971
18577
2718
1900
7568
30000
8476
16926
31026
11353
21934
28034
5625
2665
27275
15618
11127
13117
21616
29048
23018
23969
26690
24643
25865
13067
3060
28825
3069
22410
28331
798
8877
11769
3104
30646
20542
11384
32582
17816
5850
21789
26670
22949
2225
9958
26919
12023
20030
6898
32553
21948
25036
497
14708
23621
9272
21978
5236
20058
12024
21468
31720
16081
1884
29334
14403
3935
5908
2186
19282
27309
3571
14031
32
9390
4339
27655
12823
30001
23160
5009
3943
16562
12249
17664
23212
25462
20508
1995
28619
13015
16385
32581
4124
10460
5955
4816
14799
28172
13082
26190
3720
13700
29188
14041
3405
8008
23749
28596
9122
5335
24748
2945
23026
21506
32537
5556
7985
7165
5692
24647
30656
12471
10015
16816
5009
10343
15591
28432
3979
14183
22871
18093
26160
28230
2709
7842
21373
7705
3633
27605
12305
22289
9571
21802
1938
13651
32404
1782
28237
28675
22560
23223
23068
24226
16475
9986
653
26779
5842
19388
3136
4888
13011
20109
913
8474
21295
7058
27255
31177
15166
15954
23980
18697
8484
9972
5391
3661
20819
20399
17222
3504
11089
22145
6311
22338
23484
24356
27993
22687
30603
20798
22198
11463
23702
18136
11252
7721
31577
16145
15877
3841
28148
26899
18107
15332
119
6983
21296
3225
3677
19141
11621
26411
22870
5903
2345
14652
15690
15870
30781
11164
26010
3068
27061
13339
26537
7284
14497
31131
26267
32391
3565
15977
9308
4609
6534
17613
9188
12427
26302
25055
16570
30498
20466
12957
24503
17351
21866
10043
7437
15224
23424
22714
7048
27744
5125
23740
22803
24651
5856
2967
11389
13148
28152
27816
20605
770
6229
15594
8180
18728
18562
17350
26483
30636
25141
27181
28669
26643
31537
18405
9998
29563
25452
6944
2011
18128
30829
24147
10716
18243
18425
28741
6280
6904
17902
615
22624
10751
6511
16739
15662
11142
17729
27639
30095
4941
12149
19460
28591
29530
19528
17890
31572
9709
28743
29175
19742
21430
3511
29832
18189
10822
24883
1998
10819
22212
20887
27725
5643
6369
1821
13153
30747
525
32198
6170
21014
13548
5884
23113
30805
14595
28277
20443
11751
14008
30298
8294
16854
12153
7849
24322
4524
1595
3032
30298
5430
27686
8379
6915
22408
1422
24487
14348
321
23334
26328
2518
22545
27504
3088
23333
22392
28792
23425
6264
18128
11714
32237
11670
28813
23169
18956
24938
24260
31753
1326
9232
16618
17543
5921
816
24287
18928
13653
14475
15658
10551
18750
1747
22151
27075
5626
22720
3743
13600
24884
22112
16918
14069
9032
25775
6090
14646
679
17255
30554
20634
7806
15641
18662
11600
27794
7549
25110
25582
11886
25095
17502
17066
16833
22714
4224
1740
20482
8513
21330
1635
8533
17468
4033
8759
5810
21720
10774
5120
3908
20642
6264
27861
15631
12701
31922
22503
11478
26257
2871
30063
1340
9639
25443
25061
16681
19763
15620
15731
26991
18129
3865
18345
4526
8371
5082
25458
7285
20793
19960
5959
2729
22722
29477
23970
23083
13763
24535
22966
14261
24342
30793
17501
2053
14484
6851
9554
3134
13797
1820
11424
9611
8087
24445
16474
31749
11886
9831
4749
3287
28923
24056
21363
25503
12144
11370
21481
792
16819
10716
11299
16631
2993
15189
15007
6418
5109
7942
3927
15303
26745
3535
5947
23452
17852
5637
7134
32291
13332
4979
27504
21537
3910
26782
15596
23790
11348
23886
9362
22815
4502
17993
11416
20579
29964
23138
26141
11947
29939
22706
1630
15502
16022
25638
25644
30443
5991
14394
27038
2512
31822
6915
19971
29338
19265
12403
11290
3422
11029
4825
18566
4488
9620
21671
7292
16834
10191
20344
30911
21272
23734
25681
21710
20313
5605
4391
7771
30400
14017
32674
7424
25811
21956
28961
15918
31884
2069
11262
23910
24503
2908
19987
23723
30107
16852
10365
8503
17628
13474
2207
18541
9376
4197
4714
10511
2289
20494
4060
29873
28259
2546
22983
3437
10486
4893
15828
25561
6717
27881
1479
28982
4800
12496
1029
8682
25248
28287
18771
17457
23929
12331
26592
20239
21900
6440
26502
5513
21022
21176
20301
14868
1307
15137
26673
30286
17407
2818
7461
2796
2038
25830
7255
27635
14658
794
7606
32044
18910
30652
29362
29393
25441
13077
17218
10893
11300
17449
7212
4260
26535
1931
12929
25965
30257
14454
102
30473
30647
6170
7962
9039
5631
7988
565
13830
14854
28129
30766
30551
12446
28084
5152
32385
603
23046
25806
7375
688
8845
7396
29896
23126
23601
4224
4517
4333
13338
11248
4872
23014
6414
18366
16618
10400
3834
32233
7125
20433
24782
25718
15700
12328
9358
20775
7337
14897
17830
2699
3005
18296
2431
2615
93
3825
16975
13394
32162
14487
9269
10327
12721
21588
28805
3862
7077
14369
27489
2556
19914
2414
20361
10133
8204
30148
13427
335
26287
24233
6815
26241
320
31940
4645
14507
21963
15937
12176
23808
3150
25719
17134
26401
7790
9416
1320
24876
3945
20681
12176
21749
24652
18851
12729
31379
5222
17082
31115
12319
23036
6028
406
7864
11070
14555
6567
12490
31610
29966
7577
15760
17552
8149
3694
3544
2214
23820
16799
7687
7196
4834
6831
16732
19394
18234
774
2681
13129
27729
5117
7455
22520
24737
10038
19769
23456
9734
16686
12060
23506
5152
2581
32013
20815
2552
18653
30211
960
25318
5265
6575
26024
12978
12264
26042
27798
3321
17178
30798
14751
23506
26610
15319
9739
2482
15396
11
2127
653
28130
9256
17724
20542
30378
13948
373
22057
30818
11563
1830
28703
28838
7213
13299
30850
13921
3222
815
31145
30106
22810
2127
3717
7569
13264
28062
13957
29963
14646
19250
8376
18666
13430
27166
12850
26880
30951
18409
19376
26405
29911
28223
4735
19591
24968
29415
16537
14658
13432
13301
16402
8753
13797
9281
5554
8451
24721
15383
24292
2705
28355
25136
26318
16238
14478
24801
5826
27328
18261
15251
17877
9039
17039
30835
11213
8924
6600
12907
31553
1972
4072
1872
26363
21637
3000
13917
5793
8815
20898
736
20117
14686
2745
12083
20249
664
15609
9198
11959
2450
6351
5979
13280
32520
16348
18730
29139
29260
26870
9830
11456
13535
1391
27048
18733
7230
19354
2955
19098
5630
19084
5983
9568
16923
27424
14370
26591
1934
574
4524
32472
22301
22620
14889
6424
4215
19012
26572
28247
15744
26392
9922
27999
6122
12180
11109
5489
3333
23188
5299
32484
13272
17110
13054
22287
26992
25088
9956
21353
1912
31973
27778
24559
26890
25860
9957
3270
12741
29521
16321
32546
2848
8249
12134
26982
19453
23776
239
20109
16002
4525
26301
5320
30756
26120
29476
11112
30724
13666
18787
18431
32639
21878
23258
32450
22784
4559
1143
14898
281
139
8306
22012
26067
5214
24634
24861
12354
4058
687
19273
19548
15853
14993
398
8971
5035
22840
15925
14976
8013
4486
4073
12491
26746
26395
23579
17576
9670
7623
24740
24732
27513
15685
30892
23617
14225
32038
10443
26590
32522
11531
13935
22075
8284
27927
20094
14516
24390
19108
32572
395
19914
5429
2414
8323
18041
32684
19648
19882
23536
25022
21348
30326
24995
11683
16636
275
29145
28178
10426
23036
5368
24684
3781
32713
28163
32568
6367
327
4193
4303
12870
8654
25312
3672
9943
6095
13305
30455
31097
6573
25430
25410
31161
11470
17553
27893
23730
27377
7999
16102
23856
12738
28717
24891
10005
28843
20457
5594
4603
2286
8836
22817
28442
29681
29847
23256
28268
9176
10628
867
24336
21081
24318
22844
20205
12748
10700
23201
19863
13442
4041
8074
22134
24152
25392
22494
9765
21644
25366
31206
32536
8143
17720
13570
8578
21659
3319
31899
31349
5574
21409
16216
20043
9560
26098
7829
25158
30618
23259
14865
26995
31855
1921
25574
14548
4839
29833
20671
1725
23314
14483
6213
14719
23058
23556
6618
2372
9332
10761
6538
31034
705
4825
10558
27636
17487
826
12851
22285
13405
21830
12971
23054
25951
15983
995
15505
18071
24257
15428
6055
14309
21863
477
11896
4064
32369
24849
14889
18469
15828
31629
11523
17392
31666
9086
12497
25833
13788
14080
25737
25152
19094
20441
7471
5627
24730
7015
11767
13455
4191
28375
31658
8878
12954
27544
24394
23905
30726
18447
7161
10326
11872
4237
27671
30331
22198
29822
27051
16588
28898
29667
22020
16232
8274
258
1184
14571
3594
27227
27980
23544
11243
8415
10637
22293
15669
11869
24895
8892
18507
28733
27260
12718
21942
27248
8383
31627
8301
18087
14153
5536
6995
21443
2756
19968
28674
6541
13863
31958
23239
21672
28377
32761
2029
28356
27673
5313
22079
18195
23965
1050
8904
24321
13689
21718
477
16160
18755
30792
2398
10337
3701
9486
4152
25994
30226
21550
1838
20708
11149
5221
20186
25140
15078
10171
12014
22765
25110
8027
21184
22180
4525
27042
28422
32196
24762
1654
29917
26755
30699
21977
30225
3093
14325
13501
7832
23583
7990
23578
26463
17006
12953
13887
26186
16105
28091
7782
24438
17348
32332
16010
31681
8695
20151
32637
18572
6639
9221
16181
25791
25731
21246
16742
32526
18473
20626
3671
2427
3690
8568
13294
17948
28051
27925
7436
4383
15022
14239
29473
3083
30640
1922
15863
3656
4596
31235
13778
32482
25832
2851
31675
31626
21767
5318
11289
28894
5895
18708
32641
2026
30547
11296
28111
3310
13755
20679
1910
13153
18794
23772
30996
23351
8473
6274
27978
15200
13187
3288
16586
5521
29721
30172
15537
22342
32758
2953
19224
19464
5909
26179
23013
17643
13762
629
24551
22876
25166
10105
14371
9497
775
13752
18280
10113
20583
8210
8234
10254
14220
5248
6285
17440
16616
6135
1727
2556
20282
6544
6027
17684
19133
16615
29483
24457
3231
31680
9310
31982
7860
3825
30139
12879
9068
11900
14661
32625
31235
24827
11839
27996
29431
12865
31042
30231
10431
31038
25228
6579
20666
13603
20123
17546
6246
17863
9467
27337
25298
841
6492
32044
31318
30968
2791
6921
2689
18287
28114
9616
30291
29188
29490
6225
24236
7012
25361
19199
27909
30071
23745
115
13918
26762
29039
26355
19063
13740
19707
28085
17219
6232
24840
5023
26778
11093
17999
4945
15406
5339
18488
4197
448
15863
20139
10741
6036
6448
6691
5726
13090
15467
1541
11332
22030
21004
17713
31959
3930
9566
19670
25428
23771
20021
24970
11726
16617
16338
31386
17198
24667
16134
28574
27257
15539
923
9297
5969
24213
2287
9888
24511
1150
20962
29441
32559
10674
9202
21254
2748
31094
32165
2610
15022
640
19496
17675
27969
16044
9269
32368
18089
17136
569
20269
4690
11154
21943
23501
18796
6296
23527
21680
25255
20097
3492
15453
20283
20274
9349
26648
18732
32563
31561
28344
22220
11035
19832
31155
10113
329
6727
11387
11720
21461
11964
5645
6778
14022
6932
24774
7503
20102
5986
13433
3744
25235
7032
32448
26225
2166
11786
5519
9390
31481
12049
26639
3765
29077
8558
12713
26133
3114
14288
25440
31893
9971
10455
14181
18809
10936
3706
8933
25600
11589
21670
6694
1841
30236
31527
23250
727
15207
11980
12435
15819
11056
32198
26591
11633
5332
11090
25366
26245
18101
26264
1482
11032
29744
26834
27229
6613
14287
16048
5586
25225
1471
16635
7645
9187
8836
122
30012
22136
29163
10514
21066
26889
12864
8240
25554
29193
30658
25196
18465
6746
31828
25702
31327
9560
6005
31476
10783
14872
29298
3712
12596
20977
19674
7595
7110
28732
25907
21302
30374
1881
23019
13091
22495
12019
5778
8983
21902
3972
8518
20995
24307
10011
23662
17155
11207
19293
4267
32647
13776
3273
21259
13488
28852
24385
7040
16381
13323
11206
8081
28454
2999
12164
17744
30536
25208
19470
17036
26435
15035
11498
15431
6496
27059
26192
31338
26680
2219
28975
952
10961
4251
10353
13825
15369
21497
11136
11928
4408
19153
18953
5895
9233
25880
23808
10752
13257
22334
12516
1175
8572
5378
25924
6063
27596
28298
25986
19890
3531
947
24279
14470
17691
422
22423
23484
851
24236
19382
26378
3749
2115
29324
29947
5566
14193
4565
8677
15086
24408
508
3868
23177
27147
18329
9829
4237
14240
26168
12717
16772
4998
20572
6907
10924
5145
6339
26788
15702
6260
18668
18878
18828
22662
215
18134
15350
15209
17420
27366
29439
26606
6110
30849
28467
17277
22257
32593
25323
21276
24058
26051
25901
13005
30150
15105
19406
5917
7806
25889
28889
3322
8233
32667
26421
27589
1138
32257
25217
11688
23979
26346
22083
8746
32531
15152
4162
12032
2644
23899
21040
4902
30288
3420
11916
24623
29469
19583
11463
7642
20302
15771
30886
19429
17013
21899
8423
13862
16614
28642
10535
20183
15549
7131
29443
818
30754
13711
17022
15934
19659
8043
24994
3560
3267
12256
10091
7765
24682
10076
26080
32631
17854
17018
899
26846
5336
15478
17387
28625
11705
21987
944
25502
13127
13216
27527
17454
30611
10760
24238
1756
32093
18537
10379
7559
13018
14519
11664
29670
18869
18306
9057
22300
20563
10278
5177
31629
28763
18754
12682
5359
30326
19819
14819
13476
1875
31777
30231
25159
9711
16129
4508
8837
28435
32573
21041
24622
11806
30538
29379
27531
12036
19672
9618
1011
29079
1799
400
8089
8709
13528
24329
26024
31394
22497
26505
3730
29416
26438
23803
7844
24508
32484
23566
11999
26867
3791
7645
14339
30741
7935
31950
5100
1121
31558
16570
10529
24593
23429
30287
29867
27359
23584
21939
26147
19911
23215
31850
16911
9231
2807
32378
32367
13701
22552
4813
19858
9736
26119
24278
19246
15945
18239
9592
32688
12755
15028
23843
11729
1609
1545
28992
7786
32751
16386
13007
24201
14188
7996
15438
9156
15567
8476
19677
19149
27599
7429
24225
9287
21847
6094
31846
984
25154
27507
6792
17792
4963
5898
30483
15657
712
19193
17705
17535
2623
1383
10148
23297
13082
21232
16125
3160
21296
1949
20077
4328
31524
1043
15441
23718
6634
23306
29139
4137
31110
27393
24007
3
30999
16432
7891
18001
10261
21183
6355
4753
9943
30005
31099
11188
28760
1843
28734
22644
28986
16482
7535
8680
4107
10154
31911
9302
2760
2725
20070
25160
19871
2387
17661
19938
9977
2575
30891
31858
31928
10689
26374
14409
26301
31830
412
25802
21166
12653
4059
26816
5366
29011
26670
4853
2829
1586
17513
11520
13049
9605
13671
12382
23573
28111
31217
20932
21777
27789
15586
22196
15162
16489
32393
26959
20219
11184
11599
24170
29092
11014
12698
8675
12395
25689
28913
15669
177
531
3168
11339
4486
20116
24094
29842
22126
9183
31341
12882
12133
915
14274
4158
21026
27422
550
23882
22681
14381
32220
13500
6339
12646
15684
27782
10657
1882
3583
15827
14719
25013
8532
23520
6518
19640
5074
27917
8756
6890
6199
6708
22016
3850
18833
10297
25592
25159
26787
20450
28829
31412
2186
18409
18322
26102
28321
13648
23201
27711
10657
30197
12799
20353
9229
31078
12753
2779
13773
7158
22766
9816
31000
14353
23783
29400
26264
25036
18245
16974
31945
192
30737
28716
30371
15385
12698
19996
21880
27882
4466
18673
16927
2756
6842
23005
2386
18054
13727
6116
14165
18294
18469
32144
5848
16017
19492
14055
5919
17440
1679
2970
23904
13196
17404
14719
1389
31091
15969
21313
21906
2043
4124
30551
27073
25959
22583
29490
6636
2280
29673
9915
8115
31157
29024
15356
16191
25693
8125
1821
30574
6748
24673
8851
32048
12269
7527
7060
1585
11296
2417
17102
9912
32556
3240
30040
18127
13062
766
29161
29348
2611
12215
3656
2607
218
2599
24835
5141
25629
18365
13156
14284
29609
18240
20385
8960
16780
16729
32595
24118
17480
25170
20009
21680
20261
12573
25822
5008
25803
26520
4200
1088
6159
8207
18803
9744
28430
31746
20493
2849
31864
10281
12195
7299
9007
25014
16172
27034
14353
24794
29092
1734
30225
19594
2748
16194
30861
7043
3024
7757
12252
1676
27929
5000
1062
28667
30500
13984
6776
25722
20610
28204
28695
6411
5058
32217
16405
2634
412
16324
26403
8434
9071
3367
14758
32675
29166
6712
13
24035
21525
18766
3425
5218
2659
14662
9245
16002
23107
4901
7489
5398
3531
23294
1442
26218
7080
18455
9604
20357
2905
26695
9834
6826
27036
4770
19245
26405
24870
27993
28236
32324
19351
2779
14979
31139
20141
25152
20895
7852
22968
9960
21904
4959
5966
17247
1984
20559
10047
31620
29347
29677
13515
31211
20880
23305
15635
19583
10959
8854
6606
5228
20467
30382
9277
27964
14441
21206
1121
20287
27218
6018
107
28977
25998
6364
24692
27927
17689
2753
14958
11370
2715
28172
14939
24439
18490
25368
15037
1030
7347
1408
16717
16186
13737
13609
13295
3768
19517
28803
23014
5387
20446
9227
32068
1352
13154
4885
16549
29165
4182
15816
32029
783
5267
26730
15471
22453
28178
10206
9088
5759
10498
5994
24843
29067
13335
7102
29845
8600
32548
22322
24996
7276
26604
13136
9004
2676
26934
9106
29514
16299
16415
1388
15156
15292
31668
16781
16241
30059
10944
4707
23621
30001
7139
5085
26224
806
25572
116
1048
27685
7752
16236
4611
8746
7204
10327
26889
15358
29999
8156
6089
6167
12059
29110
25756
9913
28454
3071
11207
8034
27116
32687
28149
9573
1407
27232
8932
8149
25017
11604
9310
18596
15057
5560
17771
14092
23085
23082
27077
26926
2423
4474
12684
4346
15347
1709
3387
10318
25104
3656
19931
4194
6973
16587
1398
16483
14845
15995
19407
18270
20030
24676
15184
9568
10727
31391
14916
16348
5040
5073
25670
30028
7222
13812
10233
5147
18767
15450
27898
14531
2970
17134
22035
22323
12891
6846
29618
29555
20870
26550
31385
19850
19994
19374
21206
1184
1200
17064
4854
30048
15956
5202
15222
22432
26515
32467
18042
24388
15829
32451
24513
25695
26350
22651
22745
22172
9967
18064
11663
32733
10306
29082
11434
23073
2550
5434
6361
31915
10327
30299
21993
25697
21442
3767
30267
7026
27063
4509
15478
1083
1072
11762
25977
19308
13105
12663
20116
17766
29857
29001
19447
15080
24152
7086
17258
26859
11897
22286
24383
14282
13826
21056
28037
28070
20897
10760
16255
24585
25802
18397
7509
26825
2822
7663
8712
8752
29582
25704
5035
11865
6936
15346
3025
3549
22513
22906
1090
18864
27724
7988
7154
29765
4826
18144
10291
17913
14746
331
26153
22702
24307
12056
24702
18102
17664
5824
23896
12532
28459
15320
26760
28733
7677
15251
19973
30212
15668
21127
6296
8247
30742
28596
26840
1124
26630
30914
14425
30240
4437
9098
23841
19625
8794
2264
24923
11210
10437
21615
848
21503
12592
13902
29074
15834
1271
31026
6010
1189
31306
25180
3541
25673
2688
16020
987
20079
8878
16494
13409
23268
25209
5068
15183
5954
15656
19108
24403
31181
12542
1796
9175
31643
2246
1619
14129
7672
23471
29145
4378
24328
16218
6274
21858
25006
24626
30174
20194
19629
29692
10861
5809
9485
15022
18714
15259
10177
389
7685
32206
26246
23634
21125
29399
11278
2325
4718
9677
27486
12748
5775
1996
15989
141
14463
17573
14382
14803
29594
20436
3431
20758
30534
15795
22883
11166
11899
15597
365
1432
24706
17460
31678
11626
20220
18487
32161
2372
29991
3534
21717
6903
19549
27768
28723
30219
14813
5384
23440
23563
2510
12443
13029
29476
7041
27597
20654
19183
8951
16941
15247
9098
9123
7662
5949
10989
2160
8159
7324
9339
32006
9117
23845
11992
27721
21510
21899
7163
18467
25586
5022
3972
32388
16158
29551
22351
16295
18281
14261
12873
31126
29251
367
31106
11504
23138
27339
24452
32490
6582
18759
14820
11412
32672
23318
2326
17246
30559
25541
12933
17114
13003
31774
8419
3011
27973
6477
16062
16447
23278
3905
32597
31073
6167
4693
27049
30194
11513
31792
22999
9841
31142
22505
27812
14936
7744
31087
18778
4769
13161
9257
15827
15753
26362
1241
24787
24468
20728
710
11931
11729
5316
11290
21434
23903
8849
16777
6695
11312
11547
9523
11405
26381
10135
12492
9190
4314
24549
14074
4939
3868
2317
13310
1546
32696
18921
29079
9210
7165
9247
8739
28683
19685
18259
14088
21793
21656
9370
30290
29987
12594
22065
5022
28238
7366
12143
20534
2768
20131
2296
26237
3730
25046
7476
17550
5973
1264
2303
23072
17152
22281
17570
32173
4152
5636
10498
11475
11570
533
21784
11258
10437
6785
1953
18743
14788
6053
16663
18032
4234
17978
16863
11969
26326
10199
14532
6943
16858
31927
13732
10811
6798
6845
13417
12201
24650
13749
21563
24130
2452
31965
3829
29127
10039
12708
1237
7111
11669
7089
12407
14274
26685
32295
5892
2702
19392
29224
18599
4346
6593
19096
17728
8626
2892
25891
6493
26210
30057
3201
18278
28702
7152
20472
20759
27394
9886
29731
30003
13589
27753
24819
30071
23667
2321
12531
30925
18604
28920
17872
24003
4967
30515
1560
4411
21579
31201
10306
15716
25631
10427
12015
25833
23343
6637
31343
15976
20210
8485
4999
25637
4843
7401
4977
11264
205
11821
19749
15268
3042
3621
7127
11522
9133
30296
31425
22270
10703
20214
18978
3687
32551
5995
25991
29485
27709
15668
28489
7630
26849
21745
30039
16658
1807
27068
21301
5112
1302
22202
30021
6128
19193
24303
24902
3914
22294
30551
10266
14319
24069
30514
9420
7759
8643
8863
11473
7322
17424
17260
5518
23091
6165
17453
13083
24418
14154
395
13383
4425
23959
17887
32732
10777
20666
8960
30500
389
22248
7768
16811
14711
183
25406
1607
8962
19003
28544
13654
28569
22383
28222
18503
638
20439
13567
6748
30332
7524
5886
16045
11225
4760
709
30577
29319
15338
7677
12921
9370
24684
21381
12029
17663
30123
1985
12443
30314
2775
26421
25501
24208
28452
850
22139
18839
5999
12687
11424
8650
1829
24764
28273
3986
16481
22675
6796
21921
32596
6033
23629
15729
17642
17156
2967
10221
29866
23908
22993
5742
2527
14054
20526
16360
10229
19535
818
1638
2597
2054
8050
24755
5717
6510
13211
3162
5945
22130
23477
7121
25023
23394
12713
13554
27050
23805
9985
5034
2428
24783
11248
9461
410
20413
18322
19978
29355
5854
1396
13266
22337
19084
23639
5791
16571
32699
29233
5659
23402
20362
24949
29055
32242
14616
25492
6149
18419
21913
1220
7583
5097
4777
17664
26601
16465
26335
19024
10076
5134
13478
2122
28869
16906
20296
217
2806
20512
22092
573
17596
25914
23298
1619
26385
17078
1116
5911
6034
27919
9471
23655
16179
18361
30618
14090
18737
10316
30071
3312
20040
9445
31568
10939
39
8649
12387
24191
26913
25164
25544
12230
21541
8434
21507
22744
28912
29395
5334
25913
2177
31300
1881
6514
21965
11443
6220
2068
22197
12243
14507
30715
10549
4602
17539
32720
18654
25031
19461
31441
16518
26887
29400
15061
9278
3801
22964
7050
26500
9489
17965
23298
25530
9435
31948
23406
8919
7841
356
12841
16989
24878
12707
10232
651
7187
28136
3728
21971
329
17492
3928
1166
10777
21028
22385
14575
17209
20286
17652
1845
17464
30729
31098
17957
13851
18818
30178
19384
19785
17293
9038
25105
23204
9608
28015
2225
22521
22822
20995
21998
5018
32635
2459
3233
16201
21587
11682
14880
26200
23496
32667
28780
3855
3604
13738
28843
2894
30115
28758
23000
15475
29549
15757
12217
20094
7554
19688
19985
11892
27622
14641
7192
16385
10144
2851
5160
5728
20494
22896
29625
13440
27259
10761
10127
6239
28659
30873
18482
5562
19798
1618
15007
17385
10668
22253
18749
773
26296
32492
18706
23627
4048
10019
7991
16837
10988
26998
14985
28967
8188
27364
21922
32247
10879
22213
5384
18160
2385
8015
21923
23209
24772
10079
16245
3954
755
14711
28805
21118
4691
28674
21532
29256
12939
29408
31284
26671
15238
11806
814
25955
8902
26117
29635
9989
3835
19543
1341
21898
18900
31445
17895
29537
1045
30468
7618
7893
8170
9009
2937
11060
30074
16563
11671
21809
17856
26480
27640
5767
20374
5795
21885
23775
15123
17116
1540
10228
20247
1352
10392
21237
9508
20530
27108
3371
20336
19658
28398
17883
9528
17957
9218
3950
10582
17798
30699
15823
16150
17372
22378
17429
8518
5259
31968
5474
20364
28015
26702
3338
26109
12318
4991
8696
4842
22638
13956
26958
7933
13368
12385
11340
15237
18523
26630
5491
2831
1795
14721
14570
6198
15147
17265
31776
11964
19808
10430
8371
19161
17864
6791
30353
4818
12132
15964
31069
3790
16530
17582
23828
4838
27862
17283
19952
3963
17369
10606
26508
15308
16818
23743
10058
20167
29797
23287
24050
14880
6825
27775
25755
7073
8175
16537
6351
22721
6559
1430
25578
6263
10661
20810
20931
3920
27180
28093
31374
20928
18089
24099
17409
8373
26140
12302
15798
25714
2707
27875
7377
18843
2543
16266
6882
13452
17386
8810
15373
32495
14681
10645
16488
13198
10415
15679
17572
15461
21443
22645
22000
14076
21203
8204
32026
25332
6344
26071
1271
24287
3259
27677
6
10069
23737
32073
20816
3140
28099
11236
15506
4231
3353
20161
16798
26554
18105
3447
18175
1613
1314
4372
22492
30680
24157
11536
31007
28590
12862
5248
22997
18357
32232
28556
25304
24949
2191
25891
27052
7534
19842
27886
2728
23727
18280
32130
28246
16548
201
27353
32284
7472
3537
2307
19483
20731
21329
26393
12887
30734
16135
13939
27928
11421
21791
12826
13457
18979
14073
6784
6592
26293
1837
6511
10901
30351
20173
8768
8534
19956
18410
8781
9026
30005
12633
5545
21109
783
4022
21518
14091
28985
32682
10774
17288
7998
32106
4782
30840
30601
17792
9416
27474
27326
13006
2385
13474
13649
15824
3427
2407
9041
289
9403
954
18052
26433
28781
24241
21177
26005
7638
10627
5210
26799
12755
13805
13633
21968
5168
17876
17356
17835
28516
15403
12340
23660
14459
21783
13338
25337
29523
10577
22627
1400
1803
205
3398
23313
14009
14489
2211
6901
4699
16391
24215
8863
29713
28942
2125
12634
23945
18414
19735
32003
18874
15891
16829
1040
18133
19516
21013
16593
27768
22492
2259
8694
549
4032
2467
27730
27124
31731
29045
27102
9092
17631
4376
2561
31543
30132
13835
22286
14751
15886
30096
25871
26419
30418
11777
7617
30791
28248
12903
3551
30011
16336
21577
6051
29426
14814
16322
11915
28549
6280
24022
89
26425
5714
12550
12125
13743
6311
24610
502
5979
31611
25439
11095
24375
16431
1962
4487
13497
9141
15419
13483
28162
24564
24172
7048
23128
7278
30668
26948
4310
21024
8815
108
5986
9897
1929
22332
30176
687
11323
24858
2469
26495
173
12643
11567
18419
25949
15210
2067
26777
6839
21438
6966
2833
20197
22188
23872
26807
15848
6149
31566
16515
6120
34
4584
31789
8648
31268
29234
12436
17406
6016
18278
32096
31650
3260
12417
4070
25028
27507
8765
19789
15619
15775
9536
26607
20827
26136
17555
25602
25151
27223
16469
20344
6888
2432
22705
12579
20716
17568
17677
29469
21778
15410
11140
19559
18021
1769
11415
28112
7047
26025
22303
30233
22088
30934
6278
29014
5495
23250
32055
26519
30969
17345
21843
16072
3095
6800
4518
29654
10780
5941
27865
28436
4384
23096
13545
30684
5919
7538
18648
2937
13646
25109
7842
6980
23982
16364
25970
30222
20193
14820
6166
24766
23101
15308
5040
8763
20511
9561
1711
1677
1665
1645
19454
7487
11727
28824
1659
14087
26615
480
4267
26281
21952
3261
5292
2328
3676
360
24683
6366
13632
31829
18967
20671
8755
7678
14549
24985
20389
4067
9653
16271
835
23247
10468
19046
25800
29276
26404
21807
30486
6585
29562
20775
10117
1451
31014
8155
26491
24530
16856
20624
1085
3886
27681
19681
12548
27106
26152
14506
30548
13367
158
2341
393
4323
11764
5971
29619
18060
16843
12702
18083
32392
17580
28860
22854
24807
12281
21462
11314
12723
9763
26602
31615
21366
31518
32366
10968
21245
8466
14134
14289
24668
19796
24983
9851
22834
27028
30925
7223
18478
9560
16282
7367
32210
15273
16176
7595
9847
16651
11601
25514
402
3507
32181
24239
7733
6133
8876
30678
16601
21244
16644
1479
22106
26045
23341
23363
6211
20013
14235
9212
17996
17586
1644
938
6433
29656
2635
11099
21093
22598
18580
22794
3575
23792
1208
30068
14452
1934
2788
17447
20221
18764
3549
23004
19514
18371
7215
19718
26270
12840
28806
21675
1005
30403
8540
18803
1532
27811
29652
15615
21689
17809
21990
7035
18794
23618
17341
2935
24378
13009
7261
32754
19697
13676
10633
12472
27651
5453
24292
27887
4300
20459
5206
31724
14362
13938
16305
75
11756
2417
29077
4414
4473
31955
6545
32293
23156
14353
21898
28767
17295
9894
20577
24416
15934
11458
29648
2820
21437
5186
29077
28707
5972
17888
26579
27494
3546
8871
9397
32345
11896
4523
19796
27329
24751
5622
27611
6191
7068
197
10473
30677
2683
5109
13366
23193
23147
10424
8314
28008
5488
11916
13962
20429
11966
5742
964
30914
9269
32330
10158
24006
22824
12471
9434
4143
3682
19681
14605
17602
7019
10950
159
31105
19719
20390
26917
11716
3328
1716
14158
24715
14117
29202
9227
18707
16275
10236
21747
32167
3635
12356
13285
31929
13188
30206
27119
19505
23195
380
366
8965
7272
3709
29559
20746
6202
21153
9334
22794
30085
2080
5141
28950
13028
4284
17504
23837
26202
17652
7206
22462
21213
17275
18594
32091
30485
21736
25178
28015
31073
14255
22856
5665
5403
26704
27704
24089
27933
14798
12145
8338
26499
21091
26263
12208
30387
24690
13776
20756
29595
7101
28198
26799
27962
26328
31021
17875
4450
9438
10213
18064
4796
5986
26849
17725
12300
22696
10665
1109
16566
17941
26462
3205
27266
28389
12956
12546
25756
23324
10916
11808
27615
16063
13243
5665
19538
27971
27853
74
9203
8518
10326
11837
17076
27773
27779
7042
19396
25582
16020
11111
31759
23647
15748
26890
14856
19214
20460
3508
21158
7842
26917
16744
1964
9314
10668
18876
21294
19877
24267
6888
1105
27017
9590
32541
6482
9960
13428
18456
31434
29320
4543
16118
31792
1426
14124
17994
17823
14406
27214
25197
2777
27884
19352
7189
13197
9998
24771
28969
22741
8932
7791
18388
15363
272
13581
6105
6813
23180
9468
15910
934
20704
24050
11947
4639
28312
28062
30828
12494
27637
396
20437
19262
11235
16456
4942
4103
1323
15814
32272
10319
11242
3841
32055
2193
20290
16611
23320
16030
16207
13925
13524
24801
12124
12791
28206
742
26711
3618
6041
21278
32643
26988
31381
17884
25965
18812
16444
29092
24865
31102
26136
165
19357
10185
30008
23428
8070
1727
12163
29019
12570
29941
10060
16642
8806
28821
29990
1933
26553
23040
32761
14357
28760
18871
2901
8380
18291
32123
7
24811
16728
8371
8938
5342
2279
29711
11776
23139
8518
6251
32705
4830
12246
246
21683
1681
8805
20627
16187
19738
1445
9855
20915
7997
8156
7732
11964
30180
9182
1678
29654
6756
4153
5165
12846
3074
3759
4890
27062
24246
26601
23469
14971
30511
24425
3758
16436
18454
3009
23738
19478
29847
32514
23784
28912
31774
21368
13997
5491
21342
28820
8957
209
3736
7210
2227
5515
282
11229
14387
11907
30214
27351
2638
21081
26196
1981
26214
12532
20506
7905
29650
8031
4875
13498
31363
1495
30270
13458
14056
29730
15154
18303
9488
20514
25102
6036
1807
21161
813
21336
10914
18063
25049
1399
12822
15874
7255
5304
25701
12830
7461
47
18595
16573
12671
11188
4248
31889
26919
20628
5807
880
9062
26246
29455
20206
27982
6368
27655
29489
5443
7178
17839
16385
6074
30515
13516
30751
18751
5700
30965
4824
25021
14354
25076
15321
19706
3288
17519
1349
25697
6372
8648
5
30212
12176
1857
11872
15585
6772
26724
1227
11876
16602
30882
27906
16686
25458
18490
32599
4373
16456
10332
26186
1132
13042
6798
8283
22148
9486
20304
5148
11122
25324
30715
10890
4371
10375
28655
25501
4430
31418
237
6430
14745
8368
18114
25529
15295
20893
30246
22099
3040
27307
2787
926
8121
16696
8506
490
13093
25918
32386
24894
13796
26642
3346
18343
18076
31570
20321
10192
24349
31768
3692
17875
5609
15988
18264
32335
6388
11546
7257
955
17832
4439
19666
1529
556
5962
30910
30766
15334
25168
13134
26834
12095
17856
10451
8195
23718
30169
23519
30751
20183
17656
15783
9361
5725
16654
9644
23275
7765
17746
27803
4662
15990
21555
11889
19589
11854
19857
30690
7889
15822
21804
25340
27392
30473
32093
26376
71
3385
2564
24497
5554
15619
24513
3944
21249
508
29543
8454
23478
17771
19885
27827
4204
27217
30503
1031
31338
23206
24693
18800
5496
31206
6843
5844
27634
8396
29777
14199
14618
1629
19899
14622
1458
14889
15067
22645
29387
5070
17509
3246
9944
15293
23956
30315
4358
12609
25115
13790
30416
29117
12383
27694
32717
9525
13283
27677
13261
29711
29699
24041
7973
27163
31462
23151
4423
2770
10414
16790
10646
31451
18161
20459
9848
25300
28781
14217
10924
28494
8439
16444
27870
4633
437
13030
1400
26819
17805
5153
20156
27739
10717
29221
2832
20090
28525
18925
17816
10117
24482
18325
8458
23084
12788
26119
2238
20534
26017
12758
30725
29825
25507
13162
19388
3652
31968
17502
21025
24984
6306
21542
3301
14647
10054
24565
22914
15747
11576
8669
29646
15562
31263
15161
1744
18632
24660
24136
16339
19821
153
15130
6074
1249
32264
13232
18067
27846
11849
7007
5487
8381
6664
1397
624
15915
24998
26399
27427
13629
23087
4234
12560
11049
30349
16713
3216
20919
20731
23543
479
22529
26812
32029
11378
22646
26636
31061
21643
26661
1623
1712
778
11065
23209
5462
1926
4799
12902
7020
9372
10160
16443
22587
22151
1835
14164
21134
26609
29698
9935
5723
18697
8568
10609
30118
23766
6985
15768
20643
12491
28395
22897
10523
21147
31252
3947
1296
14415
636
22252
25764
28309
31460
19778
20279
347
6487
732
15312
21148
8880
10426
22718
21370
3932
12834
30335
21390
28001
16021
6624
23164
9119
24577
31078
16330
31318
4408
27117
29938
3305
28833
32399
13749
2274
4909
24519
4787
24117
909
7638
2617
17609
16803
614
9050
15156
22070
9582
16193
25287
20201
18773
5317
23754
13934
16986
2622
3336
23799
27955
24983
25999
1261
30964
27301
8113
18405
2099
12215
1614
18384
28010
20591
13654
113
1692
32464
29321
19733
31804
21143
897
30334
26442
26319
9459
23840
8895
30112
1842
5008
19499
26216
29684
32057
14237
525
345
17745
23235
16785
30249
16907
29522
27366
17245
6158
27816
28676
14050
12839
18609
17466
19353
24890
4103
7105
15010
14463
3421
18839
12762
31210
22557
12170
21410
9963
29264
29843
25571
2392
32191
30054
17999
18600
19543
9031
12777
24417
20434
17695
15815
1235
11412
20175
11030
24327
29651
17092
4192
4339
18683
20940
18954
30959
30289
11560
21537
13165
13526
16098
29014
13796
11118
15457
17222
5645
26945
18234
14335
20818
24418
4169
28864
10372
7599
12545
1537
25548
22264
12032
19635
4836
28771
24038
201
7558
8206
4968
30967
14373
24311
24992
18362
4316
12825
19367
28056
18596
3800
10342
169
3273
24223
10153
27990
25759
26056
11637
13409
1905
4540
30620
18982
20154
29275
16782
31520
6295
25246
23154
31150
11901
9338
24950
30999
1063
29704
7267
31180
25299
21988
7284
10990
21678
9427
9576
1296
25741
8872
2774
574
1501
4200
30657
5950
14557
4524
21612
21013
16139
24391
15983
16846
29659
3369
18187
2934
7599
26499
27579
20587
19204
11052
32011
18903
4073
7492
26541
15735
14262
17943
5066
12193
16122
21315
20118
30341
10677
25886
29223
4787
2504
19282
16263
28893
18857
29898
7944
30942
3931
5842
15063
3580
19358
20345
10196
25706
18787
18234
4257
20497
20866
5596
5881
28817
13999
28311
24388
24194
23979
22392
31336
15871
5559
28679
8673
23141
21838
2854
31252
12120
12051
8252
20192
775
4873
22419
32375
30129
12290
13823
1644
10857
2394
11201
26381
27926
5348
2730
20722
31165
29989
10116
20694
18691
9152
10925
28070
1517
8242
21509
27864
4331
30399
13834
12542
13333
13228
11330
26267
27828
5807
4314
29493
28164
6820
30092
23211
16696
9601
25542
3785
9919
29836
26632
23834
7366
6348
27789
28413
12030
6077
10031
4091
29599
1096
7813
11864
22957
9201
2638
18920
11386
29779
4882
17700
28780
9417
13574
19581
32000
22639
18993
18417
30735
17481
32717
2779
5712
32193
15088
13839
17695
3415
12395
38
8572
6548
13298
22551
24663
15935
638
5640
3083
25556
3056
11875
15144
11058
32759
6955
9333
16788
8755
28561
13365
12482
10651
18882
1706
32649
12060
5892
27608
13928
28546
24065
22667
7308
25756
866
26779
16639
31131
15520
22127
9244
24252
9495
3008
5446
16423
10589
12191
6361
25622
15569
21946
27233
29753
3447
13019
28426
30298
10755
31409
11352
14397
20019
19155
5912
13002
18786
18178
20119
10349
13147
19118
6161
702
25451
21436
11884
13149
23994
2695
14886
7200
10970
2853
1421
17009
19873
21483
16686
20977
19252
32051
27791
12898
31077
7772
14113
13507
1855
1043
28016
7100
29662
7121
18077
829
26501
14501
9742
27491
8938
5428
9572
27291
30932
14078
31405
19209
1512
5859
3803
5931
6848
13029
22646
22969
3134
27951
20109
5328
24096
23639
2034
13392
31700
28896
23207
32643
29581
5123
3987
19967
26518
9134
32377
973
10727
28622
9771
6346
13814
7370
5371
12110
31951
3919
13683
32268
14183
17747
21318
4409
13101
16468
27781
9969
19683
25825
8982
10966
3500
29532
25187
5370
7782
32254
3407
12287
1337
27
18542
2684
24944
31400
13429
6051
6536
14842
11503
17185
12167
10448
24370
31814
12176
21652
19858
31846
27827
1758
4820
19583
9
6202
31206
19995
15873
24619
15821
19320
5621
26224
1502
21223
4097
14725
29233
24946
23828
3693
19539
8385
11591
3503
12347
15423
16494
29087
16767
4472
25837
23006
16584
16325
22734
30756
5508
23340
16656
31293
8154
18050
11073
21842
26339
30930
19791
22122
30487
12803
30619
7216
1285
25268
27983
24055
10312
19307
5874
9211
17078
5871
17209
21738
26586
29682
27168
15523
22693
29171
9786
28733
26464
9571
22597
13131
22501
22279
10498
16990
4111
17053
23876
9932
11375
10434
12358
30640
19776
14355
10305
11314
12189
4499
6462
25353
26354
27725
18985
17214
19121
7226
28712
23090
27718
100
29739
6882
10572
7244
14019
25194
11777
24713
17975
9672
31735
26291
15061
11491
18701
9343
11654
32460
19102
23083
31909
25411
16632
16413
21265
7549
22288
14279
9601
17444
10868
973
6680
23200
3968
19306
3642
3989
26069
27920
11933
17580
4359
25678
21923
17303
27030
18167
9191
17487
14880
7553
1813
10400
7380
6827
8960
4328
19754
30306
20718
11804
16849
28646
10550
29963
8937
15145
19214
5863
28787
23928
22174
25345
27910
15708
19801
30164
8387
27075
19596
22853
2187
23643
22071
31273
17775
15167
7197
5896
24679
24021
279
3104
30279
6390
17581
8365
24560
5712
3303
14696
10947
15113
16993
5198
30044
24997
29342
29090
1148
27434
11422
20021
9286
27522
2995
4837
10671
29984
25744
23908
10288
18407
18595
17979
12221
26439
21413
18446
9979
23465
30575
11297
5550
8973
14863
8219
29552
5361
6683
22794
20137
15733
3397
26536
24507
29630
19760
8669
23677
12184
26242
17796
8171
25183
15931
14450
31260
22303
325
2484
15476
24058
12875
6169
22042
18122
18895
497
5292
28424
7287
16915
23858
26349
31656
7717
29009
29142
17494
18967
5314
26093
20507
25841
9986
12038
31878
13007
1354
30919
15541
14377
18625
17420
26918
6744
13553
27529
16842
26966
27255
23474
22107
14022
12799
471
18672
7732
29552
13972
7887
8861
11620
10088
4994
1330
219
932
8749
31065
9520
28807
14622
23029
22604
2215
19366
17383
7961
27282
13863
14805
27193
6838
10351
13609
29433
15486
2628
18525
25728
26302
3648
13943
9549
5969
26336
9167
21728
2561
20951
17432
20918
30374
28072
10654
23419
31378
3443
6605
9596
12589
32527
2803
27995
16349
30554
12103
27142
22825
6349
12585
9961
31517
18516
1195
8035
27888
17500
29265
11895
16356
12845
16149
9925
22382
5498
5550
9912
15511
26166
5394
32000
16546
14506
10298
12611
13039
11205
2853
1295
11807
4531
8479
276
16505
1713
67
25232
29580
27167
22079
32010
30486
28118
2647
25667
29477
12221
16557
29290
17788
4503
8895
32399
11832
17183
4401
22362
12212
12887
8909
22013
9641
22045
5320
7527
22426
1791
4166
22970
2671
23120
26913
5120
21856
13179
14822
28186
15892
32664
289
23288
24586
20285
9179
10000
9017
17047
31072
25864
17907
31673
17478
4790
15887
2867
15530
2635
13639
2791
4029
5067
9439
23320
30848
10945
21640
13764
21963
19504
16515
3124
24980
24780
11017
25297
28014
5994
23787
7993
18512
17334
22902
31890
12696
5412
2457
6687
32079
14889
8778
22544
19887
17322
18981
30367
1506
23733
16982
11096
23053
10863
5818
8376
8333
26701
6465
5114
18561
5255
11415
1326
6536
16586
8707
11659
8396
23342
11919
12294
28479
871
15209
14372
3364
16447
5513
31500
18130
10564
16532
20192
14004
22717
28928
19533
12437
14819
29050
11873
29210
1870
30596
25757
15504
3502
11107
2892
15336
1723
26424
15891
24320
8303
29037
30920
1317
1138
13906
31367
9429
29654
17672
24323
20425
19204
5023
25115
14387
502
20091
430
6980
31911
14076
29103
13553
16328
21854
5756
8439
23989
477
31083
19740
12199
2333
27558
24760
12075
28618
19258
15733
979
6523
7786
32083
6443
22237
31049
4591
20718
7949
24968
26884
9594
30789
9356
14898
20610
21435
21443
25086
18947
24774
23353
28187
13177
6979
26214
16104
850
6455
1867
25145
1187
23478
21437
2906
32538
9987
27904
19537
6964
9720
9623
29796
22191
23720
14683
14299
7491
11844
19403
1287
22925
31291
8355
10883
4684
5285
17072
12986
26575
7650
3298
6313
1454
32126
18851
14823
23737
1112
23655
10722
14638
31236
10628
19051
2351
6509
12357
19829
26482
16575
2873
1049
15931
22660
19153
7902
5767
13837
24106
17208
26506
32019
32296
6734
31324
17566
20164
15616
13808
806
10919
8489
26437
1528
19703
27681
23008
30684
19825
20103
21625
15093
8888
19773
19957
6632
7916
7091
28308
5185
6783
27497
12652
18962
16708
21679
14870
19164
13769
15536
12967
19379
32487
23726
17889
2206
29591
20111
2475
21821
6407
17049
28095
8366
9966
17018
675
28848
9756
9611
11482
6153
23893
6741
6235
11302
95
26965
66
32258
21850
21756
7878
6729
17488
15098
22891
5308
1293
23228
32120
8919
24369
25907
8364
18865
12419
14808
31277
8997
11656
29933
18369
32303
4181
13061
4928
24216
10657
11718
27722
8150
2078
5614
27189
16174
10762
20116
2633
4379
27904
28081
15920
26099
12309
9694
16040
25032
23584
32095
30331
2956
18009
30305
6577
22393
8486
3200
15620
12464
28465
11148
404
17953
11454
909
10460
7850
9020
24068
9445
14467
6937
22644
30905
14297
24539
10273
32027
26809
19053
19224
23925
6192
17846
19055
24850
2225
368
29134
21645
1462
18232
8239
10122
23210
9697
5601
4771
12551
26382
25555
22950
6588
768
24591
32253
17873
1708
17285
30061
12877
8209
21770
14596
19288
17608
17824
16460
19101
9949
8696
15557
21746
27613
32053
10642
6971
23088
14579
883
651
28841
3720
15603
6029
7260
15753
17123
20771
176
913
9478
26188
1461
16701
14094
15179
8375
28795
15815
10758
2835
20485
31891
10668
23369
26664
14102
6554
13395
19658
31538
13184
32565
16555
18230
26815
25302
7659
24658
12054
28174
10189
27983
126
10240
10682
10620
4690
31402
1929
17388
1971
11194
8957
16094
9003
22435
14991
25469
15248
8945
9582
7626
30764
5593
4293
21718
6170
22037
8764
4916
18675
13039
9153
5038
20651
14235
7304
1591
3765
14281
31568
8481
6254
2683
13801
21136
29880
26388
499
9775
15077
6322
2792
13089
6360
31678
18781
9787
1126
31170
24452
15472
7170
30586
7926
16780
31386
26925
7087
26406
700
317
28762
1999
25853
11518
6096
10896
26011
21444
32731
23188
9569
3136
14655
10017
29131
15372
26875
24525
24683
21892
24268
24814
14731
10200
29939
1106
30228
30047
7480
2608
21679
17454
16175
3679
18985
7402
19386
24006
20764
11226
10703
16404
23756
30784
24699
2481
29519
9706
8743
2548
13041
29956
7451
10646
18134
29744
13632
19814
3809
6361
2858
20799
32469
12739
29781
12087
30906
26599
18607
10010
9859
16767
10583
31255
5869
23389
9381
3768
8618
19584
23402
4376
22207
26601
2937
25424
32043
20651
9062
29234
25801
5186
17293
16954
3959
16165
20566
18625
30072
8095
31160
25972
26903
10970
23548
4101
23949
14397
7620
3616
5413
1783
12107
17825
31390
16860
3822
32516
10705
30065
14060
11292
27540
11330
6250
1800
10461
9596
18362
7524
6443
22967
15836
7100
12321
16916
21317
27974
3700
5512
22496
976
31240
28791
27731
23543
8534
6789
131
4506
11793
24233
7002
6286
27401
10627
20424
28051
335
25071
775
21383
4250
12250
26660
28890
9961
9556
21691
24898
23402
32231
21250
4016
4251
26663
5384
27778
8623
3467
11583
21498
32563
19579
12345
14575
32497
22698
9135
26562
25365
13734
24263
30100
23694
16302
16278
12214
3255
14019
23012
8033
18999
1
816
30120
11558
4400
24564
29610
9841
14999
22059
8972
9855
17168
2319
29351
5908
2658
16935
2941
11382
9674
27521
29170
20943
10971
32573
18233
13523
7305
4171
16140
13474
11904
20596
7584
14320
21178
14239
20952
11875
17744
12365
32697
16700
2704
28007
3870
30522
4945
19769
4780
20411
31619
28094
6921
6437
5898
22046
19017
1668
16589
22901
15273
18549
8201
5846
4992
11586
22508
14992
19314
3150
21855
25775
3815
180
12067
22726
15291
14123
19487
23276
23352
21293
17400
24069
10049
12120
11747
26435
28623
32020
20919
19180
29858
1910
28487
9821
1840
7524
4078
15183
2274
26362
5739
4185
6527
10797
239
31414
2536
17070
4469
30025
26375
20753
20562
26846
12546
25903
7437
18867
4788
10185
16752
11831
11613
18286
15071
17169
19608
11422
11753
16484
5774
14639
14365
17489
3178
5872
5151
14014
28429
22925
17403
6742
23554
30642
13752
28369
14004
24435
5681
2166
12766
10732
17952
222
3396
12836
9596
9466
23457
4920
10501
1112
25824
20917
28189
1441
30862
13381
16601
9319
17552
3982
18520
15389
1041
2391
19795
1127
6847
5868
20214
8853
28727
15044
23022
29801
8125
17762
21956
30753
20529
7545
15465
30129
18494
21331
28690
19793
4821
883
9029
3895
18394
19578
1844
16550
19741
23623
13387
29223
9099
22626
261
2839
5286
9627
15107
28257
21554
21230
30303
23693
27185
11178
26430
14074
30994
13523
31140
2151
13350
6596
7053
30392
6739
19480
27961
503
18700
23243
19399
13466
31616
17565
27141
10500
2578
18871
27527
2126
32266
145
13814
26182
3466
12819
27819
7864
5059
16635
19068
6125
22888
8318
19926
3698
16739
7730
27405
19994
11720
811
14575
31814
12551
20580
19359
22372
24421
6753
12705
4022
21677
18451
18225
7509
16930
14588
21465
14197
6329
5780
9794
20714
9093
21738
8779
15852
9843
9870
30040
26391
21815
26543
25836
11701
13958
17537
27515
25920
18310
7905
6009
1571
29571
30524
24759
32193
13283
23725
26607
16312
27740
10341
21662
31847
22372
2128
17681
8366
5865
7414
1219
756
15683
11935
31974
24943
25191
15802
4928
5535
6493
29311
27448
8476
23028
12244
15665
30610
12980
19821
14358
10762
22292
15672
8502
22379
24045
8184
9811
1600
17455
3375
5621
19387
2003
4674
29188
25594
28432
11480
4246
8074
20434
17539
16134
18986
27496
26530
6982
28369
12924
20358
6006
7410
1353
28627
23477
4862
17416
5417
31287
29227
17323
22276
10647
24436
31438
24801
31087
13792
31467
22179
13607
11784
2509
22580
26890
7891
28487
26735
15775
15237
19237
15166
7478
29432
1891
12031
22465
21544
15005
29997
14565
7158
3783
11836
17489
20517
30
31940
3151
2985
2142
21474
22168
24609
2614
1244
877
28834
4345
20483
27363
10678
14486
31966
9343
15012
20938
15748
27906
13298
5780
24906
7814
28457
746
6814
28362
9176
9642
23603
26571
19931
32211
4447
20116
18653
14325
13761
27734
17692
24550
4134
28091
31084
23223
5293
19576
13951
15590
12842
30498
16227
20693
3785
11074
2892
24955
30708
13739
21652
7514
2422
3339
6400
9649
20448
31425
28485
7666
27179
17902
21963
20342
28320
5327
24240
13680
5877
30794
23824
1312
30649
21958
30596
1609
18162
9024
17384
20452
30212
10651
20578
15638
8916
16696
15775
11872
9262
15559
20064
27414
13668
30301
4150
14098
1336
12998
393
28841
11260
20252
22751
19166
19704
27800
20827
30678
26380
3753
8324
22412
6295
24387
31049
32454
23191
3450
16449
10824
30481
31311
21815
29255
16051
10186
5605
21024
16824
7753
32256
22602
4108
15383
2165
4745
17584
9024
13811
2661
24673
14756
23721
26075
14196
28491
9553
82
30469
16120
22893
4049
1360
7425
26320
10862
16735
18525
15457
16394
26086
12799
25628
23611
4971
28258
32345
17546
17833
25958
593
18143
14391
13402
26590
19513
32357
30298
7810
930
21095
26331
30123
14691
24501
4740
23093
11892
3249
2624
3377
1078
1930
19601
14309
4196
6753
22823
275
11591
2731
8881
1919
23082
2007
21235
26027
16398
27952
5400
8933
28319
23300
23114
13699
25958
27398
19585
31342
15679
1009
25496
17885
1550
4206
20646
29027
11438
7480
13195
2860
32042
8830
20169
2692
5424
31881
11670
11672
23234
22430
28719
25729
19247
4902
12910
28030
13890
24588
16543
1665
14777
7783
3728
22510
4344
15961
9447
31903
3327
10294
30904
19243
18586
28649
24919
17512
27863
22420
8299
19246
6589
25975
12356
2398
18235
4371
19567
9763
12895
19343
26759
12664
10953
26458
2381
26859
21598
8978
13307
14752
12609
23461
26582
9112
2047
10678
22019
25139
31241
28226
19355
32244
24168
4739
514
11141
13484
32532
18804
7163
17445
3671
16864
8794
15190
32276
5626
21084
25511
9314
27788
31854
15706
27595
1036
11004
6080
23211
11380
1262
31149
10713
4942
14707
28201
11913
5646
22781
2408
7025
3749
16269
14845
23851
20051
29744
14922
5595
15037
8649
13883
31761
16703
3346
31028
8433
5251
11230
14407
24977
26707
16801
19627
1954
8107
9521
29289
23891
8467
5070
24409
14450
17707
13665
17997
16596
5000
13825
6796
30200
16830
6331
10114
14311
10430
10131
20661
22366
9315
9414
3579
28975
4423
8530
30699
6373
23771
7352
30865
5799
23479
20993
29798
15455
23086
22015
32638
5659
6950
27349
29444
31155
14630
11450
30436
14764
7601
31737
21447
32604
723
18492
8516
4175
13049
8459
9300
746
31494
12176
29191
9806
674
32157
10870
8575
32469
11760
24569
3526
29398
2485
32410
4179
29469
1868
18377
14119
7871
11853
13905
7473
17147
31945
24202
6583
23824
12755
7888
32504
28242
8511
13365
11280
22141
29866
1907
30235
10313
32187
17957
11421
11327
32167
7222
15650
1482
1531
8601
14881
11921
22166
20538
18726
15364
23796
5685
15408
9013
14515
22599
23128
28394
26959
30849
7092
7152
2353
13636
23675
4018
14824
29801
19306
23818
9654
20160
5990
19286
14926
28604
8290
21455
220
7532
12163
2326
14150
31917
31362
7440
3761
26015
30291
30964
13128
23637
15620
7074
312
465
2791
12855
2815
4399
5875
7902
21735
15648
19048
25065
27085
410
7090
6432
11559
15822
4240
2392
3654
10843
11125
26184
216
32705
18479
19609
24240
24856
11206
8764
5834
24322
19367
20736
19849
9950
4097
3940
21060
12862
5488
11177
3585
2715
12761
3372
20352
30024
16533
24563
6268
7077
31185
7814
20525
917
22836
28160
32529
27698
22467
101
30700
25279
32002
28982
4622
9181
2908
20547
22740
7426
19397
20161
21617
8744
15518
17052
20462
11202
10201
29711
16496
12532
25693
26993
12730
29187
18092
9554
23538
18187
1219
2758
18088
18160
4418
23553
7444
23190
12748
1828
6047
4181
21681
13655
7846
17319
27082
20504
2682
27940
17061
28882
9387
11953
15842
28338
20102
28660
16861
32438
28892
7947
19086
6663
6405
27005
3757
7816
26405
368
25
23983
12718
17181
11130
3476
550
20098
15141
20551
20267
26966
8513
17767
6068
15682
11560
23024
17305
17998
4112
19029
27990
1434
5355
2767
30988
19534
3980
2548
7368
13011
18186
395
15880
4164
24425
18847
18555
1567
1655
25042
25097
29761
26613
9460
8211
26897
11511
23252
8700
25083
2702
7254
13544
28704
9123
15814
25795
5451
16934
13164
7814
27943
11113
9313
18357
30384
5062
8097
28460
4584
30088
10080
31516
1483
20233
1698
30801
8836
3095
9478
28342
21473
7836
19682
24346
14341
2686
6037
20020
3677
26821
29721
229
4821
9724
31704
19902
6475
32729
2497
10178
32067
1568
18330
18029
14813
8900
9624
3829
15877
27983
28717
8911
20714
19845
30753
14197
6833
12612
228
7015
9578
22959
26915
3183
27203
908
16793
17194
16123
28393
17960
22468
14234
2566
27944
25603
20576
17263
255
1671
29691
18281
30705
11088
12797
11407
32314
15744
14732
21437
26202
9826
27739
32557
29617
15788
7642
25824
13131
3841
21162
16448
22269
6330
5204
9987
18097
26598
11578
9554
23550
13711
24782
25899
31740
26944
29697
25860
854
9411
6655
433
14496
15663
6425
22407
14571
17699
15362
16066
4759
3148
25407
26404
617
14381
19161
22239
1757
23071
22613
20661
15806
9878
1253
25950
16371
12711
14304
13354
28572
21703
9584
7911
27742
8662
1419
29957
8698
1884
14116
23032
9509
2578
9122
27358
21140
14244
30353
26466
25686
14005
32151
25056
29030
6179
17578
15050
2945
19853
17025
27466
28469
26899
10568
25384
31291
2653
12184
32239
23558
7391
26022
21323
13468
19291
27323
26294
5541
19623
5860
31315
6593
28080
27882
2330
1567
31935
26756
11318
10828
31227
31948
28587
29256
12592
22256
23100
24287
8398
14634
11404
22582
21045
498
7043
3749
1839
13170
2547
24004
24766
3898
1404
26057
25369
6709
2733
20241
31473
7387
21611
27644
26616
29609
14999
11518
12452
17358
25579
6899
816
26664
20261
19379
10213
10862
30568
1255
26775
7343
6111
283
4466
9979
21155
2836
28407
7520
16095
25443
27969
29208
8754
9274
15501
22528
22868
6015
7929
26956
13309
13087
17292
9849
18434
12197
21111
24964
32705
27915
3738
26970
26560
6607
12362
2447
32657
20554
23890
12882
4601
7742
25143
23713
22609
10926
4289
32441
27947
28146
26550
9425
21049
12298
26601
519
3435
16691
14963
3483
8536
8376
3137
91
25823
1547
17103
18014
32270
20
28210
14581
1090
7881
7260
13535
3472
23295
29084
24764
11108
12415
10852
14276
6760
7773
27215
11449
10664
389
31842
31002
7411
32151
26771
27802
3716
26613
647
20689
5090
26906
21920
13616
10756
18477
4663
14138
11449
5333
24614
6897
23879
9040
14986
18319
15442
3775
14535
31863
15104
13764
26828
21099
1883
25935
7832
23807
30711
9653
23804
78
23252
24067
15267
20203
11141
16785
28241
1051
29842
15322
20840
28225
24604
20106
8112
23961
15295
5593
13655
27433
29629
26392
1079
11253
18776
15753
7512
9331
18559
26996
29622
4158
16557
13687
15428
21006
17679
30238
3888
8168
30693
14260
11881
16274
9514
32344
5471
26442
28791
19539
13834
5815
6693
25256
1837
31776
8114
28653
18396
14812
15205
8538
7228
8202
1845
18976
26506
11906
18152
5371
1886
29451
7544
29707
21553
6094
12730
17120
2845
13834
1601
20180
1253
16650
2177
14749
24117
7508
6960
27170
29995
14372
8178
32654
24597
13080
17460
31395
16765
30765
5464
4434
7523
18922
8211
24712
5065
9179
7956
28746
9333
32577
31975
15876
24562
20488
11544
16670
10712
19961
8347
7633
28749
24113
22891
31289
31948
12498
24946
10667
16933
26360
10409
8776
19397
21743
3712
28882
12856
13475
6784
7871
14572
23639
10287
16012
31032
19866
2612
4692
16028
12407
26811
161
30795
3821
24347
19330
25574
25759
7350
15838
21899
22219
3361
17159
16654
10368
19334
7314
26758
16140
25926
10855
21516
19124
12258
30996
30399
26537
13851
2663
9484
19255
88
3131
16428
20798
15433
29074
15085
32230
1994
8676
23478
18319
25354
12983
24517
15623
3564
24432
25532
23552
21677
13161
13660
11201
4040
6723
29328
28699
23318
19070
6573
2207
18490
15942
28408
20494
4156
11920
23401
4113
2164
17510
10414
23850
24234
29823
15987
28395
24699
14611
17633
18534
20990
7661
20580
17636
6056
21186
31410
23770
14189
14273
3337
14104
29992
6251
8119
23108
3645
2213
21216
4743
22653
6156
1148
24454
18506
20360
10143
32404
8699
11556
8445
25893
23170
4637
19629
16262
27467
22328
4397
18380
7528
31577
9127
2315
4076
8274
24946
25288
32148
18937
25308
24752
1453
4989
11047
14986
31793
20218
6609
4202
1332
17226
281
14119
32638
31775
1470
10512
634
24654
11274
28379
29519
622
13839
5342
30028
24482
14129
130
14729
179
228
14836
29131
12642
19639
32285
27305
16892
18322
11477
4333
1838
25147
26451
26173
3099
2847
29416
10491
10924
13648
13294
13161
32295
20682
21755
22033
25604
6138
28250
12644
32508
22145
16827
21153
28770
3381
24105
6136
15286
5992
16445
8176
2168
13678
17041
18438
13882
8281
29304
32406
30457
2823
7404
27647
25517
13407
10184
14083
16159
28375
2872
26732
23291
16697
32621
12789
21286
1192
12949
7271
4945
9182
6922
24835
23247
24503
14793
29216
12963
15603
24871
30485
2526
32567
21439
16217
27688
21846
20399
28905
1692
6863
23044
30186
28377
21143
24178
28048
24661
16152
30537
9278
25589
15225
29092
22255
5595
14880
25059
17876
32128
3189
23644
23102
11266
22505
9806
25535
5311
23608
29462
12428
21538
28394
422
1318
22717
20512
11826
14138
8856
15501
19500
28613
3273
24771
23667
22651
21829
4528
29640
14442
22262
28264
25985
17371
10766
20261
1665
9081
7834
9611
7271
30389
17754
12849
19718
21864
31440
13150
8726
5306
10391
28944
29992
21316
12534
19011
22496
4209
14517
10095
19550
21290
17199
30291
25085
9138
21673
4849
2624
23758
3810
16858
14857
6186
31723
8107
11020
14840
31545
10712
20868
24538
1273
17576
23076
14082
14243
25217
17489
32151
25554
12390
27790
13147
2643
27582
6968
15756
124
17751
27507
520
11967
30122
7780
15796
7551
26209
11937
6685
17441
5398
14309
18016
20071
4958
1801
5960
19449
18438
26159
29367
32325
21916
31041
2631
14473
18993
16026
10544
1582
31838
2050
6509
2904
14725
32736
25626
21435
10585
3755
28961
944
2721
13474
18965
8072
11577
11197
1118
23840
19801
26083
5783
13237
13337
15197
7476
7674
16693
23947
21096
17000
16910
25045
15686
30166
14834
30949
23590
19529
32669
9747
20042
11277
21504
2849
16577
5893
22081
7209
8844
7743
30978
20435
25600
13259
23782
8139
17771
20174
13393
28019
30970
5586
5232
7893
7130
864
22394
2011
19102
14545
29749
29634
21729
29537
28347
25292
21548
22405
18046
20533
10778
1663
1418
5225
10681
12847
21770
14196
28724
9004
15118
18362
12463
25875
25995
2280
30579
3359
9891
3882
10315
20218
1575
6815
15405
21459
3163
18186
541
1969
10745
25546
26447
20743
24952
2060
2700
26248
5517
14143
7894
14140
8435
10696
24911
6356
7016
3575
9815
12347
28664
21818
16885
18541
10365
24977
20344
2956
4711
10050
7262
21041
8377
5838
14964
32000
12116
25379
32063
3199
2936
30739
26267
27432
25992
13573
18082
7612
4109
16363
4815
19931
12286
1140
14435
25298
16959
13186
28168
7348
6759
22238
18613
26028
16070
19755
6097
19857
17831
16920
19611
25531
6098
30426
28873
25365
15445
28378
28783
25716
4484
21674
15139
2855
5951
11070
95
24528
11891
8025
2855
19826
29155
3397
235
29898
3113
3783
1966
18915
12023
9554
5992
12261
4003
21627
31401
1837
3299
16557
17024
24995
25045
9758
12699
20808
2626
15361
25263
1295
15395
22526
11803
10222
6756
26079
4808
13876
1257
1932
9811
15645
10703
28985
20590
14500
15348
21982
21891
920
29369
30695
29851
3570
14086
12845
7295
19814
8591
3366
31772
7224
11862
13400
29228
31313
18801
24596
8211
25746
6414
1888
9223
13928
10420
28213
15988
18849
22988
25579
26271
18558
15711
17905
4745
26121
15137
6849
13846
28840
10671
22803
15726
29427
15381
12113
1700
22211
26771
24396
7830
16011
11425
557
17684
2284
21040
18606
31812
12931
6707
2954
10052
2566
28766
16433
31762
27279
3117
9665
19625
28727
9001
15922
27501
23271
4199
26576
11977
4971
5457
10991
22551
1736
6056
4058
25024
19408
202
4364
30884
18163
8753
32163
9404
16472
17213
24593
25853
8237
15411
15637
17024
17723
17029
16106
7905
10685
19028
8382
16869
19058
8499
28261
27231
1009
9774
27727
26196
23101
17163
15287
30301
24217
2767
3870
77
10141
8580
760
21780
3978
20794
28325
3555
11483
28748
16802
17553
14620
31972
16641
11070
23039
4545
14614
18230
173
6200
30580
21271
21338
23417
8472
3127
21788
24852
14563
28480
16381
10940
27214
10269
17743
17738
27737
14618
10303
18693
4292
7494
26285
12064
21378
27164
25659
8324
32363
13411
19364
8656
13617
15443
6736
16542
32149
9465
2597
9737
6106
15069
19871
12908
15226
3553
21027
1643
3097
25196
31888
7480
23223
15816
5144
23567
1833
4553
20302
15107
5578
19376
14207
27389
19822
19022
22086
7426
29079
32621
24923
20148
27884
16491
22700
16412
32742
2600
19119
30374
18381
15395
13046
29037
12771
3807
9988
29369
11999
18828
17759
710
15004
31459
6886
4040
3091
14674
29285
20267
391
11865
16999
17439
7423
28980
11595
3924
9465
29882
18330
27650
15709
3205
6296
32301
3248
19795
2329
22055
16778
19628
13462
19798
3146
965
20608
8247
24840
22949
7636
27043
5579
6278
6384
25426
12540
21118
23461
3997
31771
31070
25997
12424
11953
11739
16031
12287
17798
2539
10240
23904
23059
27250
20252
9274
3642
31774
14070
8277
24629
3983
19388
13042
31437
30908
21663
32083
21964
32146
14306
25726
15028
6110
17712
575
433
3692
31282
10092
6861
10608
30049
21356
14179
1574
2841
17658
10198
19894
12527
2087
16770
21338
13125
9630
24819
24002
26908
22316
23637
8120
23081
25984
31276
9216
2858
4911
16454
12418
25722
14587
12013
25771
26339
30548
15457
5904
8884
8479
9349
13908
9492
17335
24792
12620
20374
28721
23719
10850
19982
10725
14721
31287
7842
7721
14316
17805
24612
2400
6230
10851
23199
27956
2126
18529
30255
31775
28660
10359
5142
24112
13230
18370
32269
13068
15901
18863
24536
30003
26192
5474
32541
8836
1591
25177
9590
19972
21850
30796
28869
32475
23498
9816
32200
159
4440
13661
8429
2261
32006
22949
8551
21941
26811
26566
10881
10798
32059
20681
26418
19242
23125
10635
31730
25107
32607
16740
21197
26774
6111
3079
28086
423
139
25257
13085
25541
6260
24678
26820
14463
12926
24032
20686
5431
15123
20521
7449
28966
26136
3811
11469
15520
31008
17829
18485
32153
1504
5281
20174
5481
10468
9348
2974
5068
8320
12702
9159
15149
20488
21059
21340
6692
835
31857
27763
24125
1566
3762
19580
17403
25758
24644
15313
18460
26392
7288
27534
32287
7844
27992
1442
12292
5583
14732
806
11091
31120
31103
15598
24415
20094
26557
27230
12492
1599
4256
639
9807
2372
1323
13138
21173
2227
13622
25445
8231
11429
13515
29091
24748
29330
28881
10096
18415
20489
5863
4342
12867
28069
13459
12217
23780
3644
20892
15218
29567
30297
2484
25882
5877
26605
26970
20549
16733
1601
4607
14001
11080
13871
26984
27167
5704
20114
22611
10337
8371
11515
23645
30133
1700
678
28963
29009
29763
28076
5288
22591
19782
12921
27383
10859
3512
10625
17673
9723
10233
13615
3816
3294
1031
21534
26901
26792
1019
9100
28967
16541
12759
26124
32182
30219
31358
25210
20855
15070
6660
12084
2472
22126
7464
15751
19375
11419
7199
14696
30206
15132
4756
4453
22585
276
30956
15067
13979
1254
718
1640
7318
27723
9955
6307
17081
23202
21466
23307
3031
2439
30384
31038
23910
20390
13870
15980
22309
2513
1971
26378
11778
6737
307
15051
11834
29306
3200
716
10434
23171
24520
12302
20454
27540
24415
17962
18224
28703
19647
24128
27275
7796
26318
22065
4264
24976
24415
14
19617
9270
18938
26064
29404
21058
26592
30025
25907
1081
30026
10330
27217
2340
23538
32103
5215
17055
28372
21512
31457
1837
4918
513
19418
32462
31462
13429
30775
11732
21443
29014
32618
8690
4222
19744
7766
30102
11938
10439
25963
7544
7634
3053
31250
13427
11346
28505
1867
14741
7370
2981
