100000
11547
25692
1511
22925
19255
12310
5334
10670
27216
4508
27663
2011
7804
6717
12027
17390
2558
28100
4741
7731
3781
15855
15044
15992
14645
6691
7130
8547
18474
26461
25116
28681
30266
5228
9587
30139
26683
24158
27649
10275
25861
14648
16392
30097
14969
12522
23816
19855
29635
22145
14376
6075
17627
3487
26583
3286
20306
20008
11955
9752
9291
11839
11690
5830
10184
18545
351
1031
14631
21039
20175
28404
17644
30338
820
1262
9152
18682
19242
18996
27322
25832
1296
21172
4318
3276
12977
32034
3555
24081
11811
25672
22074
27896
9712
31389
22603
23763
9332
1048
24322
18547
9862
25158
32138
3811
1371
26267
26712
22615
14246
7942
24428
26463
11780
20679
3539
2656
20120
5509
625
16709
21490
20123
9725
27506
4918
25268
21069
4601
28026
31127
28372
8721
28783
10820
13929
11204
27204
20287
2633
30951
29895
29996
30304
4175
15310
6044
19140
31042
725
8231
28291
21292
11752
23483
20382
5523
20932
23091
5205
3149
3897
27691
29093
25585
15826
13075
19216
23179
10680
30595
32668
26772
26836
14798
2078
30241
2868
12506
19128
28762
10928
11055
18337
21294
7629
1613
804
31557
20961
12355
20716
21558
4216
26493
25726
14075
13303
11486
19207
3234
3967
7183
12888
2372
3604
7702
8495
4923
19711
10794
1208
10896
13680
2245
14163
25779
22888
19708
25752
20591
6102
30732
28312
22044
19457
31541
14438
26647
3109
3019
31191
5999
15201
32138
133
24801
29392
5930
538
17927
1527
5427
25547
1740
9823
20243
6946
3875
27266
12909
3073
27897
15340
2229
2020
25191
28826
15098
21094
26669
5030
2050
20231
13404
8486
24732
15404
6482
14673
24114
8039
20715
3811
1950
18169
2038
5315
22590
1173
15846
12003
15691
1383
19658
27240
32102
27477
11648
268
15988
2949
19493
11200
7596
30239
207
2197
3566
11092
127
6108
28759
8607
23121
5260
6930
330
21750
11237
17009
14645
16484
22611
30780
20691
4044
25493
13641
7029
20429
21534
8524
12491
19687
18876
3313
20135
32306
3447
21032
2053
2128
22716
3776
25929
27808
6075
27960
22983
14516
11021
28626
12936
18950
27802
29160
25163
31206
31674
21379
20171
17847
5274
810
832
18267
30434
23032
27688
4588
8084
32242
71
18093
23095
16023
31469
30272
27958
8120
2935
8729
25987
1673
7704
29234
17791
15609
8666
29440
6942
16191
28639
28583
16710
1973
14317
15466
20601
19690
5674
1381
692
26098
13859
30078
3735
18689
10003
18841
15813
22585
17763
9227
17038
28863
23917
13393
4300
28692
27525
1795
15882
9123
7482
4611
11500
22166
30681
20730
1995
29166
18483
1541
20127
25299
16288
29355
31778
15144
25156
7443
1586
16483
10897
30067
15735
23708
1549
28620
20551
9699
3926
26069
29894
28631
10595
21812
32338
7029
24588
19956
25118
6445
12749
9524
28444
20795
9927
16412
15649
26164
22791
2838
5956
1503
21003
28986
25991
15431
24962
26633
22969
32014
20820
25439
25498
22276
6882
17827
12353
1528
399
8257
14523
22223
13951
22618
9205
4563
27039
954
32731
24397
27621
4618
5570
23125
18137
5702
24067
17897
27988
17522
22249
6205
27015
30601
17102
20562
11328
21431
4480
18890
24937
22727
30954
763
28113
30943
240
2370
31280
1899
1690
32665
12133
5207
31349
29548
2049
1921
24118
29609
23305
4206
17825
7703
1016
15932
24233
5864
19460
21463
17625
7825
30882
11376
9202
14809
9036
17451
28118
8240
16002
14616
10148
25667
27663
22629
4645
2765
2189
3026
12647
944
4139
15204
30631
14660
16558
30558
6004
10735
7350
32365
16658
16374
13379
29731
20253
23442
22135
23462
9838
17223
4254
10922
19779
28273
7787
2204
32153
24096
12164
3616
14045
30757
9794
6334
4804
6253
13233
1752
24952
19598
29919
28640
20724
28064
30035
11464
9137
3150
15067
17593
14978
25388
16011
4615
30140
17228
30466
13157
12699
12044
22511
7509
25057
5937
27348
24547
4288
28218
25866
29843
17658
1518
24326
10392
4935
27448
4314
30534
24311
13364
14334
26826
3544
29834
2641
18713
13146
19451
23131
19238
30449
17209
20693
27736
14779
27388
24427
11323
16227
29010
20672
27766
24133
8502
6579
3325
31443
101
20449
6279
21047
32621
26986
5443
22586
28679
10745
19910
11364
13734
24830
9800
27236
25680
23870
21009
22963
16813
14734
32046
16501
23646
26331
15976
23968
11663
5998
25975
20063
30928
28526
31090
25273
24096
7847
31626
9582
21067
18313
16888
6945
29047
22388
32564
31932
24569
13363
18792
28945
11629
25286
13860
2493
28165
2916
24147
1874
32289
32448
24174
10421
9248
8332
9967
2500
1142
23355
12553
21820
7167
268
27542
19930
13460
15940
29777
29377
2011
186
28997
17180
1123
30873
7813
25860
26864
5730
25630
13220
10771
10800
2122
30875
22014
2112
20966
21665
27287
22192
12070
7022
20939
26759
13448
9944
30757
18934
2054
25915
12703
25054
3216
10013
24760
19601
25017
28690
5062
21469
2993
20190
3214
10311
22387
218
26130
16276
20287
25753
19626
31886
21323
32714
31830
1028
10934
7264
31059
25363
8381
16625
14060
27300
561
2140
8339
25654
3880
7343
14640
990
13556
22856
17593
15243
9297
22586
12291
21391
6114
28402
10968
27739
24287
24090
10313
19850
8
14525
14661
9762
2269
18092
30059
8726
23824
26145
26141
30991
6715
12451
10198
23147
25551
26409
13757
23174
11084
27010
4986
17721
18616
15604
18760
31137
30538
26148
26187
13090
2662
6709
32037
25515
28366
2868
20164
827
19478
21428
6013
30884
23128
17845
12895
32655
16426
8395
1729
12224
3277
29564
29726
2459
8871
11241
12323
11239
9715
7089
19205
5843
17336
29458
19992
8246
25847
30545
10398
32027
8745
30812
24284
1149
2793
18863
12148
3919
5613
17012
8942
6592
19770
2286
14744
2492
2712
11543
11152
16054
22596
22152
28447
20133
18918
2458
31048
5196
25026
18379
27809
29375
22066
3939
10850
29219
19284
32343
31164
6581
21760
7277
14700
11022
21757
4257
20367
8869
2420
17863
19384
8597
24484
17011
28480
9376
24280
14358
4061
11380
16278
3433
2166
15150
794
26639
11318
19229
7939
31094
28640
8904
4427
4862
15714
10802
28796
17757
9644
9564
19489
3906
25794
30732
29051
24376
27664
22221
26742
27853
26367
2359
15579
11508
28101
8560
26567
26025
23169
19699
27996
9427
29831
8848
694
7790
26104
4532
20513
13801
12183
22251
9097
14029
3799
6563
10034
160
2617
5939
28841
10761
6100
32540
31738
24373
4661
25742
26403
32632
28522
26926
457
15928
28250
1302
1322
19207
11864
4125
2131
17679
25847
28761
1170
32179
9759
4579
32303
20083
29280
3034
9559
1552
32647
5803
857
12529
28527
14223
2069
16582
26906
17749
2992
22379
18432
10849
6285
14607
21927
2037
4473
10645
16756
7855
2086
14650
19137
8275
22491
17529
20784
20171
22633
11052
16190
3180
15713
755
795
16763
30084
18649
2489
15088
7803
22069
28706
26233
24777
7375
24336
4034
18429
28228
17591
756
27436
21164
24806
14460
31134
12921
22350
28173
32712
22434
15393
20712
30842
2562
20192
7515
32346
19195
22382
22407
12689
29790
22888
359
9668
16015
4537
29198
27718
29156
29288
12848
3724
18255
4277
484
3297
15421
14693
27560
13658
23997
8026
2214
26381
20197
22630
23094
5502
3697
7265
23715
8282
16302
31353
14130
21352
31383
30922
11616
8892
26429
21039
13676
30510
10348
18007
22549
7946
22923
12315
15781
14089
9156
22030
3118
8064
11877
10582
31508
20952
28294
26299
16331
10814
6637
19966
14306
31131
16686
25452
29761
29639
21782
28594
2479
19962
6986
12787
19095
8579
22060
30744
19979
26300
9214
4456
26633
7229
22858
20312
30461
28240
23169
2212
10888
29349
14562
21150
10112
19527
5789
25798
11576
19407
5689
23196
8193
24536
22835
18354
7408
27058
20968
20997
31458
19035
27828
18061
23742
15274
21596
23571
14586
18894
21929
6211
31329
247
9814
2818
7699
9043
4909
21506
29389
31548
22892
9875
23914
7600
12141
16316
18090
12545
16518
650
5683
3021
8239
11944
24277
16433
30818
25904
8210
26426
30536
28609
16606
16540
16401
32210
10147
31399
25379
19525
5000
13942
8568
27455
6899
7274
32577
5688
29516
5335
27088
21070
26117
30972
29876
18143
5847
20537
29222
1110
32590
28028
27300
11589
17287
253
14299
13749
17465
29227
18122
11450
4594
5605
17701
17482
9635
5358
15863
2894
607
5787
27020
3578
9312
975
13454
20570
24907
30249
17006
22318
7604
10108
28421
13048
31717
30080
4988
16723
26587
19911
4713
6278
9362
5618
28474
20825
16003
25636
29911
9000
1898
7095
12163
1589
32588
16942
15875
20546
20153
8299
15875
32608
13903
1059
22453
9986
6015
13710
11451
13141
31380
30051
11847
30420
13808
5891
7809
13847
6809
2804
16681
9707
18933
28050
32637
4008
6354
28161
861
4031
9129
8550
3501
8851
30756
5719
3067
29578
30685
15504
12641
8803
22633
29927
5805
29386
25749
23938
9664
6697
25327
11847
21556
8130
17801
14740
28994
763
1785
25904
2786
7160
22692
12162
11827
27247
1597
5377
1822
18104
12936
27116
9014
10532
20836
31803
23523
31632
776
4565
11200
10554
13453
5891
29505
24787
10669
4389
28825
15573
21450
10660
28379
17942
6705
25895
28767
1182
30625
23306
22631
4789
4359
268
22530
26177
10636
24391
8753
17487
6097
16486
11081
4848
8313
12818
30616
32070
23017
27053
15691
7646
32075
24899
23951
9024
18649
16573
30967
8901
22360
26456
8990
3497
4322
10582
31117
31841
6377
5620
8671
17455
23929
22939
29475
2803
11197
4186
20097
19780
28101
7316
27425
2751
30086
22006
6472
3231
31011
9388
16580
31375
9323
23765
7819
12732
25506
28212
1439
4653
19332
15400
10036
13911
17031
12766
9749
18668
20321
26309
31044
27893
12490
26434
25056
27680
8835
30118
30796
8027
29591
22365
5262
17825
20961
615
5621
15636
28366
16141
19967
21069
24932
4556
4729
6640
27011
406
15080
2179
30827
3642
3368
15488
8831
27424
23891
11944
24137
21049
25829
15515
13501
822
5405
16806
18114
17144
26790
12764
19438
28488
30838
27496
28305
31433
22519
12833
10486
25898
31844
2399
2021
928
13174
24589
30316
11668
27969
17152
30432
8601
23896
2439
27934
13984
14136
12356
24086
11631
2532
22074
18571
13903
32460
4134
31508
32517
32755
1555
2919
23812
2385
3881
21206
26593
10615
16326
5146
6151
30065
7632
11856
15788
29680
28489
321
25604
17321
22307
26342
29876
248
13398
26156
12169
11977
30513
756
19050
9912
24813
20318
19851
21623
24968
8775
32740
16496
2001
5904
30690
11692
14271
15009
9308
20212
6918
2478
25032
22326
32748
9273
28591
26922
6745
23129
23134
10804
23342
30265
11487
31885
20952
26467
32551
9374
19493
13119
13457
23980
10326
20182
32395
8634
3445
17884
30607
10411
32233
21230
27222
25256
30791
19736
6472
29121
6763
3738
6710
26327
31432
14572
6731
17849
11260
31231
7744
5261
7847
14022
4816
31346
21886
16117
16748
12643
8091
28169
32047
20318
19735
23944
7188
10950
4571
3210
4199
24071
2739
8312
13945
11896
6309
8980
10904
23173
1664
25017
15166
4877
11447
20964
19337
9225
1904
7924
14827
4207
29401
17710
7971
9558
443
24068
31084
18522
8785
407
6132
1346
1370
24954
23183
7904
31597
185
6573
10041
15501
11546
19082
25318
19965
7586
13220
31674
31317
23131
17778
18085
4054
20821
27475
8408
22779
15595
26821
10282
848
16199
5847
21179
26759
22313
5601
10711
28105
4579
18290
11293
27978
7849
9354
6880
24096
9991
17417
14029
11861
4275
9576
12238
827
3205
5031
19503
21503
5828
13446
2816
4737
19619
6136
17850
22115
15115
23509
5413
15969
2715
14287
32120
31712
11502
1447
9666
15561
28444
6561
7818
26519
5507
32565
31666
23983
25799
28167
17826
14320
15383
2841
1442
12684
9394
19007
29062
13590
31402
980
31377
16348
4840
4780
17300
3958
625
3657
16982
19871
27368
30034
4152
11844
28755
23616
11801
13275
15394
29787
16248
3574
12653
32485
216
17944
13949
149
32105
11975
14222
18759
18404
18658
18131
9201
15031
4917
32187
17113
866
30795
883
15365
32033
20099
23724
10739
7883
7782
26782
17547
32762
9016
12108
1618
14700
14797
25866
12768
9385
12703
18237
19348
16102
13341
13923
23430
13098
13893
12627
3005
20399
10356
5573
30371
27275
22653
18964
14773
31119
14841
13379
8319
24944
2271
8767
31688
16420
31317
1891
30986
13967
28613
13121
3621
30047
24626
26016
19795
4405
27597
25537
13663
25093
19907
29415
21010
29119
8282
23573
16623
15919
10044
23834
28192
21026
5138
10955
7599
31178
31061
26768
5369
5731
24417
14626
30816
21783
12236
19602
12609
19743
27381
3982
28710
18732
23520
24544
7996
16389
15937
27191
22791
16497
2774
5418
14164
21591
24058
7546
3695
7972
11384
18327
26775
15213
15005
19046
21935
7126
2449
22338
25398
29490
12007
25409
20601
26603
19058
5560
21255
5796
3674
1
32614
10270
3440
635
10756
32344
17343
723
21616
15611
3427
22402
31434
12532
32671
3223
21881
23395
22569
26039
25371
9140
30408
16738
20162
29963
5409
16759
1629
19174
12494
23803
5492
28926
23473
16150
6169
31342
26248
5982
23067
13334
6593
16217
30332
5698
28815
22844
2853
31111
2621
19449
21721
4846
17859
16505
18280
31573
15255
1062
30245
17937
2501
29869
24729
27352
9794
22786
30585
1759
11133
19364
28118
14655
21304
6690
10900
7837
5014
15838
28189
12298
4725
21009
86
2344
25341
11023
31443
22926
16761
29389
839
1390
16742
28320
2622
14709
8650
21063
25102
30195
15304
17452
16906
21820
16240
30439
2554
4430
13020
31748
22984
3252
26488
13318
20860
25258
22945
32683
3434
17025
11890
5746
12970
6725
17370
9819
8137
21662
1778
8430
5566
11764
1166
22910
27936
25814
26643
22703
11158
18845
23688
2358
3470
29004
1007
8672
22578
4027
30933
28886
1943
15605
3624
27679
11576
10718
16713
11110
4772
2073
4706
12030
29811
10536
14074
6179
27006
6357
23238
13955
19024
14033
25282
3837
11479
5020
26241
16296
18527
5284
21441
25879
21954
9137
28739
25819
16344
28032
11738
16714
14389
29614
1217
23167
1044
30169
18481
16546
5518
30209
10547
31594
17680
23604
23476
27359
16139
32106
4567
9573
31213
2478
16783
30454
18513
9598
26732
26031
23410
12917
16821
24462
18918
2855
8888
30074
28297
13901
29022
18307
13239
21794
26882
1644
7870
20748
8579
11878
12178
3199
3224
24351
26819
6942
23908
29947
5037
17700
3659
18337
5359
23043
30979
12730
25886
5707
13550
17909
442
8396
12199
21839
27232
25343
13275
10897
32322
16546
21082
7962
19925
29347
24941
27870
13513
2367
1643
25007
20542
22891
32135
22460
9525
22899
5100
5975
2884
12513
2060
1531
12175
32672
17460
18061
17395
8289
10084
12002
11908
27198
20575
13954
19770
13725
7934
17067
8679
10328
24521
29593
31340
3355
21960
22277
26925
14861
5783
9196
8642
19122
27833
25489
3568
12560
13358
11205
11991
25104
25928
20070
7788
8488
16826
8742
17706
12087
22514
18573
6149
24752
20649
5442
29344
24315
15032
31366
25023
6424
18733
7937
29183
10118
14238
193
22213
10083
18621
18816
32116
20692
4909
14373
24803
19623
4244
17294
12558
3383
8946
23181
8971
11920
1073
25904
32064
8660
21501
27462
13268
10206
14293
1054
10595
24356
16738
29586
26614
26850
3848
6212
26162
26997
23228
3880
11471
26628
27413
12355
28748
20838
6821
18610
29409
8768
27017
13805
17078
31854
19775
17997
10322
11173
12984
716
22870
23894
26286
17933
17259
4053
22584
17564
889
31930
27036
27254
23834
648
17252
12748
17998
20876
23988
22276
23408
24584
13274
3585
20328
27025
22055
7332
11299
32182
19965
32402
30528
25058
2090
30264
3852
19076
14708
12045
21425
12140
29045
21783
28842
16248
20394
17841
23162
14193
3782
15755
21662
8240
23116
10226
5056
14341
8796
29522
20525
2905
25037
3833
23689
145
2685
30237
5314
23350
3045
27681
14658
31315
10225
19988
2665
22047
2574
7547
14394
220
21636
10320
31316
12031
6150
29258
25636
2705
27015
17247
18778
21973
2640
32648
18073
8491
22096
11204
17011
6196
27827
17503
31380
10807
18102
18548
28989
4548
12473
7857
20213
32663
22933
14170
3195
27838
27697
3984
30974
22527
26448
31188
28816
29300
10157
20423
22233
32632
22602
28979
10760
27591
15621
13391
16911
24544
2924
11071
4112
20910
17874
25307
29202
22888
19619
32433
28409
19894
6644
22093
28341
27413
23390
30648
17081
2684
24077
13118
4783
11072
276
5236
362
21557
8707
27770
7708
4118
14268
20862
30153
2342
3970
14209
22779
2072
24659
1630
10680
23084
10360
20744
17841
25244
2394
4627
24764
23350
5527
4470
25476
2122
17749
22415
8831
25542
1239
20839
289
928
4430
2616
21840
16244
6129
7724
7959
22895
19279
19048
26782
11883
25316
15945
25178
12635
14571
4589
3969
13802
31348
1526
5825
20063
7606
28810
2865
16580
4774
31646
16776
22343
25033
6261
1421
4064
11590
19555
17358
28468
18495
15063
31637
31418
22625
4249
3352
7708
13754
13391
14320
32736
31947
24646
24012
2375
1759
2415
23911
9589
15515
14248
6583
31699
30421
13117
360
10674
25002
11183
10888
16177
5578
15284
22148
864
23575
28286
29267
17317
20335
10816
26353
12895
20677
9199
19983
6346
375
16454
24329
24611
14299
1548
10264
13836
8731
1433
26569
20529
2884
22935
6829
4908
30361
9478
4434
8358
1325
12930
8819
4287
22961
6345
19820
23216
28298
2168
24816
12463
4647
10005
31230
21268
32145
6994
28433
7865
14659
11920
31640
23206
17469
10147
16293
2286
12628
17109
26601
16084
11980
27437
4576
18482
11304
6385
16457
6684
4673
31081
29657
22720
16790
17382
15408
29840
19171
24579
21772
8868
5621
16683
9149
13401
27324
7003
10457
4671
4258
21801
14896
24114
30747
23302
6402
198
8829
14272
14448
9705
15379
5707
18481
27843
7276
4288
22406
20193
8441
28838
9328
659
5592
17521
27424
23698
8426
28232
18863
29926
25387
4107
3087
4871
17475
30869
29762
9539
7256
30270
21193
18271
12327
12964
864
7297
13139
31660
8680
78
17660
7619
2981
21327
6804
13162
169
26265
19694
3569
31120
19117
31640
7042
1390
1437
14955
28258
17414
29808
32096
18804
20541
23496
30374
22015
11982
27586
6897
26288
5438
15134
16404
27619
7443
32160
2514
32030
14145
31157
6385
7134
29669
346
12433
5015
29237
29242
17852
6902
3255
278
11582
6761
5554
21610
23479
15329
14307
12878
27630
10199
20336
17818
24424
5005
20258
15949
19770
1174
1486
20784
29467
28056
22548
23222
23741
2129
16972
10535
5470
4312
14014
12797
6042
17957
11281
13967
28547
21460
28679
7148
17139
2342
4711
31242
13345
329
31802
9760
21107
8409
1849
15440
3475
3238
10631
27785
24261
32184
2460
3756
7288
5776
3713
16877
11290
7601
16451
7037
1585
16735
3234
10342
16552
18599
17417
18102
4966
21919
25283
6623
2854
7407
31339
7774
24194
13968
20388
8347
6480
27604
11
6928
4658
9895
17514
16302
24169
26132
9007
12412
14314
23563
10012
11138
2484
6241
28223
11749
5728
25880
9509
21075
27898
14305
16971
28321
8207
23775
5589
13491
29447
16046
386
23197
29109
28580
27872
3591
9773
22614
18876
14038
24790
12126
15581
19721
18112
7772
16114
17888
6711
14395
18888
23620
29080
9398
26048
14435
20579
9498
11137
15003
22162
22093
3562
28057
31273
21519
74
25538
32527
8576
19668
977
8476
31458
12109
2242
9331
29857
2056
14576
16402
2960
15124
6266
5799
2678
4020
6890
12709
26825
9231
6169
12952
1721
18729
2125
11958
27249
23314
19365
26806
25241
26974
183
23781
12831
17364
11895
21366
10551
16235
17755
27929
20384
18290
15292
24016
1065
3854
18816
18942
13685
30441
1782
31169
6139
31529
29441
22146
32080
15775
9337
26315
12457
65
10958
15448
31900
9179
25070
2160
15910
32513
15721
19062
10482
8520
20179
19643
8408
22198
2923
25494
19621
32630
5369
8887
17946
4048
2557
31928
2871
19545
8453
245
5305
5735
4959
11166
13793
23752
6896
31754
10615
1204
1892
17742
28687
24319
11912
27919
25483
32147
15347
3220
9185
32030
9196
10271
16670
5896
15752
28798
18091
4008
18451
17117
3023
21687
24497
23262
28022
24581
9541
27372
21809
12906
7570
3788
12669
31488
2977
19572
17224
16015
19042
5921
25777
4937
27029
2212
11536
17592
4587
17660
5686
29684
29801
15402
1782
2073
18702
15937
26340
760
8373
5565
8028
3597
3645
7189
11718
21426
27366
31892
11033
30865
14846
6500
27806
18783
28606
18156
8695
28872
8047
20828
5215
18853
21712
133
27443
8565
7356
3567
6578
32523
264
16677
23041
16772
31659
9812
22897
11132
9505
4884
31237
11906
8721
28038
19759
2760
5165
27039
11227
5919
4697
12483
4014
17699
27664
10134
4496
13747
15364
17935
12648
29093
3589
13774
19238
6839
7204
10927
23815
10440
26392
10655
788
1864
11745
12718
19437
9965
2219
31590
19140
22439
10996
16987
2732
32471
4337
19716
18196
32188
7214
9929
3470
23597
25462
16477
11478
2958
14834
27214
5391
22013
12692
24027
3407
19916
7351
18437
25182
20788
21247
2793
29371
30279
15751
10572
15328
29479
28219
4216
19655
22134
18050
13383
16813
9229
28961
12669
11542
10737
13148
27226
4625
8578
22877
20848
21437
28918
16858
22195
15884
8454
19699
10959
3015
23271
12889
19646
3539
636
693
5529
22450
16586
22600
13998
5452
4780
31438
24020
28144
12232
31401
29691
6294
24001
1851
10759
1383
943
1172
18399
16511
4556
9293
29120
29169
4463
1459
22488
7947
28991
8489
1040
4316
24992
711
14889
1012
21874
6215
7690
1387
31483
5666
5208
8485
16673
14326
4424
17747
15581
24619
18865
32573
748
23254
31334
30016
18888
18397
14786
16914
26582
28765
1924
5454
481
2888
3805
15660
32199
13651
20168
32143
3442
8207
7322
22598
26122
15445
13530
10891
30569
25576
20050
17360
14288
18006
25446
22972
22488
7455
9637
32112
29355
27417
20382
30222
3699
19219
18677
9340
275
4537
20662
21605
3350
18104
8680
7809
19172
14626
18022
16407
12860
13075
3050
3008
22494
4245
20331
22381
13192
15809
4777
2987
548
24615
4102
14374
6208
12144
16535
20844
14526
16706
2171
31732
17357
19556
32107
2143
21016
10019
31635
1277
4157
1268
31904
2195
28288
14170
25883
6748
30913
30218
15349
23373
27307
29262
99
21661
21551
14759
4588
3973
25136
11190
24255
23109
8064
1884
19531
24167
16908
21281
3594
27719
22611
9426
24221
8147
27421
3182
20254
17040
26473
9796
8370
3806
25767
6229
23645
14460
6951
32511
7451
24142
7890
3293
16428
18782
12824
25065
28591
7458
17705
24035
15218
23805
30056
29175
13321
27399
8476
13722
15389
25617
25449
17077
1031
31972
3200
7429
25501
17610
27154
10433
1612
29008
29706
29822
7528
5961
12667
23121
3263
29974
27095
15411
17780
12837
30307
24489
17163
14264
18407
11428
24256
1768
29866
21413
27933
12265
25245
7974
22987
20111
25047
29750
13737
12305
19265
18019
27419
1550
30611
732
3237
19149
8831
14039
29112
15049
3627
30001
5579
1901
31461
16212
28078
10012
18195
30046
10011
26228
19304
4480
1679
7892
18270
12963
22359
13851
29152
14930
8686
19379
582
468
7302
14031
17799
27288
2533
14832
5034
19927
31346
4014
14718
3956
9104
13493
10891
22567
16682
4878
3912
15066
13711
29344
911
18771
23425
21238
6477
23572
16008
4674
29566
4479
11661
1442
3417
18494
23459
26275
455
6370
808
14852
26394
4810
16141
5052
4860
16455
3698
23613
23205
13821
13942
31483
9042
12685
30285
2600
22258
2929
16787
30658
4386
39
29919
14288
6235
5265
14492
27625
30570
6556
1556
9205
19233
4896
718
7224
6221
1543
9754
7308
15848
29106
23786
23789
22415
30872
8163
4923
9270
31792
12212
3644
17690
12306
27559
481
26871
26713
30325
26826
14203
10059
7519
7947
4347
11836
13690
6705
30310
5551
25419
25216
11639
12479
147
12671
29998
16317
5228
22967
24192
13851
4501
23479
7502
6024
20235
19547
26004
12381
28377
28750
10467
11576
10032
12494
18449
21990
8634
19887
3375
28551
25900
28835
443
2540
32027
1464
29975
15428
21520
32034
18234
5368
29662
23099
19366
16595
8243
13256
22681
11622
32622
2430
22152
10923
17840
4805
25545
20456
5686
27323
24720
10198
3814
15740
30492
26627
12839
23201
29746
14197
8950
20742
971
18576
26423
30673
9738
19002
9288
2223
28784
29756
2524
12129
28499
13035
24327
12920
15244
13833
26005
6492
6257
26342
1952
29587
11779
2506
866
9536
13160
3735
2375
23786
7579
21675
70
5759
9826
26116
25714
20377
16256
28071
29644
20735
17964
27970
7516
12655
2755
30224
26240
30107
186
26877
14979
29041
10966
523
22641
20127
6047
13044
21290
23639
530
4369
22454
3151
27286
23162
11736
16653
15409
22127
9958
20833
20988
5366
28375
25907
28884
20934
29598
3966
2387
32356
22199
18845
22014
14220
7423
13254
10688
10706
4296
16084
664
10633
2605
9033
13454
484
4515
18835
16619
16219
4305
1934
11689
31056
1442
22347
28969
24307
27544
27408
17956
2915
20323
17055
31716
25878
16562
9659
5812
3194
5705
10217
21653
7644
14419
6516
27186
19082
25850
2483
3094
3380
9014
16014
6173
32152
22498
17727
29480
1887
12565
86
28437
2113
23471
22272
19695
6512
14130
27016
12129
2100
31700
28446
4465
16850
1746
8408
5483
14003
16646
22006
16410
30914
21436
13674
29758
6422
8130
8344
16955
2257
10942
15194
24591
328
30404
13639
23942
14180
30760
14389
26801
24136
7569
8188
13972
15667
7759
24445
25631
23720
751
14051
25440
3789
7180
7977
18678
22290
23400
3805
3529
29970
17211
31779
6392
5822
24522
16380
9747
30136
32572
16072
23435
25597
7081
31242
9574
3015
11125
28524
10295
26290
19420
26883
24654
12317
31181
8915
16684
22227
19708
27030
26938
12779
26931
5817
15802
31980
6632
3496
765
24373
19477
7755
17622
668
23108
28880
9040
32086
24297
24236
22428
4887
245
23772
1357
4473
28328
23409
11208
19362
31399
15947
19445
31009
3918
21285
5691
31770
27719
26834
13484
21155
25180
27589
1404
14189
393
11223
22968
13735
27990
12101
3124
13343
19300
14072
1222
15275
69
22538
31665
31943
11920
20101
4452
22655
11317
28014
3685
28816
25103
20482
24456
714
18872
12351
8804
5048
32161
1702
22023
11395
3938
22336
1001
12308
6222
20447
29983
2937
14411
7078
18385
17802
30433
4043
30958
12748
14992
5532
13854
19093
19047
30144
3065
30321
3538
26816
17526
15557
32436
4294
2470
11698
437
16548
8354
316
6366
13335
20674
12716
9315
7501
19215
5426
9663
11174
9723
15055
14598
28600
16720
3698
14455
16533
9831
2146
15953
1616
14490
27611
30953
3517
18939
22780
1272
18809
26695
13793
16953
9258
30229
13068
22068
18440
25683
28425
20820
32669
8179
32081
10816
5064
2018
21616
872
19208
32570
26467
28382
28151
28600
28228
9320
29973
20592
8745
24019
17351
1215
28745
19850
5280
10114
26720
25447
31454
5765
27221
21448
7480
21055
22298
5350
3543
1468
18645
18018
25506
19162
5693
14113
30910
32440
9542
32090
29269
14956
20736
21741
30103
17396
26300
14327
11775
2927
32370
26019
2264
2190
12895
19267
18943
3141
31218
927
24042
23238
11241
24716
3305
8623
27576
12993
29612
7810
1578
17383
25862
2391
330
14063
6384
6093
25476
17064
19665
11334
30216
31377
14589
1364
1647
6636
32635
366
27553
1299
30731
19176
20982
29967
32103
34
4763
359
8138
11263
6712
31798
24751
8856
8911
21632
23515
5682
17640
29382
413
30830
9195
17368
18005
31680
14797
26091
27443
18722
1518
11243
17473
15882
9026
27411
8100
18073
2480
18106
12831
10261
32439
28272
11480
20377
31063
585
24671
30987
32047
4473
4332
16975
12515
26401
24552
32442
13248
6505
28335
24266
30371
3791
7829
16404
7190
28095
4647
14717
9149
10851
21427
14253
25841
9916
17674
15809
7338
6386
15492
7744
4770
11240
29509
16465
6583
3604
10431
17707
28561
25230
8056
8652
16262
18534
22285
238
19642
27707
10104
311
1931
22537
8590
9136
4652
30019
22731
32376
30863
29986
31314
1978
8073
4924
21808
3292
12081
26200
14305
10745
31881
13185
18197
21906
13920
30553
12724
21632
22902
6576
26143
10797
12258
32597
11449
22788
24497
28204
19366
1830
19664
30593
6098
23391
21036
23708
5941
9816
5655
8598
6230
11278
32238
17003
25358
8578
1272
15951
26255
12979
31378
27974
2212
9417
27529
21487
31291
26771
15048
27040
13600
12595
11571
1208
1803
25368
27858
24881
19933
28461
18226
30069
18727
28240
11016
2419
9452
4358
10520
17393
8616
14189
31829
8740
32144
17778
23882
3454
796
1859
9400
967
24771
14856
385
1391
11781
3278
17860
15907
16815
11715
3914
7070
15707
14249
20257
18114
29238
4997
29830
13031
774
8855
16137
14195
26475
17551
31723
26538
13412
3582
13003
7368
19990
17163
1409
26189
26313
27239
18251
21657
28468
3203
3879
20920
23546
29440
18815
31871
25716
31847
3339
14808
7857
22554
14068
28762
7355
16010
4661
8733
28444
31147
3655
22732
12449
20901
18685
6139
32606
12749
28589
18875
1778
6611
15248
22892
13
12092
3435
28883
18735
787
27759
2925
31922
24540
27742
21506
10250
13258
16112
124
2124
27442
29813
8186
28653
20286
12219
3873
14796
15590
20786
1714
28019
18460
23886
30818
30874
8007
8749
11750
8685
17139
24698
24141
6416
26055
31633
11666
18399
2231
29924
19058
18682
10107
13981
7803
10113
2367
29061
17510
19484
2460
4644
14502
15167
28103
4394
30785
2220
6664
8973
479
9273
15214
2804
27936
25555
14786
5332
3123
28355
1465
31448
19365
28208
5997
14855
17526
9957
12558
6689
13426
24661
14805
27849
20670
15580
17722
18409
9906
26440
6759
16211
32486
14744
20460
24996
30352
16644
20404
31854
17165
17213
22328
27542
21437
10485
18418
30714
17940
29090
23573
2391
24558
5247
4987
12139
1059
29396
27871
18006
21852
16248
16204
14918
31525
32660
18389
11859
15683
2217
16263
2728
26951
8149
3484
13796
13923
7762
27121
32192
7037
16191
955
29425
19330
31395
117
15440
19453
4527
26397
9528
23016
12355
19359
27439
4289
18356
20114
3785
2017
1741
17698
11210
23050
4883
7501
7307
19263
26445
21075
27807
216
31556
1383
24245
32725
6344
3755
2496
25971
499
6747
20822
3581
19634
9800
15702
7653
6016
29577
29902
8467
31605
16493
24604
13437
24448
24244
13907
28152
4337
31230
31200
30285
17722
8835
10349
2448
26870
28677
8709
20909
24618
20739
2937
20292
7115
23088
12291
17591
10369
10787
9770
22401
6827
13648
15333
23497
31651
3639
28163
32310
7235
32219
28362
16390
28840
118
32735
31066
22837
31339
9062
21972
31963
14716
26729
32612
6296
5693
22142
27487
26686
18888
15524
32210
3190
19379
26479
30485
4612
19519
613
24483
32333
7890
10407
26152
1302
10408
26836
25564
19342
10181
16426
31504
23695
26158
20718
1030
12833
11608
22542
15366
30784
3553
9734
27310
27871
20350
7936
29066
300
7477
1599
31205
8214
16844
6333
13534
15884
2177
15123
25022
5640
5627
16026
3720
14285
19841
464
18130
19309
5738
28669
9428
11789
5588
9238
30911
19436
12441
13025
31312
23458
27007
24666
14500
24230
28591
17494
15438
2835
29033
8806
4007
684
1781
30974
8549
31517
18909
3030
13679
15236
27737
28049
22512
4911
25867
19613
1706
11687
748
1882
1166
26606
32135
19326
2953
2822
21861
17592
20640
4018
6344
7827
3647
20353
24732
23966
2254
18183
6570
21450
16774
19822
28175
13331
19331
25902
25324
2402
30490
2584
32352
5298
18284
8345
2483
22130
26171
27197
17364
18219
2557
9074
6150
867
559
11919
11478
28353
24044
28692
24400
4722
24766
16435
32370
15050
14772
5520
23265
6191
12469
19782
32475
26419
15891
13354
8813
25600
16483
13651
12262
3321
17549
20954
27787
30878
5151
17886
6540
17072
32231
32459
8503
21654
3264
18140
9324
3328
8364
18911
31825
2762
7715
22329
1094
7971
10155
1321
16412
10990
5545
6481
12929
27496
8311
23154
30655
31244
28854
12151
30887
948
2534
12213
18887
31488
17204
2161
2788
18939
17042
23458
23204
18172
11789
31737
12938
28875
1883
10783
16167
13829
26036
14142
2191
19394
484
12482
32523
22388
18589
31073
16397
28691
26385
29528
10089
14967
1472
8184
193
9477
9615
22626
27969
1677
21275
911
20877
9331
9292
28051
24568
25613
13357
9250
4855
11085
4347
31827
11221
13472
20604
9636
2472
23061
16017
28222
27779
7106
23055
7291
30957
25956
5067
422
3986
22341
1012
10754
19769
5731
2470
19981
18166
26574
2235
26885
22177
6994
14821
6316
2950
2390
16634
10825
4958
10244
32142
30959
12159
31658
18887
257
2639
26208
7021
19702
254
6892
15169
8026
13685
14050
1680
32277
31881
18448
28423
752
31861
16664
11465
5461
3975
8543
22207
29014
16153
21542
21807
8178
27331
2807
25233
17555
28623
5955
3742
25562
25837
1865
30633
1951
15912
2617
11826
25652
27929
24474
30393
25322
20827
21993
24016
13783
3391
7299
21108
22742
4800
27845
15005
9166
31929
20081
13844
21048
2133
31571
901
9179
17095
9765
15317
31450
16188
10417
22453
6897
26894
23861
13176
28156
17979
9995
1313
29113
15893
28297
30913
13006
14395
5159
26368
30990
10183
7903
23033
2296
22217
10714
21579
7808
1525
21832
3692
1299
13464
16016
7745
28885
9425
17321
15596
32045
28669
5575
7910
29827
16243
24379
4685
17736
32114
148
22399
18487
4695
10507
26599
15323
531
19998
7959
6482
32221
18042
31255
9808
15908
3102
24829
26727
14536
27070
11966
23941
1929
5989
27460
7614
4800
2655
27585
19019
21581
31830
19778
28115
18128
28091
32135
12778
21788
10088
17938
3544
24040
32643
3454
21147
8136
26021
17170
14383
8540
31291
10390
20492
27079
13613
28261
241
7523
24510
21956
28640
21172
26036
19826
31337
13210
16824
15489
9772
16074
2303
28515
10650
15742
23082
23368
29179
16748
13163
11176
19125
16117
29674
19995
2507
6048
3175
28785
26020
10438
8992
9471
22542
12943
12021
8503
12930
11037
19914
19068
18346
20998
23085
1332
20000
6152
1080
31262
24697
12024
29113
17893
16002
22012
10641
18166
13257
13818
20058
32143
18271
25168
27725
12825
6365
20934
24162
21944
3749
25536
3768
20768
14698
17849
5688
13738
4339
19692
32630
1191
28187
6228
12503
244
26141
3799
16889
16079
27406
3519
16463
26088
21931
23401
9996
22971
15445
12865
3651
15390
15194
30702
21836
32278
4726
29897
19561
29423
15258
8084
8617
6540
24299
20841
5389
4091
18446
30192
14314
25932
16547
3029
15246
15780
29711
2425
4902
31885
16511
31208
27872
27024
6442
26124
17996
774
24022
24096
8200
29483
19357
14182
5276
23412
27377
21021
22179
27171
7902
31662
23084
28184
14735
16678
11615
23786
14868
17896
17508
32566
5986
29348
15488
14135
15515
4227
23169
5527
6800
9380
18525
12421
29317
8140
22038
28936
15924
13913
16864
19091
22804
29816
19334
4313
20186
25240
5898
24546
29504
19999
8844
19039
9990
2651
21356
16955
28215
15803
24243
28530
15278
3903
4271
26918
5592
18477
14302
1264
30908
15878
14094
12404
6456
6328
705
2360
28045
18709
3542
9910
7966
17284
26982
19119
18804
21238
7149
27587
10886
6172
29610
20031
10295
2264
22600
7990
20257
1009
24509
17875
11921
19722
10867
24301
13778
1237
19109
5852
30383
29060
15117
21899
28979
11136
10428
28879
19635
606
5193
22775
8719
11791
3629
29605
15156
8278
4718
6364
27621
2687
18299
26201
26556
27471
9303
23847
14699
14647
16890
32110
16200
31948
23541
21644
20745
28540
17492
12646
29387
29305
20168
29440
14682
29178
30470
9548
17324
2211
18026
24640
28078
30529
15584
7467
8260
17595
16644
30281
25226
6726
23432
1173
4193
12247
16854
20446
23079
23774
29687
1309
29125
8497
29108
26374
2287
14918
19195
11485
1191
6310
3972
17291
2563
18846
25011
9457
18481
10552
12481
14716
9144
28778
24087
30714
9984
29580
20986
14252
23573
9487
17261
26780
29608
12397
14163
9776
23895
16732
31445
22528
13614
19271
7427
21733
10861
25854
11198
15442
17291
3245
14293
31208
9084
26635
25710
10052
13360
21715
1448
16412
23132
23928
4734
23690
5756
26133
28143
26023
14105
9634
19291
30812
71
16238
12849
27253
27763
4297
25799
9719
27227
1793
11913
20148
15454
4497
23894
26140
23798
1172
27175
24918
3203
32640
5362
26000
27722
11280
30670
7827
19133
27010
21847
25498
1277
14339
9812
7780
8605
30824
10903
10376
2217
21534
293
4873
31974
24932
2967
3114
14940
22455
8384
22403
24082
26766
21136
3157
31513
4168
19256
3611
203
29539
1423
29537
22101
7150
25781
20185
20339
11073
28406
3756
24187
21483
12273
26126
10141
12268
1529
29973
22889
18213
24251
8907
28305
23052
10017
23938
15601
17572
29303
13671
30156
3501
7373
1370
31577
30231
27804
7677
12158
7357
30636
9995
8155
2640
20276
10988
13066
14737
14148
134
15141
28612
28000
1877
4489
31073
17005
27070
8154
7948
3026
22944
31304
26311
12247
31533
28432
30055
20816
29176
12101
9284
24192
17486
29904
7989
1848
2250
18870
7868
24127
4644
21657
4733
10742
3402
20098
20469
10300
17842
1501
6504
18832
1006
4805
4379
10101
14977
8322
27844
14875
29937
28752
32063
4411
15645
31074
24194
5187
27345
18983
25555
3507
4504
3788
5177
1479
209
24834
19248
12374
2565
17665
20896
29178
376
30669
784
16497
11518
29368
21271
25155
5392
18472
18196
20901
27679
15770
14367
18078
40
18151
28992
11368
27273
18118
32222
1561
29203
14483
15482
1667
21344
10063
2461
24408
25447
5607
5902
2962
16461
15545
17225
6417
1151
16468
1325
13702
12285
17791
16373
657
15353
1662
4969
29990
3232
19856
31829
17461
13624
30908
22843
10890
17003
27341
10053
32754
32482
3484
2941
28063
26134
18829
31808
16845
14691
5724
7920
9894
27487
2330
11754
16483
21865
882
31416
30389
27525
26673
24711
28003
25191
30982
15067
28724
31693
16773
13441
22031
27922
13170
710
8033
5120
22589
24806
21439
28135
15305
24519
25293
1259
29809
24039
3166
18338
27725
15251
5084
32479
20401
8027
17131
21960
17655
24258
32585
10287
20863
24378
30712
2847
4083
847
11680
17332
7120
30754
23087
8240
22050
30489
31682
26444
26511
20437
1736
20940
9110
20068
868
16982
12569
20920
6676
12164
7193
9816
21393
29752
13506
31062
4086
31280
24487
30593
31011
29402
15182
27867
29796
4713
16111
30798
22350
296
13945
10138
25578
30478
16342
3986
20502
13715
11632
13448
23591
21443
29172
22278
15571
4241
31062
30911
23631
8045
4885
11716
14004
8985
20928
3579
21927
19128
953
23246
12089
17704
10553
11552
27660
32401
2964
16261
22712
23614
22974
10418
1644
27308
28174
6706
24281
12769
8515
30555
12107
9215
20165
22657
28441
23065
28205
20073
17728
4933
26118
31232
4427
10739
31701
19533
31606
29565
1368
677
20498
15871
16140
13086
10795
24680
27633
32070
12649
4305
8849
13076
28468
29966
27455
3614
32539
8579
5021
17677
7799
31289
23393
5454
24395
10802
24152
5387
623
9465
24491
24922
15598
26236
23137
31924
27820
25886
31525
29096
76
27145
26441
3536
5712
17345
29964
18693
6018
1791
14616
11471
20627
20924
3407
20511
20227
17548
29895
15169
1344
9773
275
18444
31250
25952
7365
21084
1846
27895
24368
19650
27466
32304
19827
3449
13033
1345
11443
26524
15638
7220
18855
25751
24286
12277
22874
12764
27193
31658
22316
5847
7218
20034
1050
1827
13895
20049
27456
9470
18195
12315
3996
18426
26154
4590
10005
23542
26437
29366
1724
11341
18591
30411
9297
28493
24734
28429
20745
9707
3766
22067
4494
9140
29579
14432
14152
21255
29781
14583
7899
2434
3465
10929
14321
186
14518
28141
14905
18223
27052
2375
11184
15743
26340
12395
7199
29657
284
11564
14820
31669
28226
24272
9206
450
19347
17326
7460
17440
2820
16636
1181
14544
20449
7394
14261
30825
32436
24274
16614
16652
1128
2588
30741
9625
6318
26301
30743
15651
32672
19576
3444
26274
3748
9257
619
29928
30868
4949
27702
22231
9500
1541
23951
4048
5987
2773
8818
5230
10221
13640
26917
24437
5568
31326
31862
21253
12997
15209
29508
14868
12146
29468
31040
32283
18854
14565
5365
25870
25300
3709
3846
27538
16740
11197
24247
3947
342
15539
16303
7731
30761
17909
21757
23634
4091
9013
32088
6186
24049
21526
15531
32146
30681
2878
24273
15750
19726
13228
14236
24092
1692
24652
9245
18106
12965
22985
12575
23687
16132
16035
2805
17183
1839
27009
6774
5515
31074
4552
29509
11120
5882
23148
30550
16006
21535
17159
21421
1100
6821
12072
14953
4091
29748
30701
32258
4280
8103
15316
29135
16397
5555
24782
13259
5274
16585
31893
17304
3336
27709
5952
2756
10047
11943
31765
14924
22489
21386
3230
8542
5590
2099
18943
24931
20113
20452
2182
9021
22002
818
388
12749
9958
24236
14171
7609
2060
25789
24537
20076
26802
5844
18628
9310
2559
18881
27318
4245
18545
6499
7723
17772
6539
16256
9945
25747
4551
20980
2368
20055
1746
11278
24193
30243
8696
1847
6771
24647
30429
1748
30708
11513
29295
15214
32637
21657
13848
24848
23546
31034
13112
23793
29144
29021
6866
15955
27743
28671
30086
18091
13634
28119
30655
15618
2676
14297
26157
4251
9790
18174
7798
3798
11663
17735
6184
12372
22675
25600
29171
16732
2438
26434
24341
27006
17867
2747
2325
22134
17720
9137
14772
3667
2997
9285
24865
11480
16645
25589
19564
4130
15075
20837
8253
14475
27985
29023
27590
24527
13613
20248
26614
2925
12549
16821
14063
7760
7212
11021
14267
11695
24589
5041
16954
7474
20416
18474
24415
18006
16859
23425
20892
12050
31883
13061
411
5051
10211
32584
9007
18469
14963
18027
9866
13323
5149
25499
18864
28336
15140
8156
24108
15815
28550
18437
5889
31632
2188
25612
29411
10309
20639
29572
5799
10932
21341
21348
11257
1069
20972
12554
6221
31646
20878
11904
8216
1021
30838
7165
19007
25062
11483
27311
6095
21638
10826
15543
25584
17847
320
13942
20
17772
13560
29959
24692
21584
27522
19980
27837
16810
25621
15534
18694
8324
10150
8159
11014
6156
10169
11746
3972
4922
16248
16654
25614
5043
19202
25039
30958
11246
18693
12781
20314
25749
14991
7441
6123
4398
13601
29317
30033
22522
23302
19515
22340
28957
11746
26385
445
24832
28558
20563
5223
12788
1315
3201
9808
28952
4181
6995
18917
29308
13059
31995
3357
8326
12555
7338
18932
23189
25699
17493
23323
9957
14182
32185
2286
15283
6507
1181
17062
9121
8604
11863
30672
347
21510
27281
9726
13947
15596
16717
28348
29098
22113
29223
18885
26632
27670
6362
10103
15823
29040
31494
6021
25139
32221
25393
18412
25228
25449
11531
28712
30902
5004
26358
31911
22712
17990
11461
3710
421
5998
8132
9051
5568
3656
8185
31162
32227
17237
10922
1372
23586
6255
544
2037
4523
14101
682
8742
23536
18691
18660
28842
19721
7941
3384
2516
9043
14862
22694
28473
17502
27268
30401
18346
24326
31199
18682
30053
30943
4722
24353
23691
27351
22920
31017
28117
4374
28595
22060
18819
12841
19297
29870
3734
24928
8624
10278
10815
24692
20868
10171
15255
17517
1238
31307
24464
25027
31823
25521
31020
17348
14613
14152
18925
13109
30949
13227
28300
4156
14434
19391
5102
894
12204
244
30803
19076
32053
12999
3281
9059
29392
1932
19201
7068
14603
21098
4856
17985
15551
6823
9592
7513
6885
10277
3688
4742
32427
14637
4994
4837
9672
17772
31564
566
32524
29243
16457
28989
5947
7204
1136
4967
18459
6561
22749
14257
24012
6950
11719
18630
9816
19554
32434
6247
8075
6851
3813
31248
14085
17720
18975
28889
20621
6458
7558
29850
1704
269
23776
4690
22890
18243
2053
27594
16269
13187
1172
23157
19904
25736
8166
14747
26689
2924
27968
7094
12974
27687
21581
28445
12825
18259
25547
21983
21850
4402
15492
13554
22441
6641
10368
16013
12652
2862
12921
31698
2893
24249
20879
6576
26512
12951
32061
32008
30115
7757
15756
25102
17399
27995
2950
2803
17423
25350
5614
16833
21719
27482
15918
12678
18230
23920
24977
23220
4326
13037
17074
9928
8580
22731
10037
24362
3555
32092
32180
2900
1446
32651
8188
31287
18190
25446
1402
31450
1296
28633
31216
2117
29611
22972
11372
27805
28280
8209
10875
8080
28035
32134
7066
25588
15449
4930
20717
26794
10082
12509
32052
28873
4977
23984
10490
18168
13210
1872
14095
28
20804
31061
3385
20788
23166
608
13607
31872
10903
27228
2470
6633
16616
7683
17432
16029
23029
13220
32289
18426
7861
11556
31651
19885
24109
6980
20717
32539
1348
1569
14639
28672
18642
16129
12593
6229
13818
32588
10821
2936
7354
30937
27003
10887
2240
15211
26387
22028
15487
4988
16952
25312
25219
17977
7403
22089
26881
20173
29757
11622
15283
226
18625
13261
20450
13413
11073
11634
14021
24202
432
22475
10761
15377
6240
1585
18097
28871
21365
23946
27168
16463
5274
29477
25972
17442
10482
21221
31510
17109
21329
12450
23183
3227
18093
18636
3742
266
9423
13393
4487
8738
21838
13249
31661
22667
18622
13745
99
19742
31781
7261
11520
31655
20654
1681
7729
25321
2978
8137
8084
30179
4755
15255
27010
12882
14299
16453
28972
119
11077
9403
32489
16410
25353
1444
32462
9935
4350
5581
16256
21368
30731
28109
4934
15115
13790
32491
1890
21142
21729
11580
9634
6784
14954
21772
29746
28433
17715
16255
10164
16948
12297
19064
15250
8828
3272
18362
25747
13158
27526
22350
4525
31454
527
16676
28443
10244
26514
4605
8111
14127
14489
32647
8296
5938
14142
22474
2631
13279
15260
32708
9823
2506
2181
17744
2092
10064
22643
2125
8741
16087
14016
32507
2196
11862
31001
6568
22182
8217
27952
18829
27070
10430
3761
12019
26383
1668
22904
29338
16234
26053
3073
20058
9556
20160
28191
2315
10588
8348
28657
27043
28844
15786
13586
26014
14813
19691
24593
3747
9232
13522
12833
868
27706
13130
21265
26566
5311
14075
21886
10306
11075
24009
19271
3210
8380
15518
32321
23920
26572
21610
8492
8708
19791
22632
3302
14333
16176
10658
24031
19291
30080
11191
1485
29002
12745
22236
9633
27208
2207
11041
17337
20362
27001
26870
12887
12188
22719
13037
14930
24137
4132
31937
24075
31674
31030
27544
18595
30434
13875
2949
15723
3865
11551
32337
7068
6406
18707
1915
19017
2755
26072
6525
8337
4924
6581
18513
7705
16600
20868
17716
1978
31580
29451
18346
15478
21772
31114
1986
22193
30483
16529
11675
28061
11556
28948
23079
2807
21602
17601
11567
10481
12669
5009
27799
19567
29214
24478
12516
3957
23942
21300
15099
12256
30834
25898
22315
30293
8257
6003
29038
2424
24920
1008
16108
350
3270
11144
8385
20292
20772
15227
9216
19841
23231
15603
17144
3001
16122
25309
19382
11092
14061
27126
4043
24622
27986
16169
16719
27024
25506
24600
8485
5984
12923
10745
25217
12180
10565
2723
26536
18412
4373
18408
15351
26593
5841
20774
28455
1753
8342
20249
13775
15004
4694
26099
29482
10763
17862
23983
4123
6160
14711
9378
17262
6865
15170
24659
12129
21289
4586
140
30819
14424
27133
2225
14619
19449
2555
849
30636
18997
4538
21499
56
10807
18697
23379
18595
735
16788
8548
16793
10171
20488
31288
14546
4659
8311
22694
12436
27395
27133
17260
20602
18415
1444
8318
21365
29105
27781
19101
5904
17975
24880
9514
12280
2827
18510
8765
10171
17427
29829
28402
18384
25210
27036
14851
5592
24558
23264
18588
25891
6668
26822
19818
8566
536
25041
13814
14091
29938
2742
25137
15322
20293
12735
31311
15895
4610
4461
22233
23548
11021
18017
12030
2248
13878
23676
299
8968
19050
14150
27099
16405
10026
22924
23727
20702
22077
20558
29633
999
5538
17624
18742
2194
7625
31278
3858
6046
6147
14765
22864
25837
22838
29424
20019
24202
13525
4849
12503
23786
31759
22128
31243
10354
32071
7065
29539
30778
6085
30433
2184
19985
14251
3889
17107
21441
20010
1350
8986
7572
6645
27224
19914
30230
21494
2553
15670
5917
5185
2881
28207
29703
838
11560
15061
31043
11082
8755
22444
25875
32280
20307
9971
7567
25331
29194
22065
10222
24784
29135
31248
9473
14530
24756
7278
30464
1206
28486
28850
29833
11872
22452
8796
19686
21109
1076
29153
399
25627
29859
5045
6383
9374
10091
1449
28267
17252
2474
20087
17313
14883
12945
23451
30445
14673
28170
29029
818
14556
23197
24909
11479
284
7828
31366
15
16390
30813
26838
1118
32418
11825
30116
18777
2751
8435
24403
12461
10469
1627
15054
6498
8843
3667
4964
20577
1162
30625
15575
27188
8658
22471
2991
27150
11867
6695
26580
23051
1631
31339
27996
14520
30151
32292
4002
24534
5091
12721
29336
18523
1885
11363
28254
20410
18032
8159
28947
25188
10069
30403
13035
12175
21758
18060
28801
18998
31751
6327
8047
23393
17386
20262
20765
18854
26738
10182
14294
31216
1906
9071
545
3455
30390
21515
78
16688
13882
22011
18511
20991
21146
30902
19401
2762
19402
23219
5227
24408
21511
31882
6783
14489
31501
3926
27070
22063
6539
605
2153
26926
4308
5107
21653
19488
13015
27035
19399
31821
26193
29552
28864
14393
23361
7875
17306
26477
25501
7174
20
12154
17475
15336
5675
23100
4658
10178
4330
29020
28666
31026
24450
13080
16241
29957
13469
17479
7080
27995
28656
17303
12061
3845
17935
8730
14898
7730
6790
25857
24030
26187
16421
13479
32419
24859
5019
23761
21440
22835
9287
8756
30375
2957
24394
4407
1713
3183
28897
10747
13585
29586
20466
3480
19719
4996
10212
4266
3158
16459
5300
22285
24567
26955
25925
23780
22799
2666
22520
4320
28191
14449
1405
25535
23674
19637
28137
28946
15869
29688
23560
9540
9978
9354
4852
1240
24693
16307
31206
30962
4755
25174
14925
17689
29519
10446
1053
2619
19823
27164
27754
31473
29622
11844
6709
9477
29788
25588
13702
29746
8379
6503
19643
21034
15691
15497
9247
2014
28112
9820
9150
17401
12754
30106
22392
27309
1358
31900
13653
4787
31147
18042
7704
21389
23279
30580
19479
18703
13619
3216
9289
28701
20053
16005
7585
16566
26604
3032
12954
10546
23937
11845
4372
20167
29436
32608
31838
14162
26460
4220
5524
16468
8107
31180
32299
1851
32305
9416
2250
9956
14825
5586
27739
28253
18993
31002
11619
29935
15045
30399
12686
12124
31726
4663
12687
27237
759
6384
32038
20111
20193
25655
17794
20775
9560
29274
25034
13956
7141
6921
16887
2444
16740
25346
996
11386
31673
13038
24232
26334
28095
30085
22563
5348
31105
24825
30935
23514
12973
28562
29177
2029
21829
19349
27080
30515
5272
12907
25118
13807
22129
4863
27973
12304
11918
27496
9483
7162
11859
10696
6169
649
23744
5236
8576
2131
27297
32085
24213
23598
30468
17550
14079
28403
30704
28254
11022
22657
6996
20552
23631
3588
13374
6514
1117
19831
2125
14924
19961
25191
4457
28529
17501
10234
1969
29650
19662
27697
18357
7697
24177
6250
26854
27947
27743
17193
6219
18522
13819
3863
2933
30266
29060
31563
8116
3882
1254
2249
31115
28405
16598
22856
14434
27058
21021
11065
4731
18408
23860
22276
27943
19958
30738
12693
17722
21170
30274
30743
31676
10577
15160
10495
23265
25223
1765
28237
26427
10478
28809
32014
20783
15532
969
3622
6822
21073
13313
21580
17668
22782
6619
4950
7006
27596
12065
15543
27880
29291
31951
13638
19372
13578
28525
10305
9090
26487
17819
2961
15676
28552
19694
14671
545
27321
24826
17032
5021
14102
24752
24381
2870
860
3563
8110
30402
10843
2885
17113
25815
23966
27695
22077
5508
25422
2881
739
9022
27476
6862
11167
14365
16318
9148
16532
9033
21604
26258
27638
25263
31179
21203
31764
29944
14153
2187
11925
1979
4202
6183
16641
22001
14739
29833
27268
19114
32741
19292
8943
15359
26724
14245
23296
21064
19033
667
2531
28559
26869
26297
13304
11076
20534
2321
20183
13873
30991
7395
9874
15025
30915
25966
10298
3357
16274
2566
13732
16520
10903
28775
26220
29612
27889
4425
23099
27171
5153
31541
70
17883
11187
30614
30743
29892
17441
1555
28560
9931
24820
8732
8749
24588
4652
1731
23945
31555
15586
25806
12068
12420
22316
16138
8035
29741
6977
24802
7640
16920
30173
9007
708
10517
13287
29522
18906
10903
13138
20609
27206
17069
6977
13150
28654
11316
24430
5070
14840
13644
4812
264
652
14344
19819
32748
5083
2922
10652
9111
20064
142
7255
5172
25701
16421
11481
30740
28362
7205
20369
29442
16130
10687
26685
12240
4702
14226
14161
10294
2702
29726
13976
7901
3941
22651
10525
32694
32220
11082
25164
6800
18522
12269
2133
27626
27698
22003
21969
26629
24685
31958
7848
31806
25035
8169
7218
15003
16388
32396
17564
25508
4179
5282
12686
17012
26933
30533
23050
3855
2927
27064
9112
19190
7246
16028
3744
19449
21810
22887
535
26957
19534
25619
31325
32478
15017
3347
8038
15078
25448
24971
1561
27071
80
6080
8437
13302
22407
24014
9210
672
24218
153
24519
32241
3780
32517
22528
23050
20078
23914
6386
26131
5106
19778
4218
4490
9636
32037
28194
23514
6931
9464
20110
25136
908
8801
13847
32650
21984
14717
7861
13073
3431
19926
7458
16552
6213
10127
24892
16325
31468
6370
5548
3199
19683
6093
25285
20201
29381
8199
6318
3231
14732
28985
17604
30878
14095
32107
13882
30041
5066
7100
13826
32009
8670
21335
30193
25668
25944
21154
31518
10961
29110
26297
1931
20155
16552
1818
18183
21924
26131
18850
17234
92
17755
21176
25475
23730
11234
5576
31399
10634
29900
31219
10667
16688
6662
14084
6268
32236
22150
32422
19052
19671
15828
17877
4568
25324
27849
17043
26375
18530
14230
29148
9814
11834
30985
14811
31122
16916
26380
31838
28838
29766
4207
11656
3446
25647
26599
17093
18186
26313
86
3587
18415
23422
24140
22816
27610
17213
718
21918
16527
19916
4951
13470
3585
20832
17181
31500
10683
24683
24981
26135
6526
29109
12857
29668
18732
20142
29065
25731
22500
15363
11088
18210
16495
4207
17960
26496
24795
11732
26688
12197
9573
4234
6493
20945
23197
26870
17951
20146
27332
29535
2182
11225
2681
510
22964
28271
6293
27988
4341
11812
13651
24257
21500
21609
21684
10577
23664
23519
20513
9433
13991
9231
15186
16195
23985
11611
112
14374
22680
20788
1910
15002
15590
19086
27869
18762
14952
8849
2936
12490
5170
21906
23965
29739
10979
17473
31109
26573
31786
17700
11509
28277
15241
27204
31774
3231
26713
20262
1987
17942
1295
764
7833
31169
21437
25373
32243
12224
15324
31155
1438
3512
15688
13491
25354
25962
5260
2323
30635
4491
29792
22071
32415
5327
30832
7596
13713
12104
13663
25368
3293
24046
2572
18545
8949
30847
5652
14958
3843
24969
31128
16699
16080
31940
16960
18801
27620
24486
10623
31045
27631
28722
2073
26112
24679
26129
8931
15791
2419
25059
13514
14619
16392
3799
23063
27131
23377
633
16626
14697
1365
20172
17188
10899
17108
31385
19745
13747
12913
21510
13893
20289
18199
20842
28254
28518
405
29792
9323
11701
28043
25371
19107
17686
25994
11257
7097
5122
25207
26458
1375
27894
23088
11186
7177
19233
29042
2013
31731
16224
1275
30643
15205
10605
19947
1757
21046
4436
9584
5607
6799
13606
11170
30101
20209
7920
21932
19579
10617
22254
10029
31432
2147
1533
6878
28771
15310
7247
32372
10553
24766
20578
17864
17365
28007
2611
6453
26161
21161
3759
9025
25803
22231
32618
24960
24572
3516
659
31926
19333
4576
10024
27708
5227
25351
22886
26789
22790
3579
31620
29088
26452
395
30368
27424
30099
13524
22522
5563
18702
703
20064
26192
16183
24267
7145
237
27894
18189
20454
23280
18497
6005
23830
18540
4077
8786
24601
30926
26051
12824
10791
9920
20183
22625
25602
32589
3605
11827
23849
1094
3357
27009
23375
28133
18257
27636
32267
20401
27435
12011
2769
1185
9685
12480
13601
9860
19699
18253
14078
5280
23235
31662
19874
19866
28777
21321
28272
8342
21124
10764
18474
31134
5125
502
25700
19784
25409
27609
32057
26515
11589
27998
23356
8723
2921
2121
20401
17742
12072
18174
7934
6501
16430
29252
28508
27127
24755
21578
4050
322
19464
11496
11108
24203
17263
15142
15496
11200
15664
2
21721
13917
2537
7790
3343
28556
25638
31897
12591
14224
7729
2671
31999
30819
25132
20835
31933
21406
14428
12652
26128
26522
18376
28493
32063
28629
1283
30746
23201
17559
17222
32248
9301
32213
23489
21028
4146
15701
24371
8247
16897
25619
1465
28328
23018
14052
20707
2194
18221
13913
5133
13495
13075
11750
22253
24006
6179
15939
18024
4057
22936
26387
10154
28482
28435
21444
373
3207
30862
28598
28601
14763
20113
1439
21862
17583
25256
28206
24702
15193
1044
4590
5230
7220
23745
17006
20126
6360
14968
11935
31047
19819
30806
30333
24709
4456
7293
8689
23981
17823
32265
32502
19680
17278
1862
11004
224
20878
26656
19337
10531
16704
19674
14886
24102
6634
27907
10105
18436
29965
1702
31151
4935
28633
6594
27165
10238
22003
30713
9766
22288
26997
31884
30559
29135
27703
135
14065
32720
20045
24377
4159
1787
9680
7911
22217
6622
21474
4546
29520
8262
31468
789
11324
3601
10794
17603
19770
31806
25194
12529
29225
22598
22544
29696
31031
7599
5726
12990
24647
19934
26610
24797
4503
6701
10384
23460
25503
29757
25634
7396
20540
30862
26365
6702
9997
26444
9062
9283
16157
8044
4181
23244
27587
20472
25977
2123
14535
21415
22651
31314
12742
27313
16263
10739
14552
18145
15625
18551
12399
7660
22708
1106
31875
13825
10697
6743
7916
8353
30358
1833
29455
6065
27965
27890
19644
12494
22966
343
32343
23264
32023
6059
2614
23026
27155
7010
843
13633
2753
3785
24835
19346
13215
25077
19053
457
26583
13817
7327
16312
12993
24669
12374
12085
15016
17099
8924
29039
28881
19210
9775
16002
697
12081
7263
9032
28831
14868
568
20850
27970
15363
27937
13784
27372
29620
8260
18702
31151
893
31983
20024
23279
18118
21050
29727
28193
7103
20459
3204
23249
30030
8342
19892
7146
18764
28425
21084
20530
12016
23271
19359
29716
16779
8338
6502
26786
7030
30798
15607
27610
32073
28836
22986
26152
30030
18437
14487
12589
6966
2480
180
15295
13322
29142
7070
12081
21092
23803
30422
31188
18142
18079
6126
25277
29899
6942
14051
2761
24357
24789
21165
32479
455
31878
29717
16245
19164
5373
4807
24918
18584
23028
20648
11170
24358
12853
32617
22294
6881
5374
9309
21133
29382
4777
28295
12487
3881
20620
21240
9066
26792
31775
17240
10054
21342
31068
12994
17885
19033
20588
23765
4131
3917
7807
775
13954
29321
3580
5181
25121
22315
6618
29337
13158
18320
8269
19347
2490
11791
2214
13900
30860
1511
116
3102
3480
6261
5104
12152
19561
6827
9624
13545
796
16061
2329
8826
23656
3613
17778
14657
21211
8106
16983
32051
26982
32293
25811
28474
19740
21220
24370
11656
17463
10442
14366
28202
3676
23414
19720
2016
6688
1723
21450
32044
13258
2640
8074
15785
4442
30153
11489
4510
24523
28870
14652
25555
13718
29547
27011
23971
3703
25360
17401
2387
13427
26425
356
28322
14874
2760
31085
23969
27146
32113
11849
23493
20404
2415
15257
26427
15715
4469
11407
1147
29562
10984
32083
18976
19708
10315
19365
24311
5458
10235
31427
7766
27465
31516
20109
22191
21851
30931
16871
22116
27439
4533
7263
15069
14435
14208
2832
13785
15496
27913
16581
15617
11374
4726
24930
22467
22690
16813
15488
32605
23862
20237
7000
17720
32448
16987
9698
13176
22693
23551
9022
7121
16536
31344
6482
18588
861
29677
4021
17450
24275
14446
31179
10840
23857
20442
3122
14435
30096
2170
349
3838
5546
27054
4479
23202
30945
16094
8619
22054
28803
20148
28217
23439
332
4744
13419
30505
31276
540
8017
12503
26699
18314
31721
32679
3147
28538
30859
7081
13517
27032
29572
8706
8758
27974
7426
16188
22451
5773
28720
21472
32122
20314
18337
18247
14419
22759
4338
31917
6743
2423
25515
7815
4344
4678
32615
13334
29762
25024
30005
13629
7009
30193
61
4240
6754
13117
20903
22445
3390
4945
21432
1487
5140
16473
10302
5280
25782
28787
26159
21327
5479
5476
23181
13283
1251
13451
20620
719
928
31507
9463
15558
8788
25196
10448
30416
18871
30971
5943
3230
32650
8976
8844
2330
31960
26649
23768
32067
31100
8214
32617
14648
20707
5453
21949
7058
25619
28223
20386
27383
23788
29658
32410
28141
13998
2032
644
13547
12220
24552
10617
19126
2208
22452
18165
16107
13390
28931
1591
16087
23981
21175
15338
12431
26195
23705
31492
1085
17040
9035
28911
12217
22191
26751
19687
2137
14712
25447
13987
28425
32762
28012
6199
670
30343
26403
16185
19559
27391
27005
6434
6917
27730
5950
3832
32637
9024
8880
17450
8332
10339
23448
15548
22587
31600
22889
11939
20402
32698
5560
627
3409
8695
2800
18231
10493
2887
11079
7584
6840
1394
17392
24163
22389
29809
8338
32732
12330
2353
762
32503
10022
4499
17165
20304
12197
2487
11008
5785
2978
21114
25547
14141
15340
12605
1498
28226
13948
31977
8710
2164
22278
7215
22213
29376
15822
14613
17821
10718
4285
19886
31967
19763
21172
28200
10641
22773
17696
29709
9644
19344
1999
28354
13960
14920
27394
32084
3988
6432
10179
30067
27978
14843
29304
31679
23650
18178
7097
28995
326
15429
13151
23103
29639
9381
25053
8747
782
7665
27604
24824
30165
26703
5089
1433
6871
1246
20154
2498
15748
10137
32121
4848
21242
127
8759
9385
29489
8177
17117
18437
29301
31323
28215
19565
12058
20246
5962
1443
26475
30349
15080
11010
11235
23455
897
15368
16800
9285
24380
3601
2324
19829
15430
26469
15614
15942
24426
19317
7576
5716
2275
23650
23570
15206
23406
30143
23104
27214
14755
25752
4752
20241
3460
24755
15422
26696
11863
11029
32715
14790
22705
30152
20395
4731
27860
30940
14654
27032
26426
22700
16897
5876
18290
16739
9478
27311
22827
23486
1185
26645
5007
32531
25701
10181
722
17554
32590
9490
28682
24523
20032
31401
15169
24688
21168
21108
7112
16732
31137
3263
15055
26837
10963
25242
23603
32270
22583
1918
2455
14320
8613
3635
29622
2330
24785
5360
32247
19751
12668
31941
10307
23343
18919
12342
19219
8592
14221
15657
22989
12014
21521
17922
8016
19576
1654
3596
10445
3437
9358
9499
21210
30687
2229
30319
11457
10936
12223
16092
9758
9466
29486
11816
15017
4683
13224
14261
4176
16560
1961
22111
15241
9113
17014
18344
7654
2078
26450
531
4841
24200
23795
27341
24347
15635
30007
3730
5464
32754
7444
25039
26221
10900
18637
19460
3813
28198
28780
621
22303
31065
12396
30177
22948
30053
25270
22522
952
21582
17359
31606
1071
21605
30799
5085
7298
23827
1685
6244
2082
6354
6329
19986
28172
28796
6850
15649
4254
19400
2329
5543
12201
15121
830
18294
20679
28250
30394
20800
25071
7568
30293
2815
27206
17934
4488
28563
15672
24935
16437
10669
25544
31071
13974
26605
12324
15674
13684
15431
12157
31802
10905
2731
28181
10595
13703
19173
16794
19585
25706
8642
3506
1132
15692
5492
14039
32395
26504
24887
14181
1943
2433
11317
2801
6561
11923
10151
25565
2903
18762
22590
24361
17539
9682
3777
10892
7124
24751
21495
20676
16865
13742
19399
8234
23915
15132
21406
24457
15586
23861
24593
17712
16683
11743
24004
25670
26017
23705
6538
1118
2394
27310
29645
5963
23979
28590
25393
16694
7662
542
2676
9966
29826
6255
26009
30334
12564
30253
21061
24069
13341
31097
30569
25794
13228
23737
20513
23151
15718
16526
24028
20688
6603
4615
17854
21387
29883
8468
23874
21050
28472
31549
27172
28863
32365
24211
6526
12759
15343
22759
29233
12275
2884
26427
18054
22595
14498
10614
26901
23571
29944
32348
10470
19546
21299
7100
22743
5008
10938
30443
26173
16833
826
4466
17102
24288
28073
32260
9663
14173
28293
12723
26665
22265
23901
30051
177
9690
23955
2942
25192
23514
21600
24041
17136
15909
24
18487
3041
23299
5296
21021
31594
14322
381
28198
14396
9720
17470
4264
23715
12343
27997
13047
15606
22722
14706
5848
27954
6063
25609
24121
18914
20590
6053
19231
2114
12633
7941
15327
4515
12683
15269
14225
11793
8438
17800
7874
16948
32432
30773
21609
9332
2446
4352
29468
19808
16116
8842
25220
26449
15339
16779
24847
330
13428
28367
21988
26915
29981
25215
32540
28903
8913
7330
20527
9082
11508
24291
5292
11391
9648
29589
11054
30584
29833
26100
27787
18991
5944
4014
4942
24150
25782
8098
14184
15978
1687
32231
12834
27101
7321
12560
32342
1139
15997
10414
26847
5357
20501
4375
9550
5861
23455
5222
6878
25593
26193
11459
32171
14379
29493
27621
2078
21896
10295
23508
26796
2824
18813
23796
14272
8886
32502
9535
2549
31504
6198
17618
29321
20401
17025
21419
2575
29997
25893
11441
19811
3133
6157
23028
26851
28700
26772
5687
17372
25648
24727
1964
24643
17645
974
6142
25254
16375
14172
3476
22113
22406
18340
18965
533
13583
95
21031
24662
3873
2795
637
4260
9869
1766
5648
21661
7881
4348
25004
28016
13718
11261
26799
28053
7649
16435
12046
21180
487
9458
27800
31747
28829
26736
1407
20587
14927
18903
27668
10637
135
6553
20434
22153
32048
29700
15774
19264
17659
2582
5453
20419
2306
27794
30823
17418
7084
3411
5674
19434
15568
27361
30930
30529
28957
6722
14360
14964
26809
8979
13561
19227
14632
25047
17080
13562
28272
25742
24870
15156
14202
30090
27681
22971
12732
18558
25691
31499
6165
32216
13661
13848
22776
28752
7371
10372
22477
193
5865
16662
23956
21560
29790
3688
31948
14411
32056
26079
27795
8621
17713
30432
7950
30975
5424
7745
5899
10728
3603
3582
16613
10343
26796
7470
21160
24680
30473
21557
30582
17302
19193
2362
18986
26993
9675
8412
25402
30112
5465
18208
32226
14472
25158
13486
30847
15901
13187
21566
13369
16120
2840
23629
6116
10155
33
12564
14888
10833
23062
8890
30432
3689
29008
23497
29633
13028
30921
5087
22588
30332
5412
23206
15525
31304
25837
3845
5268
29325
24097
22168
6284
31192
9457
10590
29402
6729
16323
17842
13248
306
19578
8317
20691
4321
6903
9641
13218
17593
20703
23769
7064
7048
31391
18007
22308
31764
11694
1101
6166
18423
8210
9273
26445
4269
22822
7323
31631
8940
24474
21232
30648
23603
2235
15844
21527
32422
19701
30660
30485
30489
17814
21810
16663
18795
14292
21532
4006
5909
20754
30447
31694
29698
30815
24583
22467
32162
22848
16747
12235
26682
2991
29879
21079
30334
32099
20313
9075
3937
82
1792
16225
26156
8821
14930
12417
26829
13003
29150
15477
26738
6048
11601
3201
12375
23055
20716
13624
32476
2758
1845
24917
5339
25609
27373
9191
20280
19706
3395
13745
32442
8727
11335
8656
29209
26372
11681
9630
26200
17803
12675
18391
20820
32225
20956
27386
15006
11306
25039
24306
5766
1856
16739
13814
22392
31920
6524
24750
10636
19974
5130
21911
3160
4939
25728
18344
16137
18123
13448
12342
12978
15900
18676
12309
30435
13403
29432
3072
21630
18873
8599
18490
2758
7222
10076
10102
25273
23981
2122
4341
3232
2833
25621
8686
31716
10486
20627
28210
13603
10579
14445
13328
17027
24198
4634
1910
16966
8088
782
14426
17311
451
17198
30808
26052
19249
21640
925
27973
775
25409
20739
17308
17058
25038
3453
5381
11296
13671
26294
144
10787
1721
26869
3700
23761
2780
29764
24742
22560
22660
3281
20906
5968
7547
2708
30122
18873
18511
27698
12741
23750
31304
20770
23977
26434
21916
24334
9060
22994
31718
5756
4471
6339
20693
23213
4908
25350
21793
12485
17194
10873
11716
31277
19527
16745
11110
11830
19613
340
26137
22271
28384
20211
16710
21912
11759
8055
27623
12647
30376
25364
12535
30411
7169
30908
11303
26880
20820
3885
14035
2883
7931
5933
8500
17718
1309
11028
3031
9861
16583
3980
30030
3530
26431
12693
20517
13998
19349
17868
13592
29521
25210
27884
1410
5357
6229
405
4633
18358
19860
29516
6617
26116
27968
21188
13630
1715
20949
29531
438
19146
27728
17896
8534
11868
24969
20660
25292
24748
4547
26822
9621
26516
16002
4196
20080
4648
17053
7894
24594
32406
4243
5485
3099
14161
27426
17860
20553
11118
3094
11590
29675
1614
11616
10736
31129
10877
10343
27736
22819
21466
8099
19183
5575
9464
26215
23171
1191
9157
6910
28680
22394
26985
9978
28567
16257
2417
6601
3255
15548
29741
4489
24540
27999
22614
9757
29997
29056
18420
2689
14474
14098
9343
22618
25294
16918
5701
14802
19537
17680
4875
26018
18610
7608
14327
8560
28627
2547
31406
15964
30756
10497
30137
17366
1573
7416
21549
15538
5414
24689
8331
23166
23889
9345
31461
25363
23275
19179
31298
7274
23255
20627
15684
10929
12380
15414
28168
5278
30760
25945
15694
25092
3220
10111
6362
2212
3881
21919
8474
6981
11107
469
8712
28423
30390
27992
4946
10996
4559
13484
25528
30168
28444
3097
5046
13906
25230
8283
25444
6444
24222
28571
6042
20968
654
11934
6743
18843
24049
3645
31332
12287
3437
29973
3636
8899
5312
383
15887
24357
6657
26563
14704
12739
26152
136
7083
6318
20177
7055
17362
19393
27965
27297
25562
7985
18074
6342
2810
29796
18820
25016
12116
11527
17611
15767
31447
21595
15223
29918
24420
29391
14857
12438
13871
16340
4356
23242
28265
9709
6316
25402
3868
19717
25102
15443
4182
7942
31040
9311
20361
31399
7402
3834
9010
2182
3845
17093
20921
26230
25315
32606
28568
7450
27760
16271
26816
5043
13495
27589
14648
30262
6056
4292
6408
16802
28440
28314
8021
27280
28425
29649
8397
21003
5932
30953
19782
31907
23972
20486
20641
16317
30477
31973
31477
22829
24509
10516
13290
9479
2633
10339
15714
26033
22347
8598
2399
21053
14947
12124
10017
24310
12412
3461
2958
29753
27473
9839
14551
1927
22063
5313
2393
19159
22524
27996
8641
26161
30328
25999
20084
28536
16067
10634
20526
5256
5920
30486
23528
11137
24056
20611
20992
7521
31266
23521
28820
24281
16481
17011
1326
27481
21038
9312
24999
30318
22968
29868
6213
18253
18218
20839
17191
29360
29484
11300
23267
26336
19116
22189
24685
32275
26590
18421
24123
2809
15489
11598
1190
5010
12645
7132
26004
11842
24362
30282
4948
13607
17482
23227
9929
17322
7258
11524
28875
12884
15500
4376
23242
1252
6521
27075
15028
32414
23069
12188
7705
20709
7203
13365
20622
6156
19811
9620
8527
6762
16042
26087
11304
32172
21433
2931
10645
26223
29840
7374
2600
13839
9196
23886
24875
23225
24334
15809
25223
26056
10942
17758
30692
23630
29072
1788
12562
30192
5990
30338
5031
15864
26166
12959
3562
19109
14349
5819
4336
32453
596
10541
5637
2438
9811
14766
4942
6282
10995
17421
9132
28729
17352
27429
26082
24155
18766
8205
22267
15078
1651
18830
11238
27412
32598
32730
28260
6841
5455
12410
24868
8148
11311
16009
28459
15460
13513
29472
10874
12925
16561
21009
7659
24218
835
9944
30301
19509
25575
24014
18192
30869
1428
32160
27986
14312
26515
21760
22364
28817
902
12442
12919
8387
3240
11594
17507
25167
13398
31372
29688
24762
6095
8500
17678
30099
15160
8799
19355
24323
13795
681
23067
17574
29648
5536
28469
32409
12404
7545
9883
21205
3770
4866
12594
7355
29256
10712
6259
4847
32259
25818
20753
8042
23509
20189
24795
32203
12718
11170
7141
5102
26568
13573
15586
14528
9264
14454
23765
23890
8066
10413
3561
19500
14067
30618
7580
29411
24469
19611
16931
27118
24279
27378
14090
11957
27723
23670
3356
17387
8365
13448
12674
11294
22048
32585
28719
29324
23994
12555
30075
13881
11843
10757
4877
27454
28730
8778
19455
18020
2841
4604
27709
1777
6107
27068
12078
4802
23738
12134
14743
6298
13885
21243
27324
11450
4466
20447
18632
5042
23416
28229
3182
12150
2625
14567
4049
17076
8854
31482
9377
32357
24412
23137
5511
3491
24085
25121
22212
5050
29866
4373
10773
20609
5223
16611
14809
24299
24135
31022
28533
16857
19570
781
2296
13106
5380
20668
12795
26934
10768
3474
9164
17935
31461
27187
4299
9641
23183
30983
24339
15812
12193
12011
30301
17480
20786
23590
9506
20440
13606
12702
24832
9897
21423
9804
26207
28565
25618
20717
31572
31083
22191
2554
22982
3210
12348
27099
1231
31406
10833
30552
3428
24841
15657
6736
2617
20630
30375
9901
18143
20650
17047
5015
28207
28620
2103
13032
13292
22214
16629
31968
16804
4604
27771
17435
27351
1277
1513
26047
27740
15448
24161
18938
15103
4529
201
18604
9583
22035
716
18016
19800
30344
26402
7553
15308
20199
29970
10187
5351
7918
10549
31743
11955
21904
9084
13275
3913
9872
13940
20041
5689
7759
31689
471
21804
10211
4618
4967
23496
14696
26539
1319
31444
6811
14160
12740
17053
31141
6473
10203
16536
16948
20056
22961
16456
27344
10171
29987
4962
11373
12390
30688
9520
22588
31633
21461
23859
16327
15474
14313
5388
25405
2892
20715
9629
23050
31656
5832
20331
10667
26594
31234
582
32449
5608
1373
18477
31844
6463
18396
22380
5561
5703
6891
4103
9671
19135
6366
26715
14726
32651
22426
3331
16441
18357
15250
14329
5630
12467
30454
765
7332
18408
2342
14651
22204
6509
21101
27688
14579
3088
4076
20397
9631
16029
21460
8583
18071
19037
19929
8174
14664
3805
30691
21364
16645
27376
31494
12337
29599
1783
24756
21021
5174
5216
25649
22717
4174
9837
30792
9730
21285
2103
21821
1134
25413
13298
8962
30840
32341
20338
5037
16690
10036
20974
554
19497
23113
14085
26925
8332
23572
25342
18027
1425
22025
7252
15882
26645
13727
15986
4694
17283
420
2491
17333
4598
6611
13517
27869
1954
5288
8967
12100
7536
12147
25673
17368
12008
1196
25082
1009
12116
31878
23888
32388
14882
11206
8907
28057
651
5334
5891
8191
26226
32533
164
11070
10383
22642
13239
31181
5580
21817
547
2437
6639
16940
5491
28246
1914
15574
5593
27961
5839
17948
17011
17253
24728
25365
24270
28102
22374
16412
6569
1195
1176
2595
20731
32703
3199
29258
22327
30266
15808
4016
7630
12120
12281
5000
26869
5899
13735
880
28842
27372
9543
28159
4849
13176
15803
19869
31588
23929
10736
3480
25578
1986
26558
25972
21191
22815
5647
32386
31189
29324
28228
6068
6928
20901
27860
7087
5720
14174
27958
23842
1139
26356
15618
27990
850
20772
27219
16647
6037
32666
20847
6003
18257
21676
11690
22448
21008
29512
12679
22594
10777
25387
27169
17645
4850
17748
29129
5832
2340
11449
13809
21139
22334
28472
21577
330
31772
720
21287
5882
18025
15121
14636
15316
18787
31441
18469
11136
3806
11809
24367
7860
10892
8320
18463
29444
4731
846
29728
1276
24799
14467
27550
28780
25362
13728
30051
11011
6617
4838
14592
11551
3817
6854
24687
7396
9130
28058
31990
12172
15674
3474
13134
13565
29109
26353
29445
417
6836
10361
15649
10866
28947
35
15878
18260
5624
4116
16026
12200
11536
12237
12454
25886
27676
19874
23168
8394
17325
1133
26087
13947
1323
14723
22062
16968
10780
22247
10653
21611
8355
30142
10772
3923
16711
3331
12529
27636
20982
30844
25140
6242
14922
27629
8929
9374
19723
9867
20134
29103
19188
31411
28862
5877
698
32220
1045
12731
12874
29899
32429
21259
3410
20486
11328
32710
3332
19594
7207
30452
27927
3264
9850
12888
31246
15790
19577
21831
5308
7274
30762
32187
3848
28629
24388
11172
17902
19077
3404
12926
7366
10499
22782
26920
15817
16439
18670
3060
17361
4128
11119
1275
12640
3785
26036
3763
22756
32632
15925
25795
6713
18984
9812
30485
6512
26425
18241
21293
21199
13159
22043
14266
12312
16377
29528
1643
783
29498
6502
2052
2358
3373
24210
14001
23771
25725
3626
666
30548
28595
23774
17591
10378
28331
15468
21478
10164
18505
4733
28731
8549
28776
22217
30871
26313
27155
23682
7804
8747
14840
19184
3103
13499
23833
2393
12479
8591
6085
8739
10038
10727
12487
24892
27342
32437
27869
12730
20053
11101
24172
32447
26996
7609
23921
7072
28732
28512
15291
30534
10498
21544
2392
7892
29805
20969
32077
21385
7117
9604
22154
14313
22958
31012
18716
22551
20654
20420
19365
4486
25739
18930
22793
7632
10624
10194
31339
17638
24018
11365
11608
31338
8614
17931
31297
27225
24853
8263
20271
14573
9346
707
29362
31170
15147
8596
8986
8759
29695
17086
13802
31511
22704
23803
19338
21881
7944
5048
27452
1764
17536
13409
6993
28855
2063
6366
18845
5832
13888
4958
6184
2380
31623
18259
25126
9719
12501
5053
3370
29796
22122
29356
31382
8630
12523
29184
11606
24448
15540
10612
30670
10722
27503
20955
17936
14581
24549
25001
22611
8553
7189
21172
417
26733
21891
30012
16079
3791
25555
29737
14770
22373
32150
28309
3216
19627
14180
19082
22997
18861
31019
9485
3079
2600
24006
859
20988
1516
12498
10610
11083
7044
32445
14803
6400
19993
27423
647
18068
6804
16718
7008
16156
10243
29485
14721
704
22334
31300
23584
4207
30154
20246
13963
14289
6141
27310
31593
18301
24163
1660
27971
27501
10849
3679
22595
20398
1560
30979
22843
23388
17292
31341
5608
6094
5894
17620
19065
6158
12471
19379
20555
29836
6557
15644
503
12051
22443
9551
8334
4859
7460
28811
7715
26017
1864
16164
29066
31508
12338
16342
22368
785
6145
1113
9291
8754
10550
1077
3203
11106
23645
16856
1170
3476
16112
17894
8024
18869
24952
25808
3409
1246
28917
680
8475
2767
32640
18740
32050
21657
16431
1089
20223
26522
14905
6201
15121
8366
14170
18168
24234
16292
29049
14044
2685
18159
17289
28699
6838
926
25005
17498
4155
20879
23711
21627
20273
28639
29778
10422
9923
31140
32214
3819
1566
22239
24701
13110
704
14764
28220
9925
5107
31676
6995
18662
10132
28677
22832
18020
29721
31928
6289
8980
11219
4468
14058
427
30063
19897
23302
7634
19907
27551
1264
11389
14024
17096
21780
5752
22498
30611
20130
16706
29544
10898
6451
23071
21856
15423
1455
22377
8074
30954
23150
9255
5793
16630
10909
10721
21725
325
15588
11442
1468
4081
17733
11678
3842
16701
30280
18214
19198
18635
11605
14362
14352
15119
15969
4271
16744
17155
8909
13777
1296
24604
3978
11962
15149
16509
13954
28868
8834
2924
14131
7547
5685
12290
669
26359
12502
3110
13919
3689
8349
32700
13085
12531
4339
16409
29220
22205
19764
32698
24145
30789
180
15926
13359
28150
14336
21618
11615
32253
1894
4372
31549
31832
31415
31034
21696
12591
12875
363
7074
31080
20806
21198
23745
21878
8474
28825
12230
23153
3661
20941
14852
14700
25213
17185
22691
20739
24481
9531
13821
32051
8337
23334
20040
6511
25289
32001
10102
26863
7529
8948
16473
22860
2433
23657
31499
21322
32652
10104
1677
3572
20026
31906
2990
6127
28275
17091
8494
2824
14488
16194
19236
7695
32524
22155
2461
2280
12787
12479
14982
28383
28729
5801
21196
17212
10710
6901
12993
23575
14161
25500
6594
10094
2691
10147
32023
13941
23710
13573
17946
4909
32110
4846
15259
5176
10206
5161
6788
8940
32701
28124
8633
10150
7362
9843
5442
4193
18126
28890
31916
9607
18290
18415
8364
8454
29873
24119
3078
15271
22791
13775
5037
9372
7338
29862
10796
5975
5135
18666
580
931
6064
29120
17623
31725
2317
16440
24069
24034
10480
9344
9620
26944
8950
7000
26261
14565
29259
4037
2628
21037
949
1290
27185
15994
14548
7380
3485
25364
12456
19893
22055
2868
31059
24019
24488
22619
3872
30178
5979
3304
19653
24655
20033
25834
12517
18622
19139
28979
7385
4023
7578
10414
28848
1692
15852
9202
10356
10207
12471
14102
24239
8049
16243
24007
22574
14206
499
11673
32005
32087
16269
17051
25300
12976
27514
23086
19528
24331
16511
4119
16868
5492
16333
29138
10241
17007
5927
23593
30227
5679
12866
22278
29487
24328
31601
25478
7114
26663
3970
28750
5316
12417
26850
26658
20389
3593
17928
3764
17446
4390
20241
8121
25331
15460
16040
25666
9647
25706
4649
12874
24632
19500
1286
2699
14125
20833
23401
18583
24494
15672
16411
6435
3171
3398
14756
10918
11200
18627
31412
19491
23431
13815
4545
28226
13710
1007
15346
15014
22978
15476
24380
13691
22892
4670
28619
7502
26547
24420
17571
32034
29538
26647
8071
9408
3564
13712
27673
31566
17326
7495
31300
24611
18803
18534
14295
3546
9021
20349
11634
13221
10307
15991
17062
14564
2102
5325
3416
24311
13768
5625
12390
13648
23151
32302
3470
5068
14182
28486
20107
3907
6134
10748
2432
7262
14579
26459
1178
21672
18825
26230
23793
4584
26937
602
5296
21423
18206
25665
19574
9005
18037
9736
11260
26952
19548
30947
15863
27376
6874
9296
17216
24492
23840
29001
16690
22137
18702
21950
20307
23765
31225
29762
26679
7191
26796
17413
16802
24833
9388
29954
28653
16792
12993
25721
22699
21811
13489
13728
14476
13011
15951
25238
16513
10674
31668
22936
3616
26655
3277
31351
843
1160
14870
2121
16652
7385
26276
25439
18884
5
25449
8056
3717
5601
1972
18996
27580
31033
13047
30156
22803
30750
7117
23551
20629
28285
4155
11600
12563
12022
2870
24686
8135
28138
17254
5620
11576
25302
5930
25682
16733
5088
31196
8203
4869
32688
18006
29730
11895
6529
6837
24270
20309
19320
8541
26229
4550
29492
27453
6872
16083
3238
16212
13964
14354
32547
883
29865
18050
16567
8773
28358
20663
17341
4750
5924
15415
25260
25520
9001
32291
15924
29555
31248
7962
16778
12549
31712
13914
16640
4416
13466
8232
26328
6188
20407
29555
25178
7109
24529
31412
3364
9214
20129
13336
31426
3077
2345
7393
9854
18633
15410
19465
13177
30906
13561
8233
29435
8399
14886
1178
9480
15054
28925
4570
10036
30920
8920
3377
1464
25058
30421
2964
8900
11356
29644
15305
26647
30923
24196
7116
14030
21161
18470
7538
2425
6672
24817
32332
31860
15043
25392
22222
12405
21614
10857
9392
15201
14383
19160
21653
7012
24404
15643
3819
24640
16231
29231
19474
32485
8040
25499
29632
835
21081
29675
2980
5212
31488
13152
14665
32413
15592
23782
6974
14446
32425
8006
15732
5384
8553
1693
11495
6534
20899
6669
28288
10303
21799
434
23866
30292
31330
18648
13189
32645
3296
4203
17384
27721
29455
17838
9449
7709
22854
12592
21553
22044
3589
29181
5356
10704
29567
14609
3439
14920
10837
22802
26653
24938
22949
32318
31627
18827
14403
8866
15842
9021
15174
4748
1925
28008
3527
5444
26868
925
13797
3575
6129
26278
2828
10484
14305
29538
24952
26907
372
31696
3828
10641
3464
30313
11496
26553
18251
14259
15250
26976
18848
27155
2708
4920
11205
14306
2735
904
306
23492
27854
17697
4292
2869
12870
11924
1818
28517
4700
16802
10304
8262
22792
7924
17546
21987
8952
25101
29891
17395
6872
31100
24967
21422
7121
20310
6638
12255
23887
21987
15723
22331
3080
19608
31987
10481
29754
20805
14177
8066
8499
4496
13593
11731
5655
12450
18155
29313
990
13600
19515
13684
8348
4957
25695
25527
1029
10190
20297
32134
11568
13758
16742
10921
5531
15938
11973
26881
30064
17264
20860
2401
7430
19404
28488
28319
1963
14851
8819
17130
2977
19676
10747
5981
19302
23403
1264
8661
19512
8584
23838
3328
21977
12415
1260
3767
32656
22537
3204
14478
3696
7035
12852
13993
2268
1854
12820
28881
9035
31359
14570
16838
27209
14631
32330
14551
19903
23054
18946
6577
29043
25963
26805
3701
26322
14224
21445
16397
13294
31700
4214
18623
19395
21456
2641
13570
23486
32462
27847
1681
4736
5502
16407
28095
17375
11755
19826
11530
3629
31662
3676
23282
25789
16481
11093
30220
9124
8279
19897
32594
4285
12170
18661
3773
28144
19157
24219
5654
179
4452
8872
17929
13008
4712
16835
18811
12393
783
12217
19229
10042
4275
199
31041
2847
9042
29255
31725
982
9278
26256
4398
26629
7445
22551
17327
27007
17140
2010
28554
22211
16872
27390
2398
5574
23717
7094
23458
15346
13435
20840
11833
26478
19845
9227
3142
15776
8996
7892
7233
13040
24747
26129
15947
32719
4700
29781
25790
26360
25236
13013
23305
12534
14146
28946
28347
231
17309
32696
11997
26239
25111
29382
13701
20816
19084
20208
12200
18760
30912
9794
5936
4219
22280
26629
21326
4642
327
26598
13074
17124
13340
24661
30265
22101
15450
29740
22598
28093
31417
29585
20948
9242
20427
26653
1066
7016
1073
11326
784
28447
270
4569
28897
12286
27836
23604
8418
19719
32702
4372
13266
3531
9718
25890
25282
487
16408
18323
27687
2511
6495
20744
22318
23754
25983
6579
335
12350
23258
15036
10789
25646
15606
32483
29053
22785
27439
1638
31661
21125
18345
25125
12327
3123
2697
27140
17997
25269
21861
21137
5255
13989
6904
17895
21907
27800
12059
978
22557
11867
4849
19763
19600
20860
20833
7846
9515
1804
32713
32355
15447
14500
14064
24930
13624
13990
6205
27587
19074
7109
13095
4204
32654
2504
24301
21492
26541
9098
23687
14016
30652
26694
21724
2667
5624
21521
1845
13931
23572
27048
15346
12274
16265
2412
20348
10515
5166
14763
27002
15142
7432
17441
13384
4205
8035
19647
10404
20728
11297
17835
16811
22213
4947
25735
11525
27948
13830
31990
19292
8058
10847
25692
5394
23261
26091
17126
14131
26496
25136
30155
31912
31990
28552
26321
22446
30172
10799
32018
8071
26298
17818
2816
22127
7211
8714
23975
3026
17470
24674
20786
11964
18203
26677
3761
25745
4842
5156
22297
14334
24304
30823
32652
13359
10747
30633
731
16451
30721
6681
19530
20221
4868
23230
8083
14012
21304
24330
16941
17837
12904
19635
18893
26175
11926
12734
13358
26583
16354
13021
11278
16326
26029
29690
8057
22136
3837
28436
2889
13549
25123
11594
8174
9837
10140
5685
9067
8824
23606
18811
13473
4861
11891
13985
21456
19148
27442
26401
21595
16460
7564
11965
7115
24689
26109
13842
21015
3561
19652
4976
26403
8342
5004
26089
4486
31041
19019
9896
10896
32141
11115
9349
2956
4137
808
24022
20546
22858
9785
11399
8896
29529
15282
30829
29786
20456
24105
25559
18416
26859
22551
9830
29039
4645
32642
2591
28314
32480
29913
16063
15627
20449
18720
30542
20852
15771
20300
1527
5163
12963
7409
27159
1766
27236
32282
1172
30659
26644
24696
26224
25995
23015
31168
28062
31031
15490
11598
9236
14515
21170
29966
5409
22243
17758
20892
3329
17636
32698
1450
30383
26772
7102
8355
19450
7252
29399
7309
19419
23564
9948
4916
27398
17264
14147
20101
12991
16770
30357
14392
495
9560
29727
27826
25719
26656
11755
29993
29892
22625
7918
27913
31651
2692
32131
5782
16983
12946
15896
8915
19178
19263
11815
12451
25280
11816
15209
18223
17266
345
15174
20359
13785
7698
18063
20876
27496
21707
32111
30733
447
12917
18335
8240
25726
11011
25818
30740
343
19753
24977
28852
616
25443
17375
1807
711
9786
1215
10374
29022
25539
10621
13957
5625
16488
4458
28005
27805
29930
19412
12945
19228
11687
2613
3560
1254
28441
683
21091
290
9120
22184
14840
30461
13953
20971
30910
17474
24622
5551
2897
4652
1992
1058
17528
15480
24034
24
24069
11965
5256
21761
4349
11264
22655
23320
30969
13443
28623
11230
18124
32223
8575
31431
1638
12626
19104
26163
31737
25690
17549
21663
23642
32643
112
12829
25769
1917
31752
8705
5428
31857
29610
30942
5017
17301
30086
4785
30763
20223
14892
22875
2711
30647
26191
3925
12744
15887
6600
12959
6919
25655
28637
3065
23655
5900
21700
15958
5728
6449
21603
27278
22714
9313
18010
15187
20140
29955
31555
28006
30278
13311
20280
10250
26380
13009
17814
14778
27620
11740
4609
3351
29746
2304
12969
27172
8257
14958
32715
22453
27877
22459
21626
12581
16990
31028
13471
17480
27264
26482
5183
2976
12817
18222
9212
22740
14707
14166
18143
861
14466
5471
5460
28547
14784
23518
4470
392
4272
20306
28813
20771
3967
27972
7637
12592
16361
20883
23170
24485
9051
1545
7936
29128
15957
28721
8575
20639
29459
20845
9647
22952
28524
3395
31176
30667
12794
10744
17614
18573
27259
16224
2579
8582
14711
18420
1533
2581
4900
2085
18441
32082
18822
32752
11792
2116
474
6835
9418
6229
6453
4415
20880
3586
15465
12846
2406
26583
14120
1143
14648
6555
15980
30783
9060
25544
14869
6642
5753
16190
20948
31635
318
12599
16713
18512
2039
7038
14184
13914
32483
23772
17697
19187
28169
21971
8000
9417
565
9615
14226
16514
3901
13082
29001
27544
1928
22223
29857
22887
3281
14353
26052
3716
32297
13117
747
5713
10043
23516
28103
14030
29908
28446
9247
5810
21155
19076
27578
2491
5693
15068
13695
30530
7011
14194
15323
3858
30088
23941
24675
16506
23182
16376
3259
10145
10961
24394
6838
25882
14950
24008
1982
5048
16293
17409
30583
20644
2788
27003
18847
2476
27526
21924
18233
1502
26165
11531
10986
23638
8299
32464
2211
19796
9527
1626
22656
12690
26430
13639
10480
29652
9216
6569
15383
18624
3164
29807
5232
6384
22102
5153
13495
20806
7193
18385
5894
3455
11320
32334
7998
20747
12089
26010
3240
16924
18004
7838
11996
6910
1912
22813
25058
17830
31375
27623
5528
21901
31747
15695
25683
21439
10369
4062
31945
4398
13821
1865
25391
29517
24054
31137
19870
28378
15611
24778
8123
9467
19310
46
18839
22157
21384
4786
3540
8633
2205
5354
29450
15816
9121
32648
25704
10552
10476
1563
17823
32271
15162
11766
32251
24687
8182
20845
16083
15211
22712
25416
2340
16409
30220
1649
13945
23272
1909
19952
2318
4916
19633
14617
1844
2328
3135
16388
9719
1412
13087
1086
1791
20623
8665
31166
19892
16910
19136
7195
20390
16485
1400
1020
9259
8605
15286
28879
22346
8887
21319
6846
17367
26944
31060
24798
22752
17190
13028
10154
20040
6346
22178
31665
3250
17750
21473
19595
19616
18769
27357
21521
12508
2929
14915
32206
24600
7088
17908
25264
25041
11425
23302
11523
17017
14085
29964
30880
17108
31642
2200
866
5795
22323
22270
16858
30336
7437
12122
11332
2313
27489
16596
22457
26432
11830
25122
12198
16434
17529
29263
25468
24535
31567
14011
23721
7482
21418
23140
20680
29657
17947
29283
17428
19535
30951
11194
4131
14384
7260
1612
17105
9525
24933
16685
27002
19353
15965
23580
7276
23490
30241
21070
24219
12068
5481
29294
9623
99
23128
30689
7612
28343
14929
18766
32424
20629
31245
94
1011
6540
3050
7872
24090
22381
10374
5233
12219
2734
21901
31546
27400
24080
20175
11130
9078
384
1430
3621
10165
11323
10806
20493
30693
2614
29669
23136
27655
6333
6861
13426
7857
13914
14432
12989
28678
27128
492
5927
13542
9544
4463
1667
26210
1636
12460
30553
25971
23731
23166
32234
9963
29964
26221
6511
23467
28958
4735
26274
26903
11791
24400
23423
17863
32355
29285
28748
3711
15136
29374
22999
26466
28719
5034
14591
32098
10246
16864
25461
15355
6788
9930
10692
2849
17180
30244
16015
10615
8758
14790
8986
30401
11730
4030
15629
17052
13679
3746
31092
29549
15659
17445
8457
6551
5163
487
16822
17137
10813
27794
20822
8823
26812
290
28092
24639
4789
1156
24054
9647
28743
4451
14546
14830
18768
14399
21666
17048
29510
26047
25661
31926
30306
840
25926
493
3588
1486
17329
28149
2131
24298
22146
30797
18723
1069
6616
22061
29725
181
18987
30909
537
17661
17618
31620
17871
10489
20936
22307
9135
21603
15023
11331
269
336
21269
15052
11905
19718
22007
22871
20878
2833
15491
231
4481
20116
29218
16595
2972
7646
2486
12039
21108
1085
22560
10349
31896
30231
6150
30117
1651
15158
31443
10236
2932
21348
19199
17052
6764
2360
912
1024
10551
10031
225
25515
27550
766
11938
6170
4476
21287
22304
14583
12320
715
30662
20879
23283
30655
16100
30598
12122
32482
5808
14793
22494
21165
24971
31685
19083
28683
19333
4311
18069
11627
21794
11267
21826
18452
31583
30696
20995
23481
8432
27379
15844
30798
7372
11220
25127
18970
4587
6702
1580
2060
29774
20371
15509
7250
24385
11439
2983
15144
8413
18115
29938
23534
7888
18774
8244
18558
30817
8231
11643
14012
2478
32101
29322
8303
13368
4130
10110
19791
4258
32518
18097
17246
28086
31552
9183
4476
16553
32706
32391
10294
27296
4270
5012
13536
30578
3851
29245
13027
14768
29885
6186
10071
26595
3252
6360
15061
7956
31587
21566
9606
28306
11124
177
8576
20719
29370
3077
22355
13900
871
6133
30942
982
32127
5572
32360
11409
13452
17701
14828
18261
32148
6745
13491
17942
6472
20375
2856
12904
3710
9648
15081
4929
2273
6131
5914
24577
4071
1870
22270
9393
10756
8375
29384
15240
16414
714
17070
16308
21824
26292
5184
7511
26258
20559
10744
25295
1929
2446
22802
14138
3675
27932
14749
6713
25782
17472
7379
20725
20657
15364
15782
9312
18947
13718
24475
21694
12146
30190
20443
26211
28815
30897
31880
11198
32673
27222
5709
12438
8159
3463
28729
27284
25570
4042
4557
21250
28761
4448
12115
19922
22271
25709
31858
482
7626
18266
3328
1662
18021
7800
14359
2599
27105
28902
12651
22162
15528
11444
19674
22004
3762
30280
8261
32125
7163
1793
30623
16674
16692
24347
20291
29856
26808
20179
18571
15806
17347
6859
19614
31698
9182
16303
20873
18566
2206
6425
30098
30172
13710
28594
25800
11632
25706
12955
15583
5374
26510
24587
25403
7203
20653
24889
331
22376
28614
23932
6936
3196
15956
18608
29726
21441
2758
12509
13914
29450
30766
3859
4004
21924
9789
8088
14655
17811
5487
1350
7599
18973
7043
15406
4298
20365
31790
8065
19986
31793
31248
1713
12610
22181
29671
15827
23847
8531
25091
23880
17585
3899
18426
17564
19018
13808
28316
15534
26982
24803
31273
1297
7772
10724
12482
20659
116
31462
1310
30140
16961
23811
14718
21689
3121
14528
12003
15098
25954
27537
13438
17464
7863
22176
27496
32636
29740
19146
4755
23355
22630
30186
20225
7366
7823
13659
17459
26338
30304
29112
4325
5042
28287
26598
1016
26078
28940
853
7600
21742
28278
11650
12575
30967
10900
14017
14817
22906
24561
15417
14858
9097
11623
12080
13405
2859
495
24969
5823
23554
31415
15242
10475
32043
26485
32483
21350
27750
26876
15084
21174
29815
24076
22063
10959
8908
4719
20774
28366
16479
25665
9798
12521
20958
21392
27452
11942
25354
12325
6006
3404
8541
22944
5093
14999
2543
17867
30721
17840
11930
16680
6158
17500
22108
7628
18590
6260
31998
17520
31576
10645
30195
23494
6391
26392
13955
31241
15510
9797
2857
5336
13354
12483
15417
9028
27216
5971
26053
9768
7497
7359
1730
2745
1858
19724
2919
7005
23513
5367
22230
29377
16094
28064
4094
9509
6230
28800
13760
5115
27078
26528
15952
8113
2222
11789
17887
11211
25171
29831
4215
10548
11457
15993
25382
6870
10513
11054
30814
18536
23272
24385
5020
4999
22848
8789
30792
8969
7275
1287
18396
22670
27988
8993
2889
17495
23049
22032
27543
2908
21366
27545
24011
29592
22643
13511
17933
2728
20994
296
22026
6804
1233
23097
10904
24813
15367
4894
27800
15384
4413
150
31009
17129
30153
27951
21723
31348
24899
7606
28328
7711
18754
31218
30090
11772
18023
11666
17857
14166
2717
21859
12595
2954
3230
3270
10001
22808
3258
28514
32440
23290
22228
25366
27093
4661
26029
15921
20941
15789
19301
7654
9308
1085
830
250
21372
1287
4260
31424
3208
16905
3946
4679
27297
6386
6487
8658
10321
15923
9441
19080
5230
28248
16696
20589
20033
18841
21382
29329
3304
3500
14709
5000
30201
8670
29939
17945
18280
10594
17714
4666
22699
4073
20722
1597
14107
17523
17922
26692
24990
5732
4612
7162
26499
26842
6258
4229
28333
12350
2526
19126
25844
28185
16510
24451
24776
7977
17895
29368
29975
20405
26137
3561
31857
18973
29628
25515
8043
5045
8617
21252
6721
11219
5548
16159
1471
16679
6280
3908
10081
20811
1852
27400
3257
26267
27013
1729
30225
26695
20900
5181
21586
12455
26977
11188
24100
24014
20560
16634
87
4193
12115
30969
11650
3242
9568
29535
20713
29160
29061
23700
26788
31721
32297
23535
2814
731
12692
12841
23324
11616
10162
7186
12511
2272
14611
19842
30730
31779
29495
6291
2728
18463
26121
5389
2728
2830
27305
23586
32459
31172
18286
11356
14016
17216
21804
2515
14989
21121
2482
11939
18736
25243
2967
24477
10886
6409
13111
31037
22637
6725
7416
18652
17189
19606
12498
1575
13565
15657
17166
208
6443
23396
12877
22148
10747
32375
9933
17692
18988
26932
22248
27927
3478
16416
29917
6216
13585
9674
10707
22732
8595
29019
16923
5183
664
13167
28342
20271
17351
32035
16407
19665
32210
7535
15913
22259
28318
18615
16788
16946
15524
24220
29245
621
2455
16920
3851
25466
6214
30666
25329
14871
2501
32398
2857
8483
30151
5713
29373
5902
25167
26916
10060
3982
24200
19086
27403
19859
17648
295
10250
6526
26812
20066
10425
10125
12921
10411
14762
17050
28655
23474
6296
3846
23370
774
21673
31216
7548
4837
1008
10410
20445
25427
29238
31853
16660
29033
11514
32331
315
19184
4278
18278
31038
22574
15204
14688
4484
30720
2113
6930
11218
8745
30929
28033
29804
1002
12067
3341
20093
19155
23894
29420
24504
4568
20060
10967
32576
9383
27646
20739
3013
3385
26144
11347
27888
8103
24391
14540
17410
30784
16984
13897
4024
8152
9635
3952
18289
19042
24351
11492
12690
25538
11767
2236
31018
24284
7494
5685
18130
31473
1055
20899
24792
29483
18129
3246
5788
19574
15721
19130
31545
13714
25464
16807
13160
11622
13590
21179
23202
25496
23846
4060
17285
1882
6364
8451
6009
30855
29821
7661
6547
3822
17766
12308
4282
27630
1360
4317
7432
2627
29394
14355
31858
31
6951
20116
684
10108
12594
14666
18503
8369
21951
20573
21789
25412
13580
5799
18926
20736
7560
1385
19787
32583
29658
16444
16307
10921
10277
17738
31485
2229
4235
28093
8437
27662
19696
21112
15690
28354
6144
26885
16040
5848
10611
27855
2849
10536
3471
26770
13265
7792
5615
29711
3010
28323
18308
31236
9741
9860
27097
6747
32578
31604
7067
31906
22026
20872
4184
9915
30475
26591
23431
11221
12
7987
27849
18331
24154
3757
8558
14762
3178
23294
3899
30025
21183
939
27754
31060
4110
6824
14579
25722
19617
6697
3338
6569
7417
19637
12521
2245
6071
31612
25039
28576
25277
22250
26697
10023
7056
19836
25520
20697
7936
17619
28403
30846
29708
26887
662
32277
24064
1597
14331
23566
23008
8316
20961
7609
2825
15804
11818
6655
23318
5696
1249
18000
20737
7974
6267
13788
25482
9021
15197
6406
19165
24086
20127
20757
5487
19806
7696
27693
1065
11370
15738
7551
29128
19988
19239
1468
18820
18630
15267
24527
20719
10452
4804
26059
18721
7439
11752
546
11026
20887
894
8473
839
27888
31688
13944
12465
25432
18142
19334
2770
5208
21495
10548
13089
26266
19940
29337
5552
22010
16605
17310
23820
10207
19840
10235
23908
14796
3351
32354
15086
7730
2842
7161
20359
31625
30709
17422
5018
24990
30986
18439
3650
2351
14842
25495
4275
12725
8992
10552
16598
4481
22879
4821
14131
3082
27422
2758
13332
8838
20112
258
12263
21175
5433
24720
19173
22536
30894
31039
24561
728
9372
12695
16067
6678
25099
5391
20805
31502
2020
4737
12349
27522
21681
32474
27437
20989
5541
12310
1911
18532
16092
17516
31429
15566
22755
27077
9384
5269
26491
14707
2944
1454
11674
31776
24731
6709
29363
27140
4001
4684
11575
15196
23855
6182
13916
7447
22722
31327
27421
24018
9687
24719
24194
26374
24656
11806
289
22144
8218
1882
25061
19474
24589
11462
27662
16265
19475
8373
18041
29406
14989
19224
14370
21681
21746
3989
13799
26354
13241
2521
32143
32226
29050
25646
25098
27450
31056
31824
11514
27049
5249
19068
14707
23684
31585
16075
11263
14266
28019
2238
27622
9222
5330
32026
16812
13160
14543
3574
16090
14805
988
2322
21250
7726
24745
4202
12797
14191
12940
267
28535
2601
27942
15398
29614
31282
20292
1635
11638
17562
17667
29047
9601
21986
13624
1017
22237
20585
15886
4977
28862
22311
9457
1203
25982
28829
32171
26219
27362
5644
19661
6648
20383
17126
10577
32382
18972
6274
8573
21046
9338
27155
26379
15881
27090
17627
1670
16222
30909
18588
11767
25648
7962
25680
18113
3427
8971
19225
26314
11096
23873
13691
23771
10431
18554
17097
23626
30636
10823
3805
3030
29933
14611
20492
31698
5532
25441
4442
18310
4848
7253
23785
26066
2136
20854
27320
27924
14283
28082
10122
20044
26713
3491
10275
19326
4871
18704
23738
11608
20953
13751
6316
31765
17712
1865
17006
16289
25430
28855
16325
2814
26200
10924
29241
22246
19476
17242
22471
28594
7314
7034
9174
31354
27288
13454
25708
21886
17016
13418
1954
22468
31533
16882
21845
13315
7590
7973
12575
704
22114
9307
14469
14263
9533
202
4466
1660
16266
25679
31973
31330
22625
30316
486
17820
17210
16013
17598
2978
9403
24975
24167
10967
9679
22658
18498
18792
23800
1198
12296
10615
25062
17621
18435
2169
16200
28600
26494
3548
14050
22492
3962
3309
3040
15502
10146
7674
18282
19493
1921
21171
11128
7047
8179
2518
18408
14063
22745
9740
26062
12269
30481
11278
15627
19630
7846
3083
10273
15485
17731
6734
19013
30090
10478
31516
23478
8170
7922
1499
4174
12768
20253
25466
19542
8539
12076
27660
7071
20159
21124
1974
7886
3304
25123
5836
25336
27245
20693
9527
22383
8225
8107
27930
21979
18656
18089
27829
28812
18056
5567
5001
31502
30789
8699
19132
254
9746
4860
23744
7965
17788
25770
48
29347
31657
28964
2554
4822
154
22266
2755
18650
18349
3997
23431
31179
4454
18963
23936
30473
19054
24047
29002
10451
23516
27265
26948
18200
20660
30282
31545
5257
29869
8882
30016
20467
20536
18430
14816
20428
9661
3452
18296
31756
21544
20992
20190
6718
17060
30868
7495
8150
14758
28012
23911
32453
19758
30488
29657
8267
15434
10237
31424
524
27099
1030
8367
10599
21147
11927
28358
24835
9311
13507
14878
29866
23194
18366
17512
24411
1059
31637
20432
8090
5688
24092
10792
9739
28866
31272
29506
4671
30682
6911
8861
12750
26253
25613
4164
30118
16092
4313
1268
20898
31495
28983
5501
14943
25612
30142
19818
13643
12650
24700
27876
12030
22058
28137
15828
3022
7968
2586
17480
9885
1647
26167
19992
12790
24651
559
9673
12121
17667
32426
27825
28882
23614
19264
24668
22736
28036
1256
3887
19509
23041
6323
16459
2730
25478
32442
4789
24885
25809
8532
6067
27405
24334
17549
27769
21677
158
468
5892
21799
2326
11252
10823
20923
11915
12102
30085
24488
26637
16932
17150
6210
16753
31136
27085
29509
7252
5750
14097
7017
604
7744
29259
28982
27841
5353
263
12314
9484
27236
28095
27065
8991
28830
22012
19332
3190
28081
958
25229
14508
7770
13854
20889
24385
15533
23858
11639
21146
24327
19761
29585
27721
17221
11479
20161
3727
23091
8971
7782
24351
10055
1984
29622
7973
18576
7193
31062
17543
15081
3536
31016
14443
11890
18904
29796
24313
32577
25153
490
19554
9812
2909
26326
19233
14026
29729
7509
6017
15187
32205
15800
29791
2022
5840
32199
32049
21426
15589
14936
22855
12118
27267
16160
13393
11092
29556
16584
8226
17091
5315
15683
17331
24133
15324
13920
31595
825
18671
31387
20125
818
20629
28729
24147
16295
8374
5780
12618
21996
3242
12723
317
18272
17566
21533
28006
29161
15418
15087
13891
27805
25729
12333
26262
7362
15608
26454
3503
5881
10
2107
28397
8374
28331
23568
19075
26099
32572
20676
9080
14118
29614
18062
9970
25456
6891
23497
6323
791
16753
11009
26852
17974
5440
12110
22289
7091
247
17120
18038
17522
16954
27612
10105
9928
16214
27495
6775
30259
24616
17151
12227
840
28219
9234
26860
18412
16432
32201
24383
967
13411
7461
13197
31990
16075
4942
11055
14592
3618
22056
7750
16908
3142
20262
6983
19537
15840
19555
25528
20429
17731
2031
9780
27194
3223
14694
6581
7486
23350
26056
24083
15586
23126
24964
17863
8773
19689
14550
27893
30354
32449
29267
16810
10799
12024
24515
24930
27703
31119
28974
28621
13867
1109
15930
19154
16356
29450
14772
16341
28620
26309
17260
9781
6990
3219
3142
793
11147
32609
142
6765
31311
284
11404
4391
31555
20246
20312
1231
1380
5548
4080
15422
20659
18214
2184
21926
31790
23006
7201
5586
12288
12709
19037
15535
12277
14434
30098
780
29232
27132
20253
9630
3616
22394
24057
8519
6064
25961
21392
1175
15038
18814
8912
31380
10959
2941
3458
29366
15105
3417
7127
2614
12865
24221
12868
6793
12221
24330
14736
4391
13212
29826
3372
29840
8173
22565
9154
14993
17886
16057
9744
21443
21295
24655
26615
4182
13286
8995
30671
16908
15427
28101
14334
16264
12022
25718
14025
11465
29584
5589
14442
11506
4408
23227
10082
24908
16799
28003
24336
22925
12342
31694
1155
22875
14750
14693
24973
5900
16223
13281
30232
22448
25566
28520
13245
3153
17033
3576
6035
21625
30805
1545
5701
2549
4202
11374
3688
14809
10524
5501
13579
11972
25886
4463
12431
28773
31986
18442
21945
23614
1188
14205
15109
15272
14776
6795
5693
31512
28001
31211
6219
26272
24308
27887
15180
4025
6811
19813
14053
16447
12366
25275
3802
7869
22271
18534
28636
26603
20501
4995
20131
24949
7964
31679
32061
27134
27067
2933
10918
19045
5094
6935
152
11335
27732
7119
21412
22981
32052
30054
6530
10887
21788
31588
6566
16896
23618
15737
3091
756
2542
14107
6772
23608
3631
8817
30569
21178
17358
29296
31
27841
32384
14404
7203
25205
2399
30705
20344
14241
27035
12346
13031
8888
14701
6594
18070
25878
12109
24945
21212
30857
9573
25113
19284
13840
13637
8537
26672
23010
15320
5058
27088
2226
22935
27705
14996
14898
17148
31388
25326
11478
30010
23977
955
18138
9003
3099
19155
2182
28298
30997
5598
29617
16738
22468
14186
3204
23494
16961
4667
22400
27075
18356
32482
30914
13715
9663
12178
22662
18963
12570
1582
28907
6520
12666
4262
10486
31805
13496
8068
24792
7263
7471
10946
4980
8397
28518
30943
12572
11546
8943
15410
6043
2422
31374
6781
19321
1756
10142
21189
22138
29581
15537
30049
28520
13244
13175
25170
20242
21131
2529
466
22165
7990
14981
27439
27354
10894
5189
28122
10592
14506
13611
12475
23100
31449
11416
23496
17246
9690
2206
32726
16661
14416
21162
12463
18390
1392
16230
1380
13113
22525
5597
29413
1604
16758
4577
13518
236
27022
17833
14468
11993
29148
16063
16001
21354
16852
29210
9708
22265
20214
13190
5741
6496
13637
15437
31807
19899
13307
1296
2695
17264
25211
30454
14308
16493
12679
14345
26951
20657
3251
5852
16133
12046
12313
22897
14378
11053
1615
29531
8209
12498
8854
26400
31281
21601
11092
22241
24634
2210
18629
2109
1633
25025
27629
24434
23031
2457
465
5573
28225
18737
26342
12069
11140
19335
11978
29451
29791
32141
5170
27812
13661
12146
9508
13874
4811
23330
32614
5040
10439
13328
12598
8372
4506
25651
4667
5530
9800
6734
10428
26591
11621
19829
28432
18891
27689
22989
3413
19795
19911
23187
23397
11837
5371
25952
16134
1925
19426
2731
14945
30720
26127
16271
16054
31295
18651
5326
5965
29622
11772
24343
176
16157
5210
13444
16407
13847
13086
25447
20260
32274
8971
17990
28624
7278
12817
6436
15526
5601
5407
13314
2351
7450
27706
20134
9901
5284
19660
12699
24843
26638
17982
30841
18453
73
5320
18791
6373
22353
30344
9693
23453
28431
22226
14511
2396
12159
17352
17735
20074
28686
25130
7217
15542
12358
21359
14558
643
17324
16916
27809
31070
29929
2100
15102
8531
25641
9305
19236
23648
9409
28818
4792
32298
24084
20421
7636
1007
29623
17735
6224
2236
30931
10922
31808
18912
29387
30678
2493
20384
12063
20827
27625
3628
12433
20742
12077
4818
30598
15539
27845
4466
10670
8033
20351
26162
23783
30860
21951
24434
2399
30135
29895
25603
26361
27208
309
18835
14835
31128
205
28524
21189
10059
18809
29023
17740
16861
4494
1786
6951
23422
21841
25346
1378
17696
13754
10013
20817
16334
13432
16334
9407
22591
28980
15526
17737
8363
19482
30905
28420
15581
4502
10064
32358
29834
4955
6365
29027
16353
21162
19508
982
611
8145
8183
27427
26613
21234
14418
29978
6195
517
27881
3615
13320
22560
21263
29320
20859
29174
14393
3911
27084
25503
8370
21961
28096
19351
7824
1822
29753
5896
5350
14937
14089
23372
15163
8762
21000
26797
30011
22026
30821
31344
21165
8647
5177
10259
19365
8577
1122
31698
3323
11268
27790
21104
26875
20663
19350
26675
16478
27844
19470
14129
30586
7033
794
2762
19381
1519
4482
27766
7487
21993
23305
19905
257
20478
18427
5011
11984
22779
17670
26293
8167
27267
30026
28049
29076
15096
19123
21305
24625
7327
30855
16299
28246
22526
29755
9556
3149
1417
30859
2002
21446
10878
16074
8190
11212
7438
25206
298
26872
29629
8975
9127
15845
1035
30761
30859
4067
13396
11201
27312
1008
9461
28365
28928
22500
29872
7190
5616
23531
9298
7498
6219
8248
23954
9805
2353
11000
8509
15057
2911
19077
8336
12838
6065
22493
17893
11603
27364
32082
12435
13157
161
21891
10255
26631
16311
30346
19031
4179
15273
15735
31120
23016
12136
28158
19693
6205
5473
31340
2260
27701
186
2015
25148
2547
7129
695
4442
4335
28711
22344
30588
10825
23315
8913
23605
24926
21593
28850
1466
27290
27012
22489
12428
19597
4785
3198
10839
8000
17559
14864
5146
21961
25540
14703
3977
17949
32041
30555
23472
25382
26585
7981
9432
23829
13326
24004
2990
7162
2925
20675
10146
18577
26251
30202
2190
22367
15279
12065
31640
18942
2778
11724
5977
6838
27396
23451
21311
1613
31913
4785
11823
10271
25988
14952
10351
7281
14747
7235
5316
7426
30075
1317
1239
19427
28101
1728
21725
8329
22505
27983
6775
11041
20530
15752
31447
8739
259
20172
11301
28202
20320
21922
9761
10243
12463
29283
17929
15619
3520
6199
27069
11678
22284
24639
17953
6710
11834
7444
31939
4657
18664
17009
13502
22862
28839
29996
15070
5945
17479
22379
27908
9565
7766
25876
29900
28409
17635
29829
5486
6006
18055
12166
4322
23288
10407
6267
26696
23859
19187
28639
31622
23168
9266
3565
19507
28463
15426
1184
26548
26911
1882
7646
15524
22413
1683
2544
24442
19754
20903
21046
613
2160
28152
25625
9339
30261
5844
18496
15379
17025
23287
23047
24687
27549
13137
4909
13983
2924
30474
16332
9633
19198
20676
11919
5581
13411
6432
12575
16241
22205
14979
222
19640
28825
538
23512
21200
5248
539
28151
26187
31688
26958
23158
20166
31664
29645
31127
7625
20653
22792
7833
11503
13310
23307
31204
18247
28550
23300
27528
505
25563
5887
23013
2093
13467
29941
24747
24104
3839
32517
27654
24504
16050
29953
5138
32211
1251
5932
19605
32635
26009
3650
15597
18916
24390
5305
21575
29657
16544
17735
28178
10332
4268
12964
6836
7309
15643
11409
24699
7373
730
22041
2262
29986
17637
28951
19909
14557
17756
760
31630
11643
29912
14018
23218
23754
19455
8277
30239
4685
25430
17650
4519
18400
15703
3321
25777
17823
30404
759
27950
30981
20794
991
28367
18257
19465
17560
29301
24366
16195
20664
23018
19858
11539
26256
23502
23015
15696
21608
31700
28009
5970
15115
21294
2511
3589
22919
15685
4909
21051
17966
15534
28953
8007
14560
11353
19213
5575
19085
4364
25612
14529
19957
7952
22920
16626
9650
18475
18820
14946
15225
26062
9206
8252
31901
21390
11119
27357
32724
3544
26877
17451
14398
10465
5969
22056
22947
13277
18717
26567
20989
23665
20160
15358
31798
26218
7973
26396
28722
19375
18408
3677
5136
6260
10427
17851
21165
22449
32265
8
7018
9171
32473
17722
3888
12209
4596
8966
32433
23489
24138
2992
7664
11148
14994
5921
4355
12127
16433
23098
13847
13892
1373
18536
20662
23600
17026
21368
31301
18558
26340
15789
31697
12444
24711
21008
29963
29445
6988
30472
29840
24175
31580
20266
25966
31045
22217
23634
30180
23895
12915
22771
23402
31697
17961
15275
6129
23913
3089
6427
9324
13021
24394
22517
9359
18845
28111
27478
2007
14532
415
1879
15306
23117
25883
991
21376
25732
26287
25019
18530
14266
16308
9712
14386
13373
25237
32591
17484
11400
29745
27211
30251
18358
29825
18184
19758
26685
23163
5556
22940
27352
10038
19738
2279
20933
13390
32628
1837
12337
16778
16769
23044
27121
1468
2008
6263
7026
18153
28284
25676
15859
15786
7856
2185
23537
18386
18189
24886
27107
11857
22993
28771
5928
601
1402
17517
11070
21951
7060
4990
17204
21155
22991
12371
866
30291
18772
15426
4439
29549
10329
14971
27155
32580
4595
26766
26743
3717
22572
45
4089
17691
17494
17971
28572
7503
12703
2790
12576
2612
13797
32633
10357
6466
19659
1238
30582
22337
14604
22426
6612
31849
4111
15712
27984
9159
9148
5954
2606
4578
16015
32157
32742
20127
26090
18709
18972
5730
5808
11481
4562
26230
12303
17960
3805
10415
157
17685
7573
16973
10663
4743
23761
2596
19653
6019
26643
27130
14258
2478
511
12081
603
24845
17170
20134
21302
23312
8336
8152
15829
11983
24510
21325
28603
22163
18770
10289
8046
4760
12584
9537
29134
2321
9782
22759
18852
10093
24258
25766
13694
10457
13522
22457
28603
26118
18149
7415
9442
21036
4320
32762
29752
18767
4427
3456
24209
5057
20157
21265
5990
17128
20885
16867
27688
19265
26091
14586
13780
32677
14791
31379
2248
20939
11152
4291
5845
31759
23751
25948
30613
30833
23797
4368
19198
26849
225
9689
27192
21690
14855
30872
6828
24460
582
11772
30558
23838
12249
3749
1148
26291
17800
26249
8503
21901
4895
29591
19409
18096
14880
10139
27639
3048
27317
16738
5970
11789
27880
286
1113
25734
18966
31755
8041
9740
10913
21331
30231
14000
15334
21040
27845
22304
12911
14160
29299
31014
15465
11645
9944
7537
30808
14205
9905
16024
17417
4919
29274
27996
30664
22552
8859
558
25044
21685
24516
2033
5648
28594
20220
17408
26107
4066
27094
32627
5346
20399
29733
30110
7253
32701
1042
3035
5335
15562
20587
13962
5849
7385
14654
12117
10218
14223
16039
24761
2088
3549
23014
10945
29690
5343
27828
25877
11777
26628
15064
16948
25931
26224
8693
30718
19402
16286
934
20853
28933
13130
5580
3524
13582
2190
3367
12417
26548
75
22052
10031
26617
18122
20470
26631
22471
10403
15848
28152
14302
3806
25330
13804
17
1625
31626
8525
1970
22121
2492
25031
21067
27332
10109
21072
5262
5279
21309
24934
1423
26387
27323
28824
20529
12997
18461
19784
14558
25798
13632
9903
19324
19640
10573
9506
9628
3635
1165
1683
12532
16743
15998
25690
25103
1794
14886
1590
20291
4948
13479
26254
13284
29872
532
19453
13239
6422
3203
7182
29353
22288
18787
19268
21697
32218
6416
3678
31316
12485
17573
12504
19576
4573
3602
13493
11706
32714
1646
8060
8980
27380
7822
6273
2329
1515
9686
15461
10611
21765
11087
18912
17551
24905
29946
3006
25495
4747
356
9256
1697
29913
18299
7461
806
27926
10400
25185
9909
8421
18685
2092
29160
5577
16921
965
32664
19338
25513
14553
27725
21978
30378
71
20984
14648
13996
3110
11237
3861
30065
19721
14059
13621
7350
15489
8678
3161
593
12516
8807
2587
17020
7757
16809
8729
5233
26852
30151
19029
19767
11360
23341
7900
1211
7370
8780
26790
4386
25731
1427
3006
19550
9096
23450
8354
22527
29685
6560
15597
21324
6088
23095
12083
14227
13288
15422
12845
20157
15462
11792
23318
30757
30210
30971
18260
12203
12529
8436
19803
2820
8413
27784
13519
8532
30254
10518
14824
4350
7304
32572
24603
6074
17044
27535
22519
28905
3844
12175
31821
28198
9937
20186
10899
32286
26823
27807
31370
5537
580
7510
6431
12025
16701
174
19087
21370
18305
14279
22479
25434
834
2978
27435
4035
4305
22486
8237
15143
27049
3460
19136
13268
1199
25228
14741
31944
19384
257
30662
6342
2636
19163
20922
2985
14762
1516
8520
1529
19979
1046
9503
28348
26923
7098
26469
16270
5638
1139
30622
26356
29151
27653
31696
9454
26247
22416
23780
5579
23004
9482
4688
24385
30352
16619
20723
13245
29228
25642
8512
8184
29780
28265
8351
22219
844
12397
29200
28484
6587
15056
8722
18681
18863
1274
451
2716
4322
77
15688
28368
16956
27552
12655
21307
10392
31471
17555
15837
18123
10064
18113
19616
22754
15145
7448
17200
31404
28321
15478
11020
6009
10324
14161
14814
1824
13899
25314
29192
31815
4907
22409
12671
10206
2988
20589
8924
13805
22605
11875
17584
1936
32583
8721
31512
20031
4799
16723
24466
27731
7999
3037
17167
16070
24167
8994
5706
13371
480
14709
11351
21822
10898
31854
2943
8652
24599
32400
16459
26646
7279
25640
26335
30850
16373
22392
24201
23283
401
2069
23450
26954
12080
14734
19317
29485
21105
9550
16101
20231
3489
13252
20148
31823
17642
20673
11897
15118
26567
24353
25009
15515
28347
4013
18193
20905
24899
8000
28187
14724
30729
16425
27376
30360
12122
13009
7269
19507
24026
20894
6232
18828
9079
5142
12869
1539
17563
19784
20500
29354
17830
10599
309
25861
23195
11961
3055
16142
32537
17839
25845
22652
19086
3158
17723
3397
21671
30958
20999
5474
15883
4055
2891
2514
12616
12469
29746
15073
28685
16076
10745
15274
16539
10412
23808
18139
20342
4883
24609
24760
22880
11023
16960
23139
12679
25443
9763
6746
30718
8492
19588
20033
5226
7108
1125
27106
18686
29671
30116
6002
29097
17940
31183
32021
17293
15414
30521
31653
8372
25220
29262
19119
21502
17318
18723
5567
18782
4121
19794
32478
5702
21716
12292
10840
26208
1324
29775
14275
8319
23541
23491
19516
22485
22506
319
4596
23910
22351
5641
20716
1468
5844
29982
1276
30429
6077
199
5402
4730
12608
32365
4057
20585
20782
25774
4400
7510
12246
20401
13693
4533
31527
4022
15817
5370
15636
1521
18766
16653
317
17304
18486
6648
32203
7995
2982
28131
17307
13396
5883
28995
14752
287
5716
27470
26498
5803
7760
1714
21387
3889
6425
6790
30660
16038
1185
32641
4699
20876
26155
17770
21832
19981
5902
23759
14640
11082
20149
2298
30602
29425
3563
11809
28672
8461
20309
20445
32024
13859
8512
21469
31763
12154
3230
23772
3094
22970
27978
20944
18567
12729
8084
25957
698
18321
9977
12713
16077
22518
12850
15369
30672
4038
8305
30076
28457
11746
27623
2814
2871
30525
7561
6720
2358
12594
11796
7838
1635
5659
30798
10833
9312
30751
8335
16358
19673
1611
5505
24558
22632
26596
3620
7928
7350
8700
10517
22460
9700
31556
4367
19865
7977
21025
19122
21314
11964
6402
3971
18868
18676
27888
23093
2923
16045
31335
2087
6101
2799
9316
13357
4871
9162
8639
11923
28079
21124
1211
13919
18761
22263
24796
22487
27798
23092
760
5187
23626
29804
28561
14068
27653
18961
7010
31621
23429
1080
4664
26977
21530
10306
3
2181
23130
4795
20525
21384
2069
6530
22314
2776
8844
6442
14929
19782
24797
29089
2538
6597
30402
13839
16776
7790
14203
5121
8857
30920
25865
13767
7483
19271
32669
9242
15185
19474
10576
27395
16854
12553
29204
1528
31858
7431
8171
22343
26443
29284
18263
11960
11038
11967
18449
9069
8078
13306
509
17678
18364
8837
22110
26659
32023
10464
18759
4545
15478
27739
22354
18025
18788
28449
21395
16429
7098
6004
25039
20500
19316
15418
24810
28352
28349
23225
22943
16462
7756
22943
17780
3966
5107
32069
16876
1044
6005
28980
1022
6270
11673
2793
8134
4790
15740
10709
30843
1130
8235
22696
27809
5723
20081
5071
4735
8963
8430
22843
6356
25722
22121
25957
8134
14746
21608
16783
7707
18018
22013
1868
9899
29592
31970
32066
8725
4530
30920
28975
20658
8951
14573
29482
10439
4322
23533
22060
25855
20679
20954
6606
22296
15288
25742
8532
21212
7594
6720
23531
17747
16340
9814
16943
19511
29272
23674
19696
25000
22821
23024
18742
28705
28
22823
11650
25259
31346
25486
21591
1360
4437
21928
16377
18899
17874
26979
19317
17566
10742
15014
27873
30204
21811
31273
27877
13192
30726
17033
14203
17894
21207
17308
10738
3760
5153
14338
569
19123
25042
22780
21338
17500
4597
17537
9029
2669
22158
2447
5583
32500
24773
20160
18682
21118
16199
18205
18039
16264
31722
26934
11881
6710
15504
7283
32620
2120
27469
20645
8150
30025
10700
13280
3133
5897
5102
31373
20281
5710
5557
28091
9834
12231
22625
13238
30909
24897
2776
1755
492
30493
2379
20138
22340
3586
10263
20253
10667
23759
9705
25144
26849
23252
2342
28642
11270
5697
27786
6131
861
20190
32527
17038
5967
10493
15120
2737
14515
3246
6318
14090
17996
1329
16243
13581
2963
13489
31541
19011
31927
12335
30781
28645
29667
22460
2729
3241
21439
32491
1295
220
13113
31110
25187
14513
30341
24704
18203
14553
31074
9003
7568
22867
11936
14507
20904
8838
22751
1451
28594
141
16537
19022
10897
16594
2915
11368
3357
3550
6255
12783
23238
23919
1622
16300
25467
1227
17940
28726
20170
26453
24404
22305
8776
29534
18927
1139
1843
24893
175
23639
4950
26786
12632
5910
6445
24615
11753
32066
17226
31528
799
13365
32503
6613
22587
11962
31261
24453
31749
5641
14436
846
17169
16121
924
3794
6977
32625
15196
32603
30859
30751
18408
32043
32508
9837
13400
7437
3581
21169
13303
24624
4310
11940
5866
26165
14448
14358
29202
1415
607
13280
32307
15851
12575
21785
29269
14680
6558
25741
23914
20232
27131
31850
17202
15567
19854
11325
92
2732
4648
6429
14830
19614
12956
28198
23526
14008
27262
12586
27425
14200
14122
20386
11901
3157
27144
30699
29499
1175
12303
4783
28839
26219
12936
28833
3834
10807
13589
109
5503
43
21745
8430
1013
21529
19833
25506
6965
17286
26092
21340
22804
14849
27759
4921
27531
10163
25172
27093
24341
1592
15771
3263
3161
8109
25529
16426
2313
19466
16793
7909
8202
6322
9441
7821
5333
3657
14966
9217
13853
2246
22082
15382
946
21961
26677
19596
27557
3374
17033
20801
25261
22498
5451
31141
23497
6389
17175
14958
25383
11505
29475
10125
24645
13163
1150
10848
17238
5847
18074
26665
8679
18081
6921
27839
1730
22393
25732
28035
30994
32238
26417
14486
32457
5950
32294
9289
7743
13420
18985
4821
8987
23444
15801
24141
10871
29564
10835
16592
14911
3435
13038
3331
26586
318
18376
19134
21005
4024
3940
3078
29212
32538
24787
3644
2098
26099
13108
31635
9986
6202
9847
24776
8879
27290
2406
11021
26345
16397
229
16966
30810
5548
13432
4983
9536
198
9223
8061
10587
21295
2782
25085
18697
23002
29688
9371
10160
27050
25469
4716
23900
11910
14729
8109
4009
28844
12847
6581
4580
17479
9918
29480
20589
22339
29762
8302
2911
20832
11086
6243
9331
31365
27897
19792
1058
7000
6439
12827
23050
19467
12810
8122
15507
9592
6376
12013
27602
2161
2078
23085
15278
28497
28261
31711
26945
32215
3924
31950
24449
17205
3366
18136
12063
25187
16318
20456
15791
5305
31976
20772
28682
15037
13794
32359
21488
28474
3611
20977
3314
20626
20282
16477
2191
29780
24162
26836
15774
14609
5812
5505
31468
27244
11542
8260
2341
27505
307
4011
9208
23336
32707
30
3702
26473
31245
11609
18107
16881
5802
12320
7377
27574
16267
17453
12497
19064
12606
10862
7243
15513
3948
31597
19176
7982
8871
32272
17998
31318
9058
22146
31044
18379
13889
8561
11799
1974
32148
20346
19516
6088
25630
21729
6454
134
1306
390
187
11492
21888
5396
10258
16406
29316
25468
20671
32163
14687
7586
20066
30651
3155
4693
5085
30666
26857
31621
7093
21837
13182
11184
12219
12005
23549
12190
21483
14761
16366
14414
22676
6849
28080
24880
22457
32561
11522
9877
8631
26098
28873
8291
23849
20551
5645
21773
24073
19534
5188
14530
30744
3541
723
11493
20607
2416
6098
5054
29366
17864
1039
19567
11429
22326
20566
11049
30217
14737
8176
16799
26394
31812
31850
3003
619
29859
3736
21648
22033
27263
26840
26513
14343
29431
18075
25088
8657
28050
25890
14505
28512
22411
22918
17871
1334
26988
2043
29543
8650
13022
8277
21892
24110
10432
17356
18707
8687
22902
14332
27336
3645
15236
19248
31320
9291
19035
19935
32233
11001
25970
17783
14790
6065
9625
15450
20568
32398
7307
21286
7762
19908
12994
30522
10027
22588
6031
25206
9681
29566
30569
18497
5532
11476
27782
21457
18304
22956
23976
23463
22408
1855
16186
28248
5759
3440
27291
7315
15344
18679
32698
9312
29778
16574
1251
24998
8060
14987
14552
10224
21343
736
19236
26992
30451
27680
28332
20293
2418
18674
31367
9977
27077
26090
3343
18766
12859
18023
25912
24122
31873
10423
26145
8752
8655
5506
30953
4257
19295
32357
16580
6083
26403
12253
21838
14737
21687
6759
30495
15891
24213
14053
29343
23263
21384
2628
9499
29664
21603
3164
22553
22870
10738
30231
26345
10014
14129
15062
25213
10548
23484
12560
10107
26998
23175
11836
6799
19114
6351
6642
32518
21699
18768
15437
7065
5728
22457
19347
8582
16278
10333
32024
2534
23023
43
7519
23866
16818
10464
29571
6471
17509
9595
29653
10532
2193
2801
1479
9105
8901
20771
24841
17290
31709
12301
17905
20252
27780
23872
5408
24696
12792
15762
2659
17734
8206
24340
7895
26683
13429
20292
22097
30958
28478
8580
31740
17895
5276
14795
4676
31993
15337
12187
31219
17875
20458
23859
5274
27345
25684
28421
26163
1048
1167
1898
31236
22753
24505
19093
3783
27413
30190
26309
19975
24859
10951
27839
4813
16877
24864
3196
892
14194
1055
2591
762
19208
8562
32554
15632
20575
30935
15344
21012
29326
9442
23886
26053
5984
16635
27286
5494
3311
12454
4044
6511
13685
27655
18453
5520
9566
30117
3180
23863
26530
23918
23191
11876
23633
29947
10329
10267
25968
6422
5866
10
22019
13433
31396
15212
22379
24537
2815
28461
14578
17187
20159
19279
23973
7174
6252
30092
15458
3505
9987
30525
9777
7646
16107
17018
18135
783
20266
4739
5033
10263
30425
11102
7327
2269
32469
15554
29609
19549
7096
27700
7750
16367
3080
19056
17746
6092
26286
14346
5919
6350
11689
32085
4040
3959
30979
6532
7106
14389
19972
3343
18612
31972
30375
9049
30857
11157
27978
32655
19139
2702
12457
28883
12306
28050
5133
20890
23589
12386
24513
30290
2496
14979
21958
28489
17679
28738
28359
8650
12346
13558
25423
31881
30265
25221
21818
19264
24554
23081
11626
28059
16224
4724
443
30034
9598
18066
5944
28564
5573
10959
21647
23980
11371
19032
14530
8415
27309
29254
10784
23955
7526
19928
12660
6583
4575
6144
30076
6750
3305
1570
2716
17581
14377
20504
27348
1528
31156
31097
10736
1832
27100
16411
14846
12128
23369
21462
21509
14816
10571
15243
22772
25385
16494
2917
16089
29025
5455
20575
24147
7162
32175
21767
13386
5775
8134
9089
27613
17166
27609
26830
17564
20252
21519
7503
10488
16565
13953
5764
2295
13843
11664
26138
19757
23762
14971
10789
30183
25681
32305
12970
15017
28507
29795
8288
15835
18695
25822
24759
10431
24796
32536
11034
17318
21049
21512
25457
24164
31476
8763
1515
7425
25922
10277
32762
31921
2263
28853
6815
9478
10062
20012
23015
22885
18378
30510
30134
7863
5598
31257
20419
26976
10154
31383
2788
26485
28487
28015
10124
15145
23398
18081
18833
14729
27443
19889
2867
362
14720
3139
347
32415
17183
2792
21792
11631
27791
20536
5775
12870
2780
22049
11436
6570
29632
27006
1716
21617
22798
10219
29349
17457
29520
4056
15616
27641
16303
22237
32206
6462
21780
31309
14049
6424
5261
15886
10076
19887
14578
3496
30838
14319
2504
29595
10106
18820
13669
6902
20754
4866
5717
3877
16838
8803
26621
11787
28608
9655
11902
81
16850
9751
21981
27645
18362
28379
19552
30022
18340
29965
7227
422
17648
21277
18539
20786
25654
11477
28899
8743
20615
3984
486
12997
1526
8871
29364
5472
9559
15405
22376
2740
13639
11740
18977
22137
29805
24142
28512
16951
8447
625
6577
16988
22919
2869
20622
29068
31463
7047
16000
22072
8090
6787
19079
9842
9278
13797
24764
32255
21839
26817
11829
15022
10806
23157
21545
29417
12674
10715
22100
14986
4725
30915
18589
10736
18370
19360
32759
23377
30613
4481
19077
21073
3284
26691
29441
468
30116
28933
4958
25617
11056
18653
31404
22761
26278
31177
10813
15990
10113
30697
11782
30694
28430
32491
21575
22154
21801
25542
2159
6442
23112
11947
21818
30108
6844
4408
21020
24724
18227
3312
32738
1982
1664
24040
22679
12810
9375
32194
5796
31304
13043
21215
30524
6132
32211
24529
31735
10835
31557
1807
28605
14783
5897
14061
13030
25406
32730
4555
4767
25178
23024
26252
12176
27949
31433
3402
14268
5820
4649
31815
30632
11142
25696
10535
1727
15452
31179
2653
4853
19314
26525
19684
4011
20407
5599
4655
19410
610
9910
19042
13140
10957
25317
32450
16303
23687
20370
8298
23523
23461
20813
12097
16271
7000
78
19752
1367
2757
4606
4472
136
9232
31674
12459
5631
29114
13011
19545
7239
32302
11737
32615
1793
24982
2841
31355
24969
25075
100
17586
23766
22893
30738
29846
29858
22247
32583
30026
28619
11479
26997
11272
16378
25173
19746
4558
1154
14962
15852
5459
13451
17866
26570
22848
13423
12893
28564
8861
23140
19866
15558
2953
9820
27837
4225
20015
12585
12123
3538
15349
5861
20539
5943
13558
24721
30824
9567
13235
12540
18564
31538
16645
14566
3167
23313
25687
13926
19657
8543
25617
905
13220
26688
27223
30780
30269
6304
25076
9068
14812
3192
8081
8043
9881
9804
11051
1430
7282
505
15812
17717
16027
8877
18264
24994
18709
16951
4370
23470
25730
9601
20416
19008
27704
6746
14981
26175
23188
633
31181
3506
20368
4031
646
550
26008
5565
12686
26192
18586
5238
15207
16116
17245
24678
17458
31494
14099
3011
13275
18190
12593
29954
6801
12241
4990
7837
14713
22573
618
13332
931
17989
3490
24626
11069
3038
18145
22673
3846
19977
15113
16992
7174
28675
370
21604
30589
25945
21890
23101
1305
28495
28286
31979
7531
18819
2463
29840
2204
2510
23145
1911
4444
14187
21816
31318
17436
23899
2076
21968
11901
7175
30182
9534
13064
32296
10115
4783
17695
5348
26505
1069
8499
7993
23568
7747
21816
16543
29379
20412
11606
2793
21303
19116
22754
24429
19323
3765
23436
27492
27376
26755
7898
17300
16218
2713
14293
25388
26680
9040
13570
4591
29777
5148
2195
30100
15760
11794
25311
21101
14097
6055
4368
16200
24956
16315
13339
20627
22930
470
25590
32451
13573
24497
4869
19446
8589
29688
17877
27862
31288
590
29452
30913
18178
18578
8096
25896
23205
30048
2888
20533
690
26587
304
24241
32225
7338
8433
12580
11429
27713
13248
13374
12292
32354
25061
20597
27302
5859
23664
15600
6188
8113
20263
31140
28355
5141
11970
13501
32504
12598
14171
7999
17870
4064
12064
29933
9485
2947
16715
15210
13790
6783
1364
31902
10645
31646
1636
91
11470
23778
24334
18752
187
24450
15674
22750
16060
7471
25185
32538
31280
4763
29696
14546
13452
4924
12358
25028
22442
10830
23312
15787
10851
3351
30488
7338
29535
622
8041
7918
15916
25470
5399
23440
30350
6600
21804
28344
19990
15975
19173
13064
8182
16024
29215
10808
18196
10617
32268
22781
6749
2833
22570
6704
860
30865
2934
11564
25355
12761
28637
888
14569
31806
10739
4518
16460
6795
21223
10106
30713
1605
23735
4943
18418
20020
1696
5303
14735
15902
30169
25186
30160
13270
18048
18241
32242
17782
10453
6890
21056
7400
24230
6463
31532
11435
11530
23882
10398
8659
5714
876
23436
14162
28733
14007
19915
20087
10859
11672
3109
28852
22804
22969
30379
7844
22522
20261
6988
4172
6556
9902
7847
19106
30381
24460
10014
11851
4548
1094
32300
25513
9045
5846
23544
18453
16864
2056
4394
16489
31336
15907
765
5314
19751
28363
11669
14724
25216
20518
8340
10654
3125
25918
10728
13839
26330
27046
8934
28329
12170
8289
5021
2068
8664
2559
8292
25367
29192
17929
30134
6419
14208
9119
9792
12752
23417
9568
12087
26236
24570
31882
5871
5617
4871
16226
22954
20023
534
24279
6318
3914
16834
8034
16282
11037
24003
6448
5113
26334
1310
899
25368
16764
18073
20310
16917
871
29042
21824
5177
31639
28240
6810
19335
3535
9338
29156
6037
30243
16199
31333
30363
26040
26582
17170
23754
23755
18174
5297
26079
26100
25480
10046
17655
5804
12444
18062
26277
30990
24698
10802
31042
17114
20331
1182
20356
32191
6902
3467
20818
1242
14678
2969
28375
31610
9516
8505
18902
8486
29042
24778
2365
9953
22960
27650
2812
27052
8818
8848
26647
13901
24057
9215
32506
31311
26929
10462
30734
1610
13539
30494
30857
17764
12076
30139
30602
3608
24878
9119
26981
28726
5381
30147
13627
9259
6140
24727
10447
32643
27905
4260
24212
4780
855
5743
18955
21501
17803
2465
24139
31734
5289
26470
737
30410
943
12307
19163
3866
26434
2059
8736
13828
3488
24547
25859
3164
13014
26564
5655
4409
1331
21009
9796
6580
19964
10570
794
30188
4705
15665
24422
26446
16560
27435
27139
19475
15817
17896
26355
9225
26322
24646
24238
21143
23340
16243
22458
16891
8869
14418
20092
19415
1007
15393
24398
2796
8017
22616
22226
31269
8604
28116
7301
1239
9057
25396
11159
27719
2145
22148
3578
9837
29509
4633
3513
6647
8591
18619
4235
23441
17361
23818
20904
20580
9756
14362
28123
23004
15548
29537
30168
28335
26914
22995
31441
17691
2850
1099
18756
29295
12895
5421
17943
9164
1027
22345
8678
21549
10419
17411
22172
9125
22210
13489
9024
13288
19620
17221
31250
11789
20390
7724
5335
21906
733
21366
9073
19617
10844
22326
18610
28049
11946
18732
22898
23984
29812
15777
4575
15680
23678
3475
13589
6335
32735
29202
19183
32620
31854
28394
28700
25350
25976
20610
27765
9431
11444
16644
909
29681
6008
14526
13194
24760
5164
19913
22068
18848
1024
9960
22604
1336
19674
5554
31519
28008
18322
7156
21595
12278
24162
24657
32
2127
28568
22059
14682
18053
18574
7367
19535
18324
19676
22955
6004
17129
7628
4683
3717
4389
22031
18661
29652
20510
11694
24746
15330
2086
6723
3358
20268
13969
16232
20673
7751
24945
17264
20207
15407
6308
23637
29957
29405
2065
10482
16069
1559
32558
10866
6652
6284
4550
29193
11617
26400
13817
22242
1729
20101
900
18520
29785
20235
30786
4200
3460
697
26099
6758
11926
14748
27965
4592
27655
12383
10736
28193
16596
5404
29838
15622
31778
20082
23819
17238
12836
14552
17105
17501
13376
20016
11783
1594
21613
27552
19987
26186
30688
10653
16733
4580
15591
31304
2646
14151
14357
510
21946
17104
3231
24106
30226
31857
25606
20062
14460
6494
2294
29603
30382
5641
10607
6669
2617
27729
1058
16530
1291
31222
1310
21275
21304
11089
5547
19164
10746
15938
9078
10465
26614
12649
8943
32490
19136
13209
4336
31353
7586
10121
14239
9769
17817
4045
14997
21825
20129
30469
11840
28041
24114
10325
16005
861
12043
19477
10410
31743
31278
15561
3188
10802
28972
10323
22668
6404
11682
20839
22055
30955
14852
1344
6118
25363
6041
6545
20475
26359
26055
1727
20878
5679
3729
29261
16735
648
7262
15768
14764
25178
7420
27844
25941
20246
13796
31222
22078
21023
19904
26819
6901
13275
28458
11753
22421
16649
18615
16189
26090
31317
28212
24549
16597
25129
16175
31943
16114
23751
5818
11585
24697
22165
10347
11291
13410
9399
11943
23738
6349
21475
20000
12438
23200
22897
21149
238
30834
23218
10490
12474
3240
32387
14959
10977
8925
32034
3349
4268
31880
25152
19877
11386
2264
13655
9859
31926
5091
31805
2044
27399
28928
19450
17868
966
9329
23511
11748
16821
20550
20151
31850
16878
26749
9898
20736
29721
29294
5824
2377
6882
21351
10011
9385
12459
29331
24392
5453
1149
12832
27344
8812
9029
928
27657
16332
24893
7088
28978
32391
6056
2264
16319
31503
27330
12723
27122
27760
11255
32336
25259
14549
11347
12503
897
13134
4922
12656
14609
26320
3417
20832
18838
4734
26588
18805
27067
15142
27617
30629
5037
30223
3629
8178
21619
20722
18206
13457
898
31558
9953
26954
6284
5312
31205
5666
5018
17691
4496
11576
11098
277
1328
18413
13754
8378
32564
3911
32437
10980
27292
920
365
31235
5294
26458
14203
7706
5867
20830
29315
8202
7489
10790
29707
2579
23682
6287
14221
22936
19733
8626
8906
15906
32236
13
4194
18856
5045
30174
26786
30222
18517
7888
15517
9195
32402
1241
6014
30351
15887
31843
31260
12613
11134
2986
13519
31189
20753
24933
4995
9293
19249
7848
4106
27649
11635
30729
32439
15825
13256
29186
26920
30634
5108
15510
2915
16720
833
29239
10021
25178
17524
15848
8566
14718
20992
11423
7809
14606
30842
11757
4003
3267
30029
2016
26562
19642
28079
16937
27104
25020
20947
19578
17903
32450
96
25650
30695
21432
15907
32060
7447
23938
22016
12852
13240
30525
29999
32716
30920
4295
6053
20335
22550
11905
6351
5412
8857
5715
15494
1204
32517
19953
17472
8719
18592
20061
25731
12524
20562
4270
11936
18352
13308
22543
17053
2449
16395
23818
23923
19451
3917
15879
6010
11058
23811
22799
26401
21050
15671
29398
15330
31220
12112
20217
17781
25481
16099
7556
15172
21003
9932
25015
14368
18266
10878
13834
32306
2117
6551
4462
14132
11250
12728
29142
1249
14976
21139
4086
30121
7914
14405
74
12714
28719
12263
25947
29660
21936
31327
5950
9099
2777
20860
25693
8715
17923
17219
20346
8359
1689
22403
28400
4826
3706
13232
20796
4290
2719
12525
2749
15825
12030
6251
20664
1990
18862
31218
17823
20955
4427
20669
23187
24640
12956
27275
27175
6089
24947
17651
28775
26084
28885
21752
1049
25805
13915
27869
30018
4101
15576
13371
13548
7424
2620
26192
27175
19485
31929
19098
22606
17884
804
7076
31371
22604
13469
20513
30877
10434
2930
31287
22745
11728
18241
12573
4975
1397
14941
14568
27375
31634
1651
23714
11788
21661
3182
11933
18079
12441
5015
8966
14831
6726
27649
14525
32303
5781
4132
9316
18760
18526
2504
12727
15577
31829
7717
20251
4988
12603
1352
30585
13132
28753
12472
28236
18852
2578
25946
505
21545
2849
11410
18528
15114
32129
24747
2480
24710
18948
22649
19839
18863
19974
30268
15898
17518
31066
7624
22041
11976
2181
21987
3127
17247
12074
6383
29025
3900
18118
6345
29965
29899
21918
31216
17357
24615
501
18922
29732
4248
17793
13539
30104
7003
29984
16024
30216
2977
28872
627
12608
17369
4028
16119
24267
1074
7430
12383
12808
14940
30753
32386
8321
32399
11766
16890
25207
25039
7690
25733
25026
29038
32757
24747
2776
5074
23830
9378
13355
8825
21125
7278
4024
25913
12105
10060
23260
21197
17099
31825
16490
14989
28555
16975
8444
15229
22034
24312
13702
11401
11304
16710
16433
23055
5190
11034
16230
15518
2382
15907
22312
3326
12922
20481
25768
22896
13202
18858
28691
54
19811
5645
28847
13142
25196
25590
5926
27036
13274
16178
4642
24798
27319
17651
281
5507
16734
30582
2411
21318
24882
29922
16810
17208
18575
5492
26424
6916
19713
13529
4632
20855
3508
10971
23294
31808
27180
14144
10152
15092
20790
25839
4465
21333
31775
10325
6692
25299
27171
15623
8974
18771
12328
1705
23127
12592
28845
30990
4754
22655
4093
19360
14482
32664
30888
31747
23423
8402
1075
25589
31530
21901
23567
26233
4254
3190
26312
30772
1272
29958
5503
1815
2680
17484
9626
1342
3031
14061
10938
6936
9691
29801
29933
17609
24362
14239
10022
24268
4700
24724
4586
26077
15955
21360
9803
28182
12495
18633
5402
5464
16189
29476
28249
29932
464
7609
21743
22122
17619
10359
6815
12250
9278
1352
22587
11034
1415
6806
22037
15488
25530
12046
22711
3263
8652
17060
9684
14863
22317
30935
21886
13448
19100
30774
17304
14799
3903
25379
13711
13301
30707
19927
2117
32668
21729
21926
31310
23900
12114
15748
26207
4709
30660
13257
515
31845
23100
9521
29840
7340
11487
16679
23130
24206
11452
4931
2086
7432
31981
22033
8930
11175
7134
25364
24467
26278
17132
25610
32654
3670
25650
10610
23787
29123
15007
19020
6967
11413
8268
28960
20585
31796
7949
31297
14871
28720
28487
18259
21226
31199
22785
27659
23632
8008
11069
6198
12400
21823
15752
25341
28771
17618
12240
23399
25249
32740
23670
543
5561
26904
12452
4216
6982
21233
24289
12462
28446
6711
8162
2927
24268
16284
30115
20121
1345
17567
9399
4422
11974
20401
22493
14598
14645
23446
8659
17515
17513
30223
20847
7883
18163
20918
19435
24897
23310
12073
24961
9461
22486
24938
20535
19101
2740
29062
26877
23364
9501
9589
2805
26186
12924
28226
26898
173
10860
364
19940
18822
29483
8587
20914
6103
26699
23094
14026
13699
14763
13093
24597
19358
13990
7827
5614
25575
22922
9958
3380
9107
10060
8082
25758
9037
14202
23867
3151
2170
30832
14618
19371
17345
975
25505
22888
6347
5931
19042
14824
21319
1284
5421
22470
19762
12792
32376
2735
10837
29238
2820
115
27919
23350
25790
15451
18516
23976
23780
8382
21238
15274
22888
14031
35
12093
12697
10425
304
21754
15872
8686
29844
12033
8072
2491
1592
21555
483
19489
25838
8097
23848
9440
12606
29763
31425
8404
18793
26862
16772
18820
5800
28800
3360
12025
16309
21086
5307
17356
25740
1824
9433
16259
18291
19850
12416
31518
1848
3006
32154
31724
20154
20657
28826
8355
7594
2524
15202
9392
3731
16692
29540
28108
15896
30555
21256
22480
14206
28184
10830
29386
2666
30469
17077
26448
28139
6791
14939
29972
5306
11011
6757
16313
5825
6223
11425
24037
5083
5991
21610
24216
29659
29282
28365
14524
26575
5284
32234
22781
4230
10068
9116
16858
28239
21009
12124
29180
32260
29664
17250
1223
10055
26729
21774
16688
24588
11620
3207
2766
10584
31822
18338
26931
18759
11360
17413
6524
26196
28865
13452
24103
26581
18171
17899
293
16325
10668
22165
15408
454
23422
26077
31583
27494
24152
32347
11768
16802
27350
8082
6533
10153
31735
27343
25386
21218
17174
5972
17205
16431
6172
29110
5879
20084
14835
27268
17619
25171
29502
30761
9876
30522
30535
20500
28163
16800
2872
15126
14266
18059
20367
2315
16435
3158
15820
26556
28452
18609
11884
8452
11535
12265
31515
1074
14100
18794
4390
32431
25867
28034
2095
10209
5583
20583
4388
17486
13788
15996
20850
1029
5149
28112
32373
58
30975
2279
19763
15408
13258
22206
2635
11612
4657
9225
28200
3783
30248
20927
378
948
32245
11480
9703
19843
29322
29526
5885
6357
28690
10882
30572
9713
31946
10872
15986
20582
530
741
6550
14834
23492
7440
5785
7331
29124
16151
10666
2108
4056
21627
25561
3802
28602
8159
28110
9431
10604
14861
6843
14319
32204
570
10127
16801
12136
25483
31341
22744
23955
5080
30300
1739
5561
12207
14144
25378
3823
22428
18953
15194
17358
12967
13610
18794
24194
31263
25932
15783
11038
29334
21060
8165
1074
30253
28739
19423
28064
29714
16717
3289
20907
2374
6893
7299
5201
5796
29734
2337
28891
30751
20396
18153
21938
16715
5717
28844
12916
8991
30154
31673
27719
24313
6018
25343
27758
27362
17393
3441
32026
11027
17916
29615
26754
25785
8881
18658
3637
19958
31029
10983
25263
24360
7933
7601
3371
18797
19521
21992
6073
13927
27822
5846
26000
13628
26716
10116
25509
30945
30975
8992
10109
19353
24417
10402
28735
23480
3344
11696
15885
17837
5715
30910
29588
32575
99
1657
13794
2071
16344
24166
32376
895
31586
6854
5025
8041
26297
10174
23298
27827
18903
32180
14961
3241
2148
23292
31499
22476
15730
16564
25216
25042
16234
14060
30386
32493
8262
7179
8063
11856
32257
877
6874
3568
14156
26449
30497
15239
22659
12787
1962
18143
21727
25077
1952
6477
24557
19971
24333
30331
31551
19383
15927
31339
3169
15802
816
14521
3854
19757
7593
24865
14244
21063
25863
3392
6614
12351
5305
7071
10145
10348
25288
15341
7297
26795
25775
4236
10468
22785
13934
2384
29151
27777
6106
23427
14624
31088
29751
15148
16676
23720
2056
14736
16810
27706
6438
27898
103
32087
29968
17848
25083
369
10626
13414
1828
32413
11081
1391
18993
26428
24405
5584
12474
5338
14864
17695
9615
27222
26862
18636
3822
24899
14917
17576
5369
1679
14176
19619
11366
10850
9423
13274
14713
18249
23808
19665
24367
25748
14612
32508
20157
30717
31723
21893
11064
2698
29569
27465
21910
9396
17534
22564
13525
17864
5128
878
20090
27278
988
32709
17213
26409
13469
21517
1027
6206
17003
21942
21260
12120
28600
30781
25966
7819
29271
13814
14530
26456
5846
30216
28957
20689
11790
5049
21314
18685
30968
27372
12053
30078
1731
3559
20051
14193
14627
2138
15233
9878
25323
21405
29986
18353
13534
24634
24877
560
27842
22699
5310
6413
31415
357
17420
10998
4295
23061
28315
32172
20670
25641
7091
6313
3132
12946
15120
29445
19208
9928
32219
14490
2983
32527
15321
27239
29230
6650
14563
24114
22868
4909
24214
24945
31179
7526
15947
875
7121
15807
28489
19099
1794
19501
7482
22869
9328
23885
23260
17836
1781
31072
3321
10386
19912
17555
409
10305
5455
31877
1910
474
27188
28419
6576
22092
29371
19990
29634
15992
16979
1343
8629
27283
2923
29697
24724
20683
9094
12704
25375
12077
3474
15913
20163
25798
32373
17586
1226
26120
4074
21219
3024
20592
5515
10677
11638
24934
18478
2938
7258
21605
15221
11038
13894
27739
20897
8364
13991
11347
8615
1811
27969
849
902
10027
19746
28541
14039
21491
26580
23684
22438
23581
10455
16700
5504
13516
25934
16519
24781
16796
5113
20857
609
24035
16739
12989
20813
2870
5213
11572
31483
26927
30378
27104
4474
23150
13820
24321
21526
31454
12576
6269
26156
19257
25973
24453
26684
13775
28834
1398
10048
20611
23176
22013
22076
22
15222
29823
1559
24744
4764
10424
20393
6011
24771
24226
25621
29179
23355
23960
30553
30203
19220
31419
14627
18242
27793
19093
20455
1606
25305
5628
2606
3127
5104
5689
14897
10303
230
15466
28582
16905
28238
2085
986
1408
28914
12638
11264
31705
12997
10635
1480
13779
1049
14341
21044
27453
3346
13746
21160
13241
13147
11233
31808
15553
2071
23157
30053
8423
21019
26950
4515
17505
2138
18628
16309
23236
20640
1502
7650
31248
22148
5410
10381
24301
3736
22821
14087
17972
14818
26661
15015
32689
15760
21741
29725
7720
8935
32505
4867
26773
21373
11739
29621
28856
26024
31709
28515
29393
3382
21480
29284
25257
1118
1700
19661
18897
247
15073
28995
23342
2536
15670
5645
24502
16608
29415
27757
24692
29767
29708
25137
12754
3444
4336
8581
17431
12064
18104
17163
23855
6170
26437
26158
8107
7741
30811
9139
776
21920
3586
3728
8500
14348
9260
14082
32078
24755
15257
25562
10157
12318
15864
30231
25381
27752
27983
10938
12165
12714
25244
11990
23908
18102
24509
14823
3870
10760
30861
8804
19225
27385
22352
8344
845
9014
8273
13229
13827
9329
14537
23818
3036
11862
29955
9695
5910
16577
29118
8957
6155
24110
7379
27372
27386
21105
12567
12855
778
20903
10627
523
5772
876
28562
15616
24705
20046
18667
26167
7004
30594
18496
24229
6409
27350
17782
3246
7213
16103
8454
8694
22192
18836
22179
29556
12665
22706
8989
6088
16760
25345
16773
16334
3562
17759
914
32115
3032
24636
18755
27847
29409
10574
7110
29524
20282
1414
28569
2479
29939
32578
20975
17228
14460
11460
1365
2198
4199
23267
20885
14143
1135
20480
2778
7381
3514
15164
5142
32663
19547
9192
24737
10630
13851
27966
14627
10687
8825
16974
18355
16391
22511
32314
12096
9896
32375
25766
12848
11900
6990
15979
11336
24903
31224
11915
25548
7753
9860
21354
30183
25876
23825
2107
25164
17052
4753
23224
31262
5261
31437
2326
13838
5857
12202
7224
14275
28593
23978
29219
31358
11595
6581
19634
30462
27270
17434
14474
16033
3410
7377
24657
20941
21395
27907
8219
13710
8752
27083
27941
3200
19046
13375
26054
14064
14691
6826
7586
15934
17936
32540
31265
3973
4398
1829
13088
18814
11172
30941
19430
8610
30487
26919
6233
9359
29884
7991
8817
21933
30314
20818
1006
29201
26100
7893
2118
23202
5813
27513
10978
27002
21868
32725
17801
13967
10827
4901
797
3986
330
8777
27269
10007
11457
14353
5610
16119
30262
2743
27174
20978
12659
4781
25209
153
1500
32409
17534
17772
25088
10399
20574
13375
19822
28894
16708
18658
3274
8509
12817
2304
19488
15975
14928
32072
17271
27156
22380
17867
2474
14987
30240
19877
2419
11108
12336
25056
19657
2963
4695
12181
4716
3234
32384
27988
25022
22334
32313
13254
4308
18677
6500
18833
28877
16190
1327
26236
5218
5050
16199
12756
25791
11705
26953
14
30865
19712
30842
5037
24929
29130
3511
25959
25376
1548
2479
14211
18947
11261
12623
30853
21137
21974
30334
14605
22522
2774
14603
14589
15530
32138
5091
20442
16670
22347
2696
13429
15606
23816
10942
26570
28236
20806
30344
18216
21317
14180
10834
2450
16869
23588
13168
11366
12840
18279
27335
4924
28238
31544
26570
24337
7542
9228
32681
16549
23662
7752
17604
18977
22730
29956
6758
1021
8755
15887
12464
18721
9730
30515
31955
11850
2318
18618
387
30896
21441
20784
31656
26598
9330
24171
18262
22273
23534
14281
4351
30972
30808
23993
9959
13403
4660
25213
32473
25103
12222
16430
17433
29594
25216
20480
409
17523
25379
18119
15471
6828
8070
23226
4743
6866
28429
30327
12693
13077
24892
7496
14926
16808
23172
25765
25560
31339
29532
9978
29567
20424
19860
21418
23721
25306
21478
83
7436
16085
6095
8020
10526
25506
16797
32652
31949
25545
18120
31077
9329
6548
23173
27921
20991
14194
19609
30228
21119
14233
19051
30723
30656
28399
13918
26763
19018
18219
2397
31412
6036
25655
29368
3943
12407
14553
10798
3887
27619
20115
10315
4412
16849
17608
14580
29613
4728
19231
7232
18703
28100
6957
10633
16160
28420
13646
10435
25305
227
25811
22029
26028
7577
20323
17286
18443
24418
5019
3426
3369
29999
15096
5181
23556
20380
759
12718
12707
6691
16762
6944
2204
21647
26734
26333
6618
8371
27819
26476
6813
6235
5147
20765
7106
16259
28447
24034
28229
26311
302
25440
12548
4635
23744
3910
27590
14268
13930
15838
23419
27495
13130
7906
21446
18888
30373
7312
22968
14389
13007
14592
23519
19612
16715
21942
11135
29114
1588
6516
6943
7054
8923
26705
26183
8206
15282
8719
18057
2072
21865
6826
22974
27819
3414
301
15762
13399
12570
10441
1091
17650
31106
26664
26277
32141
27819
767
22378
3238
11114
20963
23456
30368
11754
7261
19579
24688
13207
22848
26197
29336
27195
18746
18675
26713
4199
8106
19722
7972
5909
11697
21249
14931
1675
17292
28409
12054
10883
15393
5643
19632
18824
26327
12496
5347
27555
17323
14119
30888
29751
17793
14642
19748
4906
3767
31138
3288
20805
23552
32053
14616
15326
4464
13180
28606
29620
7635
7394
2335
8986
10307
4586
21054
8024
15354
4024
14144
14670
26212
11731
29216
346
31608
8489
4516
636
29769
28756
27792
14520
7128
15643
21785
18108
32301
18236
8348
11971
19878
3177
22416
4793
12942
10640
8634
16288
14577
24927
17055
2098
20655
27656
14911
13000
5072
29761
24064
32378
18199
25999
32233
904
18650
28613
27152
29433
25105
25543
27734
31105
11692
19860
2641
18856
2602
28548
9098
4393
18791
718
16361
23960
4789
24908
8813
13384
11055
31875
29728
24940
6218
17886
6987
17020
20653
27706
4838
4059
28483
4775
22098
27062
7310
25709
13643
11311
8766
10830
9240
20155
23810
17675
23556
21192
158
12586
24594
1444
25150
30709
14829
6554
15625
12742
798
23134
9466
32130
3713
171
7147
4452
17914
26922
31987
18684
4196
12950
12786
21623
21450
1822
26474
27936
26586
5386
12945
13095
3222
31394
23972
6305
14669
10571
20093
32209
22474
1012
15208
25254
16331
15536
8755
20868
1717
13732
13700
26440
30597
26916
13423
7302
18186
7449
24648
13332
22610
26022
1206
29389
9570
15115
17929
1167
8233
9929
10702
12934
8119
19463
3488
20141
11691
20276
65
30865
18410
24814
12521
8025
27287
28706
26845
25859
30271
18293
17220
18160
18003
6627
5942
12195
3036
17062
18455
21958
16490
15450
28707
3181
17741
4958
6473
26783
776
22397
30781
24595
7427
20686
24009
17719
3456
31704
21092
17526
15824
4346
4101
18107
28359
6923
20025
23857
1389
24893
5236
6734
4086
10311
1700
31759
5877
3779
24588
19333
3788
2260
4176
5520
32103
16141
11980
8427
10282
21646
14378
1384
24103
22640
18996
18557
12949
26212
20966
8960
15229
14998
24520
21551
10423
15576
5755
9715
18197
18172
26513
1638
17374
10881
4770
23186
17534
14707
6811
28284
9851
22156
9562
9825
31659
20639
31096
21823
5797
3383
3686
23703
15221
18043
25276
31089
18580
24660
3277
25250
27671
6354
14719
7242
14630
6092
3418
9376
12720
8647
7134
24050
6237
29209
26906
23015
7876
79
10618
27144
17375
13515
13281
6526
30395
20658
23031
29725
20852
3333
6853
16034
97
13581
25471
1081
10636
16381
21152
7491
26725
11731
12604
4949
12727
11135
5778
1668
13274
16967
27106
30688
1835
5738
13950
7486
17081
30979
1570
8763
18753
20785
13704
31357
25181
8309
30520
10556
29688
9819
30878
8705
28677
26461
23902
9902
19056
6916
1260
18111
2901
17744
20055
25551
20849
32602
20069
24414
22742
13112
11237
21969
23010
20257
5697
2746
21617
13265
2643
27226
6994
25135
22905
17509
13304
11310
9964
9220
24178
27889
20301
26912
22942
3122
28289
1758
14233
20708
30655
2918
22137
18199
5095
21737
20799
15645
14870
6114
32007
7147
13943
6812
18050
7873
4956
18932
934
11790
6285
2912
3492
24974
21727
28720
14107
28085
26121
11796
29323
80
29364
223
15628
20586
2769
22922
8512
25964
25135
32380
26246
22921
6477
264
16496
7001
2157
11320
4728
29380
16617
20681
7150
19746
14538
4726
8245
5280
21655
6778
24367
5862
17259
21328
29174
16119
24906
4541
24525
9816
5045
20240
32598
16756
21628
22697
30725
11071
24276
6328
30676
21530
12969
23623
28984
6135
25142
14971
30036
32701
24018
278
32365
12782
12813
19009
16031
22151
27643
8073
18126
29223
6096
20007
6623
31860
3501
20612
39
13754
186
28924
12067
32726
1141
2530
6506
15955
31818
1733
31457
466
10595
2802
29998
687
19137
24890
20591
12001
908
6390
13355
20258
31655
29768
27784
1873
28296
2979
4031
13844
7239
19085
6094
30657
20724
10659
17517
20607
30254
18910
22850
16808
25329
21782
3160
20082
23984
18372
14542
13263
1188
2060
10700
22417
4195
28155
4539
13010
9396
8461
438
15251
9122
28402
30011
4515
14031
32657
17959
29379
779
2638
7393
14855
14885
28808
12501
28287
32513
24934
27940
9495
20459
27348
19865
14780
27435
7112
2016
9152
25050
7114
21746
27008
19700
23475
28372
30532
22702
17333
5761
23910
6665
667
13861
14775
25255
25170
29579
20510
1757
17833
18137
5762
18955
13141
27003
14314
25896
4664
12637
21219
23457
31459
11357
30499
4708
16985
4096
9835
23863
8725
20835
23730
30287
8527
31093
25471
5150
9084
2404
29847
4460
16404
853
28632
23465
18327
27480
10341
7042
6610
21659
3331
19378
12639
20190
12227
12827
2155
18470
28898
28437
15035
14006
20717
5894
2289
7995
11816
2611
8460
19271
28977
32469
20527
17408
27873
29040
419
25882
30067
28512
12062
7170
29416
28596
9798
10076
29353
11840
18289
27312
31855
15598
8623
10848
11872
16213
4106
17374
25723
1165
15372
13851
28469
29505
10626
3651
7524
31749
12160
3239
7517
1514
677
5627
31065
2384
13472
17601
13086
19708
19699
12037
17115
31083
24311
13387
32083
30309
16673
26566
9533
18133
18819
27338
11243
22231
13206
19332
25899
28691
4918
15337
12907
18506
30958
13548
26912
24110
11126
23028
30824
6263
6778
12429
4589
23347
28317
93
23053
1885
23230
28507
25401
6322
4730
11835
30875
21952
2546
18732
31740
17984
25294
28870
23268
25509
10882
20286
24323
14325
19919
15837
24015
24280
25997
28336
2927
7407
16553
24192
29912
358
20330
8964
25910
17869
21496
26966
14989
24611
31774
14500
28064
31540
18511
19752
20754
18726
25575
8026
19403
25678
21172
27492
4765
12872
6069
19670
9511
32070
14625
17051
4602
14248
17835
12076
17915
7629
16133
10499
27401
10793
3491
12115
6623
3992
25025
5878
25403
11762
9639
17318
29760
13536
25900
369
23064
26862
20089
4711
10463
16097
12303
17558
2492
16714
6156
9272
29777
29787
30889
7722
5974
11258
30216
9888
13440
2068
16685
14360
29608
2868
9290
16012
28969
32596
9279
17132
2954
7411
23393
27339
13405
10343
29050
8281
18534
31093
21778
30353
13056
8479
6637
7603
24765
8637
8405
31733
17741
27983
27802
15989
30881
7698
18518
30323
12111
7505
8949
5821
4665
11390
17397
25962
14698
1153
15723
13771
20032
32592
16199
32415
6352
32704
12248
8326
31878
2971
11667
28857
10252
19442
24080
23543
31853
26548
11861
13763
28539
27776
26711
1996
28014
14776
16830
30125
32205
8663
18409
2262
12178
13828
19762
30922
4233
28647
15219
17292
13305
11707
28617
10835
3206
13476
919
26245
7510
11587
9934
10979
18035
20104
28524
17665
12400
10952
16963
29434
6992
21264
14588
16737
5283
17592
10587
1403
22770
21819
12741
18347
25693
4166
28415
12845
30339
15374
16184
22535
3490
30695
13898
26685
7423
10515
10045
8517
649
10711
26380
6330
32697
28372
11436
11093
14780
5781
12875
10520
1236
5989
31702
4556
32508
32611
26301
30126
15819
31448
26362
20070
5018
5319
5456
25656
12265
26054
29392
4990
7935
9485
1442
1622
27857
20429
13058
13976
28453
23235
31369
19467
31479
8716
30382
10968
2332
2875
18060
17982
3621
3497
17638
2952
2438
5388
12392
31036
4088
29259
10543
13974
21787
20113
10124
16180
30816
21665
20485
30483
6438
1129
18589
15034
30243
25817
29526
16309
7174
2037
12787
22853
26458
5417
5890
30038
23982
19933
10266
26033
8691
16458
5474
18803
2085
7308
2642
10942
3118
24568
31678
9390
12295
19119
5904
9615
1312
21363
14037
8525
25858
3514
123
18475
7475
13825
3928
5560
4697
22627
20719
19456
7843
17770
30319
12031
12133
18725
8061
5211
26114
22651
8755
6994
16399
10430
5225
8432
2741
25988
31283
17542
9559
30898
15786
4185
22389
6361
21488
6807
15825
4550
13166
12943
4816
31572
32608
28192
22050
21125
3220
11122
6053
10449
9070
23269
27015
23998
9008
9543
15788
5809
27256
16970
12879
26884
10507
4917
4587
27224
32464
21977
2652
6957
3104
967
24385
24496
22333
12736
7078
31443
11039
877
1760
16291
21367
1872
24759
27863
23022
3835
10443
26276
10413
22400
30000
17113
13859
5672
7260
23335
7682
15720
13891
22976
19339
3600
14528
29733
6412
18630
13111
18488
2215
5043
28025
3993
31316
26748
28135
7471
809
7796
10971
22789
18906
25872
27459
11864
3196
17051
6799
8174
13198
27434
5070
30377
5689
979
10259
15963
21463
9754
25630
1244
26291
14252
22840
3930
21519
27216
27999
31217
7532
30746
30371
30075
22277
28641
9680
6058
1949
9716
1101
29012
13690
7433
2372
24333
17586
31606
2563
18427
2725
24740
2467
16102
15051
11968
11239
14735
4272
7347
20326
21059
23356
9301
4845
18351
19768
8413
18975
12022
14094
12701
9566
3073
3536
13548
4335
17431
25468
28515
3928
7853
13439
13132
4877
18559
11895
7255
6988
3295
21565
13199
6214
14669
8995
3981
23167
24393
7546
17643
4471
26725
24152
15100
7562
12446
6808
14522
14613
6892
13089
15872
15578
21528
15468
31994
934
14286
8000
2009
12593
3059
14016
1739
24645
1592
4008
2602
31778
20464
11476
19699
18722
31775
29954
31611
24729
9171
11736
21085
9215
7351
10281
10679
27473
32229
372
16534
29364
26364
7853
23726
19292
15730
17472
4687
21420
21548
28500
18580
31390
12620
21580
19934
21094
26187
9876
4224
13906
11847
3482
20412
2037
18078
27418
22767
18308
13755
22175
9480
2944
29744
29255
27198
7061
11269
31942
30211
12995
592
17581
25395
11451
7942
24813
146
8844
26385
21142
31605
14974
7331
29669
8895
12094
22985
22654
22031
21052
6467
758
30008
3410
16787
5012
25586
10150
26196
21593
30159
20945
13261
17981
22128
15681
14534
5052
16888
17115
666
3217
8641
23781
16270
3778
24910
30756
23393
220
3969
24641
18981
16768
8206
19314
30029
12318
24880
18774
32518
13057
31131
6432
20427
24204
689
10999
8755
8643
4856
20637
270
7181
19660
24911
27569
55
17745
21741
5262
10429
22444
6747
28168
16709
14451
11559
31109
10605
23905
11884
3268
29894
3407
1270
369
11296
11359
18598
758
13321
6267
32024
28309
31888
10750
24452
31155
24143
11440
19426
4727
18600
25848
32082
11924
9550
30029
11706
31843
5383
14318
22705
10805
27057
24787
9628
14311
387
31715
15638
1719
26518
7015
3478
6997
23972
19135
17227
17982
13071
6483
30539
9797
3365
20941
23021
14706
1186
12678
23667
28688
15478
13373
7661
30210
21961
18447
8026
9814
25917
32163
783
23837
19827
2214
23389
7033
8912
9335
19566
12791
31873
12579
1392
25887
22204
7315
21749
16458
27209
27652
23706
2740
7490
31160
10215
4818
28951
15083
10871
17382
4564
8713
26969
14800
27303
28958
21429
18215
25501
4238
3763
8584
11436
15878
14488
10286
14838
10162
26419
30915
21836
18353
25975
18038
26865
5062
29801
10062
26529
21840
4925
19390
30162
15740
4795
21625
14394
2489
30696
14983
27537
19564
29155
32153
10648
11749
26381
3226
32602
14738
23916
7302
14514
2931
16978
24959
1293
29134
21817
24094
22897
22308
14834
15623
13247
2147
30207
26816
9013
11101
23869
21955
14902
31097
12742
13009
19790
4777
31509
29578
9073
31900
22635
26939
31619
8756
21106
24055
2846
26426
28704
26089
23183
9297
4831
23272
8737
7976
24043
13900
3231
21236
11515
15616
788
7454
24099
12761
26069
8760
29433
550
22209
32566
19703
8329
30920
6875
2336
517
18602
11121
16102
29015
29441
17597
9804
11402
19330
562
26952
198
18816
8549
9323
22633
11697
8385
23235
28504
13621
13948
24833
8600
32212
13257
983
2072
32648
10320
28068
22481
16187
23003
3923
14097
7889
25682
4224
32020
28265
5609
2781
4053
8928
23448
5333
21539
21911
20940
24431
25591
29047
19804
27508
32517
12594
28862
6612
27025
21195
8571
6982
11652
9304
29152
815
29119
19975
21238
453
23471
32095
8885
2420
12066
21960
27253
25473
8281
19022
24997
30701
3166
17570
2239
19612
2968
15713
28795
32694
4764
10649
324
16718
5446
24970
22248
4161
24585
25769
1171
15969
7043
7915
21758
32723
11860
4927
23268
2486
28977
3932
26038
1029
26932
19646
11919
21183
31862
8939
20842
31301
21728
12027
26259
8963
25918
5207
20571
82
17557
15041
4368
7837
21431
11669
15660
23747
24852
78
24013
5309
16083
23627
22373
14209
32546
7124
10419
24614
19146
5720
5618
8776
1542
504
5200
6062
14229
3658
2465
28970
26126
7254
13397
3777
24436
14309
20391
25356
7946
13820
18456
9694
17768
7331
5148
6696
22223
14314
1299
27417
13242
46
9338
25737
32693
13721
29027
2711
27250
21736
4642
21649
3866
18801
20042
3861
24033
100
25816
10614
17373
16721
4781
29281
1304
28650
23874
1985
31972
6923
30103
32223
14446
31991
18284
462
8086
20709
2228
31494
8190
8635
23879
28751
3681
30233
25303
13281
12839
32153
14629
6857
12086
9045
23156
17294
16906
10666
22590
12309
520
13116
20519
14018
7695
23866
11567
3808
18257
20196
2347
31811
15969
25162
17014
24107
13964
19030
6628
9580
877
23052
27895
30156
17596
20753
24662
30381
1127
20842
3706
5868
31460
25223
3755
18440
28101
9600
26667
29831
23693
7838
17841
13717
28610
14365
32024
3055
24131
25136
16217
8191
15580
29766
1207
19784
27672
13196
2361
32005
6230
8883
27997
5133
31
32499
20235
30714
29879
3664
28360
28554
18674
8988
13612
25158
8777
30909
11414
15201
24621
19888
17182
29666
3484
24270
26827
2054
4337
10190
24071
23519
3584
3340
17999
21314
11874
21128
21295
8416
17422
1074
7022
4275
31273
13157
29318
20892
2080
11697
21590
586
6899
4317
14619
1373
26836
24620
26013
24779
8944
32480
2982
11395
14733
13309
20152
21585
9813
6991
255
12546
12529
10158
11397
15560
25050
6785
15525
26336
5996
5249
23490
19057
28989
9152
22841
19640
1452
29417
11155
26210
5565
32201
25344
7225
13092
28430
8193
27395
3231
2895
25188
10919
21641
19789
17525
11410
30125
6009
30323
6489
2648
7862
3649
20896
18866
29279
32606
22074
24397
17804
20247
31634
24831
23953
22779
27721
22253
18888
14224
16160
2537
18577
9540
9241
3070
32150
27046
27865
12104
23892
9942
29777
24329
29143
6970
10653
3834
23748
11123
16940
13535
15005
18576
22306
94
19265
1665
29178
17681
946
30414
19568
19162
27931
7049
18334
30839
29970
1665
24165
3158
4890
30904
5902
22442
26476
5655
14385
12222
14071
353
17622
2441
26789
29798
987
29572
26592
10361
5782
25016
4181
8995
25274
27
1783
15129
21375
32540
9287
26988
13821
3709
21459
15104
13529
31329
3325
30271
14116
7846
18686
18702
9856
9332
6699
4864
24709
15894
18550
8138
22371
21769
5943
26104
9672
24147
6189
7646
6660
18710
12223
17616
31851
15205
11912
24726
5370
4438
9235
5914
13374
21081
20195
28260
17266
4296
19895
18632
8168
26559
30220
29022
17834
2861
29666
19635
3424
7723
5827
446
372
17293
28674
12054
3701
7351
9793
98
4793
10931
8757
14352
4423
17792
30894
330
3059
7596
13777
7717
18635
31781
28072
17948
1714
13388
13790
18622
25931
31819
27843
18595
1049
8104
29078
8868
7396
16411
12804
21835
7518
6301
12524
31881
1030
30402
27237
13735
1101
24136
14594
32639
13815
2800
8277
27372
21445
17548
8369
12159
19793
14682
30772
30836
12345
21136
29957
32228
11391
14136
15579
15932
14384
28990
11711
27629
5700
26824
15378
25445
17606
10693
29137
15679
5685
10185
29464
20662
31273
29720
11237
14944
14649
6657
2847
15129
10269
5485
28375
828
5648
6071
9677
15898
31352
3774
10806
29092
9673
8761
31164
1643
31143
6987
11975
3019
27723
27224
16123
3170
23335
16150
770
1735
28877
26343
27531
24185
8717
25958
1938
22806
1629
31551
16354
31694
3967
3909
27609
23830
25693
11710
9068
16033
25400
4609
29290
908
3841
28228
20741
22233
27655
26031
1422
5662
4051
27829
21376
21630
26704
931
7104
2521
32304
32633
21027
16960
13962
21754
27697
25004
22472
6655
11561
20463
21952
12560
29509
8426
10529
21301
27198
3329
13841
27658
18195
19916
1556
31762
28935
13071
22832
30029
15336
1005
21071
17933
6039
88
17124
1541
22725
5836
22993
31139
32507
8765
14729
24480
7133
17486
14705
15573
16303
12227
22157
6736
3864
30521
5976
27047
26150
13332
26355
908
11411
6586
11138
29858
16199
18687
7124
3215
4893
30687
6210
25427
29930
16755
2777
18648
2748
12830
4795
21193
31327
25608
32450
31912
22822
16333
23399
3611
18663
13686
6114
15239
26184
424
1683
13536
27705
21275
15521
5824
12482
25678
5345
29110
24319
23929
23033
23520
4713
4804
23493
16572
14166
29366
29689
25403
21700
14576
15880
17943
9042
14619
1605
28263
5519
22047
13384
13425
13687
31125
13460
5823
31547
8064
9591
17269
321
18999
19249
19425
14700
29350
3928
13908
1949
18614
3962
25136
25978
22538
32517
29251
29550
25836
24676
12627
6896
5511
22891
9466
9737
15190
9973
17077
28688
20700
29643
31543
5049
32662
5832
4099
14926
16942
31803
26425
28731
30449
16013
20912
8912
30339
12836
30534
11075
721
26758
23924
2804
8776
28354
15398
15605
15173
19212
5321
16586
972
32167
16293
17005
6524
2312
25453
918
21954
17720
2836
27192
12878
634
19939
22607
20931
16174
15817
12505
179
29941
4082
11810
17098
16662
13210
27973
16457
27680
19236
21232
10166
5329
15206
11623
22482
567
17736
14284
26060
24853
23949
25245
21428
28808
14064
1406
2866
25066
12915
24121
28792
28663
10740
259
8565
28974
18689
7681
13644
27002
26605
16394
4100
24338
7459
26799
7809
30366
30907
11640
3763
6811
7755
14961
22541
12800
12544
24037
10297
10786
17901
362
2058
22485
20642
13341
19634
29652
15873
10799
10549
13923
12621
21921
29725
22066
6020
31819
30064
28293
1263
28451
20703
4242
4343
18108
24640
1066
9274
18701
4670
31644
27870
23668
8527
16087
27941
11259
14055
4558
22594
24793
20204
23073
12652
5436
28521
18425
24880
25669
2182
1587
13579
15188
4280
13762
32056
20615
12597
14414
15559
25213
5803
3617
8175
9568
14897
19268
11429
290
13950
26597
24941
1286
32088
28668
13937
13411
336
22063
13520
4261
10157
28146
6200
1172
5798
20722
11959
5337
13268
13236
27342
31165
26342
28025
23496
1589
29847
14182
73
28
1501
26337
10026
19903
12131
10046
21124
7326
3386
30363
20747
25969
18124
27144
414
29034
3857
31980
29980
17594
29957
28580
25208
4694
6233
31084
8464
7419
5736
20867
7482
10607
17262
21386
31520
26123
1012
17197
23503
27510
23183
29446
30858
15027
32202
21182
2148
23646
2657
10358
9230
1330
9648
31077
7149
25551
9322
26050
29807
31674
2446
31716
31904
12710
29079
18088
13048
27890
15860
6931
27767
29298
5303
26936
29173
23666
2193
5212
1971
21496
31998
5721
4917
28490
6845
29248
21332
22960
26755
14914
24207
10363
23536
11473
23458
326
30402
11522
10330
30076
17481
6710
25255
14107
19227
19193
2035
2743
18184
12074
7858
6849
16208
23901
7738
4105
19732
3965
2261
4994
9739
21174
27669
7493
16246
28305
15208
13529
7510
18273
14572
1714
8668
16351
24709
29431
28961
24081
2348
31113
15639
14192
12426
10048
3520
26697
9413
26744
22941
6756
154
25804
618
24292
11692
18465
2568
24430
24859
7399
5051
10893
18009
7067
1429
8021
19513
5008
24114
15431
18505
20720
4774
21877
25698
9213
2228
30183
2685
28061
321
28732
17096
21782
1799
25236
14330
2838
13710
12718
21987
15862
27736
16206
13895
9023
16988
24546
20460
14958
19895
21348
7154
11508
5021
17794
9571
28545
13461
6397
14091
2178
10470
591
7050
8169
8524
13712
9127
15404
24560
11162
26343
20624
7575
17004
29279
167
20250
15564
22982
15639
24342
25905
24270
7582
12260
22495
8884
7251
31180
14420
5654
5679
22901
21987
6918
13515
8864
927
3420
9579
19222
10106
9552
16700
479
17582
26696
2778
18101
1372
7150
9493
5561
1907
28550
9973
31588
28884
20351
28924
9407
3764
5959
26538
16343
1089
5476
14151
16491
19592
5569
1244
23785
5014
26181
12419
22425
10973
2474
3296
26647
7386
3213
12272
22790
9205
12481
16641
11779
2217
25321
26626
26072
10980
11846
16893
11506
15025
8909
32482
5142
25620
24957
3206
8015
29237
17135
29419
16683
11713
19503
17858
5670
31374
26058
20270
29799
30846
2344
22475
9130
11173
22556
12271
20862
28590
21178
24112
5552
14970
8041
5926
6919
29195
6457
25202
16433
22945
6262
4350
17662
23074
10621
26759
22476
10687
9678
10329
5955
5845
25443
19290
23618
31249
28224
11082
24600
5080
76
26953
4856
22758
11103
16282
13991
29237
27036
8358
4472
29728
2049
18244
19834
4296
7996
7223
22512
18871
3776
5368
21761
25795
11801
28599
31665
10293
10364
28828
28176
8747
13987
1106
25009
32571
10968
27590
11358
13401
847
21804
2314
32763
30392
1604
10503
1659
12053
31707
25978
3516
9929
8852
9483
7184
23538
3304
18913
32345
19961
19052
15309
31087
31080
17490
25285
10946
17915
17203
9621
23617
6905
524
16593
20346
3524
29318
2574
17410
24239
5754
29521
15639
14353
4788
25288
19076
25496
24311
12984
22725
27103
14146
28087
19564
20546
12882
6939
27843
26865
8552
12210
25011
26947
7500
30388
18660
14925
25746
1781
9766
14260
28444
6239
13072
20671
23264
19872
20966
16304
5611
17952
10176
19285
27046
3126
8681
18138
19289
13211
27270
17377
5613
15391
4216
10964
4342
3226
26243
11642
26865
6694
23983
18377
31945
3979
24302
17148
9377
2299
26624
28389
21965
14336
28564
1411
18465
946
21680
27863
111
31021
23890
19188
25675
8258
2136
8278
15121
2157
13981
23668
16426
8711
28517
8344
10890
14269
17403
9455
19837
7233
5784
29660
13988
24639
18567
28562
27962
9363
4999
21986
13980
23737
4721
13905
1033
5509
15642
3694
28070
5140
23419
99
24261
24834
13327
22473
22374
5085
31101
20673
26366
29402
15223
21824
17528
15047
24290
9386
10106
9025
24887
6563
18153
29479
27433
546
8367
14671
30344
15814
28348
32119
2917
5742
27978
32126
22647
1796
22118
19156
10941
25753
13996
23599
2149
7607
32594
26495
29421
1010
31080
6181
5256
21441
32349
30047
23747
28300
6598
3335
20584
31494
30811
13950
4258
24509
18498
483
23907
19440
28305
10120
5891
17056
13838
2982
810
23529
23353
10831
22767
12435
6540
32677
22593
9189
7681
16458
28806
32697
725
30231
14979
5846
14475
21777
18812
24953
53
23704
6044
18485
23279
6370
4503
4349
4780
6312
1421
8832
16437
27423
31026
4533
29294
14890
11052
11702
23259
21710
17340
32209
9060
15846
30881
26076
20821
4888
10297
25802
22953
24583
12266
8572
19080
12746
448
14809
11790
32414
15703
2081
2638
13783
20476
21118
8855
3101
24591
6365
24054
22484
1963
29947
30459
4572
8842
16579
22720
20091
13090
30423
19752
17047
8980
365
24677
10537
25287
27484
7613
7406
11344
10102
2445
14944
28054
25113
31886
7652
7603
4353
17495
4677
413
13664
11555
865
9221
1073
22741
2338
1151
26825
1849
7856
16868
5551
13197
23013
17396
6061
11072
14082
10304
7975
505
19616
30280
29612
1755
31721
24288
17867
7944
28935
2776
21288
10595
2013
15579
4303
20379
26869
19096
20423
26725
29370
12576
4075
20232
17128
18575
29941
21535
29760
23279
4572
11162
25728
8793
32352
31751
5778
29277
27362
29456
1284
4261
9850
836
30904
212
19268
12058
14301
18356
1274
1330
8477
27025
9672
12767
1816
10208
32091
18915
24594
16933
9788
12921
7656
15891
15708
19097
16969
31476
14320
14711
802
5195
19326
1613
4954
22456
7224
23898
25536
21021
9610
9770
28738
14335
4335
20249
27999
11567
28424
29203
27103
12201
1775
13981
14529
10684
12233
5401
14197
28523
26778
24389
17483
11028
8798
12806
31020
32079
28757
13412
32392
21529
4766
18389
2703
15666
3847
3518
24740
14275
19492
26167
25870
18756
25246
19471
6385
22941
6350
12815
4733
6795
15498
17795
17766
32326
20287
14839
12180
353
14400
575
15899
19441
29022
6842
32365
28145
25017
18647
28623
15077
23254
29655
2313
2238
27633
31445
18018
22014
32660
11268
21451
6940
30568
16697
10075
19242
14924
1449
8187
18357
26788
2291
31843
19437
10995
865
15941
4869
20141
20330
19911
15837
9542
7292
28983
15327
22927
16121
27898
15143
12098
16768
24518
25574
24795
7021
12050
25352
4010
12451
6090
2068
31271
32393
14150
31316
27781
6738
8317
18743
8074
25730
20854
23539
31133
5549
7424
1134
26145
2178
23715
14687
14081
25865
32470
15280
17548
4393
17778
11048
16260
2669
18535
20038
26993
3336
4270
4464
10043
11286
24447
333
8696
16164
30147
17519
27139
18675
28620
22581
20558
15225
2372
5359
27129
15657
23907
15684
29219
21364
30565
7377
32256
5776
18236
31251
14123
21112
20098
24455
4158
14644
6577
15
10145
2650
22934
15000
19615
21461
12547
250
23231
12261
2757
9759
24401
9319
3029
22376
15687
1879
30163
17740
17222
3219
3503
16195
26621
24801
23210
18146
8374
30260
20861
24135
1578
25899
16343
5559
15258
2011
3085
7302
19483
12750
7437
22839
29234
10571
32405
19685
32160
17880
5538
17890
19327
22526
31018
9629
1166
15948
17165
15817
5578
19359
27978
2235
5950
25248
3950
16660
5403
27277
4179
7329
28427
317
8198
11903
16835
3678
3593
13443
3799
7170
20411
21464
5843
6234
19220
2282
6535
25792
14741
20099
28834
22011
14207
16436
14467
2495
21316
15351
31563
13684
12603
18194
4663
21048
6039
14911
12589
18983
30362
30985
20628
2778
16646
14457
26985
8493
10453
6386
14223
16966
5161
5978
30311
26067
24198
6522
19361
21906
14911
6568
21586
22039
17966
13731
2118
19658
11176
9406
26519
1839
22704
22849
9854
1898
10859
20748
19306
31234
7125
22909
29519
14565
19633
19092
12353
32684
29894
32085
13889
13601
5960
366
19031
28158
2709
22042
10209
3320
10274
10821
20522
9212
14516
26609
30782
31417
28883
3800
2301
24158
4475
8787
25967
7845
278
11898
27479
23568
28839
10381
25099
2930
24904
11923
19330
21170
7638
27200
19375
8908
31979
6940
6669
13080
32524
3042
12668
16847
7460
30502
12875
15819
23345
7995
10902
15758
29502
7508
14546
26502
11409
11241
15526
12176
13093
28765
2556
3514
859
2013
21081
4685
15852
23435
14441
31499
30754
32732
16863
11701
23624
9022
7036
15312
11871
20479
25452
21417
2322
1386
28121
17047
26348
27699
14267
27776
19401
10773
31725
23710
8842
6329
7814
21379
8973
25562
25190
30299
21597
21159
7439
882
32549
16488
23735
12278
9323
2149
13467
4861
19578
26883
9109
16841
16928
8753
18673
331
3610
21250
23421
12519
18125
23195
5855
21111
2103
16464
4907
21394
10276
26378
15029
31758
31397
4076
21028
9667
15038
28726
18120
8594
27487
24169
14126
28071
17557
23212
27121
8442
258
30318
9938
12316
8075
24397
9739
28464
27984
4406
2529
30007
27617
29646
5753
17554
26543
26385
7148
23745
21184
825
18077
6513
14247
4066
18891
694
22708
30315
6242
29333
20328
13215
8215
13253
16427
3221
15027
32182
30273
2772
18863
29139
31739
955
12290
32261
810
12065
7735
18552
12761
4408
25794
2209
10044
15287
16532
29056
19683
10808
21997
4386
18483
15838
19826
18795
8215
7228
18303
17938
27379
30066
6590
5101
6362
30105
2809
15727
11776
25954
300
4207
370
15865
21983
28970
21508
13360
17586
24204
21387
32473
10298
2987
24141
23667
30987
12949
6838
7178
17174
1099
14157
11608
1334
23053
26342
31792
12037
3032
27928
6941
12532
4142
20209
326
21147
18709
31721
24468
17229
8802
789
20759
6384
25911
10397
27302
12555
25803
28528
28102
10273
26729
27446
8910
23358
30396
28295
7752
10191
26185
26970
30105
23990
22333
3008
9957
6046
31337
210
14381
28044
18827
21991
20922
13751
5327
25099
22463
18330
2453
16813
18234
30023
5749
15000
23067
12030
20608
7205
13992
1278
15817
28590
11808
31643
10533
3397
20126
26001
25390
26790
19521
14488
5262
10859
1418
4153
1402
27007
9989
21215
32380
6357
12844
11569
9846
32090
27528
22431
484
16424
29721
23099
30561
28924
4600
17099
32109
3306
27707
284
21869
23887
15897
23961
30707
17160
17743
15899
5696
16865
28609
11523
21767
24656
3173
22151
9332
12132
861
28745
22893
3832
22883
16174
27672
556
618
12141
32669
10262
18306
13030
5933
11444
17405
22966
7235
17957
15824
22792
6697
4633
23868
29741
21183
26503
1965
31728
4216
28830
25058
22563
22949
8445
15694
20350
26870
23590
29886
426
3901
24624
31805
18328
25206
18621
10292
28183
24069
15916
28630
32422
22590
9488
11963
2694
28970
25056
10699
11284
24200
1264
23390
12886
14611
29343
19106
10964
12035
23506
29244
15785
16342
6818
31282
4057
25936
18258
18696
8165
19905
6532
12329
20637
2950
27052
14217
5686
24018
26308
19593
31132
30383
21570
22555
26121
25151
25671
38
29911
29512
537
6188
11155
22767
8403
1322
24658
16836
25179
6335
14408
12287
10901
10129
29846
25353
29398
24301
356
31295
29084
7597
31536
13554
27260
21599
7781
29618
14939
12451
21808
24268
29665
6101
22415
22033
8235
13548
4523
3545
30656
7586
17511
32072
10183
21206
5177
464
30583
8238
31289
23543
25038
7936
19319
26971
30598
24691
19090
16371
7493
737
30598
3735
31252
13952
4550
26307
10770
30018
139
21400
2409
29177
5483
25123
11138
703
23853
32482
21109
2709
29404
19588
31428
9802
2330
22513
20296
8351
7607
19850
6507
29096
2946
5042
408
19829
28255
28301
13296
1522
3482
4359
15679
17420
16507
16153
13358
23573
283
25928
698
16746
8565
18798
25572
23891
22208
14524
27050
19754
3837
22272
7991
19392
17612
29476
6999
18940
17795
1271
5933
31429
7553
14385
23848
22050
7872
10417
9267
22432
13738
13320
11052
31733
46
1083
10392
16866
23314
14277
25237
12894
22923
19164
783
13296
23307
9717
31799
11613
13146
30090
4401
15235
6376
12059
22285
32389
19810
26483
16889
16936
13443
24108
4789
1405
19757
25205
14407
9665
16568
29971
31215
12417
31882
19366
32093
8449
2535
6446
32034
3295
6155
16333
17253
1012
27766
20431
15575
10107
11656
30695
14313
15477
15181
19131
9276
15692
2714
32163
26200
11958
13913
1198
5026
15324
15137
12263
10888
23996
4362
11734
6911
4555
6079
5961
13103
25567
2260
26708
17516
20301
25690
2710
5225
15182
2993
21694
28328
5800
32414
9038
27189
22154
28317
28319
14228
23735
7289
549
2808
2278
13337
14581
30390
31081
6813
25476
18936
16142
25258
15026
18358
2115
23297
1031
18914
1917
27479
19260
9443
6362
13153
21757
24389
27397
8238
12013
4527
12122
27577
235
789
5450
15039
916
21806
5377
19662
16392
21801
19783
29343
31985
17564
30884
16037
31938
11965
15816
9190
28989
7636
24361
30474
18488
17648
3566
1457
13728
29145
25612
14346
7870
23367
18863
28834
19129
8017
18907
7801
31837
1576
6739
13659
22810
23813
23226
109
16720
32096
20216
775
32202
21603
6367
23489
26248
32414
13583
24017
26305
19452
16150
21652
552
16374
16604
9578
16239
25094
4415
17351
7177
29279
1530
11143
27957
22235
31947
21890
21048
21557
32725
23137
7145
26488
2371
14256
19827
21431
10798
27444
6743
14335
6336
22654
1456
16778
27034
11456
1723
20021
30836
13536
22166
4916
17411
22987
19272
7173
16672
14092
25602
13730
26918
32669
27301
6651
1948
9468
20099
28579
2836
29826
7274
29130
23890
7921
14303
21611
1713
24140
14759
14534
8387
11755
6028
17937
23608
18638
31069
14955
7681
25138
24375
2065
30645
19554
32003
21204
32563
464
28480
25035
18825
17508
11523
22853
3348
18196
23355
20737
12009
5557
25914
6818
16244
12048
32369
19549
10847
1337
29051
25589
7605
22556
24670
5609
27720
7769
23053
7404
28496
28754
26929
7573
11092
10625
40
29272
15438
13328
26190
29621
19722
12963
2684
4271
7631
31865
24271
19328
24129
8115
8619
28299
24198
24051
14335
3474
23464
22313
31946
10025
27450
22186
10718
31338
19007
30339
15844
25835
4935
3340
928
23789
8155
6336
7798
23510
6427
7755
16429
19682
31654
11493
27636
21525
4794
31967
27298
372
11933
23675
21570
17524
6715
24321
21199
13235
5136
527
572
31974
20040
15665
4535
4370
14885
12209
2607
24832
8866
24753
24084
15851
23126
17782
9822
12923
154
519
12496
26615
8686
6135
17278
27574
14233
30591
14733
26838
19088
9936
23866
10801
15769
29606
8989
30861
688
25377
10927
10515
16298
21457
10251
28675
9752
1551
6897
19365
622
32404
30480
7043
18021
30532
8581
14293
4765
21067
26527
7485
903
17259
21221
180
17794
9108
32346
24516
13380
8886
20735
24825
2428
19411
16794
6290
24245
3928
1974
1403
1662
18349
24043
23168
200
27659
14687
26555
3727
25998
6797
14414
10429
14987
23365
14424
24139
1059
7668
30497
23977
25112
16934
22936
11616
24800
585
20736
22518
1528
7860
27110
3857
30331
14824
18262
2528
27635
18965
24142
8887
27503
17376
1395
30713
29398
25187
11523
5179
4218
12405
21259
24998
6384
14124
2010
27805
28448
30113
5813
14752
4760
1523
9932
12913
26662
5007
26733
28277
28837
1710
8824
23132
25111
2335
13331
773
22260
18502
24222
1947
1986
6245
27626
30469
17126
23834
1189
7293
5818
23337
19225
32638
25055
22396
3607
6884
15829
10088
10285
3919
30664
5682
24351
21704
2989
17362
22421
12199
21902
24822
28946
27827
27938
27722
7717
10380
24481
21751
3299
9798
15318
9833
13204
31063
9334
8534
5549
1715
23728
26108
21759
8501
773
5034
25389
17729
28250
385
26467
14248
24908
29820
11333
3019
1987
30382
10790
21764
29386
13259
379
1857
1694
32490
31119
19186
3844
25993
22392
18470
28128
29650
8521
11504
6148
3613
8585
29456
21574
949
16100
10447
28885
16095
31777
16683
25293
13848
13396
12084
1032
671
26453
20662
25400
16435
10864
27672
23090
6686
4446
17796
24205
10610
9076
3913
16492
2195
12571
14717
19352
16373
7552
25830
32466
28711
28813
32027
19815
23825
17687
15846
7940
15994
26457
10221
460
31181
14241
10385
17064
10524
9545
30999
24542
4965
21993
30981
2534
31252
19659
1999
9849
24522
9887
8627
2538
11357
15728
17378
23225
21024
18647
23520
21350
22628
20079
17965
22147
28478
30344
8229
2317
28811
6432
28965
26364
29234
5903
28399
1561
19881
21377
24912
31504
16571
25001
26880
5318
2952
15028
11721
25068
12237
4092
14315
13525
13669
3455
30912
6532
6160
8335
18076
29194
17012
5835
20471
11535
14945
10573
18894
19118
25177
18469
23878
9094
29776
14854
6291
9741
6576
25664
26392
32296
17568
20206
21711
23289
11910
14705
8428
18168
8138
21277
25533
17990
25822
27697
19413
12094
5243
13069
13929
29004
2861
20895
9978
15874
16401
32543
25140
18536
22237
23036
12311
3732
4898
7702
2388
24955
4302
2861
13306
7943
26101
3993
4945
21098
4561
2876
12038
11953
23815
16054
13705
6044
3883
15063
32180
11437
7559
25690
19373
2687
14104
24528
23821
13913
20954
31194
66
26627
7494
24475
15154
9688
32280
15213
17696
26397
30549
2515
22484
12433
9357
15024
7158
24389
10589
29366
13500
5550
14905
288
11973
32505
8808
23972
22084
23710
27472
17059
14432
4664
2292
14244
21467
9108
12219
8192
15602
22792
14195
8670
14469
32262
12181
31074
4728
28144
2251
3106
13145
25390
30639
20698
14659
15487
29910
24416
6146
11404
32269
15578
1143
1987
31970
14382
12094
9314
30311
27322
4751
210
26674
12614
22370
9271
30376
12598
5591
27973
20604
15876
29908
17237
27506
13038
27888
23992
32361
5356
12944
5451
23704
4325
2895
29771
5656
10786
4772
30827
418
11523
12735
15140
5019
14833
20147
29773
9805
31891
30426
2795
6008
25413
2165
10314
24329
27334
8084
333
809
21040
18998
18946
3449
19246
18352
1913
26012
31337
22355
13271
13559
23619
23113
26790
14260
25032
19648
879
7949
23009
23115
30859
26823
31435
4484
18486
20476
8136
31479
18917
15134
3861
5947
16858
19257
23579
2146
29941
28792
14825
27284
11981
10219
20962
8182
28159
18055
29363
5072
10950
30063
11145
14576
27596
17266
10112
18249
7488
28628
23902
31968
24105
21073
26497
26089
14330
1119
6166
28716
29798
12212
7564
19886
1397
9736
19272
27278
13272
9756
23195
31277
1914
29179
14321
24465
7767
6783
12363
29964
26001
9240
4847
30488
26816
26825
7005
5766
11146
23411
14214
30168
16757
4182
32313
5611
6136
11989
27102
30169
9944
12409
11110
27165
31410
4409
10626
28408
19923
21753
19
31252
9040
1616
5090
3944
6228
4750
3730
7515
24500
9982
22227
25644
7113
29544
22744
27793
2686
30170
13066
20894
14248
13224
6910
25065
10646
946
3748
23532
15337
19941
9666
18858
7334
25605
6049
16278
8074
22441
18695
688
23454
29063
30308
23025
18187
11761
20048
3817
17710
25248
4149
24999
23279
29105
841
29657
32079
11757
22976
28468
11841
21581
21567
27414
23483
16061
14739
21866
13580
13345
30371
25293
27248
31126
31395
18926
2786
2298
9099
20027
29745
4270
20168
23994
2390
8346
25137
17972
8965
10354
24892
17817
28290
11064
25202
31136
11958
19459
31008
29358
4994
6142
26448
28153
6995
12723
11255
31469
13047
16778
16752
4047
1967
20364
8233
20896
16261
27245
22941
4932
3039
16330
24450
20451
19029
2479
19267
9360
10176
30044
14768
3368
31123
26441
3829
26749
16751
16487
14024
1972
3825
2217
13543
19692
13263
8899
6594
7457
32291
27954
12148
10575
27910
29820
29432
21210
4961
6841
11674
12077
7424
22610
17067
28321
10728
31241
1401
10913
29675
57
11135
24333
29305
863
11992
4827
28857
16858
13562
29700
18904
15087
19872
27294
16290
31504
7688
26437
8015
32094
19551
28864
10399
18028
16250
13538
27433
7238
1734
8365
3567
32690
32386
17342
13623
19125
1067
741
31382
6233
20280
24083
11086
22958
16904
19833
16602
15375
18201
31214
18374
17574
3706
21649
10436
17715
16259
20912
2045
3592
29379
19177
11941
344
2106
19599
13010
27570
11720
21072
20878
17865
10726
14100
12074
17270
16020
23591
29142
21504
14482
19355
27247
30618
32467
23016
16280
3629
13871
2774
20236
856
19800
15773
14643
31670
1295
25674
19187
26463
18584
19044
14792
7601
27243
11984
26135
26192
6444
13554
6079
4971
8413
28949
26866
4417
19539
5133
21315
3812
31462
31258
4863
9277
15981
8464
21697
6481
5482
18869
24897
12994
5505
18539
15213
10137
6703
18703
25787
9282
19384
2592
15293
32472
4705
21284
10486
164
18912
10823
3564
26848
18705
3398
10878
3264
4586
12683
27768
14515
15793
3994
23909
14054
31084
15787
8868
7945
9882
23960
17342
21335
29728
8698
10999
20176
902
11919
5155
10441
28259
22496
23995
29095
16406
1568
28720
19688
14263
16214
12159
27747
26190
7359
11014
20688
32066
12141
32662
29578
24852
6197
8137
15764
21580
22216
30358
28634
20148
5152
6178
24762
21701
27678
29913
12995
25439
31345
17086
26813
17341
11961
4351
31465
23463
11244
14797
20874
19945
14073
9834
18595
32517
30892
6532
8451
21029
5842
29633
639
12883
26781
9883
29567
15340
19018
18798
27068
6738
21504
1231
22599
28130
30716
18464
24270
20006
19435
32097
32283
15435
407
12105
30173
6613
21190
21910
12203
30609
25695
15265
23366
20683
25807
13621
8222
1730
27051
5537
2072
12377
20631
7436
1935
4623
10086
20489
18073
21041
24451
28012
3979
15695
20623
30299
1727
12012
20043
31912
3988
29305
21945
11102
695
12421
5502
15769
6561
15406
21899
22427
13153
21723
508
30237
22172
12333
23872
26595
5330
24626
7547
1427
13026
27100
31016
7111
15057
8114
26371
15201
23239
5318
5414
25631
13658
15335
23410
15727
1807
1815
11568
20868
17694
6976
19960
32425
6518
27682
19922
4821
24577
21648
4252
17792
2345
32476
25772
950
1435
12688
27830
17002
8011
21598
24815
19212
25528
16730
27506
13918
881
13927
9187
2435
19160
31471
28243
10584
6182
3544
16740
6152
29359
28595
6062
12507
10088
23862
4193
22095
3750
3564
811
18026
24360
19243
2908
2382
12888
29511
20040
11790
7630
15621
236
18880
1558
20306
28885
27860
3763
309
5182
676
19299
22019
25977
20299
5797
2514
3472
32699
12665
16943
8747
10
4199
14100
31412
3085
31170
26644
24762
11816
22830
12761
8083
8292
27744
22480
14150
17346
11557
22051
13992
8656
7334
4072
196
11385
21482
11672
384
12321
32156
16322
5502
11250
7439
31232
10561
1136
18047
6699
21393
17492
11418
20427
28448
24471
10046
14289
30573
11469
6021
16521
11497
2228
19711
2506
17497
22541
20542
5488
9595
23466
13976
23563
31980
2761
25384
6617
9545
26528
22806
26610
11156
569
792
30147
29402
7552
5177
30397
15123
10907
26074
6222
3914
3705
30454
5137
24318
26030
28842
12866
18119
14974
21492
20596
19517
24887
13499
16518
4373
28357
9743
5075
16781
32128
15283
9897
16907
13384
17624
32765
24576
17364
9260
22876
2579
20039
26899
25381
21372
27908
3636
6390
18093
18628
312
14948
19256
30694
22478
15343
8941
5894
22003
17460
16962
20432
10608
2405
2041
16918
32420
8951
6140
801
21123
9114
23948
10053
9695
3950
30874
2488
30183
628
6773
18085
7661
6979
5542
7035
1644
32252
9496
8587
17737
895
11901
5842
4953
26847
1004
10515
15140
4884
26831
30506
25832
15088
24060
15516
25569
5461
31010
23410
26824
19364
19303
14408
15770
22648
6991
7329
28314
7317
30176
4989
1177
16411
23300
29742
13429
13312
2350
3943
10208
26556
11328
12950
17250
1862
29613
30067
3489
21824
21466
1497
7137
30062
30411
26070
10183
15213
8187
20478
12898
20898
1931
13828
22636
19568
28831
3467
15308
32174
32518
24377
9824
7256
4121
19469
18938
5252
6885
31987
16808
5016
23436
12438
14393
9403
19944
23414
22524
29065
15218
3642
26571
31499
24674
5703
14664
24294
27672
3217
19559
31954
24763
18097
19501
4174
5664
24121
18615
4755
25581
16964
21117
30918
14078
1873
23256
8817
5639
26961
32194
3124
22907
13310
6365
6840
6829
1391
21432
4581
7734
7913
32077
3157
15766
14329
25294
1800
5150
1983
929
21849
29453
30861
18089
4400
24825
14769
5319
23418
10352
9102
31904
214
14816
8690
17313
22161
25780
6307
2113
25557
11200
30267
22918
11037
14559
26934
26571
10220
13274
27466
12992
21695
140
5879
22706
19776
10308
31582
27405
24764
29291
25174
27679
10455
28775
15549
23070
30847
190
10508
27501
14110
3455
18478
24603
31764
2526
21651
3245
32356
29470
12160
541
11437
22708
22697
30498
349
12201
1025
22194
26401
30016
16849
6085
16800
25817
27911
16989
28264
17685
21457
17859
21032
4155
20075
1043
17953
31706
14390
14074
31191
9136
32521
4543
7436
23499
15563
17536
26094
28142
3906
17599
18320
17974
8742
32541
27799
21245
8058
22116
18998
7167
31260
5067
24412
21691
18074
11382
29739
28189
5703
61
28077
27481
2190
30126
2498
32282
1671
5973
5981
11740
23752
5691
32496
3734
10110
21932
12069
19101
17596
25661
16847
965
16658
1550
27936
20425
29282
13389
5404
21485
13551
13819
4429
17377
32439
13811
31417
18409
15619
31272
5649
3643
12348
8238
11819
2984
14848
764
29362
12159
20853
11760
12061
3759
4573
275
28125
18987
5995
27295
23515
13459
7765
22974
33
31504
6187
20117
7127
21888
11111
11137
18034
467
20805
11168
6696
3764
1493
8852
1191
14700
15950
27011
4102
25348
6565
7522
14332
24746
32606
4724
8016
11095
8355
8461
14736
12974
3987
12188
15622
22310
24796
7656
28904
20331
2956
30106
11215
32002
31524
1020
5738
29740
2030
16640
1652
15118
18833
10116
1507
1038
30691
25300
23139
26496
19966
30065
8450
24706
9110
15633
21037
4388
12426
30694
16859
4557
11960
12067
28680
20442
19990
10941
15717
16263
12031
21102
22606
25875
22218
8192
30204
31007
21153
1736
11260
11352
31888
29809
32223
20053
5853
20219
29492
23490
12696
5122
18867
14271
3698
32068
6075
5251
30419
20062
29439
20293
14374
12246
28540
17244
14968
15198
2734
22693
25921
7511
22275
20773
18049
28565
31632
6639
12303
12642
23554
9032
16174
197
31960
1034
610
30980
30672
27718
12674
23143
5279
11053
11277
24383
23013
19505
12737
25127
10848
3943
2410
14730
16992
16688
2553
27749
10619
13592
14805
9294
27777
26622
30838
182
13235
3446
26159
12139
2351
3179
32331
28256
25519
12041
5980
23217
18803
2521
15824
12514
8060
24110
7365
25192
30971
31681
26911
9322
31497
26008
727
23496
10392
15916
16533
2653
10922
16074
6530
8577
26817
15930
8535
24018
1430
2719
2747
4149
5133
6814
9163
30743
6249
22978
250
4857
10684
5151
18971
1323
18338
17718
23996
32727
14383
19993
16054
18498
550
22224
2
17487
22380
24314
8910
12357
956
16823
6864
25041
13211
12486
27867
15439
10127
27371
7088
14917
10124
12692
22294
12336
19119
16827
8493
11396
26415
21518
24063
6382
16016
26702
344
220
14873
24565
20184
8511
19337
11291
24646
9615
17926
4762
26151
13840
17238
20081
22159
15189
26961
3942
32312
31490
9110
7408
10193
29142
9598
8275
19864
3816
18510
23053
2347
13360
6577
18033
13723
8266
11877
30098
30659
9591
3380
6754
8408
20965
17958
5403
8001
27952
2549
31966
29096
28456
21953
27802
20561
21461
1797
5936
170
28856
27594
26325
1828
12116
8986
11191
11074
20717
25016
7651
495
8080
28430
13926
29205
12371
28263
9138
26475
6878
18526
23876
10127
18986
18582
6788
32084
19081
17324
12525
11869
14567
22890
7533
28395
14159
10046
15631
18419
2737
32490
30935
9076
17890
30076
26861
29447
9700
24193
13055
9400
872
1910
10208
23060
32145
18303
25717
5507
16891
14172
31185
20952
5628
9624
24735
14375
1321
6915
15296
26582
22812
867
11830
1271
15989
20071
18497
213
15135
7388
20423
20685
22997
20003
26617
1888
12004
483
23604
902
6706
25083
4645
10820
27263
18619
26417
24192
17899
5971
32020
11029
31672
20619
14792
21283
9042
19381
32424
15528
11404
5088
23253
26965
17709
18255
15577
29082
14251
2858
26506
13828
10038
26482
11825
15048
19704
7994
15340
24992
6812
22805
27217
30165
26125
11211
27476
16029
640
25424
19051
2984
27316
4598
2288
28662
24696
16865
22982
7915
9583
23227
16447
8101
12560
4010
5693
19085
2032
27007
15768
17708
6212
16689
192
28737
16289
16009
26276
31760
24071
12062
32210
5884
6686
18820
25311
27224
15039
12481
1545
22907
14774
19456
29723
14098
29639
18058
9873
25787
6639
19441
7933
4303
18411
21646
20905
1662
25599
5678
9086
17442
11248
27913
32548
19405
4946
20724
17771
25124
22282
10967
7402
12145
27147
7776
25830
30451
8035
7161
20341
22649
13691
20216
26338
20527
9882
15382
596
26807
25260
9251
28075
21371
22082
32504
18603
23362
25305
8876
24924
25858
11359
27403
3504
29429
24563
30019
18535
24047
22509
17377
5424
14575
16670
24316
28689
4852
9561
17584
19464
2834
32561
15823
25843
27332
15109
27346
26797
14980
18746
7446
15226
1177
9672
20549
23461
14897
30968
22545
10343
28335
13676
5673
4107
23878
22367
19557
26960
27847
10542
24388
31759
9655
12567
7321
32029
20133
11329
23169
371
8890
15101
664
11404
22162
8780
23917
7695
24394
18081
12851
25262
12251
17384
3769
27726
24742
18118
19356
21864
30032
2851
8379
29615
13519
9190
24043
32243
18373
28671
7148
18757
4365
24747
31132
24924
29844
29939
14699
55
107
3702
21263
10500
11290
873
19833
27201
8758
4572
29959
2849
18486
6207
16891
10289
30850
14116
812
827
8909
16455
8443
2666
18085
5835
3209
23216
31816
25798
12071
16741
32698
18944
28174
305
29204
26616
5713
24107
17695
28456
17679
13634
1313
4490
8173
8925
29943
32347
29123
31934
12388
19231
32662
9004
18601
28133
10695
27985
3926
11468
11657
13537
863
9926
6808
17660
5234
22940
20777
12374
12424
18739
7196
21141
20411
11277
15225
250
29271
16658
29466
11844
17715
12945
29093
1489
24642
10882
9150
16903
21349
31758
18298
16882
30083
1617
21526
8750
10716
13406
2537
23816
3994
16003
16023
13792
20393
4303
14728
29650
31945
31442
13464
12181
14818
3236
21776
14498
6807
17705
12502
21913
29213
30098
13280
25569
1102
32295
31214
6799
19705
18500
28793
29834
20861
8610
21734
1516
12438
23768
25344
16555
25718
23330
18341
27768
27416
25440
11199
21991
18641
27234
27511
30929
6440
12386
19877
10743
8679
22482
20362
999
7282
22873
22721
6948
10584
31000
27507
15745
8744
8497
9419
16590
15750
17802
8617
9398
14717
13518
7067
3048
23
31413
21001
20597
31275
14214
5039
14201
1143
4314
31824
2046
15086
8098
15017
2333
3667
32619
29349
11110
22535
25313
4047
24963
24608
20882
7180
27671
2490
29429
28298
7404
6546
2731
18164
21838
19153
2564
10472
17330
9765
23237
2986
9372
20246
18217
12826
2751
15256
8997
16099
29285
2524
6896
22774
9233
26732
19139
29751
10851
17527
990
4725
24381
12905
25291
4256
21540
17599
6886
21558
6633
17690
6941
27903
11144
914
28661
32506
80
12364
1741
2199
2372
29519
13927
22822
7618
13971
12452
19344
7010
22107
16783
6469
15649
11205
32669
22901
28095
9632
20788
131
6501
25469
27497
29623
17035
1801
11790
1331
24089
12186
236
27688
15052
21511
5709
3401
30684
28349
14014
10112
20188
12303
31250
14560
13537
10958
4522
12252
5862
12058
2036
15542
13679
18295
6450
22330
25453
3108
2429
19627
11362
16552
7177
27134
9669
28589
4010
5702
28584
30993
17559
29040
10392
17979
28527
19248
22725
6315
32121
1595
6243
9941
3632
15287
30031
31536
9727
13039
23542
18826
32329
332
1907
11934
5804
26241
15607
3560
27527
14597
22126
440
30137
30406
24671
4486
22444
19996
20244
8837
23443
13051
3836
22138
9967
21614
29773
19663
18264
1600
19949
31203
31866
29436
8083
2213
25438
10777
18218
31329
26347
24174
4470
30938
6572
26860
505
3736
23763
25483
21016
14723
30846
28805
27514
2993
2362
451
25009
20093
26309
13460
12060
23513
26649
5541
14603
8677
10405
24878
24357
1216
13022
4969
6663
4765
13302
23880
27950
15898
7403
20839
12311
4814
21700
23872
29348
6177
24600
25246
194
22113
8655
1364
18761
12818
6444
302
11300
4485
16652
7208
29617
172
29800
2270
32106
18220
31777
19780
21958
9396
10749
407
19290
10125
9452
31635
15684
20851
19089
14823
10441
32420
18941
9190
14909
17206
23486
29055
25891
12973
15128
20335
18326
17869
17554
5045
23784
21165
23989
5702
17288
19213
2576
515
6697
13545
20863
12776
14368
4431
23469
28294
17678
9581
25816
8115
29632
23022
28628
18048
25683
9351
22867
21355
29084
12236
12387
11478
28103
13641
30776
31160
4669
15822
14124
1171
9932
15370
30468
19110
9218
13659
6773
2915
21721
27877
11239
27683
15258
17634
2424
1049
15867
19000
4676
25732
23690
7761
14564
28969
31055
13095
7988
7425
29101
3486
8025
24367
3978
535
26115
29748
5552
8002
496
16230
27506
15155
3250
24735
11154
22201
20657
21042
6754
19179
4211
8995
18218
29955
21275
8599
23754
21616
23088
2441
26016
20262
9376
3007
1708
4153
8965
16636
30194
13482
294
23928
12320
14977
10433
14477
12657
26139
24968
31923
13777
4550
12905
5038
17474
7051
26642
8966
2430
25931
25781
11448
17886
6926
7432
10283
21114
13207
26257
10085
402
24380
31520
23679
24109
22772
21917
4950
3839
19890
19459
29572
24720
19953
2733
7823
15003
32144
21713
32351
1204
30177
11850
22518
15918
3581
21146
30299
19772
32090
7471
471
18774
3231
18149
22372
17631
18614
7373
29795
23044
27683
5165
19085
32487
29333
24519
4140
25853
2747
27230
24715
26548
23129
23159
16555
20058
18587
861
23607
25914
17065
26471
3770
12808
11899
12157
3344
18303
32751
15321
17179
31816
9241
12811
14775
2334
14042
11328
6383
21040
14004
28099
6769
24518
10972
16580
63
18984
28561
24921
25512
7356
7341
6594
28791
29806
14970
29681
24682
23892
14534
9290
19173
13202
23610
4519
7400
2940
5607
7839
19775
25851
31010
6152
8440
11826
17298
27834
5146
22881
11143
4758
14996
2569
26765
15559
11636
7505
10818
18248
22617
4520
29028
31654
15147
4524
32558
4872
29705
9802
20197
6508
9603
21543
19886
5683
3338
10303
17570
7648
23972
30669
10532
12573
13029
22378
18290
3327
12314
3448
31611
20618
8135
961
27633
7032
10068
31836
31646
2614
25347
3537
25851
13104
32293
10876
13311
2382
7054
14135
4661
18366
8774
30003
6417
19189
17025
17191
7812
31472
18129
31149
12238
10944
1435
26344
11924
4421
1736
11627
17458
16186
12732
2646
8018
13937
6028
18114
12222
1632
11627
22624
21618
4573
2918
30044
12278
25126
850
8072
5866
11044
9218
27318
19682
25841
31933
613
885
7831
13550
12961
20369
28187
19486
30756
2321
8634
5664
23489
18578
5746
18315
7427
30594
22468
9838
28689
9849
27833
13118
21204
7629
30243
24083
15708
23649
549
7188
12672
30909
14581
28976
28101
6244
18145
16912
18306
29025
10128
585
28737
2596
13963
4821
10855
11148
10491
25796
12568
14661
21685
13359
22357
25684
26739
28526
8807
27632
31076
7818
25473
24724
2536
24309
5281
7506
28052
18297
31927
27498
11901
18543
24329
1051
22451
23601
14806
25785
18699
7122
22585
10496
30754
3084
15185
24488
17054
13945
7839
3385
13751
25350
7087
20769
28407
1446
12539
24836
31293
13379
12300
20051
20744
14586
22242
18976
24306
5255
6294
23345
12155
1278
22846
14931
10504
25789
8465
18672
31020
30110
2764
21988
5669
27761
29012
9357
31146
20649
8348
27169
30948
1109
3529
13637
23994
2130
23188
29659
9553
20671
10224
2843
2003
15794
31725
13797
11632
3113
16093
7509
13475
21316
5045
24473
28087
25009
4022
30975
28553
3943
5452
17234
27023
22423
22070
32615
22297
20191
16615
7411
30679
18882
23852
13471
12700
18261
23568
26719
16225
29754
24317
7679
20877
22994
14883
18431
884
3503
13853
12448
18973
30024
5330
31551
16456
29169
23962
20450
29615
2314
13475
25873
6029
23670
16786
23527
16477
1871
26989
8808
3300
13015
24504
20501
24689
30642
21214
12478
4708
24403
14291
29080
14061
6581
30968
9359
25878
15179
3135
3549
7684
5945
13455
28636
14713
2500
29290
18712
31646
18183
26573
14505
14336
488
13143
31936
9688
32587
1710
16255
18831
27014
31775
9742
6017
30740
28548
21995
13314
16269
24171
25729
29854
15829
4980
25853
1701
30356
8443
2141
24296
13287
28407
969
22205
16214
24610
12583
6729
9989
21083
7658
19454
25390
32328
31786
354
28622
31295
10746
32018
11935
25703
17142
18951
9543
30746
28699
7193
27599
4750
27100
6593
24406
27317
24689
29475
27911
97
15987
27212
2376
1708
31142
12472
10036
19863
26134
15895
17484
28401
16229
1104
23657
17019
23651
9415
23030
23881
16607
2780
22107
8299
445
4020
16060
6861
12105
2875
12516
16988
14795
30313
9340
18538
1116
709
13441
3412
6647
19240
7413
30562
14547
452
16596
12526
10224
16228
19529
4553
2800
22517
18210
14298
10281
22598
11138
4872
21752
4364
21717
26715
31832
21289
23305
4189
29619
16686
11772
29895
4600
23070
1328
4441
15597
8565
30662
31754
24775
2152
20650
14433
1528
31855
29451
23075
31048
16129
25358
15150
14887
27294
18115
18597
9025
18707
29528
11085
340
24314
23180
20279
3134
20608
27751
3744
30299
875
16680
1045
1549
8795
8064
18395
28060
25935
13053
7309
21825
17260
1737
20231
19325
29178
6292
19843
4015
21680
6095
14850
27366
17201
9499
31726
2804
18390
9729
5373
5060
15278
227
15704
23277
25539
21810
2813
390
29599
994
10337
24637
6415
7195
24154
31139
29991
50
30013
26314
9862
22231
12611
29202
18652
7312
28210
21568
3497
26982
7737
18384
21063
16093
12315
26253
22314
29226
8336
1374
31847
1697
15080
611
10099
3181
19697
14656
13869
22403
21019
4537
8991
8921
23002
23680
16129
29650
11596
29258
9087
20989
30748
18728
17213
9984
30886
29717
15127
23247
31579
16587
18605
34
9575
26588
2591
9509
21138
765
27413
7281
2660
15781
25347
21051
20621
29655
26795
459
21636
13115
16099
24368
17517
21108
32408
2355
18240
4782
531
22409
25128
32630
5499
22861
19753
207
4251
6061
31494
21378
15846
28899
22626
23477
12984
8039
1573
1471
31967
16738
4897
10555
18778
29798
30966
8795
26720
22877
24626
5504
21157
5312
28605
4359
5080
7946
11125
357
15984
31083
9749
11126
19624
6848
2651
8466
4808
10435
16234
25570
9895
20863
11373
10865
24686
22792
24445
31622
22686
12136
7109
5042
1877
8924
4835
18725
26829
577
19858
25029
19237
17353
1926
3970
10596
1010
664
1763
14267
28857
5411
25573
1290
29962
30638
20742
21926
14460
5579
9373
7002
18235
26174
26732
11947
30277
3682
32632
11616
22490
21705
24089
8770
21549
10019
2125
23073
14944
14177
19025
2583
23983
29722
24435
11025
4844
24621
31522
11914
8747
3496
26695
28826
190
16360
13016
2864
26468
30978
4009
28315
6333
30306
30342
25424
27649
24754
8832
22759
28658
13054
27780
9830
14863
7445
13362
8130
13835
25906
19179
9379
2429
3291
5420
3176
24537
15626
22043
4971
12959
15755
22880
11654
25042
31653
28470
25046
12460
25596
28354
5054
31376
5046
12963
23855
13376
9437
17354
24103
3408
6660
9868
9592
17883
11566
32245
5835
3188
1515
31072
29156
30815
6852
16452
24360
29698
16857
20561
9564
11158
13513
444
27823
21538
3026
9687
13051
24234
29754
29668
21832
27555
9709
14379
21138
4779
23655
31050
11212
21111
22228
1997
1316
15629
9078
11262
27785
13363
14920
26110
26986
18983
10977
29717
14785
6800
24986
4935
24657
12213
18419
11816
26667
18413
17459
28145
375
3926
23631
25042
23409
8650
13
12426
24498
26895
15977
2102
12977
11086
27192
16486
7561
24007
29195
25206
17661
4034
28502
3100
20921
457
12498
24637
28122
15636
17439
31237
15281
16197
17070
5686
10692
3670
26078
26304
18454
18639
9829
17555
681
1596
27378
13233
25920
7134
2577
28039
19561
6561
9038
25981
10171
4942
5021
31692
12637
2562
2297
21135
16072
2527
31052
31006
3789
20481
143
24983
14553
3251
27186
21693
8568
5603
27070
22534
6168
7636
18105
14831
528
16915
32714
14483
14048
1708
10525
30332
29114
4509
2569
12729
31810
14987
15856
28976
30355
17076
23655
7222
24706
18725
27799
12381
18470
20269
10211
2445
16792
24849
20428
28759
3063
14081
6929
25221
1967
25163
32282
18934
25083
23247
21142
5545
6569
179
8804
26903
16670
26200
6575
21958
8601
30348
25694
21275
9148
19201
31403
26736
8520
18173
8465
15718
1064
19028
8044
1148
22193
4244
29532
29665
10536
4223
490
16519
28804
28606
3182
20345
17014
24275
27824
4462
4775
29008
23629
15518
21825
17990
19292
22740
10928
5377
2642
20933
30890
29170
19235
928
5228
24557
15786
30182
25159
405
19275
14460
3676
32532
13783
5887
17060
29711
7599
5719
32307
31192
13101
28815
29117
8678
5951
739
1369
29827
12117
25115
27525
18373
28798
2328
25962
703
26061
21933
7266
8440
30210
18352
13496
2589
11366
13904
32175
4594
2295
28584
25285
13454
7109
30357
568
25288
28572
21189
3274
29421
2019
10001
21185
2484
30148
525
8755
3955
18574
7389
23168
1426
23895
31818
22816
20544
20965
10261
9119
18534
7887
27786
29413
10713
7391
23129
955
12756
31163
30882
20619
421
24516
23887
6247
6566
21823
8102
22349
111
5811
22814
5034
27210
28817
10354
9500
29928
23578
27381
22652
19282
25470
8229
5404
17953
4417
11138
26445
23538
28387
26785
5157
30229
22208
17788
6783
32133
7477
22284
17730
13341
21764
7194
13031
11784
13050
25170
30261
32634
21711
409
13391
29341
28493
24992
25585
22991
10164
32185
4599
21002
7262
23274
20255
2467
24735
9280
11023
24376
28655
24934
24730
27876
23627
31606
5951
21428
15320
1039
24050
23391
6602
29352
17184
14897
28292
19492
11757
6473
25344
26790
23744
10500
25458
19366
11521
22969
17704
16965
4129
3239
949
15325
20955
20779
22862
4317
5050
567
13940
11220
8668
22527
23764
18635
1269
16885
8555
16088
30102
7416
6637
2032
5296
6600
14696
31485
3412
26558
8228
27696
956
30650
8911
10137
30095
27484
19670
31221
28513
1143
25110
15303
15225
10434
9140
4778
28120
19921
23625
23781
29047
24900
30531
31552
31439
319
10120
27926
926
6426
24924
29356
13289
13913
11140
10689
23613
10718
2987
22630
25915
18781
4614
23056
22612
25873
18484
25324
26064
17837
1896
3442
3093
18070
31177
26173
17446
24655
19225
27162
22378
14132
19605
10847
17071
620
4125
2942
19054
24345
16021
20953
9296
25553
11659
28888
23026
2130
30746
20537
18661
13681
7950
31656
25594
4436
29768
28816
6588
23521
21861
32304
1085
28534
31130
27633
17942
14811
22242
23031
14505
16757
25180
4086
20393
2748
12270
11847
21981
29167
13615
30011
26400
19718
13188
5807
19373
27112
3465
17888
6297
15582
2994
31105
14753
21319
21554
5131
18470
24206
6683
26197
21366
27482
18375
16484
32333
6404
10360
1156
5532
25934
21819
28823
1160
24658
26898
4526
18870
23736
16465
5590
20934
28716
18249
28725
23325
22543
7204
853
18152
5741
2064
17855
31581
23344
5024
5324
15172
3475
14958
10680
5815
2521
518
25848
22822
26430
30719
25549
6302
23086
23403
5146
19018
1717
30066
14963
58
22327
25913
7798
13411
11105
25353
20830
17639
29535
16045
17109
1431
2895
7451
6154
2742
27382
14679
30980
4352
32178
11413
18486
9963
14000
414
30803
31533
13663
6004
29795
29822
3621
5945
19991
30367
2896
333
9817
30875
31311
5559
1064
20557
22818
7110
3491
22306
30735
19703
22371
19489
25495
26394
15886
5928
10920
10673
32297
20856
21780
17049
32302
14195
7746
28140
32479
26533
18468
19749
9689
4866
6760
14725
5740
622
25075
5558
3242
5507
1163
25263
11966
7822
31955
7127
2176
16346
21117
7789
25926
11826
25275
8231
31740
31905
3318
31001
8567
21884
6083
17625
29958
17570
25107
7905
15178
30467
13481
32308
23368
4959
18386
29765
12733
4176
20816
21268
11953
11147
11927
32410
29007
26211
32572
28007
22004
11151
17322
7306
10886
556
21527
31409
32007
29190
17334
3729
14442
32019
1070
23688
933
21056
23884
20353
5895
7536
3316
10521
31692
6338
9054
15616
27119
17171
28543
31649
14399
24517
4036
4101
4789
9150
31494
5364
27397
13235
5563
9566
22387
22438
10089
19450
21480
1965
17505
5677
6469
13814
32681
20013
32503
31240
31034
8294
6860
331
7275
12317
4868
26827
8878
24403
22188
25657
11898
19948
12327
22067
4744
21520
26126
15812
6466
31698
24122
7471
24697
15887
30494
15848
7510
1689
2906
30180
23699
17301
21390
21010
4842
1058
6764
18986
4558
27196
30482
24997
13402
29663
406
23052
22663
24431
13794
23158
30881
12119
30914
12365
30972
4337
29499
3408
32227
10918
14367
26334
24017
5462
26590
23153
996
1273
18079
15209
22158
25735
30863
11787
30350
26902
22649
29641
27166
24642
7320
19651
2158
15826
15785
4751
14674
11417
21571
28725
23863
9881
24683
23422
29020
22639
12132
13167
17471
21483
21444
10256
20053
22014
25549
20338
765
9177
29177
3055
11703
17235
29655
10164
12177
4747
2838
18813
12515
719
25823
9888
6972
31421
9065
5709
28572
9128
1479
27156
19684
9790
16900
12199
14986
6759
17777
16354
2961
11888
20286
16136
28089
18792
6472
29264
30963
11466
818
3744
21271
22877
29623
25752
15321
15193
25662
3538
5370
25035
19119
32616
15035
17722
21894
9655
16535
24971
11814
28003
26161
10018
13679
23964
22668
1866
28306
10143
4986
8151
3108
20351
30551
18954
21362
21029
26358
4276
18965
27797
476
20894
25030
26740
20140
3625
5747
4551
27107
12082
12946
14846
3269
16440
11701
27697
152
26049
22878
13993
21007
4857
20501
11682
22793
17053
23225
2895
26748
14103
16404
4383
15019
1515
12977
3647
28064
29265
20722
12128
9174
23331
27485
31674
7478
16378
1335
9041
23620
8597
17236
631
11163
16762
15661
32402
6039
1247
25651
8223
12369
32458
30051
3575
10192
25976
10523
19921
8317
30460
5420
28169
16344
4392
30000
31904
22890
176
19742
28547
17914
19341
6683
25104
15108
31392
1427
19414
13927
9880
20105
5276
21086
19477
23851
10661
5553
11021
13482
30771
5165
13680
14152
29002
29521
20743
28851
31414
10058
28834
23185
29008
31778
18546
20316
8316
16180
8628
8048
21238
7395
4495
31842
24783
1675
5952
11924
24242
13496
25972
18694
21100
6550
23285
20335
4267
22441
28297
653
10246
4286
4632
18105
32062
8482
20748
22718
31940
6929
11773
17643
1403
5745
910
21607
28862
10433
27794
25797
23461
6476
30580
24024
5508
9634
10453
14793
22453
27208
4470
21350
10904
17327
31577
28349
7127
15203
29219
12266
10735
21893
10949
29741
2284
21115
3675
16704
9331
14566
27732
16103
774
15316
6100
28360
28292
20792
29782
5757
1519
3223
13718
4072
7282
4611
22190
29638
2467
13645
3199
21127
20229
6519
14162
28510
14033
25704
6079
12692
20470
23267
19151
16417
27486
30906
20829
31613
32371
22847
9922
18868
3810
1020
10929
26809
2974
29092
25183
15100
14121
23881
21735
16958
1807
13774
1774
15524
7347
17312
22914
6155
15181
22177
20552
12188
24372
4197
727
1952
23129
7841
15711
31637
6676
31200
5262
4737
31268
31864
28852
28038
18673
26045
21541
1207
24851
7540
24799
9770
31768
19339
24940
27470
8834
6151
22794
6271
23824
10045
24330
6872
2879
9797
18806
6217
783
31660
27382
17897
24074
28777
26612
30861
6019
25874
26367
9113
24604
26448
8301
14870
19083
15249
4421
9733
13725
12028
21852
18931
6010
17834
27837
16590
3628
6419
28750
20471
22875
31430
31153
16280
8538
12126
17001
3384
12136
21937
15934
11405
31535
20042
13538
19089
12689
14106
7892
18136
6308
20330
18821
22304
29947
22548
1722
2346
21544
17395
27441
5832
24702
19608
24711
16440
8732
16190
3673
8368
20775
5632
24234
12602
7510
12618
8580
28098
3764
17806
5090
20589
25505
20792
19918
5933
4122
12003
23495
1939
16955
6093
1893
9444
4098
10888
4928
3182
12886
18931
28173
27676
29000
26729
8458
18249
9624
4920
32157
32210
29563
21077
20023
18799
8859
12366
3711
9539
14176
32383
28333
21425
12654
10633
9779
30322
4975
12800
22947
27876
6162
7524
6093
27813
14419
29523
12839
2145
26366
6908
29811
6376
9582
11479
32667
15492
21915
3220
19424
24713
27988
24401
5683
2349
28360
12815
15587
19354
19019
25703
20345
11842
3415
11129
21985
25459
721
16678
4810
4651
10382
4991
17742
8493
7702
2172
11734
14420
28840
10738
23096
27688
26750
19903
32035
18351
15185
3655
21693
10374
18464
10021
25738
8495
16430
2586
1680
21933
24906
16457
6073
1614
9554
27559
17272
15561
2810
31917
12975
20360
23498
28752
8657
12103
4966
10802
8772
13022
19474
16154
2825
21851
21621
17314
23710
6740
21149
29487
7203
3196
6212
17190
27069
2675
3154
13917
22072
21987
19875
1232
15344
6344
29449
27542
7921
21775
3221
14611
22621
29283
18962
26990
4366
24132
27347
26437
20349
29273
23215
17568
7394
5383
8265
36
1437
18498
149
10890
30933
6819
31639
79
19295
11963
1646
19372
25057
19624
9874
8904
17975
12773
21082
22061
11285
4967
15041
9080
10478
1509
25193
85
8981
16503
9696
4523
15395
28002
6435
8980
15000
32050
24160
12944
14021
12298
23040
25722
3817
18745
26597
29627
26266
8461
30192
29245
13670
2284
10183
28067
10427
13728
26581
19511
23812
9203
2450
30243
12821
11132
24836
7909
16073
13240
29574
17149
10217
16221
9672
11752
24144
16874
2839
7250
2125
29571
14814
20104
6729
5884
18797
7980
25258
26164
23802
29228
3319
6308
24549
4084
24636
14391
22337
16611
15536
14428
27791
15612
7317
858
5580
17375
7264
29157
32431
28919
19994
24814
5932
8180
23558
22975
27452
30076
16004
70
10208
24605
2357
15281
29027
9607
4960
19772
28384
20472
32660
18759
12037
4087
26255
9900
18966
26181
10591
22607
25909
10769
11975
9463
31456
16235
4068
12636
3259
4603
30736
28801
8848
10227
15367
28227
14996
24898
27721
10290
3820
14091
26303
26785
21615
3925
11168
22521
22190
30980
31126
14419
5425
25608
29981
32581
17924
10708
24364
16891
24947
31249
7960
10122
6929
32660
9141
21890
27647
20878
24510
2754
4714
1283
25975
23697
10838
29310
26000
18922
17306
1026
5453
6422
6444
8003
16356
13185
19871
22
1831
29638
20714
5927
5986
6668
21355
16618
21127
23189
27180
26836
13960
14996
18532
27850
773
12095
12865
21722
25127
13094
3300
13097
6348
17859
12206
16428
484
2386
23226
1819
22810
29411
30378
13987
6328
16557
423
27100
28356
10917
19875
32122
3439
335
29665
17735
23217
11988
8632
13777
17197
20054
8852
22111
13402
19840
19261
3882
484
19553
10844
10186
14928
12154
8763
2543
12000
6165
20428
7249
12982
14041
25325
18922
21819
11420
19434
2402
7106
28024
25155
30923
32361
23073
26800
24974
11328
885
4707
14501
23214
19541
28045
28427
9232
23988
22307
9841
14754
8429
23522
7731
27811
13402
10897
27786
21172
3618
31622
22531
2434
16722
4459
25904
23972
6448
14146
27805
22727
32460
24487
19717
31496
23767
18773
3526
9121
30136
19692
1427
27848
24541
14322
22889
32468
7247
22807
26564
7842
31626
8637
29714
31543
17547
183
9832
32422
21034
23121
13172
9780
6826
16785
16563
9659
21903
22205
22755
23116
13231
28445
1212
20504
23948
27138
23515
24465
11233
22280
8703
9676
20091
20887
17527
23594
21834
13744
19419
21303
20408
4582
5627
5330
30265
31402
27669
29071
4644
8908
18763
32089
6081
23871
25939
16220
9891
27677
22385
6434
25656
16618
26018
10491
25758
4637
21530
11171
5560
27100
18673
8479
24706
4616
6170
14568
29857
377
2964
18763
29247
11915
31716
22032
26133
27353
19650
27226
19401
11336
8723
18894
2683
26440
24855
15607
8091
24150
20964
31977
27645
2757
29971
549
22319
703
25017
15037
15626
135
16281
27577
22919
28416
12695
16824
9940
8051
17520
21723
24999
3213
13737
9182
10195
20135
9925
19080
25881
9547
4283
30534
576
14835
2983
25619
2663
19
16064
22170
15003
22106
3210
27551
12197
19765
20301
12699
9765
13974
14789
22182
229
25331
12315
28058
2407
12177
11540
3702
7872
18946
1929
22016
18089
19693
11287
2223
21716
6669
7959
23751
7292
5500
23248
12230
24640
9778
24044
11007
29745
8136
32297
7045
17962
31106
21329
330
16480
30349
20076
6536
14905
9093
20788
26720
27490
19771
22985
1474
5404
21684
5798
12684
21974
1141
30420
29430
23297
19197
2653
18221
25888
32404
18180
9022
21022
3651
1331
19766
8677
17444
18741
20615
10540
31964
11429
4526
26256
30821
31783
17683
11751
10257
23894
19761
7633
7627
4349
17398
5007
160
9609
13165
4377
10879
11710
16794
18794
21309
20394
21414
18207
27868
16343
27708
24896
5389
31941
18738
29278
16371
24215
1132
1502
42
20237
15357
28564
4104
15794
1424
404
35
9303
12551
21572
12051
12223
7777
21686
28281
24732
10977
3381
31040
14522
31084
23582
7970
18555
6708
3314
18798
12419
21907
1960
15625
27572
7737
2632
15795
30045
28298
8373
30348
8110
5442
20170
19415
11888
13659
8361
31229
2547
32048
5456
9685
7751
22754
5998
16930
15022
9211
30836
28254
1362
7761
8686
12982
22324
10286
28948
15701
5221
2477
28828
1253
21624
18791
25811
29779
28471
22095
24044
979
16789
2267
17560
25381
16100
16229
5335
6422
8776
6608
15117
15433
21612
6254
18264
10551
22899
8737
27425
22901
23346
13761
29937
16438
9116
19134
16006
20496
7037
9479
16679
3587
8556
8234
17460
21943
19706
13756
23041
13061
29232
17147
7908
29881
31033
20914
28301
23702
24155
26717
918
4251
28204
9614
13659
12677
4610
10895
18444
14997
16555
6473
769
3731
26462
10596
333
22035
24306
6320
28821
4855
16718
31428
12835
3381
13089
11237
4662
31963
30163
27433
2460
5456
21947
24539
15747
21980
18578
3618
12685
17258
20519
32478
24610
28557
30037
7891
11530
28866
28466
6409
26171
12277
19082
12402
18159
12102
9612
23758
12538
11788
21442
11980
4187
19994
32327
16242
7441
7746
5172
11966
28464
11800
8027
30094
6451
3832
20792
3773
15508
26187
23588
15247
19610
29957
27852
26447
29555
14450
22498
28214
19842
2099
20498
19343
28410
21892
14392
29465
26540
28608
26064
22957
14621
29222
26541
28960
29404
16093
9455
7019
26898
11062
26671
22793
14683
16690
11004
13985
4564
14916
13707
15845
28278
5975
26282
28090
16546
31251
14326
32153
13564
9052
21070
28725
2941
15132
18055
14686
13764
17731
15969
31525
12205
26636
14778
7745
17957
26497
11266
18865
16445
31297
3567
32163
7805
23425
14194
21909
25722
15953
5609
13754
8362
1568
4758
26527
9848
26755
15696
27150
11924
23602
3960
30771
20877
31059
23343
3069
4257
12028
15046
24519
24788
29171
5238
13112
27711
18616
1618
22375
32171
22725
20089
17987
19038
22804
912
18739
3637
3554
12656
29433
11763
12723
11803
28892
21465
28566
15093
30470
14967
21162
17969
19499
6593
20193
24713
14443
27237
18180
15154
23418
29532
13303
16911
11774
21951
20799
9765
12856
2781
29377
27727
6119
2186
26572
21554
22377
32698
3930
11124
2084
26958
403
24873
30244
21805
29331
28046
15109
12183
12909
25082
24084
28854
28272
13585
16305
27254
6057
7995
21496
10391
4776
6997
28832
5889
5255
24486
12834
25175
20777
25364
15390
18126
24256
17047
22779
16704
29330
6895
15567
22140
23292
10898
28542
25825
23223
20457
8741
13355
18778
14267
29625
14220
7456
20458
26859
13823
16876
21085
6991
19673
24970
31805
25534
160
312
17764
1017
20513
6245
11282
5006
32189
1208
26850
13312
772
32596
7933
20514
25221
30555
23694
27332
19427
30128
32630
16529
17964
28162
21056
16696
21607
8454
30039
9162
18540
29699
26742
6755
14329
24980
18529
26893
18433
26538
5331
25569
16967
5840
4791
6256
10540
9907
7834
9825
15813
13281
865
2907
11313
2769
10551
26149
21034
9252
12490
29963
21465
13866
20151
21380
29423
32680
31554
15123
23537
12248
19019
19307
24019
4018
32638
7638
16329
20586
13001
10199
10586
9018
6419
12558
20662
32353
17707
24669
25417
13164
29950
9289
23696
15028
16142
31395
16172
22568
13343
23399
25653
32076
18739
19172
21712
3202
7609
22301
25092
24969
29186
1136
28361
17219
25076
28021
8290
8891
14338
6697
26861
19302
27740
21068
8249
26793
9314
28423
7895
1180
18015
28626
3956
25614
30068
22165
27238
25545
2514
3853
20356
15126
22828
25970
12859
18308
25453
20567
3038
17894
14246
4561
2110
7323
9546
29659
24699
6930
3485
9209
22553
21132
26986
29212
4182
27684
22260
30406
9659
8205
17456
25710
19442
12828
2353
2086
23511
6022
1764
15739
2001
10730
7677
22941
10851
2962
4657
20928
25342
8438
11686
8385
29978
17281
14504
12301
7557
4504
6557
18367
20986
32729
12603
18952
7925
4000
18168
15828
6086
20176
6594
27818
3300
1232
26865
6100
31877
12499
2426
2241
29035
15709
23397
167
17409
3331
13185
19308
29094
17522
3414
31175
32329
30130
6491
1699
5174
4268
31593
27588
22063
15594
19824
27052
6079
159
14953
1728
28619
22759
17803
2471
22890
10063
4546
29427
22263
6296
15709
14851
19300
26808
9734
20775
32208
10274
10488
13574
31580
26183
13164
2877
19259
25949
14164
5193
10505
15199
22604
29863
14686
1109
25806
6457
27810
2517
28581
15084
1059
970
7588
17816
28004
22132
31639
9768
26553
29104
28794
17402
10256
13690
8169
10633
28434
32688
20696
8265
17771
18200
11396
17362
21093
26533
27049
20545
188
1014
14326
12251
26030
8224
32702
3060
7761
22957
18928
25872
5929
24805
25673
30279
29178
5964
5576
26606
32219
30571
30563
5491
30092
10707
17656
27273
30729
27488
14982
7045
28511
10427
20893
15624
22975
29474
29459
32479
10449
12908
28921
3623
11082
14407
23757
25269
13505
6341
3569
31669
30655
27671
27740
20368
17941
23960
21392
29460
11122
11277
8652
15311
5684
32554
18306
25019
639
13913
27403
25633
23436
5304
29850
13751
1860
28256
5743
29707
20494
15085
9549
11813
8421
12603
21805
32360
18349
20589
11828
31674
12743
31284
19939
17893
22243
590
18574
12604
17941
22348
16143
21889
2348
10393
31931
1030
21055
11704
12693
26899
10120
29389
7362
23688
373
20063
15165
9667
3837
25692
20172
14020
5169
23133
20787
8847
5907
8492
10151
21202
20138
30596
10885
16584
2134
2583
21828
13661
30562
21717
12969
21651
8920
10604
22841
30756
26009
32523
3060
7529
13484
28524
21312
27258
8151
1297
8740
3735
16492
16078
23478
455
2662
27783
19671
26558
13236
18747
28189
6660
9685
30273
529
7508
11685
15314
25499
1603
23927
13000
6330
4386
21859
15269
32120
28964
26082
26327
6942
6852
16536
12859
32676
3425
11120
16351
10603
24619
27118
27148
23343
5699
20673
22660
27703
32286
14232
31496
26830
8235
15671
3357
5879
181
4554
1808
13149
14602
15225
8248
31369
11229
2364
18043
21079
22761
10225
12051
10155
5079
3500
25746
21600
8802
12110
30244
8577
1465
13401
11285
14780
29476
7426
26003
8211
16363
3720
948
32469
17524
14789
1467
25293
31403
4099
14999
14009
23462
14864
11180
4862
16522
1429
9430
13721
19112
15523
32171
13913
5868
7055
2049
19275
16504
22784
18353
12662
30348
29766
22426
3529
10665
15853
8168
23122
5110
20114
16790
13233
8418
24566
23345
6859
30731
15441
2783
32451
12127
14313
20897
8998
26752
26850
15317
13925
23917
4440
29439
11401
8288
28587
7368
12834
4850
26906
11079
19328
22661
17044
640
29734
18403
23498
5930
21116
8227
8329
27318
21444
1229
9287
2188
17487
1342
7164
26776
14321
13133
10803
23301
22194
3374
12640
24904
25030
16023
8308
6241
1216
32034
28079
6237
18178
1011
13237
27936
12664
29338
9445
3169
31878
4922
18662
27894
23102
19435
14466
9042
12503
16222
19384
10060
22874
24768
28172
10018
13983
32480
3362
3005
14456
2707
21899
4662
7980
7256
12767
7834
4903
32056
16396
11242
25839
14064
12525
32102
2394
28498
17951
29963
9727
4841
25104
13147
16874
4828
24152
25692
28308
14868
7245
24035
32018
23969
977
29458
5004
27738
25711
8480
14065
8644
27815
31064
7401
24630
11141
27749
23051
30266
20601
23244
16465
21301
7522
3770
456
28491
16108
768
27532
27261
32540
7004
19700
10004
1577
12794
24330
25411
7566
7738
16446
5640
10589
6324
22619
4947
19414
8314
14521
15210
26424
17820
19637
14732
29143
31986
28254
5588
20591
24853
13169
7777
10936
1199
1672
27572
28218
14837
24718
1113
29539
29553
13942
25546
30935
8709
28460
26768
26887
13357
30156
28075
7685
6788
15379
4916
6039
30090
16659
31297
22410
20644
28714
30729
22600
3684
27700
1097
20909
27147
6912
26342
16407
12876
1281
26835
25020
8531
23878
3125
7745
30214
17836
4037
3208
12939
9043
16758
2761
9226
5966
25689
7396
6068
28575
11709
1269
24836
9314
7578
18985
5444
13640
13872
8657
8276
31559
22251
28341
5799
17040
16010
19115
26766
16578
30848
20072
23225
15197
14746
2965
26618
29305
28643
27942
28749
9144
2501
29159
22806
14713
14448
30039
681
31310
12672
31418
14095
19633
13273
11882
30216
25330
21462
4462
16972
25460
21156
845
21526
24857
1256
7716
21731
14331
3240
6391
2167
8797
27240
9285
1826
6625
10643
29919
27969
22779
11293
28922
9223
4261
22887
13186
10110
9812
13411
22961
28104
3627
7416
20193
21419
5487
16552
2718
12877
12604
32368
29952
571
9590
16879
25911
12208
6145
6603
28264
1045
25653
3409
28344
18628
17036
30043
5286
1809
6302
23671
20125
2443
1360
10821
22729
639
32072
7713
23851
31678
2980
23810
23016
29600
2795
5794
16871
19273
27203
1504
2970
27179
21221
20578
8732
15052
16847
2430
27773
25802
27064
23643
24410
26652
29001
8531
19632
32154
24970
25244
26097
24768
22683
5160
9304
26287
21668
713
2938
1652
11022
16025
31263
13965
32756
1177
32079
17321
20948
27544
22960
1200
28043
22615
16143
4099
24192
31978
23100
22021
12063
26465
14619
17626
3465
25512
13560
22895
10377
13484
22299
16826
22731
26815
27548
29763
27208
19774
13945
24803
6661
17777
32486
7883
7165
2226
25828
15305
15707
3026
13589
4295
30445
6584
11983
16277
982
24395
28783
15848
20611
28307
32240
4514
21984
32026
5564
8787
13515
24985
18369
17408
9673
5328
712
24356
4343
14774
3074
23029
25156
28882
5348
9960
28126
31465
25397
7287
30954
28377
16230
31266
14968
1733
7457
16052
26806
18546
12836
13255
9827
3313
28496
21130
25735
11135
4093
26050
3170
19369
13201
3343
1442
8884
13649
1393
27865
8251
13943
23306
3629
19994
3716
26662
30802
26507
5591
17784
15285
27535
32383
4006
10746
11920
12110
9737
10665
12100
21806
18094
29220
13012
7864
11168
17373
27710
22019
3433
28869
13048
19642
11990
18696
3286
20082
22011
16375
3885
3386
22135
23877
23353
15475
4345
20087
14780
19938
3075
11414
6632
1283
2542
18983
30591
21664
16431
7517
27705
15011
5080
6796
28774
3625
32610
4833
3796
29655
1449
27473
4083
27761
22072
16335
24631
12712
1735
18114
13758
21812
1538
2230
14643
22051
11148
16465
13810
8305
2372
30345
5484
10968
25031
12053
10701
9961
26678
14625
3037
30556
11577
30790
4132
24741
23875
14777
5970
10184
13336
27075
15838
4973
18829
15729
12012
823
7055
9356
7796
4434
31079
6091
11937
29259
13372
5960
17527
1829
14554
27953
4025
21929
30386
2240
18954
23293
14369
1389
29010
27768
20469
12898
355
6837
16429
11823
28893
19174
15872
27327
30030
31339
14113
11658
21150
24740
15426
24589
14763
25347
29911
17527
31280
3941
28
25254
3051
4258
26457
16721
13055
20834
1380
16263
17303
16691
1896
8792
18636
28633
27366
10962
4809
29413
7417
18479
28716
18826
7902
14924
5808
12971
21427
14429
32521
10552
23423
28640
14352
31419
8051
28623
29984
11310
29552
21530
23488
8464
28873
17748
21634
14520
28233
8364
25387
21992
14712
23584
18963
1189
29978
31469
31951
12870
16633
9802
9742
11212
3812
15957
17601
22129
18680
30542
9343
22148
11550
22275
13607
6259
469
9867
1479
28714
2098
11319
26300
17051
20260
16838
30491
28062
19453
6872
8528
25084
23598
20390
19205
9158
5202
32751
15430
9452
111
8758
482
11786
14712
21290
20244
18821
29718
14694
8802
25815
27815
20826
12742
7207
21640
13705
25100
25629
9359
14070
19835
1524
30940
23000
7607
8657
22994
2709
15590
11091
5728
7918
8722
5227
4997
30583
15566
6766
13587
21835
17437
26984
17331
14333
27791
2484
29737
22482
18861
19401
29657
4141
24215
9815
7818
20042
8684
14995
16747
22575
30954
29390
3923
32736
28119
28493
10829
5843
9631
13653
26196
13731
22718
21637
10587
11272
21344
30313
3217
11527
16583
3147
8930
2918
17902
3916
2241
6755
12140
1716
8485
1702
13978
18567
9169
15219
8696
10329
24793
10276
17613
2146
23906
31191
8718
213
11689
7524
13953
4462
12359
7570
11810
4426
3763
12682
2246
20732
9992
3979
29182
8925
17160
22496
20542
15779
16481
11279
20287
11574
3632
18004
27041
17855
9156
9549
13781
19713
21668
8183
31290
19948
9683
30169
19590
19055
2130
12159
16488
16271
7399
25386
26988
12214
25885
12742
13342
10061
1420
4124
23154
28556
32090
12361
30563
25489
30466
8047
32219
7088
5716
27562
5843
25355
26558
26182
10939
11106
21705
22063
6684
29484
16870
11944
27004
20966
14699
7744
25730
7851
18393
2562
31834
25861
28000
18669
25947
7171
18597
13220
14311
21387
24258
23654
6291
19442
9358
831
11144
11210
11552
6784
22314
18427
8590
28526
6647
12822
26106
19255
30641
229
4048
8234
16831
1863
4425
5926
16081
27962
15924
4435
30147
24378
3573
29201
8132
18378
16078
17710
1463
18256
15965
5468
19673
24101
31590
1762
30372
31981
1235
2705
6132
28452
6649
15610
2921
21498
4125
17886
8972
6497
12599
19430
7477
11620
30709
20628
24748
22970
19715
2170
17422
32155
10634
938
25714
6610
17143
14957
20301
25364
9213
21048
915
20112
22237
11995
3615
19655
1253
9212
17749
9886
12086
23236
26630
12465
25803
16344
9107
18667
6583
3467
17750
21076
942
18002
6973
9001
8135
13176
18360
6450
17792
15378
3286
18512
27395
10294
21163
30550
32424
9320
27892
24345
31162
6485
25598
24523
4222
11204
17603
8324
9073
30921
15446
19746
21970
25147
642
26195
28000
32617
22446
22512
24421
1545
6660
18829
12019
16241
13779
23886
110
24074
30001
20732
1610
18177
29412
13655
11030
9279
13443
12206
7354
21148
12248
31150
7421
79
16265
4984
15178
4009
19191
23542
23475
4612
9575
878
12086
28406
26720
3159
319
3018
19795
20076
32367
1840
19074
12288
22684
23859
30490
2449
27673
1900
31394
26527
18999
28021
2969
7870
19723
14753
16731
26091
6258
26090
15685
27420
11347
5419
28441
5659
27684
3216
30884
28051
16304
24906
29854
21099
12567
11911
9425
1364
11286
26529
19326
10910
17032
6805
13308
16464
6701
14008
11938
14967
26539
11173
999
14782
6866
29818
8904
4159
8228
25412
3690
2201
23445
16567
20225
9027
16527
5155
27120
15904
11065
10147
9522
23123
24313
7320
6648
29780
20024
9301
23187
8771
3941
12572
12181
27773
9020
13130
12339
5230
28744
14030
14830
15782
6054
29919
2931
11566
1805
11759
1727
4892
27659
24538
24198
4709
27793
11364
13014
31475
18610
994
24824
27127
18856
26679
2711
17537
8728
23554
6179
16462
9111
21014
14968
28384
28012
12587
12219
32468
30871
16339
20357
10097
9491
3247
8772
29309
11353
9954
2014
22612
7461
15046
12695
25147
17532
26334
29492
18161
10222
23820
12128
13703
29977
9220
25424
17010
2670
3329
5539
10975
32056
12727
11404
25158
16601
3720
28466
7746
21335
3322
13911
21664
4888
4713
4152
24501
8682
26361
23477
15605
31047
2255
7858
6594
5078
16257
7101
8834
20532
970
27377
18420
28917
3971
6682
28356
24038
10702
6170
15709
2709
917
28555
31742
9748
14387
5285
15120
30713
18032
19042
13239
3753
5555
25313
5799
8919
23411
24328
15673
21575
29935
12654
28861
9176
2335
10360
15378
20161
1770
17346
31605
28443
21401
30912
7831
1440
15756
10917
20722
20658
1835
22915
31836
5279
7712
19636
23005
14627
21188
15482
1214
24622
9174
16098
17378
23016
29299
31726
32090
6642
12866
27890
2099
4591
27120
11071
20626
5444
6108
4607
516
10779
20243
14176
11279
27566
8318
245
5389
25026
9306
22361
12090
29041
14313
15637
25611
19245
17255
19651
10689
31234
7232
25204
5951
30747
22400
29776
27160
27784
8331
24188
13037
30271
26638
9793
7158
10336
32565
30826
32222
7101
29471
26349
14036
14745
15503
10702
30687
9136
6116
26433
31857
23928
6475
18191
24640
6823
20787
21818
1873
22261
5377
30692
19541
6947
16389
31853
26937
4924
173
32732
19961
23067
1529
13952
22965
7725
8495
22231
10758
888
12240
11182
29842
26332
25034
4490
7902
26265
12271
25415
2148
21522
5798
6655
15078
29393
26849
9261
29953
10442
20303
14354
17157
996
18386
9560
6660
14517
14643
27126
10537
32397
28437
3667
21835
27831
4647
3246
4802
15611
28830
18365
4474
5991
10979
21652
28486
19280
6280
7113
25718
6547
31105
5590
7851
29728
18321
9918
15850
22202
15362
23796
10224
7416
23961
6008
9669
31120
10953
22339
32660
29396
13351
16357
2746
2173
15134
2925
24093
26280
10468
30089
8383
18974
29100
25070
9875
31192
14366
16890
20367
31171
17668
32152
23810
23232
10054
25445
12584
19439
4120
25617
11515
20781
16242
7431
8269
17115
5312
30288
20
31458
6108
22452
22277
21235
3641
14627
9316
22548
28769
4692
7450
22360
21409
28076
776
10221
7170
8801
1691
22108
2684
31199
26272
5389
31591
17515
16986
5642
26930
8454
20946
12804
1879
31892
30831
155
2446
3133
26054
17882
27458
18196
14515
22785
19265
8950
22697
26760
12215
6325
31046
16224
18013
13174
31787
28540
29934
12120
9482
1424
19931
27479
21504
10777
15679
12911
14886
21405
533
8196
15459
28212
18345
9089
30852
7239
29516
26432
8334
29848
31308
7850
8274
24962
21539
32671
16707
1411
23791
27416
16517
18679
15394
2314
2886
29990
9083
23438
5457
129
31285
3392
32224
28713
18558
32484
30386
29361
30506
22608
8542
6181
14249
8326
22247
19275
10294
8480
3472
28712
2130
6385
20722
19398
4465
489
75
6453
18419
28217
18201
28624
22613
16568
1000
24257
21673
17541
4456
25032
26179
26606
9666
4920
18358
7825
15404
16194
6911
11969
15548
15477
28671
28204
22137
11654
3887
12730
16312
4173
23695
29880
20646
15889
26335
31541
11297
16645
30482
29612
27340
8978
13312
23524
31842
6615
11867
11541
13130
13295
26852
4940
11884
27506
12510
13328
5444
16830
23235
18502
23092
18551
14135
3410
30495
15308
21562
20863
22579
4604
24225
8097
26886
9241
14279
19961
30693
21517
4992
29784
25449
21466
12878
3463
17994
29222
3032
18407
5496
4086
32151
18773
25704
9146
20947
27216
17324
28042
13006
11358
28103
16559
24127
28587
13887
1637
11521
11252
28404
24031
17165
12451
14255
32140
31654
12348
27646
14745
26067
6903
9024
21431
25874
3247
30460
30750
19019
20986
887
3025
30979
18586
22149
12324
27858
7956
16543
8060
13079
14238
15414
18263
11498
12862
24391
17292
11602
25137
2864
7891
18360
12938
20162
31879
25244
15899
11927
4011
25223
7832
18341
812
321
14074
20
14181
9539
32034
14925
30952
19823
1727
15956
5244
25855
23921
19799
27746
5052
24111
4999
29405
24176
10214
27686
11761
11165
23906
11233
10346
111
15986
25953
29728
2544
23623
23581
8570
18043
27934
6514
20529
25459
799
22517
15702
9012
10884
14600
29335
24394
13053
30891
31422
31458
10323
5013
16250
22909
15948
4996
29794
11756
13264
30161
13111
13688
29001
24647
11625
13153
26192
6197
5853
16522
27269
28610
11758
17266
9662
7553
1202
9318
17253
12869
28542
4597
29979
8503
15532
27045
2209
3621
6555
6372
5369
22045
18680
2625
712
1595
3644
29404
29695
13503
29302
5147
20154
28770
17995
17823
28521
14827
1339
23415
17965
15357
32294
15507
25477
13619
25870
15739
14377
18543
12830
4929
3126
10094
29163
29363
29068
19360
27387
12246
13684
12599
15492
29072
5511
18558
23157
19877
15307
4461
2746
24805
17950
5498
18364
14243
23768
13233
11304
6760
7340
29447
19442
4841
22479
20204
7833
15671
29276
12831
24236
14646
24056
5062
653
20560
30898
27326
12917
9066
21292
27440
24504
29975
8704
16997
24907
25612
24157
17627
14723
10709
23025
17048
26911
12742
18956
30142
29577
7219
3586
16224
30809
484
13521
9876
1563
3011
1539
19913
2642
13016
4566
21083
701
15479
3227
19045
21464
18104
31068
21719
26790
31016
26561
28616
32686
11710
18740
2317
18755
9745
8516
32010
15113
8391
5447
30664
15541
25425
8004
27720
4628
3030
26640
5655
9807
16236
3254
14627
7277
2190
21276
5069
18713
31179
4580
14143
31142
26811
20369
14848
11344
21815
23787
30917
7621
20681
28324
22923
20452
31330
31291
17634
28100
25163
23073
18828
12536
27230
32027
7750
11281
30326
9447
30182
7781
292
30754
22950
13583
26788
27497
32192
23863
2063
17855
17467
2964
28881
17454
25092
7470
22622
8369
23104
13673
3617
82
17377
15679
3509
3216
3447
26573
344
15363
13129
24593
18589
3651
7077
1010
22369
16133
3444
20608
255
13447
29969
25470
968
11567
27484
13854
26797
28783
13066
29963
2879
1771
8255
6572
24026
15838
7774
10408
15900
31161
18464
14757
28060
7182
17891
11350
729
173
26181
11956
26225
22029
9458
30859
12436
21741
5050
24633
31415
6970
23015
11442
31117
11828
15821
18632
29491
26573
27810
15274
26027
21329
29840
2730
29067
15692
9481
26691
23798
31401
18779
21594
17100
11031
29060
4548
16926
31409
15687
5385
16869
9949
23935
20583
7411
19060
16308
282
18985
13604
6124
25051
21739
21011
15555
26279
14801
25029
2494
26049
31647
2880
15325
20986
1144
2158
31855
27184
10062
29122
3626
533
21917
27934
20603
18481
23897
17397
3355
11563
17189
9389
17379
20548
3269
4935
26849
5412
4054
19777
18603
18137
6332
9403
1779
27677
32221
5850
27484
12503
29453
8554
28812
2277
12616
7111
18819
28697
18087
5885
20779
27521
8845
2350
6192
12268
12833
18484
1297
4521
8450
6024
14968
8594
4662
19810
14279
6986
25955
21282
26611
2242
23617
1263
4757
16130
13391
13470
25406
6182
2245
21461
31499
3750
4298
2416
16506
7643
3560
13859
24956
3007
32445
11361
15308
32757
27123
8061
8062
3081
21874
3600
8155
2296
15827
11162
26220
28147
8728
3436
15445
1120
30619
7877
15845
7458
6725
8251
27754
11034
3328
13916
4682
26349
7791
19350
11599
24584
17884
18772
21315
7906
19570
27754
17597
15489
5804
14515
8762
4928
8717
20472
30575
27855
2834
12308
4318
20859
12133
7254
20392
23728
16467
13863
28578
15036
22912
2285
29610
13269
28633
3375
11324
26718
11467
26361
3136
8806
2482
25474
16422
24690
16277
31244
15157
32124
24336
21516
12064
6715
9361
8331
8667
11173
23752
14028
5548
21171
27992
19503
30597
24932
21971
16725
18321
12548
15589
19077
12301
11694
24015
30542
32345
15120
27159
23918
12879
22126
13182
27379
6099
6633
12851
9120
7851
1282
15174
19858
25746
11866
31583
20772
9607
17083
2480
20495
1643
30044
10024
14294
28107
17761
32234
21345
24315
15522
29949
8167
2916
2989
27717
26898
3614
9998
29874
28766
1474
18894
22711
9155
121
313
2302
10131
28249
9700
16730
14245
3570
26095
31229
9139
1827
17544
30955
27393
10291
12976
6062
15167
31004
9538
4427
22193
6442
19505
27766
9613
6853
20241
22018
30373
20875
13017
32667
13125
18083
19687
22199
2655
18253
26436
10186
22245
16829
31274
441
17783
25641
7875
28050
32062
12833
7988
20090
20504
1055
18394
32231
13813
9567
24019
30735
6017
1008
24257
11424
11267
9996
28106
18353
28292
24485
4580
1784
28213
26432
10575
28478
32267
24838
13922
30225
1964
28952
27019
29625
1422
24100
3218
29037
26717
28982
13085
10182
27550
2000
21625
16755
7571
3132
12951
13871
7774
18465
12885
20976
23144
17749
2303
15457
17412
12530
25366
5267
20560
29868
26704
29935
15196
31329
16607
29552
22415
19954
32758
29199
27718
4434
6026
21374
26557
30428
14678
26648
26675
13802
18721
10009
24649
11683
17475
2058
23212
10772
16998
4224
8435
32643
29578
27142
18891
28671
16204
5208
29265
3900
26983
2002
9919
6302
24443
23591
15947
27540
5133
18262
11852
8743
2767
2266
6303
30163
31266
5409
6473
26261
9690
5440
5981
22597
22337
3813
7457
6694
5726
18573
31596
3260
2167
15863
15442
23005
6100
14552
10499
29451
18630
25040
26353
18945
24552
23965
28721
30604
15781
19087
27428
17564
4858
12859
9558
18843
21373
17268
13734
6141
2207
26743
2472
8729
27182
3430
25159
21815
24606
11000
943
6634
20872
26990
7274
11936
25843
28617
10184
4215
5587
13114
20357
26194
17231
23258
4262
8749
7239
2971
10148
19629
3222
12414
1996
12027
3988
4871
25062
20179
3039
22511
32277
28888
7260
13336
27902
5419
27256
28102
21548
8763
32180
32267
22963
12767
9312
26243
29460
13474
22950
3906
7009
24413
19659
16651
13474
5900
28082
4034
6262
20186
8866
18724
7166
3198
2888
15286
2806
1738
29952
27131
24101
4737
25680
32234
12536
20842
22453
4255
14954
22434
10147
6737
19750
15158
10183
7812
8944
16881
28047
26752
30529
8563
24556
27649
13617
1411
29783
7728
15514
20647
15634
23250
635
19185
11440
10688
4250
13083
13015
30871
10350
26071
5701
7344
3387
3936
12305
12627
14719
6997
27699
9767
909
22215
13127
4589
30072
30865
8590
7534
23602
999
12086
6834
20981
14642
11739
7283
18402
2331
16205
8657
21225
15846
10644
10824
16360
20226
11313
17886
13079
4830
15015
30113
22179
17150
16442
28752
23705
1613
20727
8025
22534
30133
27636
26627
12637
20205
13017
5357
14872
18834
15007
29623
9122
17018
22936
31487
23925
12613
5808
3215
7807
7220
7666
10196
7627
32319
24142
8339
15965
21345
13465
11735
12894
16183
18389
25902
22905
457
31411
30228
24196
11944
5718
14768
22627
23097
4698
27326
29225
12624
7701
6605
24193
12032
20252
12714
6733
25778
6409
8220
17036
2165
29308
30417
385
15765
19296
6297
22290
19311
14448
18130
16494
13955
30713
8995
754
28619
13281
31086
7758
3660
9448
26111
10723
18154
31534
11274
8560
5760
12278
20564
25838
21040
9385
19504
28600
4600
13086
27821
2799
10630
4888
12814
32541
9038
14608
17274
2328
29145
4661
19189
5674
19296
16818
19855
2926
25497
17199
21467
7293
30673
5786
30371
30026
24891
22823
9178
15179
8584
28565
12242
10714
7607
9652
1712
19930
31535
26404
4636
9373
21259
30047
10045
8709
12213
16121
4324
25066
2230
15399
2567
2236
12492
29823
15474
5994
27197
4606
6073
13954
5484
9551
5233
15513
11690
32586
14239
29677
2126
17340
27249
25417
2568
6502
31276
7721
18034
6984
21606
24607
15848
28447
21365
30581
11674
9516
12071
17172
9695
17719
26036
18340
23245
11476
12528
8181
25350
8933
23493
19614
22740
17504
3041
9956
4473
11858
21420
31453
24256
2340
8317
3285
3800
22813
22797
3568
7778
14377
16428
17425
20681
23769
28594
26875
8914
4778
32697
1206
19316
1930
11785
18229
16105
4760
6612
9525
26629
22572
26532
15464
3015
28439
24977
17107
2862
27436
26551
1396
30541
28927
17639
14889
11170
14060
15261
10445
25252
5979
24370
28580
30875
6211
3411
26361
20660
3053
7090
26629
4181
12027
3579
31507
9390
26536
26634
12514
18065
2641
28763
11083
28803
18229
30402
6435
31507
9593
29532
10595
21354
12143
4549
14726
36
13335
31883
17203
26718
16870
31971
19740
4368
16071
17051
25382
17566
16736
26704
22986
22697
3990
2017
24763
1579
26195
29475
10441
1987
28294
25815
8453
29261
876
15833
3878
31670
11791
8858
1835
9230
31244
3279
1602
29919
1944
9579
13545
19134
32453
31435
5203
23839
18434
26417
6925
30830
11745
15220
1249
7771
19486
502
23035
117
28636
28117
29002
2298
19761
19046
29225
26093
11749
32479
6463
19050
32119
31315
17571
23095
22113
7140
2884
29595
29853
27444
25481
19315
12648
13596
7476
3970
27718
24737
12940
777
1350
4131
13499
18839
19591
25304
22389
21539
2811
27257
24538
9304
2155
10555
31390
23088
12988
11265
15719
16324
19056
5328
22390
18275
14448
10627
13706
12257
28936
15040
7425
17201
2099
30506
577
25398
23321
32472
7766
22743
29398
19207
2012
6482
1149
15883
21280
30162
12892
28556
32130
26947
29314
2286
10270
30821
15999
17937
26027
22559
28779
28219
8098
19991
28970
22866
22179
32639
7149
21839
16918
8754
31484
32751
4878
17407
16820
26795
24178
7236
10187
3819
29278
7103
2524
4215
6855
11938
29471
7214
6494
25829
29815
31994
21687
29920
27827
20739
683
19481
9741
16675
20987
8795
27895
19611
22325
17160
1048
32004
16604
175
6545
5768
5827
1761
8580
6225
2234
32321
14807
8514
4204
14043
31541
3301
27272
19639
23382
23717
11039
31405
1153
16702
29006
3962
17999
22641
32284
14612
945
29436
12965
6715
16948
30409
14713
24145
16004
12646
24383
16235
10799
11957
24222
12968
30380
26597
9053
11970
20892
24224
18632
16610
13903
30854
22358
25529
14474
11995
1418
19660
27784
26236
23
9231
4158
1048
32071
22966
23012
4252
8093
3656
4016
495
27578
16629
19685
31712
21885
14377
6156
7517
10350
22625
11905
11749
20317
23870
10546
16191
16198
10455
24228
5997
2424
7508
9783
30428
22774
13497
24746
3805
24350
19199
27105
15449
29576
20073
22502
23231
27441
18965
11055
17218
27353
32466
21535
19522
14505
32305
12750
23815
20761
31711
28173
27061
17169
18737
23205
27516
5966
12033
13280
10512
18184
6585
27723
25433
1490
19373
26041
14955
25281
2478
15243
24248
1232
30171
559
25220
1667
3259
8167
16282
13515
30857
8908
25918
13610
11983
14354
25186
22295
3127
10381
29
5284
25245
32372
24664
1630
11624
14438
29899
20085
24603
11690
25128
16157
807
1979
9109
16435
4868
29956
608
14372
21887
30952
13806
31755
6486
32005
16373
2841
5122
1978
22763
6458
20948
15334
191
11509
27715
1523
1990
21652
31365
6676
9208
13958
28764
10186
26204
257
24371
26285
9409
31980
19817
24681
11183
18427
6125
7175
19613
31260
4619
3694
7268
14866
22405
29737
30196
1375
1254
30826
5446
12136
18963
19791
24210
23508
2851
6501
9665
30773
880
24171
2597
30954
7918
15704
14952
23876
32188
15263
13506
16103
22009
28081
22383
28787
10201
10947
21857
28516
30712
11730
25394
11575
1006
18405
12380
29647
9507
1939
172
26902
21989
31172
31220
30183
3255
26556
31233
5164
25068
13909
2252
18499
13173
19083
15092
18855
15096
5950
6252
7884
18978
14388
23409
12362
8509
15966
7104
5950
5125
4444
14853
10989
28855
2626
8086
4523
23916
11165
9825
22780
8101
6833
15652
22776
551
15877
7132
26356
19721
9506
7295
7006
1035
7575
3053
12009
24361
6464
1828
13034
12656
18888
14516
10498
12817
5485
2676
15870
23476
18691
8050
11259
22030
11068
10800
1998
7606
21798
29453
32163
24116
29685
8961
16611
12891
22531
9869
13148
16090
29973
15602
1948
23309
14304
1954
25245
15385
21708
11764
16552
22071
29687
26907
8563
26704
24189
3161
16269
26059
4343
23920
22267
12963
22337
20826
16164
26044
21889
313
23530
1399
8804
27537
10778
29316
22187
21941
27398
29943
13799
24959
13168
8094
21632
11076
25002
32146
24316
1031
16124
15885
26238
7149
20550
21115
22157
12529
6630
13012
30743
5593
23260
15400
9654
9577
812
23932
5425
30166
27012
1748
23110
24702
1055
3729
1703
12757
10473
253
2882
5539
6372
3621
16069
4973
23242
2535
11618
12080
10484
12875
5584
598
30330
12311
14226
24802
20380
1437
22139
24302
6497
24536
6002
19031
29821
32183
6771
27831
18296
8633
30166
10643
13325
16826
30420
19670
31697
26893
19271
7550
6165
202
30897
2198
2316
29289
17536
30820
8241
22672
29072
11235
18915
12842
30450
8820
6738
19385
5100
28624
8607
21229
25920
3137
19263
18549
24497
29970
19617
17429
21444
12611
26384
16121
24260
3714
218
22601
27912
10839
22962
18429
12665
7071
24147
29683
13902
20539
24422
23358
27418
29449
12198
19394
21513
28179
27970
5630
15974
23815
31362
13096
7777
1000
27054
4479
31248
7682
24620
31453
1459
6435
13544
18827
21820
4360
19961
24410
18191
7958
385
4847
3078
21067
32212
1887
28856
25459
31965
8700
19451
31135
18110
4718
13991
4819
18359
8453
28829
25855
15689
14157
5896
19248
16027
22243
4067
4872
9244
29320
20156
15980
4714
23924
22199
3452
11379
17644
7637
25800
12506
26647
13686
25536
1692
526
23581
16237
31987
6706
23668
13663
17018
11970
23952
10983
22418
28077
2165
19590
5
28580
9949
16804
30698
10612
7989
18565
28617
1939
29161
20090
5119
26616
7137
22612
9059
26160
588
20254
22825
11695
19356
1292
11783
18020
18897
1710
13463
3984
23035
3177
5373
23767
23802
8232
27593
27032
11657
19279
4127
5754
14203
24817
1301
9543
5187
14402
6748
26366
20666
27471
35
4131
16413
28140
21048
10074
85
4334
24176
16948
4988
17819
10826
1097
12956
13663
31695
5255
15802
449
27068
31945
27923
16532
14051
10155
10149
2162
31951
28829
8945
8550
27047
31287
12288
11753
5460
16077
22948
24592
12774
3906
14336
3843
6964
29729
7498
16561
2499
9449
32720
31682
27882
2473
17721
30157
12339
31437
21262
29132
28675
13112
2169
25293
24958
10387
1356
9962
29093
15844
25156
28282
24513
1122
16016
9097
22277
32392
18061
25990
19311
6504
6100
27964
7663
20546
9846
27908
19403
11861
1926
16696
11586
8949
17624
1258
1904
23518
7689
24278
30065
6600
23231
6806
27849
13115
4658
25109
24835
14757
3052
11078
19097
29866
7629
11798
5396
10171
11089
30367
14452
21994
10774
26526
466
30716
20376
16679
20292
22720
19519
32663
17153
2976
14237
9931
12742
12662
4592
19855
20600
32673
32495
32089
25866
15703
7619
14904
32417
11068
8787
18183
30966
2356
5060
31206
20220
11894
21568
13547
196
26595
22007
22292
4253
4245
8548
14720
23423
6330
4306
3295
20650
28323
25886
11048
19594
32280
6078
12682
6878
14831
3586
30372
25625
25565
4506
12536
2568
1675
12889
24989
14262
21996
30009
22325
10381
27087
29854
23839
27325
1712
21983
27374
8418
26836
14338
26649
1761
17813
32711
22515
15890
30458
9449
478
9381
1418
25760
27068
15422
1122
32106
11431
25571
29574
22539
5602
26904
7285
16850
15
13384
7424
7199
22178
5223
5211
9506
19349
28118
9845
15845
5470
20615
18821
20877
18718
14689
4581
16861
9499
742
28708
31995
24432
18707
5463
8311
19715
17543
29103
19849
29880
24808
337
4762
25316
4739
23393
3590
20741
12082
14176
11809
30128
20099
23737
12920
4298
29974
12438
21081
2043
3911
22008
11413
10080
32525
5127
25732
23168
16674
30375
4170
29058
28005
23883
23641
18077
5756
27662
2103
22479
19645
4864
8322
10450
18511
8125
6705
332
32396
3397
13084
23366
9898
1543
15295
5599
29083
19519
11834
16449
31025
31874
13981
4309
10886
24215
4195
23731
12187
14473
23868
9053
7231
22522
22800
684
25139
17850
3904
9994
20619
22425
29999
3042
8791
5241
3585
8277
24707
7847
31650
9263
6908
6251
8458
20761
15636
14045
14784
9232
296
30459
2717
23317
18304
10489
4051
31526
21622
17880
19502
29294
14811
17210
7577
10937
28566
22901
15075
8234
24462
28646
16067
20528
26827
9096
25626
5302
7640
7108
22393
16282
17003
8587
16867
2657
19527
11427
28884
11817
27490
23358
16257
14302
23875
2001
9570
27825
4015
28963
3566
21190
22148
10405
23974
12845
14565
15105
18516
8724
6551
18165
23701
30267
16043
30306
26773
8360
31838
3488
7194
23451
1853
1301
3012
12228
12685
24838
31123
10932
6121
15276
1705
22930
301
13707
12881
23567
30099
16383
19009
9115
20764
30232
12316
13018
21810
30631
6203
29009
32139
31385
9645
26470
7248
1668
1916
30343
383
3712
31538
25001
12686
23864
22684
14836
28497
1857
2766
956
7453
22442
6759
10164
14638
27348
11543
1118
31046
27523
7774
13254
18839
9782
5526
22896
13027
26292
15667
3215
27618
21480
32586
12919
6628
15854
27472
23893
1207
4718
10533
798
16843
27433
7504
8389
6804
27345
8845
7601
12848
23582
31877
878
11850
18206
26588
23971
26430
28877
27504
22084
25469
30949
20192
25096
8756
2551
23116
4382
31016
20411
17244
22556
2532
10149
27524
25912
4631
16312
21382
21946
6968
6047
26680
24497
19819
6138
3207
17381
27048
13302
1212
7182
12058
18720
9982
22851
12229
12667
29976
1717
22636
15311
893
9373
12210
32325
20873
12147
4223
14129
30474
10081
25509
12335
19199
11255
7364
22385
26528
32
32363
855
12190
2645
27007
5184
14507
9488
15329
26785
16189
21380
587
22356
1935
11915
379
9266
20457
7648
23188
8931
14370
12686
20161
31733
16995
12200
26139
18476
20781
10811
32205
30233
18078
12673
373
11758
10480
30295
21454
10129
28738
28913
10893
9967
24987
24525
24968
4755
6956
13029
2333
22647
13781
14121
13266
5402
8171
5676
18233
12498
5433
32286
21527
26468
22596
1530
14788
28114
4308
8704
6357
10868
29615
15462
22777
13130
6056
17995
17953
1681
7128
21740
2276
12692
812
7962
32289
22981
26912
28396
12774
23564
29641
23473
400
30303
10009
24616
10548
12179
32095
8436
16446
29042
26893
30538
26968
2317
9150
5101
14734
340
28279
20060
6831
3043
10029
29769
11510
27679
22408
11598
27625
6274
8423
18140
6786
1587
10660
31860
14989
21210
28569
4121
4945
16562
9187
18181
2930
14560
29669
7835
23062
18435
25488
19869
21319
18700
7394
26015
21401
12880
22701
10427
3852
14555
17562
26503
18227
15879
2669
31556
11414
15182
23691
12376
28502
8285
11193
13567
17167
22377
27174
24637
23042
25542
32684
25879
7028
20150
21331
17922
6481
22143
3607
7324
2325
5056
31467
2458
17388
2308
10237
24833
4632
20632
11580
26266
17812
23706
15384
11935
26615
32083
23688
30395
32666
8647
31570
2866
12285
1673
11655
3163
14695
18132
19788
10327
7117
984
21472
7421
24821
5714
5339
5652
20956
32351
16052
15301
6996
1426
17542
1359
9713
18244
5396
9213
9510
4907
17162
6742
8620
24111
646
21395
803
13688
8150
20310
23804
26572
21380
13720
662
22808
6031
26339
9895
13388
25084
23746
2526
28524
26765
28279
31943
21988
20945
19947
14574
3357
30557
20715
21831
18253
7512
23184
22989
6291
17213
30975
13930
8771
29148
2899
8471
2175
10914
984
8004
26119
23579
6778
15994
12881
32693
893
16447
19933
17607
32366
15674
10435
27857
20825
919
14222
15622
1084
13485
10828
10503
28860
26078
6630
6898
31255
18623
8110
31899
346
7801
2871
26137
27092
31344
10857
5509
16842
6178
22484
5118
25452
18513
17221
11248
8712
14692
10391
5270
22398
7947
26828
30398
26100
32034
14685
11981
458
6616
24013
28674
22480
23312
8068
11519
25527
4871
30683
27013
2758
55
8308
22911
20174
1148
32204
28994
11616
22390
6163
19219
32573
14382
5691
1513
27662
25084
28495
373
18006
18600
17926
7008
25508
24527
8856
20948
17677
29064
32464
28477
9177
18504
22626
9041
13949
12291
15744
11598
16842
4756
1960
31618
19043
13151
14528
25617
31348
20021
11876
23283
4001
7544
8063
18748
25917
2943
6168
27040
28349
4923
26479
20022
13932
5147
13385
29564
13408
7470
11144
1180
4524
29576
31998
13549
11223
22502
6787
21181
27789
20373
27973
30542
18837
29839
30048
30750
259
4328
1967
32107
26031
2408
7649
25079
20453
23418
27855
16393
1630
12868
13580
20404
13167
22296
446
31323
14977
267
18861
18293
449
18403
9882
1678
1049
15927
5842
23182
16222
30417
32003
2622
21195
31063
21069
14856
25006
27179
16028
29439
3681
27023
2870
6943
8572
28173
9104
17109
12617
7702
6246
27586
23928
27881
22794
11452
29460
32438
5885
22293
3254
6147
1980
288
761
7248
30940
6642
16685
24566
27225
27238
21072
20821
9004
10084
14906
15662
29723
31074
28439
12878
7381
7466
1818
18541
1854
478
28272
20053
19720
2106
14707
9031
15235
18202
26401
16282
18870
31036
10188
12453
13486
30790
31762
3039
13846
26891
16400
7493
2312
32010
30419
21756
12579
27959
27151
14392
14302
4607
29204
22876
21531
15494
31229
7011
12288
13619
5163
17534
16642
878
13042
9214
26178
25256
22929
20341
16669
2204
22888
15128
31742
8405
28517
12648
29559
8561
21952
28178
30097
23844
7656
24595
2912
30336
26301
22303
218
6259
17151
8260
7913
6161
25606
21963
19390
25491
23732
26207
1385
25248
4265
6001
27302
11212
9141
1754
17914
13151
32147
28610
20223
22359
13780
14017
5628
27824
31769
325
19897
12770
20613
23604
26514
19116
8306
13778
13769
10512
7011
12004
2081
1951
21562
1814
30376
22774
684
10394
20180
20617
30961
5906
22225
26783
8640
17840
23322
2462
6778
6299
14919
13961
15782
5525
25381
25287
12701
2012
30988
21798
20358
6989
4717
15391
30341
13007
17835
22364
7984
32239
30764
23159
17219
4552
9135
27909
28052
2342
1504
27603
1609
28651
28201
20335
12104
32177
7628
23530
17647
25520
28207
32221
22278
12770
12662
30890
11761
5990
343
18948
12330
547
28714
26290
15343
25005
20544
13455
18744
4460
1398
26070
26604
11771
5386
6556
28244
22990
26541
26014
27600
13592
29145
11581
13257
3307
13924
27079
5350
1441
22358
18424
4227
17532
10488
16065
9823
23689
31533
839
2196
714
3333
32303
19405
19859
24208
9753
26547
821
21744
25450
7080
15322
25778
24911
3000
23216
13919
28671
10700
8778
31053
23616
16161
26691
22715
24620
10745
11300
18205
4405
9105
5511
5045
28519
8786
7549
32355
31213
11339
26414
15806
27863
11743
3007
11107
3098
10427
23929
2702
8152
20236
26151
7399
1506
24302
9407
31134
31868
21031
20037
23225
2656
13845
5613
21677
10245
16357
16512
11308
3616
28934
1792
15935
19820
24541
3215
11924
5030
30907
27533
20505
16860
19212
7681
31690
14312
14033
17722
18886
31032
3664
5302
24745
3792
9
25666
20246
19089
23789
11619
9107
20411
3787
30709
13978
1201
21259
31250
23276
20988
3486
28469
26665
21139
18485
27295
21406
22873
12721
10490
19294
28648
12763
9533
1940
12941
25942
29903
17943
11667
5586
12015
9279
8133
641
25427
19192
17966
3279
25615
8468
5411
7502
26297
30694
644
21743
16587
26124
17726
24184
17224
17548
11796
29746
31139
547
32160
28130
20444
16601
23444
27387
25580
29145
21318
27922
1635
25472
31084
30354
11856
30132
7971
433
25697
26743
13879
25507
26955
30907
19102
28685
7020
16248
13637
28860
24495
1789
27664
17815
4529
2692
4892
16594
16162
21512
13127
4965
12909
11355
14834
23997
4251
20851
9733
14513
3700
26372
1588
19127
232
21845
11393
15704
19630
2636
15106
9953
31019
20682
28133
15452
27285
12863
18097
24510
1880
5749
31950
24162
19641
5552
22344
29622
5817
12537
21456
25653
7996
25783
16132
17557
30826
18815
8688
16705
1622
14125
10452
31241
15325
7732
26407
17944
7890
2866
7389
29735
22360
2248
24806
23281
20110
21416
21751
19943
8306
5359
18060
18980
25855
5814
24878
28579
5273
9955
22001
6832
2987
7237
7234
12700
29071
12769
12255
31413
1710
11398
28711
3701
7656
32424
1172
14842
17718
24171
27270
26038
24973
509
4162
21608
16902
30249
8506
20043
28221
17193
26511
3213
13302
21436
26324
30978
14343
21113
5141
5658
3698
29027
20247
8977
7633
20413
226
20581
20983
29216
893
6285
25044
202
14073
4328
11417
16441
26544
18164
29213
30713
27087
32192
27263
15290
3602
24484
270
19109
21455
30767
13925
30960
31798
2657
28122
22448
25303
5914
10778
3823
16229
10195
32013
7679
13497
12684
12032
30221
20761
9221
24834
8953
25531
31025
11918
30310
19333
22760
4715
26893
8983
9436
4817
9814
28171
206
30925
30249
11131
11010
5862
30977
29124
14576
25345
27203
30602
3132
26498
23759
11773
5096
20404
9684
20570
11721
4971
27112
3252
15415
1512
88
10740
17417
19452
8380
20255
9921
32113
3791
20439
19715
30117
14462
8741
21836
6008
31295
24949
6880
2152
32164
738
10500
9979
26160
7860
28270
16478
16489
29479
17658
18763
26414
1135
8606
7727
21323
32248
160
3725
2379
14578
25094
14237
6542
3085
27215
29242
26267
18561
31584
22523
9654
2130
22977
9119
19894
12754
12809
28846
26641
21607
4759
7773
30777
17038
11651
22962
27947
3360
30420
4842
20804
17365
29428
25112
11351
7942
18785
7950
19454
30391
28580
12416
26157
10964
135
22119
18957
24763
4995
29604
4871
14843
10360
6886
4638
26715
31649
25293
24963
17183
21958
17744
22115
16774
11443
3676
17668
32407
10218
7613
19216
10781
23957
66
5169
2801
23486
9244
19677
30327
20930
11400
14196
24939
28163
10414
6024
28126
17374
12744
26491
6779
19933
13446
3152
30479
24621
27057
31675
585
8018
16912
2170
5310
20249
18824
18664
32047
3534
17798
19408
12815
20400
4770
3967
15424
11938
1404
28445
16158
25123
21226
31293
16830
29568
17238
27314
7543
584
13665
11428
13730
11521
13260
11492
23711
29209
8857
24957
2585
7456
18285
16524
18058
5172
12601
6481
28673
6588
17177
901
15395
22105
26237
22766
7023
16153
10374
27954
25031
11246
18099
30697
22572
12895
28348
25845
7114
6270
13758
32534
28212
29722
2713
10425
23280
18997
10134
5905
22070
17080
18254
17257
14581
17510
8391
1721
15895
3343
28383
4983
25862
6662
1774
16815
23919
29909
17063
24918
24646
14382
16703
1756
6666
24869
17362
1536
2634
16541
10498
3816
31848
8448
19425
8561
32157
29748
18961
19140
29757
7626
29993
24874
15420
11640
29531
12833
27890
7625
21332
22191
11291
27411
5988
8694
12834
5802
31711
24073
25503
27219
31939
19198
9246
4091
24218
5188
17954
20905
16034
12343
15465
5554
28204
24050
28786
27436
7490
13668
25149
15012
6284
32167
30034
28436
7797
15756
3844
11023
3977
14971
27127
24127
32289
22906
17120
20241
24899
5771
17036
27823
28356
1595
18724
32047
24751
5496
32431
31753
10731
31651
19672
15567
24087
4838
9713
9752
20665
2760
15673
6334
12184
10494
5210
22345
7270
3204
566
426
2466
9965
5859
31021
24253
24568
244
16553
10108
5987
22523
11513
21149
30980
28748
31152
17341
22293
7171
5641
15481
32464
32072
15901
24788
15164
19921
13401
23256
31302
16297
12078
24961
18451
23344
20234
9942
5269
32356
12424
29017
30556
24926
28388
25761
26031
17439
10929
15686
3804
10637
26830
1021
21196
17337
23958
31748
1754
30051
30807
20673
31973
3264
17157
18086
164
7035
27184
29527
16186
4089
308
16655
19723
29665
22192
16704
15821
29660
27961
4729
738
5273
27727
23949
997
14613
7567
11762
9603
24089
18987
10599
12940
12036
3224
27353
23369
22474
27270
1160
16145
14397
19221
28006
13335
23691
7494
23999
16774
24328
17071
24351
32720
5934
4724
4977
21314
14818
2162
30564
13533
20217
29885
9235
32097
8187
16205
21476
26282
1063
5108
11952
14143
11703
2707
8485
19497
23653
8078
17257
29953
6445
4221
4864
22093
24405
28965
1008
17933
22187
3238
11555
22160
782
26357
5132
908
3375
29325
23438
13678
2201
20066
23065
3823
23279
8215
23318
14568
10357
24176
3973
8295
27090
8202
29156
23298
3861
16970
8531
9579
21493
31891
30711
12357
10589
13244
24732
12086
22568
8641
12190
24126
16681
9656
777
28999
24174
20487
28159
8701
27077
32469
29530
20447
19584
7870
5011
26262
15478
25547
29155
32390
10826
3745
21671
27556
25840
4600
1289
11911
5740
11343
20957
31681
32221
18910
14793
19823
2747
17101
169
13071
15709
18851
13361
21394
28862
7681
25556
21938
29056
22416
4069
8838
1585
23864
5117
13908
19662
23699
4252
29606
4485
21921
6163
11424
703
3773
8865
22160
26206
1231
3548
7111
13379
11204
11090
16296
14868
4923
8817
2302
11324
17281
10660
9875
18483
26304
23231
16894
27647
4723
9885
13500
18171
17693
11271
4994
2007
27707
30168
978
11232
1655
25695
4045
21377
13854
17925
27720
16394
22484
25392
25889
24241
29063
359
25555
1239
3489
8630
17481
16780
22146
32340
27632
26708
1581
2947
22288
14635
32321
32696
4188
18888
7212
9980
18120
5151
7579
1426
30106
20009
10548
3546
21188
28391
20360
28021
30577
1189
6211
13738
30430
16508
28582
25352
22379
23322
2104
2125
8690
14022
1208
8327
31575
25246
32341
19577
31840
25379
15138
32576
15303
25592
10436
24119
16014
14055
28525
22551
17043
17445
12559
14179
5988
20439
18633
13315
31060
14548
7846
18478
8911
5293
25478
19598
2026
19691
18780
8095
28734
8599
2970
23641
25335
13568
23530
25614
6440
1208
1823
16277
27234
29664
26219
7080
26500
19109
28882
25739
6100
20235
222
17646
3151
23274
8853
3093
15678
4917
32168
16182
26122
9346
12269
23075
21329
10439
11279
808
22329
6754
28805
13879
22533
30813
10944
11074
11494
32751
6825
31721
15635
8006
19018
19541
5403
1411
28107
31588
26234
29703
32673
7686
9579
13549
27906
18919
14590
23255
26268
29518
29034
11758
10630
25157
14500
27172
21623
762
12593
12989
7478
5477
14136
24333
31313
43
30683
1155
5394
19138
4807
25062
6063
726
31242
4063
11201
4332
1062
6840
15607
16454
25699
26979
21516
32262
32105
5566
7670
5014
16909
6677
29537
24646
6252
30696
29787
22071
29494
15343
3153
15993
5453
860
29242
2160
13199
26208
30994
10364
26863
27632
17546
18904
12491
27337
13822
22467
23418
31666
9639
8670
12580
24833
15378
8150
14038
1888
32720
6210
18901
977
27504
11983
1331
13040
8106
7578
9633
23928
1501
7645
24452
1545
30396
17358
23371
17449
14659
20932
19455
20616
28145
18076
21531
9864
14897
11099
11423
24316
18457
25620
16992
10288
28246
2061
15778
32555
5223
1309
10216
3632
9994
4696
9227
21643
12532
13807
27786
31626
27589
25169
3105
31945
23867
28310
1181
32178
21670
28190
22510
1093
23708
11125
10110
26901
29933
19066
24001
10899
10457
21953
5646
1423
21889
15157
13997
30460
13468
31746
28977
2804
32619
5042
7431
7420
15855
23189
8272
28040
5721
26471
23276
12482
12482
13357
18391
31367
796
2656
18617
11186
6505
31309
20408
17566
11819
25020
23441
16614
10011
17872
31207
24687
18973
1070
17371
425
15988
8033
2268
28945
11826
10878
7104
20987
7155
6147
30228
1166
16587
28677
9649
11536
1661
12683
14480
16484
29166
25397
6880
14800
4569
5921
6997
24068
17859
26126
2498
12120
28978
9666
9194
30550
28442
24234
17556
2424
22936
17601
2269
9010
31202
14258
24530
3379
29823
3649
14398
25065
1459
12519
16577
7491
25150
18364
28194
22970
4166
32667
15334
24210
19601
10880
23330
25437
20471
16180
17293
11458
2327
31789
23257
26236
7754
12719
9796
24229
19413
30520
14954
1589
29283
20507
23901
23238
27058
875
3831
7578
27532
11034
27503
31710
11001
15970
7211
3120
27571
7012
19157
17760
11738
21520
19121
21107
16873
16964
27694
26606
22761
10040
11963
32337
25828
23065
17627
5601
23965
18932
7804
26538
15742
22230
28037
10181
19154
17970
22702
15575
308
22146
20628
4314
12103
13873
15117
24352
7336
25017
26808
9108
19489
11529
2265
3908
11808
31785
3940
9756
22375
28448
16728
27124
4100
1302
23374
14030
20100
31414
1618
13400
29540
26582
3825
185
22728
24666
4755
30857
2671
7253
5900
16417
14823
27506
16493
29206
17149
30611
6432
5888
21624
6839
8244
19072
4359
19489
4597
12673
15479
26807
7872
9661
18729
23208
1045
14979
22980
25681
15342
32440
2855
4706
13903
8221
6818
6460
20767
21455
15461
8606
566
10260
13880
18561
26551
9044
4717
22080
12960
21606
32531
28924
8095
14350
11629
20031
29224
6083
17827
10207
9668
17845
17078
30758
18860
23054
19129
16687
14998
21880
22335
25491
11983
19680
16912
18502
18570
634
2592
25019
8824
4102
25793
18511
2712
1617
28439
30180
24401
9726
5068
25804
17086
5510
30982
5610
6217
14462
2710
16915
123
3097
29811
15034
18194
11501
8550
15821
30548
27130
4614
16602
2724
2280
8167
30582
25939
8080
271
6367
5560
9918
8105
10464
2435
10805
6654
18421
11598
14836
32416
20144
10869
184
6376
14427
14120
9154
24995
8415
11454
20442
26633
23013
22604
6036
18159
23354
14711
1746
31293
4728
9094
3978
10401
21987
29884
13258
13701
32401
22500
4345
12095
28110
17453
12383
28040
446
12088
16616
29744
15684
9584
7716
28176
10019
15514
18579
21567
9315
5292
13088
5513
20983
23267
2539
21020
8604
784
22091
32645
15876
11059
9236
2267
31284
23882
3093
16186
20523
9067
18405
11891
12996
8721
13024
10754
14045
11444
23660
9793
22457
2204
3969
12763
23203
20982
29544
9090
5588
14120
10690
20453
7831
32354
3533
23516
8875
2421
30947
32486
28905
19433
12355
18902
29990
26441
24596
17865
11099
25026
18343
32603
19972
10989
31485
21019
17349
25320
23945
2108
4179
6059
14902
8845
19602
27801
7340
23723
27131
24662
20431
16756
17729
9433
9609
25536
19508
15810
27594
3916
15077
22765
13005
1527
13323
5447
18588
7473
14501
11232
3542
20400
17121
12098
1968
5988
2109
21762
21306
9134
9964
32148
24036
16333
17019
28259
1856
32153
21428
29217
4105
30835
12227
21340
31333
17532
2711
25939
16231
24069
30859
3847
32216
11591
13126
3221
1591
29268
9695
23234
26622
11598
1093
216
25639
22231
29151
11441
26863
31944
31599
21777
31450
5926
26684
22073
12023
10578
9840
15544
6757
895
22207
12933
23318
14441
15177
16971
7635
6981
3522
25860
17792
23027
208
3529
6050
1915
28852
10216
4638
10935
1837
15160
20035
9549
22169
10921
5387
1761
12382
16671
2206
8328
14984
129
1816
27775
2228
26380
10892
7709
15404
7918
2633
28166
28499
19472
8540
30370
28740
27699
32342
13517
3766
32062
8271
208
291
24022
9514
5008
9513
7216
11547
27654
7984
10019
5991
10479
7501
5506
31851
10949
16742
30632
2272
4589
30359
26452
7773
27954
13781
18872
23837
11378
32209
30668
31491
11159
543
16616
3035
27081
21912
31634
7907
16611
5117
6293
21898
12579
20189
27731
22391
5413
16824
8795
18381
21010
4452
3902
8110
22549
6832
21663
4606
1806
5192
2954
23657
19339
2008
26887
10663
2036
26228
4334
26878
7685
15416
2812
16137
11393
18219
3623
29625
21797
30057
5679
409
7899
3714
30582
10838
18481
3101
25873
13438
7689
26081
7455
13960
10898
21653
12121
4885
20599
20613
4587
2677
9814
20264
30851
1389
9843
1025
8615
32055
1710
10435
3659
9419
19634
4280
22435
14173
29296
2915
5942
4135
11980
23141
5428
28520
13973
16029
12553
4269
2491
24723
14386
30287
8380
6167
8015
3645
3680
22309
20858
5115
27046
15372
2520
21483
5118
3791
27501
13260
12216
11724
19253
9344
23229
11675
24688
24850
381
12345
20285
7927
24104
14182
16746
5012
30753
30283
395
29441
14256
26208
19529
19469
25079
9101
19453
25986
4391
21392
29310
170
31987
7326
9526
9489
10053
28493
28540
22925
16688
10161
12062
28284
23591
18885
28476
15693
15212
23821
25949
322
22986
11130
17596
11635
30599
26510
23523
25623
17557
32192
12411
29439
31496
5410
3427
31075
32205
833
14079
6881
20376
14157
14803
25539
30238
24698
1872
17025
7557
21413
21741
14982
4120
29755
29050
13367
22080
9303
1201
3634
4783
42
27919
21459
28383
26784
12258
15613
11195
8512
12194
23319
10908
1365
7300
5972
630
6219
21325
26168
30036
30043
7780
21592
23041
25195
3372
20577
19976
2607
21904
22107
17375
8597
29664
24623
16736
31840
31963
16231
25208
21778
22029
17462
29731
19472
18523
21944
15256
25089
8412
24442
15808
29047
21482
14397
6893
27601
22137
26103
21193
23904
8616
25371
1165
31944
5270
18714
32627
18857
10359
1066
14189
32383
10983
29766
29207
22983
29309
8054
16362
612
16804
22864
5555
2880
19366
959
6724
23094
4106
19715
31850
30256
32
3833
25887
140
8922
13213
23040
24005
10973
17101
9217
20815
13016
32080
3679
4290
5141
10518
4566
4667
2894
29377
16405
6655
8129
2149
879
19298
134
20876
1747
16616
19489
26750
23038
28585
30292
14527
9711
23034
16439
26328
1435
21833
30346
25946
22243
26441
27209
23329
6083
32336
22401
16086
9164
2301
11875
19383
26068
12573
29334
13211
20972
15823
9426
12848
15250
24807
27307
25992
23592
29585
26794
4052
7589
26167
674
9839
32139
26532
30273
21022
7193
1897
998
17558
19393
22399
6578
1854
13532
20783
13538
10039
24989
303
27996
25242
17987
16142
24455
15104
6547
29649
26720
4424
4486
13279
26571
11924
22591
12314
32038
24213
19775
16975
29220
32521
26332
6352
18393
10369
18415
17759
6673
21608
24014
13134
19686
9281
6778
18661
14482
11824
7961
14340
18305
29372
27302
16905
15019
24531
24807
29428
2080
1294
15775
6090
2020
23863
18438
29751
25342
20745
23158
31606
30924
22326
4711
4214
11929
21935
15517
4405
23921
10271
20896
12656
21044
28600
5741
26751
5098
4147
13675
30331
25686
32274
25504
17569
11982
16937
26149
9467
22858
22108
3031
13629
11194
16298
28496
26861
16797
2411
5398
32454
14799
1493
14865
25951
6306
30661
26179
21256
4145
2493
6067
5364
8945
13864
6570
22942
21641
1254
23586
31333
23780
16900
24444
2169
4484
4555
2161
8443
31001
1533
28747
19552
15698
6235
1365
27927
28403
11882
3984
363
20520
2679
28071
15530
6424
19929
7717
15239
27326
28790
26854
22461
25588
20873
15563
24309
3281
17826
5554
12522
3125
17902
32422
2251
23458
9400
1106
30177
27982
27440
11196
18289
30838
17515
16688
28644
24564
6572
4985
8997
26388
17378
28504
13387
10404
30321
28462
30328
1098
18229
29436
9472
30235
30660
21645
5838
3176
25588
11250
16644
28635
14750
14383
19682
12739
23969
16436
17641
21677
8745
15
7488
17204
12849
30303
6998
10522
22086
9740
24777
25239
30350
8245
7559
30192
32266
27242
11571
19276
792
5404
9162
5828
22844
5713
3462
10425
28703
15516
26114
6250
9176
20045
2720
31941
25195
10469
11304
10110
19087
29901
945
5727
10165
16711
20165
3807
28485
7332
22208
6133
9003
31928
1913
17966
15762
2955
22820
3582
2543
11345
4471
4179
3906
19612
8204
5488
28569
21969
6663
10745
24789
21208
6392
4682
8880
7704
259
2061
5631
11171
29246
30220
22837
17325
26970
9795
3625
16707
21382
5690
11545
10554
6544
26002
2286
11621
26189
4829
26817
28683
11324
31411
23199
7063
11878
19714
9097
8850
4232
27813
28863
15311
12916
27960
11839
28389
23221
9003
9864
17634
29810
31254
20387
28990
25749
1356
26980
1806
14891
32435
20718
3706
15886
10195
11637
3697
9666
16684
23112
24220
28062
3021
12814
21904
7724
2338
8015
10055
210
27918
5687
2001
1969
30265
23447
26183
27853
8364
15661
21505
19566
26267
7973
27656
16071
897
735
20174
13526
28019
27379
1565
7307
30893
16499
25934
4140
22898
7536
14779
5368
30739
8383
24439
11531
19277
12028
3644
16513
11479
17616
29348
8670
23612
15984
26524
12718
9191
14438
25622
25960
21628
28052
28927
13720
2671
13942
15217
14141
29135
3495
5929
25712
31842
15783
1339
22599
15863
7131
4868
505
25336
29909
9569
4931
30015
3542
1054
11786
25386
24465
14770
5441
31986
28210
6953
25869
23608
25247
3169
5671
27105
18686
21625
20611
30244
6263
5767
20783
5857
26683
17033
26493
16437
30149
4767
19812
19275
24672
26743
24356
24437
15849
7944
30249
29051
27862
9347
27442
19763
18295
28806
946
23889
7292
10899
20086
9601
4280
5314
13193
8883
20004
3762
15189
1462
9255
17605
20746
31753
32020
24461
1092
31470
19701
18305
3560
16575
23943
20725
7246
133
7045
25673
10918
27591
18729
30304
26516
3744
14833
25939
28446
12820
31647
3431
23496
14500
4227
10813
29437
10528
7932
22601
28849
23485
14909
19077
13893
32104
10317
2151
24747
23897
18769
18448
2506
14570
1038
14534
14628
31146
23466
20900
18358
6573
4786
30864
15135
8743
32610
5486
23557
30777
29984
26003
2997
27659
26441
9085
7433
15899
10544
22209
13455
3797
28516
24644
29671
27747
30258
5806
29805
29382
29035
1820
21785
12838
10600
11798
24483
20326
26954
15552
2282
4860
8838
15956
20630
23040
27042
12751
17404
7554
12345
27627
10307
1057
24645
21838
4037
12761
15518
22785
24248
18973
10941
5923
782
22566
18886
12255
25497
4490
31430
15003
19059
10000
15928
15730
20125
6083
2767
14565
230
14917
367
7117
24591
28774
8828
13204
22572
14581
26712
27813
20813
5079
27431
30497
4446
27733
29142
9172
30028
32186
5211
3431
17770
26142
21310
25047
10514
23421
18520
24614
32143
14092
21723
24144
5178
19148
28818
27520
7140
13663
32362
25220
14708
10267
18994
126
5073
21341
5023
21469
22275
27935
19091
6028
29333
1485
24734
20073
5949
8021
21446
13049
14271
14974
22147
20314
4366
20090
14606
20857
32180
24254
30683
28549
6261
8977
4964
28835
29231
30179
5417
11747
24325
31969
26101
8050
7868
16326
22882
18962
25701
8564
4767
8392
317
28483
9841
11988
14033
31385
7800
7654
29798
28859
16820
27791
919
25826
17992
26870
26688
16530
20605
17356
30619
3623
25353
20354
27305
20913
9362
16313
28628
25601
7790
31994
32722
1028
22701
24743
31180
4688
30553
27953
19136
11005
15612
22156
9252
4534
5731
28384
1484
9231
5026
19330
7949
17945
29272
13858
19235
32053
7476
15942
11472
11557
17592
32503
11590
11113
30013
27833
25159
7368
20024
16321
8075
20781
16059
20067
14178
4532
27455
27594
11930
5381
8352
7915
26531
3553
30825
17851
2289
2042
4690
30880
8866
1800
1799
16934
22369
7193
30763
32500
3210
25896
24989
31230
25998
10994
4090
6396
3738
4357
24675
11546
6771
3098
11648
15345
30629
4772
3524
21686
16604
15273
18163
17841
27794
16337
6882
17905
8170
4285
20863
26431
10460
31385
9232
25680
25491
1013
28096
7999
3859
32720
17751
25658
21791
1526
25673
17531
2394
17805
32498
7545
25516
26090
29216
8288
14823
27049
27090
28095
31915
18428
25919
6529
31623
12355
15386
11039
13408
11229
2325
28180
12823
4670
7588
9872
15974
834
25347
32368
27403
23489
19578
15982
13865
22628
16096
10133
19947
23223
4446
249
14186
1151
2933
11684
23761
7501
1090
24275
18111
30291
1793
13923
1260
16503
8401
28038
2576
2214
15286
21434
32512
20075
10980
14844
20762
26816
19515
7736
32740
11556
25358
11013
28144
3309
4136
24463
14595
7392
2833
29652
23925
15103
141
19732
10459
18082
14950
5762
16356
7881
29803
21056
15233
23217
697
30346
8521
28837
11577
27442
15131
16151
25706
31564
4613
11247
13153
3882
4196
20003
4878
17035
3917
21896
704
11023
21292
9448
2539
25326
15275
21076
1834
11242
10966
443
28800
16002
26492
19900
26851
6505
32472
12985
20219
25910
26992
12333
10535
16477
30526
5183
4801
1886
18190
9623
3747
27964
19751
8048
25321
30769
11565
13294
25081
13984
27462
2226
17601
16459
14460
25005
31296
22470
24163
28209
4168
16428
3579
27726
6530
6928
5591
5723
13490
25270
17279
3795
6460
21635
29716
15971
19688
24499
6194
22592
26338
27722
12058
30910
1029
3661
32017
4639
20568
31025
259
7080
18905
18324
28012
14075
8314
27435
10361
16288
22378
22780
5994
30949
2965
17869
14650
19944
878
1756
21634
22514
27628
27344
15515
7942
26322
7920
29186
18618
20020
29843
8705
10566
20791
6871
18828
27355
19992
8342
32618
16182
3440
21142
10645
20340
17078
18944
8674
24104
30213
16148
3556
20395
15135
29722
28174
3251
22963
19612
10265
29479
19163
25810
4261
18738
12265
15710
14371
26263
9827
20282
32498
2116
7500
7150
13512
553
4005
3590
18260
17226
18484
15811
17442
24595
4740
28177
12734
5868
32045
21945
1052
782
4437
2264
12343
29077
9079
5776
8953
3286
8548
12029
8027
20978
391
25962
18381
1196
14188
25285
22232
5495
20868
7249
19202
11731
9250
25243
2546
22234
9674
23727
16084
28182
24747
17291
30719
23702
7530
29140
18389
17473
11041
7112
27883
5994
26792
17268
17771
20132
29459
15655
4534
12503
7547
22566
19021
24979
5634
32673
3313
10661
23569
26598
25865
11752
27620
7125
29509
2142
17225
32404
14465
30591
9124
5508
2028
6097
13623
11891
25705
23481
28576
13843
19765
13713
27555
21162
15818
10234
554
5900
25860
12404
23690
25031
22403
16428
23048
15517
16720
14100
28316
20535
23235
5433
24309
16407
9380
22098
32188
719
12176
11156
19997
2672
29342
1998
12164
20806
30019
12721
30372
7874
20595
20591
6078
6328
19209
9865
17952
29899
5481
28385
11500
24101
26724
4119
9498
25451
2908
6674
3264
239
1448
16861
9105
6952
32569
20405
4260
32096
5246
13152
30072
12461
8582
12992
12852
16162
18533
26279
16179
14150
14040
31213
16319
965
28460
24256
12829
27494
6235
28220
24779
19773
6521
9787
30981
27938
1102
31087
27277
25698
4933
26030
29868
2740
16005
17548
1140
27502
11357
2607
18505
6904
229
26207
7328
129
20706
31709
13829
26610
15339
8694
11363
28704
29130
25687
19328
10566
10021
13603
19655
30642
15710
1347
24138
3774
8631
14078
6919
6146
10170
7881
22634
23240
25304
1632
27924
30656
17232
26133
21723
3318
31314
18536
22034
22016
26980
3033
3082
7292
8454
30458
31448
3258
12945
21192
4185
17077
22885
32571
13940
9032
16195
13852
23199
21918
24568
28695
3749
28907
20540
8209
9894
12889
27609
14524
30815
20294
12048
12392
8107
14252
16184
30492
27722
23776
26280
4837
23778
20608
2007
22126
19267
20390
19394
26065
11759
3682
3982
32173
4826
22376
21871
12409
14190
21509
15560
3607
25042
4184
17812
27052
24428
4030
25348
12720
19621
1422
8553
3649
2540
1543
25429
14781
509
17286
31229
18319
9571
11260
7394
19785
16187
31392
1201
8692
1852
4577
11623
10147
5364
12703
952
21327
6228
23962
434
26334
31599
2091
32414
4485
20863
21810
13863
27216
14121
2383
19134
30975
2050
31061
18236
16660
3409
3579
25545
810
2583
12245
4605
10376
18508
12163
5190
3318
2924
32297
9354
6864
3122
18975
28173
27992
24995
21481
24212
27984
31567
3945
4811
7113
4308
25939
25060
32566
10915
10466
19585
26308
10247
5577
21204
30702
26211
27245
30212
14923
28091
29265
26835
5547
18037
5329
13183
30307
23649
15380
20197
3045
4856
10300
31468
21908
28385
735
21537
29142
30906
18107
27807
25450
15636
20389
27698
16636
3519
9923
31676
758
26697
24315
32727
25498
9665
5547
26299
1358
22464
27547
3427
21302
30379
2608
32747
20488
17714
2274
6461
18204
3356
18159
17900
5059
6471
3409
28256
29402
4330
3310
19508
4767
6174
3344
11996
21699
22941
24084
29579
30400
24009
25702
13395
5228
21232
20397
29327
14542
10958
21058
16510
28977
12627
27879
11824
5752
167
8886
32166
16561
30316
10583
25141
6381
3651
26998
20267
32078
17809
25460
6581
11105
27779
19549
29184
25774
2127
30491
30623
16782
10941
24041
27949
9789
25319
24586
20275
3632
11068
1978
21067
8617
30923
27749
3206
18824
20415
1303
19980
13668
293
32564
27906
2010
30198
28009
2225
7461
11089
25314
2020
8175
17416
20157
22161
24679
21342
11199
9916
8596
17679
22598
14489
20713
1681
10879
28145
23577
21914
5337
11462
6445
22498
28346
21818
29907
24618
13680
20141
23289
1149
22890
28710
3482
27062
27560
18420
24024
26690
16240
1685
31564
28199
21571
4310
19866
16965
7183
32060
3144
3292
29094
163
2256
18767
21359
3621
24307
1320
13915
11837
32593
4187
1307
20780
18487
719
8081
8348
8376
15130
28292
5252
18943
14989
24471
20299
23267
624
23932
1328
6588
22158
6245
29417
10357
2293
12987
10122
14051
13047
9747
9641
12117
32628
29790
8128
4461
27228
31071
21458
28462
6511
28771
19026
16469
12871
556
31808
32749
20889
28462
9365
18462
1976
10750
16609
24646
32346
30215
1331
29003
11167
24191
18233
21551
13903
6553
9384
12004
28515
11260
26846
21346
1224
24693
30151
5368
20831
26600
13309
2015
28232
13709
20019
24341
26976
27480
15315
23656
17672
27321
24294
1745
9513
23942
14645
6916
19829
19254
31917
27205
21743
3663
31496
7037
12973
15905
14506
653
2012
24757
9929
482
19206
30977
18641
10826
14480
17757
18695
3334
11399
16955
16492
29728
18844
17682
13796
29951
4460
17307
6295
4408
20997
6976
14744
22951
3238
27858
2245
18367
14791
24698
6382
16670
3673
26098
12089
31076
9807
17652
25028
9798
14429
4595
2445
14814
14080
23306
2959
5957
702
8498
15662
30052
4527
29111
26581
25607
12348
13293
12254
10035
16167
32543
25266
23738
4812
3272
28721
8204
22438
6917
4948
8272
8212
21323
28176
23732
32605
2389
7294
31489
22002
26209
826
27762
13044
21660
23817
21702
28406
16091
19390
26516
25604
30859
28766
12255
26340
25067
20098
30186
26011
7289
32509
14157
20276
25513
30143
25929
10428
24029
24313
23897
29585
31122
22402
20489
18653
10967
1146
2571
20061
7428
20013
21384
26727
11432
16953
22964
19755
15811
24820
22181
23865
16950
23048
27493
25923
1143
31840
24646
11556
2697
23880
16245
30754
9516
31439
32210
23152
32593
23920
9727
2039
16848
31986
14775
87
8029
27789
15714
15400
23737
4686
8678
16261
10533
28093
191
13771
23324
12732
24146
31390
25921
13746
26238
13357
6039
489
22389
25271
240
31541
3786
2383
1192
29143
27851
21468
30866
6048
528
24163
24371
8538
15188
393
4654
5987
32644
18515
28928
6555
29718
29489
26605
6784
23452
11323
25402
21912
17049
20666
669
1296
28307
29674
8434
6818
17257
32510
1071
32700
4839
4709
18842
8414
2712
3148
25146
18499
13275
22628
13195
3013
14905
27877
12406
20987
27638
6355
32383
12964
10470
1920
31553
13896
13186
7506
13847
14620
6203
4550
12829
29991
7951
27317
1111
30627
31577
15574
8751
1446
11757
21893
29733
13313
19812
12738
194
13928
10421
26237
17357
10708
30726
24081
1474
24102
4033
3854
18304
25357
18921
4155
5698
23593
6575
11739
23504
24689
32064
25648
32503
26834
16866
25406
26678
4632
20031
32721
16058
13842
26368
13761
29069
8177
8606
8053
24842
24562
31093
1702
15508
573
15131
29285
26759
11532
14831
22112
111
27151
1013
18273
18808
7952
2017
22807
10534
31187
24945
2329
29766
21312
16384
23336
10789
19907
7001
2740
28671
13044
10953
30114
24762
21619
21112
9293
1236
29718
31480
4811
1691
30535
1823
8049
30364
27047
23570
17049
13405
4856
12195
29602
20303
9273
4317
24377
29694
16402
24284
21207
14731
25203
8675
395
25436
27513
31400
1530
27410
20881
7154
17828
26299
16095
614
6505
8009
7649
24222
24395
27460
22863
25980
22901
8635
21318
31422
32381
14720
22438
27090
7910
26773
3513
8427
1001
22497
11541
8788
27508
16167
31171
8197
1396
32057
19360
30068
22096
105
9476
29613
8885
4929
7330
13221
18585
24948
7855
25291
10618
18707
18759
15841
2535
19460
26636
11786
2626
13745
21264
15396
7364
18685
13557
20055
7361
2684
31826
25582
27438
31459
31833
17254
13408
21949
183
20165
17174
10336
22716
29230
1210
21792
7612
24753
8932
22210
14517
4967
22048
22580
27441
16063
22001
29819
24430
12819
2582
13036
957
21887
24843
5023
13608
14834
28627
16417
32087
28549
16117
13417
26549
5644
26821
29709
12750
23531
27876
8118
23291
24364
23818
32466
22338
9422
18179
20872
27000
6751
32760
32497
26792
21965
13552
29573
29881
1913
25750
17363
24138
21133
9789
26486
17889
32656
25121
8260
13893
15671
24304
25032
15912
25470
18569
19699
19721
27896
5123
5134
22361
6755
25841
23283
1501
29824
22500
26493
29779
8226
22066
13885
17240
14468
22262
18286
393
9183
12632
14379
12265
5692
25615
31712
25987
13959
30244
18943
22096
6630
21752
5108
16730
2377
21384
5978
2594
17729
12016
24687
319
15381
15406
20677
8265
26131
9001
32315
15605
15396
19186
32300
30593
31907
23369
28902
26707
12911
30563
24926
20701
12863
5610
19746
21443
566
6726
26766
30784
24504
4891
29507
31942
22395
16914
12501
15588
9185
20701
22980
11885
17797
22389
6318
14807
2579
6054
26562
29153
30046
4558
25208
28280
16556
22242
24447
20188
25684
15281
26359
9983
24460
20845
22753
23598
12924
18279
22484
13554
16023
6682
19441
8249
298
13163
4633
30641
23605
24623
11101
16757
24955
16110
181
13547
21461
3046
3829
1772
21195
28243
3838
16678
25701
10990
28209
10431
20799
24500
11050
30779
1756
11496
27306
28832
29756
28507
22740
1496
5297
28651
10909
10838
7406
11338
21374
32253
32353
7425
17259
25661
13507
7348
16649
17791
4589
21671
13340
32707
31725
21121
29758
19079
20825
11088
28631
4587
26595
20430
16201
3348
22830
30179
30827
5070
4576
15210
22073
30581
22265
26168
2250
25365
13667
25946
16770
1744
4041
30623
20360
4736
16045
6999
24698
17310
30389
11097
14688
2659
26950
19787
31711
2604
21332
5405
19376
31011
28281
471
26704
8988
30788
14229
3832
5053
17363
6863
14543
11234
2468
12510
2399
9791
27048
27068
325
20296
21401
14092
18733
29773
18830
5210
10494
19946
12493
25763
32594
27038
9440
18712
19753
22202
235
21791
10718
6781
4924
17307
13146
12157
12068
4461
20103
5192
4357
8507
19463
11596
18605
19567
17703
32244
7650
1411
17678
32020
9022
28541
4667
2183
27454
3765
11310
15383
5013
30430
20836
12188
6854
6724
8585
24680
13297
7763
12266
18915
3309
22873
6697
29043
15000
23949
30516
27039
16235
13647
12919
4211
24658
13489
10065
3366
15290
1079
4293
20730
22251
18651
8563
8036
5528
3412
22470
24941
20404
20632
25198
18520
31112
23968
10513
901
4611
20587
19773
3477
19281
27717
14242
21711
8623
10057
1406
17090
21629
3877
27224
26412
30100
27421
23025
18971
731
16211
3704
10578
15893
5445
16125
9454
14077
11671
6696
8010
15253
32531
22827
21535
8891
9966
32501
27376
9469
11852
6056
2213
14254
18695
3150
9334
7737
29100
24264
9226
9654
1735
25094
736
16059
19809
17022
2287
26997
31942
29398
21641
10231
14220
20708
15237
27345
5584
5849
18333
11237
9411
27833
21013
11126
32614
11791
670
898
25745
14302
13689
1362
28218
21210
3295
5455
19956
3544
12705
30999
12982
7300
1804
19408
15326
3666
22031
3261
7541
29111
13216
31758
22965
14232
9819
14845
13256
27395
20332
23574
16339
4381
6832
27862
13363
17755
14871
2424
24583
26101
28749
4620
27374
25752
28313
8137
16914
3932
18949
13732
22117
26101
19391
24354
4138
20269
8383
12650
7096
17042
11434
25246
29562
14955
1014
27499
19259
497
20816
26335
16544
13244
10810
9339
29942
31868
5881
8330
29742
30185
20910
22193
3366
11773
195
8902
32555
11872
28808
9189
8379
6180
4126
21953
25487
10162
13717
21561
23001
13572
27985
32044
8394
1045
22706
25741
21591
31126
24564
20154
28733
2019
15187
9481
16962
26677
6003
6308
20926
29721
22784
26520
24667
13089
17297
30760
26649
28889
2003
15975
14997
28412
31971
8198
9610
2024
2299
19050
16536
21840
32081
12033
18500
12081
26940
6615
10817
5895
10393
5732
9966
25408
12653
5801
11295
16113
25804
4219
19744
20936
26361
1310
31735
9282
17102
10005
26602
5149
23646
4665
9537
27921
30426
18953
589
31163
20913
29249
11689
8410
8443
30126
4544
25277
25880
3904
2447
19196
26004
26977
21165
10855
21326
18309
24712
11580
21978
28162
29937
8605
2083
15395
8667
576
10325
11383
6239
6505
32506
12143
26884
20501
16739
5160
6462
32120
29513
29574
12852
19114
2996
20866
11462
32414
24860
26821
24271
18003
8398
21621
19879
19790
21906
3151
2541
14919
16779
26358
30851
25635
3934
5770
11481
21282
7831
21373
14447
25178
28488
10658
5013
5476
28914
7047
886
30293
14505
4101
8532
4079
25204
15893
26389
22553
8691
2789
25855
7821
17988
3628
1216
21457
13606
12474
32177
15464
8543
6483
24155
25673
92
23485
20283
26256
792
7704
29378
23924
5695
10350
1696
3705
11666
4747
10818
9958
24205
1039
28313
7290
3655
15041
4894
1627
13979
19238
5139
591
1669
20307
28171
31278
25038
30719
15020
23960
1004
13276
2740
9187
18980
24872
8506
10839
26865
15742
29751
17054
4265
2035
5700
1398
17758
2398
28069
15785
28162
30455
23687
32575
24271
25380
16006
16114
25318
12431
24434
32226
2359
15228
20307
23946
14496
11610
14250
12275
20313
11927
5626
22567
20879
27321
32647
3817
27471
6827
21086
24483
18854
2388
30613
29088
3847
18030
6868
29051
26348
31638
31509
11992
31936
6047
14503
16977
23037
17452
17529
20404
28562
22910
21653
14443
20103
17546
491
21051
21475
4943
29520
30258
19406
7014
14790
31706
20467
28379
16894
29875
25896
4923
32539
15328
7249
12014
12985
11809
14977
8391
30254
7681
11363
13786
26895
22609
18649
29070
10487
19668
9954
7155
30339
12092
2753
2645
11169
9301
11868
22033
26379
20353
26850
30119
4366
21604
31152
27665
7568
8416
31350
595
12113
4932
15509
16212
113
20672
5580
4588
13363
24605
24596
24894
30208
23722
12488
30536
2479
21882
2825
31160
12547
11468
4449
25857
2677
3019
31398
15791
19764
15992
20002
27639
1643
3044
10992
30099
15298
24226
7849
2509
5927
20860
20289
5081
32718
29797
31787
18279
17526
23983
6852
23417
15087
23422
4590
26482
30937
22909
22779
5744
2478
20175
32206
9436
17923
18505
22076
23616
12298
25310
24760
344
31068
19034
6192
26731
5621
4180
16178
9179
128
28509
26195
252
5078
20094
12753
18210
7617
6370
8823
27902
3845
15823
26049
14378
27809
27867
28993
31490
26194
25180
27969
25782
13913
22560
12970
6045
11902
28254
24613
31180
5717
8429
19071
29672
16064
7348
19538
4664
28341
2402
14562
15358
3393
7007
30277
29960
11469
514
711
23938
23457
1540
27020
25614
23974
27700
27255
24087
13168
28781
22859
31329
4731
27845
30736
16869
12981
264
20665
6877
5437
20069
20995
539
10347
7014
13216
28318
27920
29734
26005
4967
255
6846
3809
29577
13004
23552
24415
31872
723
7272
14573
6851
13692
12623
29646
31901
23230
23138
16973
30520
28386
28499
30627
16891
30858
5582
13851
31765
18417
5039
18548
12378
15220
4466
10887
19279
11602
24810
1322
14208
28336
7222
8531
5146
29664
12530
5761
14773
5602
11178
14423
370
3371
22420
1930
582
2470
1662
10750
14485
3065
5381
11820
19459
25609
32520
7623
26503
30912
6236
9119
22465
15630
15809
18629
25485
30253
4629
3312
4824
14122
7112
24095
22450
13729
22160
13184
19877
23496
3422
20369
837
15278
4240
28037
521
18373
7272
24041
2137
29855
957
22151
10728
10229
29424
31115
19012
6381
24354
22500
9644
1436
30116
29421
23585
25034
8111
333
12991
25334
28246
31516
32590
3482
696
12615
29205
10161
18042
29749
12782
13429
2165
3498
32416
23917
20907
4588
19816
27815
1664
19493
5081
15427
10279
18953
13543
16177
19034
19128
17470
1850
4430
5350
5080
27717
19430
30777
16334
14547
32295
32242
11374
32717
28652
3280
10895
32639
5082
1073
13857
13796
23191
4731
776
2596
17975
19130
19499
12123
20983
15755
6343
9372
558
6456
27658
30262
12416
5412
4829
9269
26709
11370
1025
21036
26505
27585
1629
9266
5990
22179
4502
27947
4559
10158
7393
4681
1725
28746
20501
18386
5616
23436
19205
2851
28894
6234
30476
32245
22768
11984
5865
1759
19949
17635
2253
23324
182
5700
28339
21903
24117
9095
12528
16132
18064
23685
3851
27577
17570
18943
13006
21021
22955
31364
31133
32471
12614
13972
26631
2570
20892
16389
31643
29143
7128
8358
20221
32292
12507
19491
17465
4508
3632
6440
10582
3063
30530
21961
2863
8572
32460
31522
10878
19396
17554
17466
18234
14272
15183
11310
13859
21758
2798
6027
29851
27175
25340
11515
11959
21197
20830
8484
27542
19043
28991
31181
21489
26765
1613
3138
18164
12955
22565
15098
12620
26191
25099
13944
23170
25063
10975
17775
7303
19799
22860
22569
14736
26839
22595
27433
17443
9373
8104
32016
19826
26092
30027
7101
19945
7501
14873
19640
31747
4637
6036
21713
1377
1863
8576
8964
24093
7507
16351
25248
6748
5536
29984
30889
1570
23277
21652
28794
28523
29470
15649
7086
22135
15933
11322
26945
30821
9920
15630
14323
26627
9994
10240
10221
10469
18484
22104
12199
180
32268
24120
30729
29385
1118
31441
17361
6650
8563
21718
26164
21684
29144
12081
3272
30539
8544
19446
24737
30861
13676
7573
17082
19613
19562
6227
10135
25087
30364
14331
22057
29935
3099
3536
3570
11511
9243
27335
22634
14528
4464
31219
2464
23593
2130
24385
13348
9366
20829
11877
5157
14218
11739
19988
13783
28537
20806
7028
23319
15063
5129
25041
25682
29045
17287
31377
16547
5133
13150
10602
10555
10780
29677
2258
11270
12783
21012
6839
18828
22273
1082
20849
10773
25220
10389
9461
11792
6718
30885
2123
23989
406
22018
21314
31722
12527
5208
29794
16483
14132
9392
32546
32014
14772
1521
27227
12974
17969
7846
4861
22725
2867
25601
22273
23736
27298
29216
23710
7214
6804
31120
22976
24249
18532
9744
28598
4792
29188
25239
28458
20860
27028
7832
6231
28329
14131
30852
11126
5855
19733
29073
23929
16794
16853
3770
1276
31319
1293
2822
4985
17657
16933
32526
11963
8554
25960
8633
32405
29317
30557
1611
723
19508
16980
31646
1393
27861
30271
28846
32011
26083
16067
604
29589
14290
32655
5739
17740
25914
10989
10191
19436
16696
26262
10279
18980
32018
29387
6792
11079
14617
1953
19324
27460
7380
7325
19018
15064
14938
20096
1912
13314
16640
22372
15503
12984
17204
19720
286
9688
5033
6505
12545
27745
32181
24978
2019
4835
23799
20148
5634
1332
22588
28025
29234
2149
17315
6038
19749
4340
28160
7072
18921
18755
23935
5920
16306
23625
16266
14057
18650
22664
4076
20905
17190
16191
15158
4287
9547
5088
16481
6988
19889
32708
5558
30605
11894
24094
21739
5736
31414
17454
29327
15684
14602
22967
1192
16926
24398
5554
23706
19929
23464
13124
30794
6358
11973
29422
3716
21957
31590
31748
15002
16059
12060
29280
2894
30852
10319
5207
30962
16442
32133
29932
1742
5910
18913
9796
5058
24711
8938
26714
7725
9857
7055
12276
32525
30744
30823
6614
24679
5709
31037
7733
29417
25384
23499
6254
9934
18183
31686
30456
27650
53
13339
10135
15750
4286
25977
5075
31767
16002
17935
16809
23562
22921
24215
27776
27259
15510
22675
10847
28070
15359
470
29020
9365
30395
10567
4440
10748
15805
14562
30185
32353
1408
12543
17560
32127
5604
26839
11085
17133
27704
14404
29447
16891
920
28360
10960
5341
30585
15313
32497
18187
13442
27707
4194
7911
11166
8471
24708
10912
15183
25515
9490
5207
17221
15033
6229
385
5679
9477
6552
397
15825
7441
12764
20422
17750
2603
20685
27770
32232
17065
22004
20828
29055
884
14893
17703
30710
195
27996
4740
8804
29737
15452
9774
28841
19410
21304
22612
1351
24330
12190
25919
19316
19454
6032
22836
17261
25287
26717
29596
26892
16804
20944
17762
26781
1671
20903
3741
5614
14804
838
8047
22949
22117
6061
16428
2262
4817
2472
25791
23253
20462
25157
12106
29001
20628
8587
1549
9858
7844
8041
16521
5645
16713
30957
12261
4997
10366
23991
1680
939
29137
20908
25384
19385
27238
14063
667
19188
29246
13325
23948
4737
9401
19063
13560
20345
27226
12598
21017
6976
22475
18394
32138
9746
32289
13747
29101
28638
4192
2372
19530
856
578
27637
17272
26442
1076
15880
8641
14890
162
11982
19841
11250
32372
9499
24463
18988
3289
3063
3359
21068
7235
22422
26855
32323
26803
22155
16257
32593
22838
9016
4881
6939
30895
18825
31271
7933
27608
29922
26087
7585
2180
14933
4967
10961
29223
21273
11352
2441
24471
23351
23273
81
28180
26759
21736
18377
9607
3547
8746
18310
4615
7802
8750
5404
5793
17872
5373
27004
23897
18275
11092
129
2156
31497
25093
5829
2264
22873
11419
31161
15902
11359
13117
24053
17223
14484
10197
28620
3365
29196
30321
21028
15835
4594
21737
32644
20896
8242
30146
16751
2239
17781
25170
12785
13026
31058
16421
31607
16273
24770
1440
19172
14326
28885
25060
10208
1507
10660
23541
10099
11286
32135
27932
11476
21435
14472
6793
11387
21298
31767
21053
9597
4627
8959
3879
17689
28271
8600
2189
26766
1881
13886
28846
28976
4261
32259
1702
7867
5104
16801
32657
25575
17121
3763
2803
26941
16045
28964
30296
12840
30945
24807
13367
6223
4444
14312
18972
4386
21914
17475
27142
29107
17721
19125
15118
9416
16309
3407
5450
1838
16247
10866
13553
24144
17934
26615
10432
7432
23996
16046
32668
27316
21556
14858
31096
8333
4770
26
16249
12596
14060
5563
26456
11918
21047
13069
17929
25042
28846
15395
21914
10720
20094
12799
12893
5077
24101
12221
29513
25052
1005
18446
24990
29767
10931
22248
21448
18654
5613
7036
12166
1142
5356
11881
22347
15046
31582
10287
1765
26743
790
3046
25436
21370
31504
18992
16925
17822
26543
28780
27479
21858
30794
22572
23462
12551
30183
27369
18671
8170
3910
19958
28299
11793
9762
2739
25767
13828
435
1795
1770
15582
2679
25088
11865
21667
29490
2285
17016
30932
29492
6251
26034
6465
30170
24048
16635
18207
25431
3446
12980
14426
26292
32624
25807
5421
21782
2818
3635
17391
6720
20593
25442
10032
20056
2009
31321
516
22766
10270
9656
30367
17722
31268
2850
21282
11173
27715
30951
8373
21644
14837
16096
10454
30784
15314
3739
25840
16465
29631
9912
3120
28172
10594
19859
13204
19010
10969
24356
13381
16971
1451
29219
19494
22091
19454
22639
11437
15540
14859
32432
27634
24332
20432
28475
3077
5105
13060
31799
3205
14938
27984
21758
14958
6687
23228
2758
12851
11708
23656
18561
18445
14674
9084
16898
19090
21230
10337
7776
21385
16398
8754
24991
6909
19553
4717
6541
144
32207
14575
20971
16146
18873
1055
5069
32338
12162
20841
29764
14132
23630
4590
30265
7684
15369
10105
17308
1802
7084
3509
447
31071
16571
9118
17660
25599
6674
10550
26526
10526
28130
17785
18431
29632
10487
10386
12781
2948
13116
7759
30546
6848
28032
9427
31764
6867
15482
23435
14651
23223
17675
24163
31570
21462
15812
24889
24591
16671
31144
8081
22326
11352
4147
29835
10938
26038
18075
12051
21029
6571
7765
30296
5435
30975
11483
21119
16858
10018
8365
11672
31013
25281
6037
24785
22498
7319
10800
8681
32287
28806
20650
25832
14876
13542
1225
1550
23141
5149
17709
20489
27455
25711
24022
12907
25413
12824
6630
15450
851
12184
17064
12169
28067
79
4050
16232
14390
4425
27911
20632
32374
29787
14496
19618
13849
29039
24492
24040
19272
16924
31541
10204
18433
11130
21190
20335
2746
27188
26665
26573
20551
9438
28789
5959
5373
22665
24137
2192
4376
29589
24914
31789
21594
4807
32531
3623
17653
5275
10469
1027
1451
30428
29500
14067
1844
12913
21037
28238
18656
2426
32557
15934
3197
31644
27676
16057
379
21656
26498
11954
11086
2339
22040
22416
1812
22002
9610
17631
13432
21780
23675
9285
9686
32132
27593
25016
7072
16639
9491
21487
28416
15379
31353
3350
28606
11385
27555
9158
22885
8612
17413
2100
9121
7066
3681
14761
12780
3075
24973
28722
9833
28031
27254
3736
23568
25917
22373
28818
19468
8906
2177
26938
25185
29222
10646
1470
1490
13341
6420
26712
22274
12500
16475
20352
27353
30883
16693
7520
1065
18210
7332
29576
4242
7303
14047
14051
27811
303
23703
4073
13121
10106
11646
15127
7245
24540
4106
15772
11905
4913
4726
21078
18587
14161
23819
8956
17854
29157
6557
8605
16661
23929
29784
5705
15545
9426
6589
13582
12245
26753
21991
20518
16392
8888
14611
31342
10762
32093
25951
11802
7571
20061
27090
19367
4216
11843
20125
1298
19735
23817
13984
2376
16374
26925
14896
989
18599
19720
24344
17664
4591
30300
20957
9647
13607
27692
17479
31783
11489
1744
5404
13471
23247
28232
9519
25141
9441
21201
32153
23593
28078
5046
11079
15177
27669
18537
29621
19372
9764
24530
18168
18083
4920
18919
4866
26861
10598
24445
23586
14634
23066
31837
16074
4754
16894
32667
16021
18407
4126
9763
1672
29352
26697
29589
32409
17032
17594
7507
23149
24863
6904
11224
1382
15838
18426
17995
4061
22088
1935
23635
428
20063
31485
8750
13808
27997
744
4861
9229
21157
28790
28002
14834
30457
20913
24141
11166
19949
23853
19987
23522
7068
16618
961
17001
21145
22651
4783
29431
3625
3688
18008
10734
31919
27858
104
534
20071
8533
15639
14237
31831
30771
12726
7261
31619
4782
14727
8542
12385
23733
1234
6556
13964
1475
15925
6666
20668
261
6716
6870
5366
20667
1330
15855
10496
8416
25398
24261
8984
29965
5777
20304
25317
28059
16454
26195
30382
26632
28395
17122
24778
32411
12216
26914
20824
11083
13790
7248
10288
4574
3097
6660
21273
13646
1161
6839
23612
7280
23230
15235
15576
10711
15378
13611
18488
10999
10811
1115
17122
25222
27680
26417
31250
4648
236
21499
28518
18250
18785
19779
27867
28494
23408
14089
5368
30441
13318
4431
17225
30922
15144
15323
20751
16253
20034
10040
4662
7822
17596
5886
7815
26353
8911
22867
15135
31393
28311
6066
30752
17288
23401
9451
22182
4511
16230
27755
2813
9302
1872
26302
12049
25398
7325
14162
31013
2501
29130
22398
19144
19114
10482
29378
11269
11793
2207
22609
1755
12113
13024
9676
14061
24012
21148
3921
16761
1303
13093
26804
18830
8284
30224
21516
5242
7420
23365
14706
12930
12408
20306
27653
8151
17809
13317
8242
29125
17582
5945
5938
25644
15231
19440
9171
23348
10208
6562
27772
11581
27136
30165
3691
18709
8642
31726
1602
3182
31587
5959
450
24207
12126
4993
32470
25417
14732
1820
23507
23085
2960
19524
15614
32252
15986
31726
27471
30815
1930
7972
4212
15832
29856
2717
29721
26105
13137
6289
7783
21460
26548
13515
970
17074
22078
28416
7672
2824
25827
1887
5679
13222
14206
10601
25789
9010
27507
18691
2502
1493
13971
21962
17218
15156
27968
14502
25669
24738
13265
20386
12675
19347
24376
23547
26387
2132
18657
5750
19315
12538
6622
24055
29645
12441
20802
13392
7544
18102
2506
32087
16578
24318
17091
13371
16621
4408
12327
2840
23927
23928
22026
10440
18591
30869
29492
30973
1828
15582
32528
17036
32080
4873
16069
30732
19765
26476
13730
30368
27191
32624
29887
10001
1482
17218
3553
13600
14717
20427
11679
20762
4664
25827
8387
12204
24769
961
18675
15353
29573
20918
17553
12266
7574
4892
19935
1733
12016
21129
5479
32258
16896
2120
7066
6234
615
22025
19895
22304
20731
10967
27118
7636
26894
25419
28358
29686
27380
14847
6588
6424
28607
7238
14636
7991
2637
14106
21877
32587
22917
20566
30041
23581
4061
16422
418
26457
5151
7867
3083
7396
8046
31299
32093
18543
31876
10520
28377
2381
19517
3127
13014
18561
29529
22005
20651
21788
5501
10477
30671
6854
16764
9021
11839
9882
13013
10738
15904
28215
19581
2240
9894
3347
12510
14839
5172
27667
6943
27314
9157
1881
23974
3921
30090
18014
10715
7210
21204
6720
1327
13948
27445
22109
3934
29092
27874
30496
32240
27796
31836
19227
28934
25472
20304
12886
1363
2522
28347
26599
18281
16513
25681
2499
27702
31798
22304
21204
29390
28751
23409
15180
4971
20911
31215
29496
8113
17909
12811
27480
14391
21236
31646
24622
31556
25188
3024
6997
4310
11734
24890
24340
14313
9966
23367
12339
14581
12236
24800
29197
25017
14283
23112
2279
28215
4206
580
30336
768
3735
21120
9449
7345
19450
3886
21399
6334
7378
13808
23223
15214
3538
21496
14529
22311
32351
1901
7760
30956
11004
12305
27697
15908
15366
4898
22458
14237
11425
30334
10589
32208
7666
30474
18813
23143
27279
7763
3967
11004
3635
31606
1829
24868
13751
17214
8215
17324
2877
15245
31683
21794
4783
30205
19815
919
10856
7622
108
1444
1072
23779
6390
2219
10862
7280
697
5215
26009
9303
16910
18311
5616
24107
15174
20991
21867
16212
1086
20479
30193
7789
29747
27295
12235
30698
26072
24987
5209
26110
24486
25172
6403
20412
5748
20504
20083
4988
32327
24995
6145
12416
23915
14310
30575
13271
5571
20999
16599
27778
6237
680
19169
10966
14153
19052
28473
3873
18860
15287
28481
11152
22032
19382
4355
32080
14078
13472
2153
244
28111
19771
176
26135
6079
31137
23066
9794
14659
6468
28643
784
21405
5680
31351
12175
30893
31120
25058
10474
20746
10612
5256
581
18513
13265
13846
10217
21437
19145
15032
23969
1784
22061
17037
31843
27441
15937
18776
13107
19567
21439
32376
20293
28965
31006
22810
20322
28678
28947
15533
18060
6170
30297
16790
20965
7954
174
30245
9677
2521
23326
11208
30283
875
28547
9343
16046
5610
27469
13456
11380
31215
8575
11388
12650
28702
19962
7985
277
22781
7678
22657
32081
32518
8686
6099
22072
18170
3155
25369
24901
14969
25124
1538
27577
8400
69
4464
3134
6674
6733
28460
14283
28778
5772
24025
7623
5039
27469
26918
3953
29497
24920
12872
30335
10739
24507
7336
7941
12466
9418
13016
22681
2757
4197
22476
12981
8398
25465
6215
22621
15824
6345
12435
20225
25224
15087
6773
7332
25345
23453
14176
6462
611
4137
27369
28511
267
5961
14715
4118
20705
3099
16204
7697
25574
19048
5007
5125
18701
26665
27628
10833
2892
26698
5165
16350
1778
2735
3642
19017
10555
23925
28231
4420
20002
29562
18252
14649
12406
25631
15285
24881
8240
30796
1627
22517
29444
10421
4020
11378
25398
20828
25414
7522
20655
15959
6498
11305
6224
30164
2318
22269
30086
25434
22083
15946
8735
18514
12377
14677
10332
5573
21695
7711
6983
4967
10735
16524
10566
30677
1697
27844
15601
22043
31039
24794
8225
1145
9114
2476
21833
24679
32475
1802
6922
5078
7100
15130
19969
16313
13048
26874
7396
12228
6655
9896
17101
31603
28655
9759
15317
14415
5824
6595
10213
8557
19646
14335
20425
22583
31293
8749
134
8814
1928
12982
12526
18800
20250
30330
9585
32439
17
21874
1590
27043
1247
11923
7019
17017
16963
27382
9177
7851
17016
19511
31163
21082
8364
31259
31184
2841
18611
4981
24751
2036
24317
17994
4699
4785
25797
13107
23
7765
27788
8195
8315
12010
29382
15786
11720
28288
11987
1369
7801
4978
28720
28903
3098
31722
23535
4724
31837
8871
7780
20300
16491
20734
25890
16909
24184
12831
13606
2061
14746
11162
29009
32246
27611
7970
9500
12211
1677
31120
26503
32656
11485
13099
27218
18588
15531
9510
2416
82
31129
22634
28345
7033
28258
12694
7647
14921
30830
7748
31907
24527
12707
10127
11080
14483
11389
3538
16712
13431
13921
20913
16967
30690
5166
20062
24389
26654
27926
18709
22551
22271
22444
6633
4376
4550
15677
20931
12572
22340
1892
424
23461
31043
19417
1850
23386
11553
27274
642
20660
20414
20973
22764
14587
8345
23956
27027
24945
14389
770
22207
6861
15810
16573
2220
16618
8185
932
19854
27329
21832
30339
15057
22165
26415
28645
13221
26221
19690
29225
14522
16583
22864
29144
25928
27019
16379
22070
15699
26430
30121
26647
12589
18552
28642
8948
31292
7576
2011
7230
13565
15030
1179
29938
23625
21977
4188
2414
2520
21866
7476
21379
8195
25321
31988
13003
16590
5599
12369
3901
13861
19220
12609
2558
12134
31745
15528
12410
30752
10888
24372
26036
3099
13539
18821
30170
11416
9691
12178
2077
23257
21818
14152
25280
23524
27778
14964
13678
10629
9183
24546
24016
29842
19291
20422
23135
7282
29777
1884
24439
16352
20260
4044
17069
19181
4400
7248
12387
9796
30465
21400
24474
27570
14019
18542
14343
17382
30458
26006
7784
20853
7540
20728
23320
19745
2683
2561
20193
14170
5199
18246
27154
17157
22227
22378
6610
23933
11142
2370
8116
30679
23989
24376
1932
30059
28399
4589
12160
25487
32698
9763
5730
24230
12420
6617
25661
18522
3804
27831
24877
13093
25314
1965
20084
10006
28924
18392
21963
9170
971
12453
758
985
21086
2360
31643
9482
5797
26895
26964
31338
26664
30690
18947
27425
12024
25806
6758
8901
17126
22707
3819
14043
2804
26587
20165
17819
12553
18140
25919
29172
15849
18111
23888
24784
12643
23649
15216
7065
27341
14106
18859
31740
30125
10909
27124
1261
3769
28703
25275
19691
29954
700
22978
23941
23404
6934
28972
11293
3681
3647
15063
4076
8646
5081
30187
22854
15150
14203
19123
28191
19534
31063
30892
4047
20914
25114
10972
11794
27054
3604
26213
27475
22422
29593
18266
13866
18225
26791
32721
7203
25708
11208
19770
14785
6988
29754
22511
27586
5158
19790
12556
9637
16402
16654
25216
4458
2461
5666
17764
23705
32190
9461
4748
22149
268
2067
24924
17362
25901
11222
2269
2869
29330
321
5904
8059
14945
22572
21123
19149
17587
9377
31265
16178
28416
13191
14158
4181
3799
4733
30260
31369
11475
12041
6231
6922
27594
28914
13680
32133
28743
21482
24184
8923
23611
17520
5891
25891
13039
17397
30927
23790
14653
6206
13725
11214
9728
2569
27455
20505
14025
30451
32243
26090
31956
15001
27887
31081
30266
13054
21821
20044
18279
25645
5833
16542
10447
32543
20409
8895
23773
20446
8700
15533
16940
22251
30502
20609
22010
4573
13947
18493
15066
14156
8521
28868
6056
27117
18812
26154
25282
9982
22124
5422
28021
29669
3065
30213
17334
3860
18394
25690
13331
10287
26930
14482
5097
25457
22116
1620
5078
11340
5417
9289
14449
6991
10464
24864
19257
29517
11045
2518
22476
31164
21156
9524
2394
11867
23599
2201
31832
9752
2575
10745
22649
3376
11672
21286
18138
5272
28417
6734
6268
20124
18290
17349
12536
16070
24925
28933
2414
8449
21266
16628
24511
11262
26510
17765
26108
21207
27028
29152
1566
18930
9472
26534
3575
21289
4695
17136
22376
5415
24738
19832
16597
533
20861
14906
2518
4471
7019
20092
26671
20816
18028
7180
26883
4749
14034
12489
29252
13472
23120
24420
30830
21612
11092
1384
15477
25185
32406
29304
9723
25576
20209
21720
3527
25601
31603
20272
3187
22314
11184
7052
8548
30340
20059
24486
17920
22065
26135
5736
16666
15104
6282
12973
20145
29516
13235
24392
28635
14113
7550
71
30460
21409
24982
22905
9275
9638
20859
32301
26167
10153
27348
28221
4853
5859
30726
1099
11550
29617
7941
6475
2407
24893
21099
321
26704
10331
22727
17740
22545
25009
24119
16100
29393
2843
17465
30816
19738
3150
9150
30395
10378
28347
13696
20631
16075
19638
5270
13954
14533
15319
3909
20601
9745
13984
31258
5290
2225
18785
14645
31614
18687
1625
29672
13527
9700
1310
9857
17047
30026
28991
1635
7265
18644
27687
27740
16547
19148
17988
14642
22228
26461
21353
26751
18170
5634
24177
17855
27248
22334
38
30632
14822
14990
23905
21946
7337
156
4210
15382
15653
11701
16833
20883
1704
8317
13238
29711
12392
225
17879
16131
31176
6990
13104
24666
31703
31776
4088
12164
13337
24414
19057
15046
11403
18596
13072
16084
25825
22368
20446
15521
24850
11073
32542
8566
278
27885
11568
13634
1518
20211
8629
17201
26598
6912
10228
12415
25111
8021
5757
30095
22319
4216
31243
11575
29557
13098
26543
11870
12295
25242
14891
25546
7014
18136
16028
22067
2869
20364
5213
7324
6974
18152
17447
9955
7606
4315
21117
5782
24770
27272
20807
6664
27962
15862
13501
32164
8876
24073
28550
26498
21668
16049
6689
28984
19754
32097
10629
5107
22669
19907
30980
6854
15967
7850
11125
3905
19393
2888
10130
21574
21217
27809
13215
25368
17344
7999
29773
24245
16953
20775
21213
29030
23871
27661
3720
10388
19302
28612
32031
17117
20644
20728
16111
9319
12633
12319
27111
25972
22158
31917
28669
12087
1914
22663
17613
23271
23627
20411
1667
1809
20003
14446
11772
5938
2144
20246
2600
20869
24352
25321
2739
3866
3844
9876
7652
12840
10805
31025
9669
22180
22181
15219
18564
28946
16792
1316
8217
20380
27746
20178
3369
12641
13938
25541
12586
26639
18575
12340
21449
14260
17762
16312
14216
26833
25397
0
8620
16561
21242
7111
6486
21496
6287
515
8688
26495
14400
27999
29898
21343
23950
32748
32261
7244
24366
18195
8369
14117
17493
15311
1586
10952
12083
4889
31976
1067
20669
29347
10767
20649
18864
24008
4835
4761
7379
28355
16648
25637
5756
12320
1578
15450
19797
10865
8929
2683
8288
31298
21719
7067
22073
591
4140
32362
16796
3572
26649
22864
3878
30692
27348
26296
8288
10526
29876
2991
6137
1053
16022
15533
31571
4175
11135
9394
3394
31177
6531
17045
17936
14649
14821
28825
3268
30748
13439
2626
5539
1329
6756
9319
2552
27949
27589
2951
23825
2992
13585
31841
29322
10360
1888
19134
31182
29909
20498
27282
8922
32092
21427
3907
4164
25568
20514
21833
10876
30110
2547
10743
14419
29112
18705
26008
24761
5093
2216
19390
31179
14182
24130
26071
18701
9788
23600
27649
6387
26776
29483
12320
18343
10387
5947
16173
13062
32287
11224
11473
9707
14141
31567
15666
10929
28785
15720
24845
26355
4467
28998
14341
25750
552
3726
3386
27658
11216
20940
542
21452
6785
10258
23428
26928
21204
32226
9466
22109
12254
30029
7769
10649
23906
18269
10138
25031
16964
21681
7915
9261
28481
10599
25858
32635
26078
30783
31666
24585
19358
20732
29372
6497
23928
5646
5863
10493
14216
30063
5971
5714
17669
26827
5386
5133
27763
227
20696
18076
19482
51
27485
21488
6838
2258
27488
8321
112
24987
32358
23955
31757
5770
10115
19640
10342
30824
20593
23703
30232
16299
28895
747
11644
22168
16395
30671
19674
3754
9363
13880
5849
17719
22153
26051
25914
15185
26565
4529
5062
9451
9855
20783
6021
13116
3613
17627
5681
7785
14921
3461
4586
29278
4167
8242
32043
8956
4741
7015
19197
11130
4724
420
20331
15621
13463
32046
1077
16554
31450
4369
1481
12406
18724
23398
23662
3036
6191
19666
26051
27478
19096
31055
29288
30543
22578
26159
27643
17985
17312
31070
5958
26139
3619
28135
18102
5349
7600
29113
4367
27814
18758
20652
24671
1670
32638
20671
27953
22832
15204
9123
31234
22138
15237
4478
25337
3144
12105
16617
21970
19629
20099
16442
17948
8532
3911
13321
29092
3615
28156
20205
2353
26381
31665
30343
20849
15713
9909
14786
20532
10241
29025
31832
23000
27420
2873
31641
4868
17167
52
4200
15002
22154
29271
21126
20454
5102
4488
275
26908
32250
17826
21585
19969
11175
16069
7340
10984
32592
24560
21239
28640
22806
14289
32249
12332
18563
31707
4392
5619
366
14746
10420
15929
6174
12867
18119
4366
18610
5264
30220
27141
19903
2250
30062
9448
2620
17191
20770
25258
2715
4183
3303
6813
8505
4186
17292
19429
8696
5012
24499
25389
298
20003
20950
10393
22962
21872
26503
18939
7781
7172
10236
21833
31415
24478
22986
14159
9875
15746
5617
4769
12682
24851
3097
724
2352
164
23579
8173
16067
7308
10435
22042
20494
13432
18389
26016
30605
26374
13133
7957
18386
12175
8171
12239
5671
13891
23791
4764
30837
26236
24866
30899
23141
16204
10517
16107
28100
4696
19117
17195
31276
9450
25055
11810
20449
26433
15033
1336
25081
13868
23714
6340
19392
23255
23266
8831
17754
15588
3685
10297
19370
31421
7355
30410
32627
23593
28772
18764
32701
21278
1611
28807
17275
32471
13456
3757
13930
25893
20106
15176
7484
22026
18957
9072
1270
11652
18920
31297
16791
26535
12722
19852
16378
15086
9927
4813
12029
11475
8845
93
17379
21661
31228
1769
7671
16506
32349
32547
3442
12493
6993
24503
16799
7625
5654
3969
8765
15167
20998
10237
22565
28340
15968
15359
18733
27575
20811
30372
2891
27250
13336
9864
4862
11390
1224
2361
8425
17404
20686
27372
12993
20705
11542
28271
31594
10385
3909
4447
9821
7088
19523
16539
27213
20020
24567
4344
12042
21951
25169
28727
19109
4653
19854
25140
6613
29800
31159
7775
30617
10116
29035
8560
22559
20488
991
1879
2789
21897
14371
16754
26654
27262
1447
32003
27991
17999
30205
19937
3418
17839
5088
29038
14163
25900
19318
15816
22833
18948
8146
4420
24911
19771
22973
22040
852
15594
5046
28247
17496
18394
18231
7203
4680
18257
16186
14878
27275
23340
5116
22561
21477
3118
5121
4145
12188
26776
15960
10158
9690
20218
12832
20686
12627
23368
14155
8266
3623
10800
17570
2903
4106
26283
9993
472
9122
21971
11781
30930
32560
21748
379
31008
18035
32229
1211
1640
9674
26009
27324
29261
10392
10481
24489
28646
20204
15316
27549
31599
9826
11906
29356
27199
27204
23845
30242
14074
28405
15786
31503
24072
23696
16334
14851
24134
31948
29564
31766
12795
8227
26966
18731
21517
24115
402
19318
9589
13668
7431
3132
18160
19915
25735
28122
15095
25422
6768
1801
25586
6921
10878
17248
12969
18417
27619
27931
6395
25271
18842
1050
5330
14576
17656
1581
26454
6002
1668
3214
19553
29697
28936
25263
17971
23083
27368
31286
20840
8048
20915
24646
5415
8870
19448
6145
25499
6812
27995
32331
7847
14334
24807
6864
21717
7800
3494
584
10896
31006
26991
11770
25492
11788
28160
27774
8354
30025
25677
20424
9592
22258
31255
15458
15104
21652
21951
32249
456
16857
7261
1307
18610
4199
7693
12863
15341
4869
7305
20998
35
31743
24573
11968
3572
6860
3606
23346
24996
7407
30556
6807
21264
22043
20163
2532
10727
21402
32636
28240
16918
16112
5393
19732
21636
21435
27057
12399
14336
27869
3785
15854
11896
27869
9172
490
4715
1419
3955
5202
30880
8931
20160
31403
6681
32052
20191
27476
6723
5762
1239
22031
32111
10024
14240
21949
25477
15809
12414
28521
23287
5705
17805
17032
24565
27776
29340
3711
23520
19855
29758
12646
14592
11502
6431
1036
24185
16517
15765
14139
10363
26642
9591
5693
12474
9162
10290
21150
31518
24131
25369
15668
23227
3473
26109
4189
8963
28592
3582
12168
31034
26146
672
32759
23083
13528
2338
16067
10266
10326
8715
30752
21753
26387
9477
994
31967
29214
20206
11072
1205
6407
30253
23512
4403
25853
22850
3060
27147
16180
15265
13324
7523
22154
17601
396
30601
2153
21872
9942
8930
20719
18281
27787
1060
1612
19240
26631
9925
25452
22525
31530
19892
9687
25184
350
31814
17109
19588
19925
2931
30677
17711
24339
8002
14863
2248
27565
4226
18793
14514
11344
7867
27287
15576
1796
32356
3207
25481
32690
5974
23804
13191
4580
1921
4217
9306
22477
15838
24928
12522
8841
16804
2651
30797
26534
31167
16379
24798
10210
2174
28063
29071
13110
3980
14744
21888
28180
28705
5258
15824
31726
23417
22549
5555
29431
18310
14517
15556
32045
7138
3815
15261
2711
11015
15246
9893
30923
19394
11156
9002
21428
9957
16084
17072
5010
3389
5688
10376
31810
27075
3358
11684
448
9238
25089
30377
21994
1833
21077
12358
903
57
11698
26053
14983
18947
9269
9695
12684
22579
21540
27093
16554
5919
23248
29372
6507
21429
27840
4376
16407
24498
14603
2733
10802
17942
7174
4754
9797
9172
25887
1927
28898
30925
13321
27784
6882
1279
12570
20387
9457
1530
9457
4870
29773
26772
13147
19548
1226
17118
15736
11866
31770
10839
12057
12436
587
14943
15213
27030
913
24302
19677
20272
16198
14213
11316
20753
18479
9829
8963
407
23041
24576
7492
16614
10275
3757
3645
7736
2486
24223
7335
25460
9939
1560
23056
32513
2835
7642
2430
16348
16725
24031
14677
6120
23739
4681
13434
22662
4854
23708
3769
7526
19396
5419
20580
22941
18870
24784
1341
15095
20535
20192
12950
22414
27338
4958
30903
22939
14739
12655
25472
7565
26393
10766
11856
30296
11082
769
32549
3088
32704
14860
23812
2230
26946
30820
26011
1874
31374
6758
1573
31041
29781
24457
15246
30161
9864
22162
7639
10251
30418
23047
15037
20176
12390
12517
917
808
250
10133
21115
14550
18195
13597
19115
11568
5508
148
6191
14381
4145
23256
21179
13248
1561
131
2005
28004
27796
14362
12344
22008
8152
8328
5243
25550
3266
17355
25838
23295
10196
16878
2245
28673
21882
10295
26744
30843
10129
18593
14185
7767
5161
9612
200
18713
2442
17844
31667
12656
886
1120
27298
21259
1454
12764
2563
12462
8120
6184
21025
7813
24030
14322
4170
1720
19322
20930
6961
23615
27249
3957
9873
12280
17406
25068
31251
7159
30385
26373
3954
31005
26039
27594
23517
4844
27995
24297
18589
19865
16589
18277
7927
29283
21794
5002
27476
5668
32157
21542
7071
20006
7469
14326
23791
10039
4406
23391
31846
4864
14740
16478
20313
16274
16862
706
26288
3394
4071
7321
4496
5815
31627
20200
29496
32577
13224
671
12329
31596
29802
13771
30346
18390
29388
18702
26058
573
8539
16716
6535
6364
12861
20904
23471
17400
31347
16815
16869
15798
6747
978
14886
11311
3961
4122
19116
29126
4982
22295
2322
22458
27753
24858
3258
18167
4694
28068
24684
818
19956
10013
14143
7220
13492
16073
26813
2422
9726
1273
30786
9199
11710
20862
11173
29226
28703
20579
29978
31387
662
1756
13399
4147
22051
9337
4854
19762
5844
29855
27
12349
9354
1081
3926
4016
2303
20395
16075
22325
3848
3335
26768
17302
24344
26244
25430
4303
17670
14636
5708
20072
784
11220
1088
19969
22047
12881
4615
24623
3917
20713
3104
21382
26276
13320
12180
27127
27432
28724
14880
14429
13336
32323
17814
9298
14194
18380
29313
29767
27061
22491
9736
9684
2794
1001
24341
32332
17637
8459
26294
2453
32457
6505
24515
31542
2506
30194
31169
9650
2871
12366
19206
31765
18359
24852
5662
20940
13267
7742
32366
19641
28084
7642
28695
15751
1070
28930
16157
21051
12030
27405
16841
22284
23632
2311
27211
31093
14213
27999
9124
16776
3378
17376
30147
13701
12396
8674
13550
23467
17731
14018
16484
3662
5260
24719
5185
22058
19684
30982
12961
16119
21745
28353
10248
23102
4843
32427
12034
25706
19803
8631
14086
16418
2339
722
21152
15318
2239
4374
20688
21912
20682
576
1453
28974
21956
22884
1613
13413
14098
17887
23529
32168
11078
28302
29245
10448
417
32061
17710
5694
23766
32354
4527
10279
2833
26892
3557
10800
7992
25366
27785
22331
12145
5536
12175
29056
23780
9663
3589
8415
2242
9588
28989
2932
23174
4315
19758
23661
31611
11173
22552
11544
11134
21192
25959
1088
4869
5749
26586
24506
30304
12363
24292
31803
11839
10698
13139
20333
2421
18186
18223
26689
31739
2477
15589
10630
16184
24594
14756
4795
18303
21707
9992
2849
13018
21074
14326
25365
5382
20215
13511
32669
17598
29981
21160
25665
3645
7078
6720
3868
28414
8876
8596
23346
16070
2162
7464
23812
27108
19098
3175
28002
8375
26520
1349
22145
8306
5222
25379
22349
31004
31353
23795
28928
29915
4597
18076
13044
1137
27677
416
30901
21767
525
24828
20059
29482
23467
1104
28439
7955
8923
28223
4619
13867
30450
23065
31071
21966
5230
5303
30609
6991
9444
23719
24332
9533
19257
3466
4093
14821
16405
6841
6242
14104
4757
7471
6755
12079
24896
30883
27878
22347
7997
23540
10846
10978
14787
8394
8675
26743
12752
20091
24200
19368
32286
17451
14569
10350
18771
20024
9987
19361
24695
10965
15945
17594
26028
16884
7156
31965
6937
5226
10138
16151
23080
9805
25602
5604
2801
26785
16951
8692
12278
26164
10971
20014
23056
14279
12734
1270
6313
878
10159
19115
14892
2874
32402
24948
28858
3860
13235
23101
12063
1516
13402
14076
20996
29204
28832
569
26981
21734
4224
32717
13894
1453
32561
23274
12450
28611
16563
30043
10661
31734
17833
15373
24091
10544
12646
9423
3367
6232
17994
14678
26424
3955
27727
21380
26937
14351
1503
28394
30728
7393
1769
13195
20522
10925
563
7650
7613
14438
8434
26663
20653
23191
14488
6351
299
1537
29421
23122
30811
17797
15457
48
12621
1861
27808
23862
26159
17671
23912
20221
32193
3034
25495
8885
27913
9979
24201
14112
24903
29177
20896
32737
17963
5656
15396
19959
31814
14067
9038
389
21439
21094
671
2260
8007
22443
5750
20634
29518
14787
13538
2429
25975
280
10421
26323
24650
8288
17114
15020
24362
4292
5608
4882
9862
31042
4086
15503
19539
25936
26290
19952
9401
20162
2477
8521
26380
32493
3833
24121
7935
2829
19958
31087
15892
28644
7273
19821
24919
4260
25038
12428
8012
7439
29936
11329
29222
8925
30646
14750
4665
20062
9536
10012
21682
7776
17970
2967
25222
3923
16208
27290
23464
427
28236
28125
14975
24454
18651
22540
2967
17807
29198
5322
19863
13090
14816
2550
3443
1457
15116
3629
4834
17254
2849
10384
12563
30985
12503
32199
3995
12069
21668
3654
32691
14950
24459
10702
12704
27462
31797
15415
24178
24808
11842
22382
14833
836
29665
7866
16597
26757
9630
30531
14133
10671
2172
8660
27458
27269
17988
8672
4149
6314
16412
5571
17798
9734
28507
25675
7775
17003
18588
25463
15696
22649
21778
23678
22596
20927
30235
4371
14516
26146
1815
9704
3098
31363
20858
5745
6313
21148
1824
5610
10811
6699
14049
411
19339
2387
28518
18523
8100
10303
1082
27475
28569
30216
10532
31748
16503
30425
22453
15244
1400
27985
13085
16164
17017
17192
24131
15854
12974
25878
30740
27630
18325
5616
12826
1621
5160
32021
13649
29958
30807
29704
18743
9555
8373
22366
28963
519
11890
24283
29655
11434
7049
16600
344
23552
12090
9447
27390
979
5819
10682
8647
10738
30251
577
28400
3194
1479
28179
6855
32084
3936
4367
30139
5887
24589
28227
30645
11920
541
2573
27051
9975
21327
30591
19826
2435
19270
21768
30675
1961
1591
31825
4322
18945
26597
26982
28299
12433
27343
7446
32110
26702
28583
32412
11245
31200
8455
127
2946
13734
16224
3254
7254
8442
26931
31760
30480
18614
13187
7379
18667
7414
9866
3235
22028
14880
29355
27046
30226
17186
29096
7910
16110
12539
18453
20471
20981
15229
15116
10201
32563
16209
3619
3871
13059
17723
32155
3409
25053
3743
10458
22928
26222
19269
283
24184
1518
23641
4197
13643
3758
18614
11449
23627
17648
18020
27536
11367
4604
32094
27013
21018
10608
26521
14926
19857
6360
29251
5360
15884
30078
17480
4147
31878
7300
19995
852
18840
14639
1715
24315
4763
1414
31188
4716
4621
31004
2959
20737
20277
23082
5388
19416
16650
25824
16007
13257
6226
31997
15001
6043
29959
7582
18105
29303
2814
31571
5378
32412
31179
3192
823
8277
23519
27587
17156
32040
20723
18713
22406
4945
1962
23718
3086
25967
2673
4140
18466
3708
21418
21147
25797
20994
27915
18915
26361
31884
7744
22278
17281
10331
28376
8305
4075
14939
32606
5772
17614
11094
32198
9872
30033
29030
14604
3993
8172
7600
6167
3580
31859
591
30691
20698
27472
29839
13535
28149
27151
32604
25492
18371
12577
6650
31880
6593
24281
14070
32610
7946
21435
16220
20814
1832
9206
20010
23203
11562
16943
16389
10180
17654
18304
27435
4420
29409
31937
5033
12109
381
2310
28622
7234
10674
26984
20703
19107
8465
5641
17420
29233
25188
30802
16291
22611
25738
5759
12420
30649
13186
6238
31701
19263
8133
2387
18678
16404
30681
31648
10167
4891
35
28899
26313
7569
7421
11232
11891
21745
25352
20353
13190
532
451
28443
5779
29597
15453
29683
17243
12180
25800
31745
25735
26705
3343
5620
16282
14492
25321
32374
3363
27410
27022
17072
8503
20683
1481
27665
30750
27449
4175
6475
31565
27987
25167
10399
4756
22515
4170
22363
21913
13693
18213
31393
29061
14530
32637
13673
5885
17188
31546
20425
1108
5626
16743
4981
32767
13110
3137
20866
22345
12613
23949
30063
13640
1590
11567
18789
26127
3615
26105
20414
23077
20668
9409
21957
32310
19034
28086
9148
15113
15347
19444
28196
12722
18075
3925
27704
2057
22042
7306
14267
22874
7899
875
23027
8030
13061
20364
10742
10090
29415
18193
24612
26599
23705
3011
757
18946
32480
21091
4341
15268
4947
9278
3084
7589
956
24321
18947
25149
24257
26319
11844
28603
32708
16017
12513
7033
28167
31373
22232
20751
14100
16699
32662
14791
18524
20051
11193
30801
3102
11307
8474
19640
19850
5952
4107
13461
10279
16402
7645
23427
1650
24374
30886
28626
29640
20390
22592
12160
17797
9051
4245
16740
24430
26142
6426
11949
5964
667
11674
4235
31706
32183
27701
17964
737
31779
5288
18154
25250
17969
19663
25795
6772
15847
3688
4873
28334
31571
8729
1370
23495
797
19381
15059
17596
19299
3003
18817
24754
704
6687
32280
11229
19886
32333
9192
24480
28175
26732
2316
13814
2310
12255
4837
31760
32523
6930
30407
14400
2623
21619
27377
26389
5884
12478
25539
5064
2737
10878
12587
20438
27885
14033
4193
19951
9913
22379
1492
9231
19499
3549
4964
30955
9272
5143
7889
8334
25290
32300
7283
27716
18706
10582
21036
12727
8224
7226
18076
19800
16817
15469
12435
9216
9032
32054
31436
26583
6016
27542
12248
9334
14752
15237
25176
22088
14192
14975
25967
4406
27979
19263
26999
31363
2166
20171
20723
6644
9136
7856
20933
17973
4618
31887
13986
12408
19449
6872
21698
21343
12970
8918
2524
18716
7573
23532
22097
19671
26197
22558
26536
27471
26295
18898
10042
9925
7441
26328
8494
4630
27349
31913
22440
10023
8549
6636
22078
23685
20777
28991
6572
15949
3808
22835
8136
3658
9011
3480
13240
12126
22672
5628
19042
24611
23349
30062
804
2257
24459
1928
8389
8291
694
11948
3756
27893
6506
14221
18000
9073
24832
5617
10480
10858
18121
24246
8580
1096
14754
8979
8947
9382
14792
4385
22150
13560
6894
32154
3741
3185
11405
15072
20897
24356
15484
24897
4409
26729
10176
27769
25025
5250
28069
21112
17912
28030
30990
30566
25336
20318
5129
8933
12396
10103
14758
23190
30973
17175
14858
17886
16141
29035
25791
32490
22952
31904
11598
29936
23991
15945
32272
17336
10103
21249
11585
9308
6186
12625
18518
23372
23565
10196
10640
18324
19593
1688
3026
30562
17069
30664
4272
26050
28124
19336
27848
17837
707
15137
11861
32322
22158
26462
20993
15443
14940
5686
6651
15651
10992
29610
23370
13934
10409
23025
13665
32682
19380
25811
26611
24717
26752
21587
15112
10447
22642
656
11601
30001
15067
28909
23736
17854
16935
12400
23868
18769
24919
10600
29180
599
28081
1619
23697
10454
2229
17918
13985
28079
26196
14574
2481
800
17245
28159
6459
3724
8248
21067
4865
26495
5078
2125
6560
18413
19176
14919
23912
20922
1871
27616
14187
3455
13268
3858
31444
18060
24602
24643
28795
26665
14544
19890
12470
16418
20523
28181
20337
19074
19092
19073
3713
27294
17310
32649
2613
13653
32570
31146
5166
12439
15150
20711
12401
11300
13507
1968
26811
6038
14014
12552
27157
31138
17298
16871
8359
27803
12244
4573
17873
17463
16623
20217
5240
16534
9241
26857
6046
29312
20870
14178
18230
13551
12251
24515
26422
24525
3045
15861
23789
6142
14475
21653
28311
24737
27393
2133
8495
20883
10047
10911
10372
5941
20658
6012
7567
8048
13105
27317
28420
6134
6194
4152
16423
8650
15422
13244
10721
24066
14498
21416
4627
14284
13672
31537
3370
4015
30597
26563
32244
11283
8020
7587
26546
4868
11075
12242
9838
12595
4813
16180
398
29245
3496
29937
19626
11824
23359
31772
2715
4172
7778
16019
18132
23302
8508
26918
6390
11603
5510
31483
1694
11554
9467
25648
14209
15146
26124
30659
12220
5095
2260
13487
1125
479
20558
10840
15974
1322
11206
31785
24459
5169
1165
18556
15833
22966
5105
30394
10530
5141
21868
12483
3798
31177
26908
2960
4124
18225
31347
8983
15905
22932
32560
11630
28848
31588
25230
18740
27396
17855
28859
2861
17114
15163
5771
3884
15818
32739
18798
4150
6358
21117
11168
19428
28228
11023
16543
13577
11689
8865
17890
14741
23111
2115
968
8121
920
18258
10959
15948
11307
760
4358
5230
4783
2802
25541
1131
4430
3478
8603
13794
1852
11028
28808
25382
143
19964
9324
5604
4177
27904
2496
5894
4307
6652
18564
5592
15941
563
29560
19049
24452
17371
6031
5941
28979
15581
24481
28160
1805
14038
8288
31749
22393
5217
24717
24912
9567
25496
12652
30569
31803
31192
27509
27442
29296
31941
9036
11794
26078
31886
27379
595
26294
883
13119
9929
17549
16004
24968
26037
29104
9131
28069
2792
12472
14572
7191
1324
16478
24812
10373
14047
31120
20656
29801
14817
5060
4776
3592
6833
908
15084
9127
20178
10090
12485
14076
27252
14054
12655
9443
22864
10207
28701
21842
7892
32287
30526
10127
24960
14642
12031
28320
17808
21623
11537
4612
23259
3447
12716
9888
8699
25718
30164
5116
27822
2888
11995
6575
7548
13926
27431
18712
2714
1089
11317
18255
2063
28374
25054
27483
23829
31619
10969
3238
10434
7449
32386
5550
31207
31794
9177
12028
7737
6597
6606
5722
27822
32759
21692
30273
3882
30004
30003
20881
3931
25983
23546
22404
10977
30214
16212
13285
12979
30458
9603
12157
31166
10141
26763
13519
5839
157
10040
3333
32178
30880
18274
26921
13212
30496
28016
2968
8902
27001
3355
9652
20827
11840
30581
15834
32660
19159
2601
12692
28961
7998
25604
10255
26060
3116
17076
2255
1369
16223
28112
19105
17072
6704
21273
11985
31294
26218
14336
15518
20376
19804
9320
4331
3681
17709
27308
22071
4719
26736
28900
30927
31529
27640
8036
27458
11827
9966
6278
3862
27982
24864
7594
5561
889
23452
17786
28090
19804
18302
26483
4153
8423
7942
24737
17053
22583
5358
5545
8325
953
3578
22029
512
1937
22736
1196
4608
10301
6154
10632
10508
19061
4746
20684
16438
27222
24077
23310
4173
3520
6147
8913
12627
13821
8351
6990
20017
5283
3114
19572
16554
1979
16028
20525
10638
8482
25965
13539
22832
15664
17321
26947
7193
27800
1091
5440
16382
13711
1707
1115
25840
28721
22946
1314
28371
16928
22606
25079
11025
32110
7561
22291
32400
26301
16767
10699
12257
9892
5496
17681
8634
27221
20978
32573
4518
30589
27379
27918
12027
14188
32413
26091
7692
32118
4611
7535
15265
3225
4155
30245
13476
8288
16309
29072
17949
32006
8650
24943
14689
19167
28824
15934
28805
16628
12046
18176
5913
25325
32579
20028
19219
22069
13068
22598
21002
4696
19149
28351
11941
28848
22159
19807
10834
24384
27987
19442
10043
15072
11942
10657
20086
5275
630
7539
28283
26197
2852
20500
7644
31408
32218
8916
30256
3121
21791
26610
31568
24479
4521
28699
711
23980
32114
4398
12163
28632
9486
2626
21969
9361
31547
26858
23432
24223
23226
21432
26755
5055
23133
24063
31573
24206
10082
18653
13881
26537
23039
21881
30792
27155
30782
3210
5871
22231
6923
7961
19359
23534
27019
17543
10694
21090
24240
14801
12543
22452
3339
17939
20357
5756
21729
26699
26862
591
16512
4704
13590
2789
31443
5475
2905
2683
5173
8980
28165
29559
2435
2216
27150
331
16757
1737
7940
28827
29742
27359
835
674
12561
19854
14442
20434
30423
6783
1038
11706
4574
17764
16559
11309
13508
20534
23274
28065
32565
1729
12017
24277
26369
4963
23097
4535
14194
20753
21874
16260
6876
32410
27324
13873
25205
14128
23576
13578
103
21540
19996
31897
26660
7153
19180
5577
18682
25212
29029
5195
22247
32410
9371
22585
5550
14547
20358
4857
23082
5990
4344
4965
30179
11148
25554
7464
16607
17409
6008
20331
30139
10433
11394
24242
5114
17423
27061
9728
15516
23740
15665
21314
15602
17830
15851
13034
15282
9855
24926
24283
15431
16848
14718
21637
27754
23613
20206
13905
28662
10506
27506
15423
7928
24542
26791
6093
27142
24519
22258
20252
22739
895
4278
21326
22272
2798
3530
22066
17204
15855
2858
8995
29806
11351
23276
32557
10650
12084
28790
21618
5987
3922
31983
11468
2121
29956
12275
16308
17139
1312
28811
5987
10950
20300
8796
4406
20150
29048
19230
15703
23132
5292
11344
24986
7497
9988
9514
9125
7323
30457
28884
7764
25294
5089
5333
26204
468
6073
5070
16942
31591
15907
14440
6430
926
27819
3211
24004
20926
4174
20689
30626
29523
29757
2106
28680
21888
30174
27681
26165
30868
14868
23662
3775
477
18368
8206
16949
8129
11144
2464
24322
29706
2263
21617
660
30850
15396
19883
23998
4544
29304
7625
10331
17473
23082
17998
30773
16315
20717
10167
32549
13485
13070
9134
29819
10299
12278
12160
11679
14905
18422
27345
10745
4486
22340
3727
5647
25243
21056
18468
2541
17507
5884
21744
1738
18254
30716
29174
30696
673
25658
29653
15036
3088
20589
6907
29263
3470
17803
30741
10724
28004
14477
29897
2779
15488
3954
21672
10709
24336
30598
16990
12057
9040
28900
15660
24119
15008
13114
31385
16619
18650
20428
4196
31043
32226
13500
31420
32516
28031
30088
21171
19531
6505
31956
18673
15728
24995
2922
14501
10287
20234
10367
26306
28170
27695
26424
16743
3561
8290
9580
13214
30980
16655
10156
24906
12034
19790
13952
24411
25954
1973
8436
15428
15899
25200
18515
27823
20863
29076
6451
28783
3941
22449
5553
17334
15239
24743
21758
28808
2345
16058
7195
21615
6652
7656
29664
28273
25665
377
24643
18751
17457
8153
7383
21935
15517
12451
659
18796
10962
24830
31445
21996
29119
25132
9126
19363
24666
18016
2368
32119
22335
8144
6350
30835
29082
5644
12402
25535
13640
25998
28812
7376
3641
32146
12858
25564
6425
12328
18203
11409
303
10375
26201
26374
30085
7076
27366
21746
31049
26371
18181
16156
4979
4557
20749
7954
8616
25636
19817
4382
21086
2227
23012
8822
2626
27785
7716
20403
14550
20775
25971
18308
24671
17623
1478
17828
21758
30016
14327
6665
30493
4152
17750
12383
27916
9945
11872
11188
8172
18135
11982
27253
32717
15888
17106
1689
21267
15461
4509
9756
5406
18377
24868
12207
10282
13975
30500
14254
24179
9257
2915
14674
7837
5030
12090
28712
10068
13595
20048
26049
13872
206
11432
1963
5595
7375
1502
22945
22389
16591
12717
6143
15159
3125
29109
24185
3159
623
19579
9995
29740
8582
6578
13619
2195
18166
9145
16735
6545
22204
612
30881
570
22704
4863
9386
209
21
12688
4086
23088
20847
5981
31300
19562
23188
686
12617
5296
12550
3028
8613
3185
10880
19306
29718
8645
975
13787
2796
12044
27107
20517
29629
30162
6438
8668
8537
16631
1805
2161
512
29196
18924
20404
17875
32255
13070
13208
27017
7419
20229
12086
22883
12682
16447
15637
16482
11005
10202
27817
22455
26381
4281
28953
19067
22210
4312
3398
416
27284
5340
264
27688
2513
2543
23482
6036
6462
22986
22522
11424
21761
27923
9386
9261
446
10218
16186
18559
14593
5311
17194
22184
21724
12646
21194
21572
16081
4717
32069
28007
9713
20653
17885
28372
24646
29983
12408
12400
31599
22257
30556
1014
16522
8153
20023
31723
12119
27306
22114
7893
13465
12325
10342
23208
8128
30225
5824
19585
7110
29838
3553
12438
12119
9638
13689
3693
2100
29477
14069
30029
5593
30378
19782
23795
14174
32767
485
32389
155
21926
15124
14796
23183
25524
32614
23197
771
19683
4737
21144
12138
4578
20259
15126
22284
17135
25187
13148
26723
28584
19514
28437
28101
18718
18753
2303
25924
10796
2492
28132
20435
31239
23000
29644
15274
7445
7985
29041
19947
26627
20375
27123
3973
18706
17682
8397
344
7089
4899
10760
15259
23121
16717
19118
7291
8821
3796
15746
18949
16136
9157
12270
2886
11508
21302
2877
15537
19952
21199
24074
25537
15769
2954
31224
9695
31941
26550
6564
9861
26388
16962
8920
4260
9928
23352
22786
20291
6870
30088
5092
14697
25404
519
20108
13630
1942
31671
8839
5741
27628
22857
850
15308
1999
14304
19985
12351
5028
8984
387
21210
8255
7751
12854
19013
19636
21251
3831
18277
3689
2276
2445
23352
16240
19082
30631
25601
26388
23522
16402
21926
28850
26022
26671
24918
17611
31267
5541
16494
30806
22335
22611
9886
1627
2490
20617
8008
18365
21940
1399
23080
7512
2160
32741
11066
75
5975
32037
16856
27799
12352
20038
23331
23018
7918
14219
29605
14005
11226
25627
15413
6532
22579
16890
22042
7311
6948
23096
6771
6028
1109
31081
28886
11208
26548
15445
31031
22134
30325
21744
3339
32071
26967
7052
23470
10555
8234
16461
9730
25526
23182
12509
23898
27094
28157
1634
10646
10756
7436
4013
6799
16329
29677
19380
2229
25059
20025
26691
26870
30361
27116
6382
6114
16971
11186
23114
24589
25677
30817
30045
16309
5622
18374
22354
12709
24563
21668
4465
32089
14817
3578
5455
21091
18460
11653
322
13070
11217
6022
4376
29248
6491
26565
1801
18597
10444
20438
8425
17673
5321
10907
28067
7174
23452
26890
5858
6880
30340
15408
29457
16813
6991
8310
29574
18617
15403
11812
17146
5416
14778
21283
10301
24797
31588
23047
295
6555
25073
25165
27090
15210
18519
11744
25606
10813
1744
26594
4853
20177
11312
18602
24361
31448
24950
15113
5818
22615
11169
26322
24004
26701
32709
17561
792
21653
23901
7866
3378
6413
25315
9118
4972
18424
4254
27961
14193
28065
11708
8663
21235
22338
928
4633
11681
16675
25469
30778
20307
12294
10788
15511
17032
31171
13850
25455
23315
16688
1006
2023
21777
26947
25801
2129
24606
17275
839
18349
27337
32123
10885
10352
16965
4601
892
9349
23137
16598
15501
9874
20921
21134
20316
2172
1582
10963
22754
23341
19861
28277
14270
23445
9900
16517
25804
14574
30290
23226
14841
4165
9463
1299
6998
16694
12369
12478
13931
32759
1360
14905
19405
18584
13909
5815
14067
6024
24991
28869
10309
2908
23557
30765
17782
21452
29675
26907
9236
4606
24687
3710
21085
3592
12515
17329
25173
26032
20608
14683
11029
6261
29272
404
13414
5332
31117
10057
142
10948
12737
21729
10346
1923
27597
20000
32189
7828
21174
16716
10184
9225
3293
13199
28187
31742
32117
3229
9642
17254
14906
1430
29731
22026
2400
32558
23935
30158
31690
779
20440
30518
30589
29807
8570
5930
18004
13334
13628
24054
31989
15202
14609
13205
19971
29365
13018
2351
7574
18206
20350
15328
26856
17209
10301
5307
22097
12112
29249
2575
373
31942
19574
9704
22460
182
8092
13785
6402
16855
17563
10233
20624
23971
25878
14636
23115
18616
19010
22692
18476
28286
3577
25767
15344
29706
25098
9362
2321
8770
25044
9246
13044
15170
8723
21474
7012
16127
29433
4889
30015
25386
2177
1702
20335
16984
32000
24917
19484
1631
25084
356
22560
4611
21314
1858
30396
28114
16435
18838
30089
31820
24415
19075
7345
14663
85
4650
12126
2194
12216
4721
20595
22489
24982
30723
8059
6088
5622
3225
8670
20595
11184
3703
19547
21750
21890
8505
16562
23128
25951
15311
5025
30134
25098
14279
12050
17821
6884
26058
9363
19127
11779
19306
1030
13226
13443
28187
2714
8253
2337
20350
15866
8125
23813
32486
18372
28319
3808
25621
9532
14182
30775
10054
32578
23239
9471
23153
16001
779
10601
18378
12266
1718
2559
2442
19809
24166
27120
20211
32437
12797
29608
29326
26326
16642
12196
17848
4418
10821
15749
13660
5057
22210
9059
11266
30802
3016
10083
21769
869
26715
26508
9520
10826
20950
9174
19548
19946
5077
28292
29845
3509
14161
14004
29265
18139
21773
24885
18933
5055
26417
25496
11929
24489
24117
5514
24075
25274
32001
11361
32279
6694
16467
5364
24326
4253
21856
8112
18277
2826
25534
13032
11528
28032
11905
30573
32590
27761
20645
13151
26277
24098
6316
18242
7505
16475
18311
340
17770
18019
14010
15134
24612
812
10684
30026
19028
970
20124
26036
25135
28201
12778
11204
14932
30720
10709
7930
32269
18945
31889
27594
27345
9043
17916
29355
782
20801
24704
7531
24102
20276
21819
7877
14775
8926
5981
20533
12320
18617
3794
8715
14401
17584
13858
20927
21122
11035
20373
23172
1814
13809
30106
21535
6529
14905
2665
13306
5463
4546
19176
9332
6215
19732
2251
26236
32089
16806
20480
29022
19828
18514
31562
17628
6435
16389
31788
8577
8088
10427
23048
6962
26354
27307
11400
14854
10683
7614
5437
7512
15797
25926
31878
21786
22486
13293
5556
25963
20881
3051
28267
10348
21335
3965
3403
592
2142
30098
25552
7091
16289
14023
6007
5677
7720
1685
26147
28454
18057
27849
10686
1260
6575
4917
16163
29186
29914
7078
21564
12988
4327
4630
24935
18696
26322
20258
21023
21135
15737
24254
8408
17661
17570
16167
27178
17564
24896
3097
15154
18728
3826
27203
7990
1247
31437
18168
12423
16855
15195
16423
12460
10644
18915
18573
27580
10970
8427
23593
27404
29120
9212
22768
15114
9734
13477
20419
18537
25512
6338
24990
6271
8627
5631
32018
24811
31576
26263
4085
17018
3903
27490
344
11084
26910
16142
1977
9266
10633
3756
12154
3419
24588
23407
9618
3632
19319
2481
6787
15484
29817
24887
20876
16080
22128
25270
12319
28198
2688
5782
24981
15044
10466
14581
25377
22627
21631
26351
3074
30097
9406
12573
26109
596
24986
14171
27147
18960
17911
12751
30031
25770
15414
2855
2634
17134
18695
28705
12882
23086
6270
30801
4928
13100
24938
19487
3434
24635
4834
27663
30161
7840
32
32069
16539
10046
32403
16200
12227
29299
10799
3846
23055
29501
17416
6936
7746
3489
24351
11592
22163
19533
20347
11600
24671
6524
3964
16613
19483
32538
3949
11508
18828
12840
9048
23596
9274
28003
798
11964
25634
24352
4294
30558
26283
11899
22806
18836
987
23472
608
32049
5067
32713
7583
2844
26712
12154
3523
10065
3868
1353
31048
15400
28573
5873
31245
10970
6595
23049
32612
30017
22672
15329
5733
13535
23819
28845
3209
802
5501
15845
8308
14054
1248
17387
13585
6972
11925
2799
15076
874
27221
22288
17308
24627
13418
1987
29672
14936
19999
1657
18316
13918
17013
2172
23476
1426
8983
10266
13192
26699
4496
6406
11008
9583
26812
31739
3066
6968
6780
5538
31114
19768
5550
27830
9617
5019
18525
4966
1169
20397
4660
8187
29631
18844
15161
6330
1370
7038
17080
22284
26428
19861
6780
9692
6063
2002
8773
8001
23681
31897
30583
3421
12379
28868
27920
21125
6734
1258
16348
7329
9135
9185
23276
26582
24613
14977
16452
5219
15360
7339
27092
5065
1228
15242
13994
28975
24614
4377
14437
14596
9423
25830
29933
998
18943
19989
28769
10435
24828
5799
4945
23102
19690
25597
16686
13140
11493
18583
13054
30527
11341
8994
27220
2202
11617
28338
20608
23495
528
26700
22019
26766
9995
11687
9798
24326
13599
14643
17291
9145
31938
24411
7971
22275
32748
12551
481
27579
15912
26470
22736
4373
1770
15594
14881
29639
17955
22420
13927
6763
32531
10353
18951
24869
26974
25701
745
22661
25699
31271
11892
2991
13513
10637
9146
29113
16474
8202
32239
3668
15381
15989
23328
1455
126
27659
29473
10136
30777
6840
6856
13797
23767
24722
1880
27154
13808
19110
26176
32299
20082
19704
7430
15596
5176
29637
17790
23848
5599
14859
14911
11367
4821
10572
18263
19667
20914
9870
21310
2645
12492
4262
5129
2811
9477
5046
9440
24221
6888
22005
4018
12736
28149
25006
7975
10170
27192
28812
3287
8215
3105
31764
24505
27452
29327
14195
3806
12874
14126
22138
15455
5701
8451
17895
7316
19062
25925
14566
23942
11789
27247
12247
8871
10507
16787
23634
26817
20575
18929
1640
26157
5455
13000
22316
15173
1050
20332
11379
1819
21980
29081
22999
13420
22961
15879
31490
4815
31005
12094
15145
4146
23468
15020
13782
9863
28117
19445
21739
20923
20260
2698
20452
8680
27545
7549
12380
15819
17483
24980
32722
27000
11088
17820
686
25932
30433
16639
9343
14628
28602
6297
31111
16332
32448
26056
31097
1723
24038
5058
22401
22013
20561
18220
7045
29808
9659
25576
24747
31795
3349
9518
23835
21340
31344
31710
5894
7401
9245
10004
27367
13818
23315
15101
18184
4925
17042
2538
16456
4777
11014
9123
25629
5487
5166
24318
27605
30253
6781
8624
13601
12133
21441
23138
9171
17967
24322
24840
20711
19754
11181
12654
10944
5048
15346
13331
27317
21867
26218
2363
972
32186
23293
2624
28357
21497
28419
29993
30555
9096
29865
30333
28358
13386
8598
1370
26500
10072
18639
17857
24153
3063
27608
25908
29845
16584
26397
9603
8085
30015
15760
2531
29068
24406
18322
23104
24452
31107
18711
28884
10399
23783
13061
1529
17059
3016
5086
28219
28597
16449
31647
32434
24933
4920
22248
2959
3307
3985
1372
13556
5296
1441
12107
30217
27409
13030
7823
10828
4703
4597
7859
32040
7722
26291
10331
30666
22975
23240
23519
8496
14319
15953
3898
25730
28690
16597
29475
12710
27724
13947
4985
3087
27919
15738
14052
31701
1505
22480
25018
5387
22368
19767
31
2381
10883
26965
31601
30616
20770
27187
16099
28254
28601
13040
28519
21466
5225
5815
23250
10402
16191
20462
25146
22651
16313
30640
25507
3440
2950
4478
26331
14630
29326
32561
4515
18538
21554
28979
9999
13580
14805
9967
5680
27120
31387
4998
23536
11618
19568
15044
15420
1450
26189
23122
5737
19424
6070
13101
22736
24834
31112
1878
22460
14660
7153
8140
2951
12711
21952
28343
31231
25549
6367
8678
20238
27660
28701
14715
26779
21953
2609
30437
22955
8679
30204
14351
10444
7144
29711
4823
19891
28850
365
17602
12836
15374
32658
19182
14866
45
7604
13896
5896
15236
26440
4094
27335
4315
7112
25144
32049
13728
13236
14595
2405
6784
14039
12173
26156
569
18379
23960
3476
31401
2239
14633
18394
27691
15736
16512
32141
13092
20118
77
29937
30681
4633
18977
32418
14468
32035
12067
21881
14758
8959
4868
13747
20638
9571
27445
28496
15483
31218
32343
30650
271
10501
14323
16039
30788
27051
25707
19008
3508
16111
26928
24195
22643
31321
19766
13286
1839
18359
9637
317
21116
9756
15058
23773
26985
29226
31085
14594
3159
25997
1020
32622
18955
12232
30855
4179
4865
3124
16021
10355
5891
31045
29016
29318
8443
29968
14885
18396
25862
25354
12071
25667
29897
32531
2643
4395
19976
435
19614
3080
14196
22947
8558
11256
24517
7823
5711
2726
29449
8474
31464
13422
6716
15395
32045
9154
6424
19270
21974
3020
32302
27302
6415
13908
6454
25578
32625
30949
11172
27782
15153
1323
1916
6460
11671
6304
4198
10978
4274
20328
21253
6245
26955
7800
9861
31246
21783
14590
3187
14852
2352
25853
17106
11795
5318
824
15467
32427
15378
20050
29540
32556
32652
5427
18964
23392
9054
29870
28182
15945
19224
21600
29084
22046
32165
10971
3846
22928
9598
19716
19124
29265
24861
19641
26392
12503
14261
10935
24335
27998
1568
24507
23153
14892
14361
232
20710
19224
8619
873
20220
30285
3305
25431
4471
12876
20448
12765
27369
13616
32458
20122
10114
6454
3717
20550
25384
10876
31555
24729
1482
16905
18306
3944
23026
21006
26431
24850
29082
1899
27494
7194
19777
9333
398
6677
31038
30967
7139
8135
5459
7031
21859
137
31365
18362
26190
4333
29483
1674
15575
11429
14662
694
3616
21409
12048
12123
29541
8824
1496
9058
26488
10761
18188
20042
14445
27234
29592
27175
16790
29921
11630
20203
434
31128
8038
2789
24929
17398
5961
25735
15835
27300
1576
10604
3042
13998
23283
28314
9973
1507
27463
9732
8391
11390
24198
11603
9455
6662
20269
14821
17633
17778
5730
17942
16413
9361
30157
25535
7334
12969
5033
6141
9142
19039
32027
9268
5808
22230
8898
24659
12374
8219
911
2649
17980
14017
31191
12056
7804
17096
24230
4152
19884
14788
30551
11136
12557
16442
24929
18257
22789
14926
28788
10355
30672
20379
12997
21781
10354
26211
4006
2318
8688
23016
13401
16233
10943
28697
17190
29985
24701
21105
30891
2345
10207
3613
15220
23983
22763
24413
18891
7842
31591
19500
31185
20850
10129
21027
16334
4631
24336
11163
28358
8532
29227
28690
26445
10301
17721
5072
10395
21751
2648
2761
30691
13503
17250
4806
4577
28461
8221
26816
6835
18106
3250
28044
16361
641
1121
32190
16607
9538
31858
199
20811
5548
31599
29536
2578
7132
12432
28972
23648
22561
8055
408
15095
5890
13341
11271
28103
9858
21261
5932
17343
4258
14800
14262
5860
24360
17320
21043
22176
19615
26241
21550
3164
1695
31780
18587
3665
25934
11182
27510
21658
15399
1856
8358
9358
10234
12793
21031
1614
32308
8737
31080
14490
16737
21415
22514
5865
16111
32462
9035
9656
14901
10019
10266
14626
18612
5810
10379
27057
17308
6521
31221
19316
29330
3357
9659
6993
21424
6364
4464
22173
9421
8643
29246
28906
4607
20257
3976
7200
11615
13115
6350
22224
5132
27713
4817
13508
25715
20865
8184
5595
27085
219
10227
16148
8424
24693
8862
2536
31275
26800
2600
7645
31957
19034
14452
26712
12165
17701
13247
18098
27135
16983
11908
5775
29741
1988
16028
8299
5732
5881
4010
4214
32489
3259
5302
29090
8372
5296
32024
24314
28531
17755
28824
24373
7378
30798
22227
7819
15098
29338
11745
31431
26711
29067
13364
5534
26783
28562
27075
24895
20240
13699
11368
23339
7673
3072
29575
26951
32635
8501
28401
3375
31633
30407
3336
25038
20302
27654
11299
5932
18790
14442
31540
24710
20464
27197
19880
2212
29546
15765
26254
8295
13054
24453
32508
31650
22019
29076
2990
28714
32455
24942
1521
2865
23180
26842
15295
12495
4816
18924
27436
23010
25554
7036
11521
25624
31825
14807
29350
10314
2711
12211
6981
19212
6838
11113
25644
31618
10770
21598
14451
5237
5151
5314
9183
21413
15468
11134
27911
7009
6625
6759
6837
29270
1861
17592
26767
13733
32002
20927
28407
12600
6189
10198
559
4693
4801
5013
3265
26739
4395
28486
26910
10317
26892
24217
32389
25910
17722
29338
9510
13484
19208
18911
5512
28719
9415
262
26408
18772
5516
1887
25187
25621
31284
11237
10645
27499
23462
30323
32131
21535
30296
8500
8438
16860
23317
18012
8105
17034
3325
5653
31845
21463
16589
10428
2667
26390
8544
16718
30226
22349
15734
5149
16561
1417
693
26056
13247
3957
27117
5737
3897
21547
14496
27920
30532
15178
31682
14193
25876
29257
8125
4569
7948
5131
18872
27495
31783
28339
22041
6776
30358
23481
8264
5475
20907
24126
30646
9063
22261
31644
26143
6625
28333
578
11020
31170
5968
12991
4251
321
142
32540
32130
1485
19811
21615
26706
10822
16772
8877
4089
17772
24060
5824
7563
3224
12567
15065
4930
22186
23935
28936
11459
2882
7333
31754
5282
4659
16482
2658
4905
22324
30687
30635
6741
13785
23474
14380
21282
25026
1353
8877
4104
7955
13708
3209
18630
24355
20158
27653
862
5497
9636
29920
20065
22772
28138
25387
12396
9545
17858
26715
12531
20659
9422
28317
24125
2533
12864
9833
29872
29252
17984
4698
2895
10323
6798
1341
27009
22126
28264
18024
27156
6588
8622
20557
3969
21855
2884
23886
11634
17901
3768
14035
19329
26916
13604
31386
9539
3545
19798
19023
27525
8242
22319
6493
10965
1557
15945
3331
31557
8160
10204
8874
23915
16731
22499
4214
26796
14059
29050
5147
11963
11016
5771
9202
30812
32752
10921
13900
16238
29085
15676
4870
2600
5109
24287
25437
2979
322
26118
29700
11672
19681
26340
23924
26476
3646
25228
1668
1641
6144
29014
13625
19279
12160
27780
8671
267
22656
23333
16472
28870
2330
9786
13237
22305
23030
22552
8195
16063
1728
27405
20071
25605
21209
27462
22382
1565
9805
28656
18334
18753
30470
12190
29265
3638
21055
13291
26307
25366
6715
28768
15209
29011
19510
16536
9092
3321
25244
4513
759
18739
10105
15014
29781
13841
2864
18635
30015
11144
21361
16985
11501
17851
13925
9499
266
30328
13867
9224
27845
20486
20616
26657
20005
27934
22234
22685
7580
6711
590
11844
17376
9223
6227
22041
502
28486
13135
26427
8079
15797
912
12301
21400
17503
7301
7829
6925
30494
8750
2082
29198
11618
27345
5170
9012
1070
26863
20114
8485
8547
29046
9415
7782
15425
12856
21165
22385
3883
27804
606
17160
5802
18579
9045
7368
16821
21454
15572
32257
30512
303
16258
30917
5298
15485
6745
26943
19083
26203
5823
28998
30982
19579
16371
21042
29419
29199
22955
6383
18760
15488
10748
20560
1137
22627
6777
11685
28230
27305
29855
27535
20916
25109
15729
18195
21375
31988
29791
21230
18494
22280
14700
5416
11175
5061
7824
8940
7436
30912
10331
11927
1318
3172
16860
15375
18706
3302
10177
28502
11929
21372
3775
10591
21940
30666
2357
26400
27471
18333
28684
5864
31054
26332
21217
22515
30670
11196
13158
22588
941
2866
4101
17554
24140
10670
455
32494
6803
25606
29045
3844
6966
25776
10237
280
17975
6453
15894
10003
4525
7138
12071
28630
19907
26049
4965
18638
20483
23752
17724
15816
25557
4687
30193
19207
9282
17864
30085
5524
8958
32682
12764
32214
166
22702
12575
16482
23110
16702
2910
6420
12318
23850
10106
7263
10662
18334
16194
15073
23247
21329
28380
9019
28300
6910
21351
30239
23185
30232
31966
171
90
9658
14143
28917
24432
19933
28397
14567
15592
3789
13395
4941
25644
21214
8907
24364
25854
9306
11966
17749
29369
8127
7948
23611
18650
22055
13742
15874
14528
13320
19354
17624
17584
16413
25574
24968
27676
18084
31281
16460
3365
17610
4159
12259
32606
10340
16099
32484
19411
14303
20002
17234
9802
13946
6293
16496
3016
6322
15887
24279
10839
23806
27008
27333
30215
23741
11801
3256
3891
10605
16305
12348
24069
18973
2664
19713
1852
27941
28042
17968
7725
25108
7606
21503
14344
28650
29247
11140
17501
23432
8658
22726
20191
12900
12889
32538
3687
11649
8224
29613
25916
16543
54
26205
13969
10671
8727
3277
13647
5257
29831
952
4117
9953
12737
23173
7805
2167
5841
32028
29602
15247
10815
28665
31199
22945
21997
4734
31705
2129
22594
23438
16063
15009
20616
17495
4560
4710
27283
21871
30494
30201
28068
2595
18834
11822
12941
32268
1073
8330
17685
6371
3741
31152
13469
11413
13023
23581
22532
14746
8291
26389
2249
19843
8260
10717
6511
12243
24267
22315
2854
20752
28210
19675
18087
12314
26285
17379
23648
10683
18347
15497
4049
26238
32344
31444
12854
23237
13671
10048
4198
3350
21008
26549
30715
5814
16980
1210
6067
4729
136
28391
16150
28120
28689
14488
16729
20548
30573
22505
32643
3258
31603
17630
24014
20888
8155
18401
10320
2735
28928
3186
10970
10649
23269
19482
33
18508
4470
9632
23579
23024
19985
29824
21932
24046
1605
15513
29570
18762
32730
32294
62
6706
26129
1519
27092
18903
17452
3521
12340
4219
2353
16667
10026
12235
30956
31274
3970
14192
11827
19191
19313
30689
4718
9952
12848
6011
28246
16453
18154
32211
30716
28291
22232
2379
525
12326
17067
17123
12373
7514
30506
1106
21891
24227
22812
17494
24108
31694
10344
32072
27922
5928
7803
25075
3237
26861
19434
21670
6602
3843
31064
21640
19420
1256
3995
21804
32240
22506
19226
13413
7518
27542
15993
16988
24957
25202
26745
4063
12461
32495
24857
30460
22171
4249
25090
4559
28608
16785
11809
5016
11819
22589
7318
14352
23425
16702
19149
15614
15426
30114
14826
6661
14413
4443
23403
27328
27815
11760
20744
16145
2680
21875
25566
17845
10070
8627
30413
1308
25286
23474
30751
5752
1280
12122
5738
5909
31475
18283
15543
17384
21385
26040
6627
29546
8748
19347
14150
24999
27273
1670
25235
657
31124
30020
28415
20123
20428
6366
4518
15747
192
1594
23850
25455
11218
3010
8349
25660
29243
24409
11681
12563
3663
26771
18893
17469
28674
31525
20307
20280
684
5530
16608
3850
9
30792
21700
15061
29828
10371
15187
16556
22709
13328
9355
17573
25640
18652
18679
5679
32096
29934
31186
4006
27419
8859
31856
5157
10968
9465
13530
8092
4247
26774
25529
7458
5088
7273
31605
30604
28166
26376
20637
6206
28077
31772
10634
18497
9098
9746
28991
10134
19562
6164
4500
11978
7286
7224
14484
28363
20405
29175
3363
762
9170
28896
5860
27009
7968
17293
23897
13799
18651
20183
588
20962
14001
6470
23406
16492
4992
18123
20287
5912
866
31922
31021
8615
2279
16850
22784
25558
20385
12039
4469
28027
32742
994
31273
13520
32721
29598
2233
27407
17802
15958
21800
32575
7879
27254
15745
17229
4499
12912
27837
26462
14927
31408
18662
16228
19190
25553
3197
1775
4005
19729
3866
5959
7258
23298
338
17335
2043
22147
8157
20523
22683
30703
8696
13822
1274
29332
26377
11021
12106
21607
10114
7952
32057
3573
11527
9002
12587
13981
21971
28606
26823
24829
26456
31877
9398
5034
29733
24285
32167
14884
22797
25188
10903
8713
5510
4038
15439
22664
847
5587
12846
31769
12630
18645
19496
22123
26072
11296
15887
21150
3018
14826
10257
9139
3960
23901
30851
12097
28268
21227
6877
4201
32401
25314
6149
18187
12440
10816
3024
26426
20891
26056
5062
23790
4096
29525
6949
6137
18337
32111
10281
13373
22825
1308
3723
29211
4289
15864
11079
4911
24557
28808
3491
28474
28336
22220
12653
21855
18423
10003
11908
3475
9525
16659
410
3663
7498
12601
21047
14983
15017
32318
23041
15328
15546
29947
20796
19742
2173
26238
1165
2267
3185
3165
30723
4223
7092
1866
15191
8044
1131
11240
21363
24185
25956
4574
23858
2978
1786
6441
19815
18942
15161
22966
29216
11761
2371
12592
6444
22946
10226
25367
32730
15791
3007
32530
28676
21024
3043
390
11852
23450
25276
25191
7590
4309
3441
1614
15383
13392
20185
17868
23740
30276
22937
32511
17165
13014
25997
25954
867
24720
13418
1001
19640
17170
18849
9550
32686
13829
22918
5797
14035
9297
13233
30775
9252
32656
11428
4237
26576
19394
19119
21963
17470
4930
14865
8512
21328
22265
19552
16698
8426
20177
1835
23839
20142
3692
1501
24505
9482
25111
13028
23506
13685
30713
7187
7937
29173
10640
26181
26307
24037
31071
9284
27597
15349
6368
5353
14241
23922
2752
3204
30816
30408
13643
3453
18143
7493
31014
21564
4860
21023
8252
23111
10803
16057
14586
5290
3180
1570
12735
29084
791
20446
18574
22879
11899
28650
8967
13928
32075
20474
8853
18624
17019
32261
18664
18602
23889
1027
16550
7302
10175
27894
24157
9717
7920
6951
11709
27198
31265
21426
24324
6641
9138
9028
10425
15306
18557
36
29085
32471
29030
19824
22239
30685
23347
9130
25231
19961
159
627
1621
6787
2729
20373
11875
55
6962
18247
168
15767
9671
16813
7238
16011
19132
29087
27975
29003
26746
171
26763
25214
22297
11357
17413
25764
562
18621
32552
18097
21742
19482
20379
24058
11363
18438
17972
26453
17441
29602
16420
892
20743
11036
30831
21171
15964
2165
19872
29611
16667
31112
4026
27045
13709
30536
27249
11738
31517
16969
16282
28699
17001
18562
1505
19125
405
6225
32698
28055
740
1215
24218
1207
16777
24326
9830
23985
2234
26960
25900
4273
2311
26306
4881
12436
22506
27833
11914
17994
3487
22867
26831
7039
30005
4914
30349
6266
742
30332
22747
14661
1188
4902
12912
24078
16628
8307
32019
31437
30719
18871
13138
27175
31462
14433
17015
26514
19799
32568
22712
29883
1374
19173
25518
11813
23933
31666
21257
21266
11518
3217
29569
1190
14984
27488
30224
74
7409
9835
30558
22863
7763
4915
7037
30163
21858
21102
4566
21225
26876
21838
5475
21492
12802
18438
15647
8532
12135
1419
12475
23109
134
30871
5523
7683
22969
3572
18400
12339
10023
7159
13359
15486
20957
25419
25874
32127
23329
3311
6421
19167
16898
18818
29939
21182
26420
30143
9738
597
25371
26692
2317
25050
550
19607
10489
26532
23390
12138
10826
1680
13631
8222
30318
31651
11462
2951
15226
7921
21195
13295
5148
15293
13201
27229
27600
13281
31900
27927
29527
29297
13506
3941
14694
29083
14981
3736
15259
22481
31904
14411
948
28715
8416
17897
9475
518
3381
4463
11805
19442
1801
1907
25299
9675
23760
31334
21091
3621
19937
15126
7663
9965
9348
6774
813
25934
13900
14498
32609
30930
16039
17694
7816
11722
18355
5214
19158
20207
5459
11916
12387
19017
18051
15237
2338
7504
8424
28709
25874
19538
15019
24772
17080
26900
30344
23808
3020
27836
1570
14525
18995
26862
26266
9835
10541
21558
2911
1672
5840
30118
11080
20581
6581
13248
25568
30764
12017
19094
9985
30242
17478
11567
9892
21290
8859
5677
13047
24203
23722
2989
16048
28914
5625
23151
32161
24763
13835
19511
20877
2924
23511
7538
31035
6274
9593
30237
13768
22897
8232
27107
23105
27366
29800
17285
31090
31567
8832
8063
9720
23197
25391
6633
30878
14152
155
5019
20710
11412
15242
21140
997
1556
4308
413
27988
23660
29465
21289
5861
28506
19631
19328
27091
24824
24030
30236
7869
13883
19280
2643
24500
16576
28867
17207
20627
21960
19457
28347
29070
30337
5138
30743
4110
19847
20656
29037
14781
9642
1531
24748
26076
15858
18542
21429
18653
7904
19730
32700
1582
21751
18929
28657
13395
13435
15054
1888
26423
2681
24083
23062
13508
24327
32267
8582
26545
11469
23121
20523
21659
12740
17801
2158
1368
15678
19277
31433
11912
7975
29290
28461
9068
7306
28493
32161
15356
3414
23224
14893
24883
1891
16570
22518
13230
15024
7133
1962
117
25327
4257
5406
30745
29251
32041
2102
23551
22856
12597
19718
5627
4180
25168
10038
28192
17916
12363
29867
21207
22234
19945
867
26415
29326
8668
32417
19316
4611
29680
14155
21507
8948
31367
19344
8796
3246
23621
29133
21625
29207
31244
27314
15967
21743
5419
24225
25074
32342
9682
10838
6413
20622
30154
24269
9682
26115
21346
30816
7487
8584
28845
4401
24578
5092
17130
4807
5519
23181
30276
11004
23919
23475
18876
2070
10971
896
26467
8244
32393
26271
3276
2028
29382
28155
6081
7218
19909
28617
19253
891
3639
22984
24698
18979
9755
20679
14516
7692
22488
26985
17038
28041
27017
24101
26667
28026
8856
26256
6496
19128
18318
5087
17952
2739
2089
22183
23863
24409
5040
4584
9019
29242
18307
24394
30144
27370
11254
26790
20172
13479
13151
31432
7307
18236
28526
13684
16707
30501
12477
31910
20361
4340
17576
3870
22198
17396
17759
26140
21397
8203
12345
17001
6494
10981
13900
2710
18152
20558
31546
24200
7194
12768
13901
1077
17315
6623
27079
4520
25834
5473
9331
30795
4680
31154
384
21861
26486
22774
23183
11234
27713
10768
24587
27475
3973
10179
3001
26677
20056
11031
8592
10614
23430
1279
13002
12085
23358
6968
22331
5834
1802
19572
4322
16390
19972
24504
3518
22459
17736
771
15330
27519
31909
7472
25548
27310
2968
30493
15603
14510
27258
13
12447
13431
27640
12619
16125
22866
27332
21777
14963
23776
32650
13479
19761
28255
21286
29135
32009
31529
24852
3937
8576
7293
15911
27955
37
4738
14206
15163
801
28809
23989
10232
15888
24211
20568
19981
13583
5139
23965
9520
6678
28661
19026
31298
29833
20958
22036
12991
26377
6326
20418
24409
1936
27236
20017
25056
32189
10456
24865
10853
23404
14415
20080
20383
25482
31442
12174
1678
13096
9472
817
15709
205
20494
1866
23949
26129
27916
28471
31056
26471
32106
19002
26675
11835
13498
11818
5888
10557
26551
31336
3811
1788
27783
18197
30667
16054
20541
21634
6675
7022
1442
3816
9058
32064
28981
31322
13008
17650
30320
6903
28746
7627
27213
11620
13111
6568
3849
17274
31835
21324
32040
6459
18172
2808
7609
13835
30020
28987
6619
11805
23527
5132
25472
6187
12550
8726
15217
2922
25170
30803
22675
14781
5748
11740
5224
31272
23981
4608
16600
22408
21945
20627
2866
30594
17658
12424
4206
28090
28882
8387
1717
20293
13137
1832
8227
6752
5136
1528
2763
18018
26716
11101
12795
4079
16023
16195
9410
21871
6364
9066
17840
6078
15074
31161
10205
29477
3875
1238
15660
9354
26429
30451
14801
28387
7064
8939
20753
29937
20041
17293
12105
23338
21814
19767
21810
17911
3963
32168
14435
2079
10765
7695
19736
5507
6045
11111
23857
3597
16320
22791
20606
29923
10572
8565
19001
26592
9221
22908
16340
27460
13689
31102
27894
7594
19752
4363
18624
26683
1000
6321
24660
32546
27272
5654
15000
17983
11188
17989
10551
28192
1304
16966
10985
23853
23497
20977
17141
14626
28640
24835
27124
9411
29544
19058
31703
1483
2170
28158
18219
26405
27302
17417
8604
19294
18325
25512
9656
859
2797
12026
32246
23879
8565
6585
24823
16336
30586
15886
8971
1427
13937
13226
247
11476
1501
23826
2038
12147
21363
7994
16125
5915
26236
14166
30019
8637
17020
8941
23041
2621
7441
20015
16758
18795
27421
31880
15151
25396
18727
8053
23941
5146
17151
3991
27239
29409
16033
23558
12634
23179
3676
9191
21181
12423
28212
11841
18514
23334
28804
13324
22266
31822
7656
4235
19904
17522
19545
19420
13849
29121
29082
13262
22890
20382
29908
30450
16331
19025
17277
30197
3083
27388
11645
16172
22772
20432
19604
26737
31696
29824
31478
15150
20524
24310
7481
26295
28891
1094
17265
11485
574
31200
26010
15552
29123
18185
16182
12260
20140
27276
3638
23943
8210
26796
14622
30770
23593
30046
8293
10639
25797
3765
7962
8314
11549
7070
32462
17754
27855
25293
25261
2226
1061
28151
28142
32755
30103
11586
10606
17557
6289
28410
27799
18789
26998
32645
19847
6689
6884
1433
23662
14658
19514
28332
11832
4121
2391
32684
31341
9501
30629
24049
20565
3204
21591
9328
10079
18192
10222
22833
20163
812
21250
22275
103
29751
22591
32622
6912
13344
1966
18665
18297
25395
28469
32077
3480
31282
13410
15498
7135
680
15204
6040
18096
10618
16218
22449
693
24511
16337
17854
24191
32209
26503
1551
16237
7332
20597
23630
26064
6487
18701
27574
31820
30473
32449
18304
13954
4846
12740
26526
17131
24226
22036
21932
5127
5309
17848
9764
17592
7079
26694
4561
7144
2734
29609
17286
29554
1365
10785
11791
1600
24815
14731
32360
27057
18541
8163
32301
13885
21109
14599
31314
9051
15796
22974
532
6818
18292
7160
4655
1583
20593
16472
82
24136
17384
18671
15056
14910
29938
12619
12440
26776
26128
26544
30055
21101
12039
27557
30268
11794
29934
13746
21005
17654
10373
19561
10936
20681
32456
10915
572
13284
22468
23308
30761
4325
1962
27874
31573
1433
13858
9721
17361
3360
18401
5635
10523
19787
1662
28430
10389
21321
31361
18254
12342
899
11198
10269
384
16580
15329
3648
16562
3741
3913
16236
1086
13064
30746
6408
30845
6987
6029
15413
27554
2079
27019
15116
21997
17682
11899
11046
12833
28458
10072
16738
14903
3787
22534
23266
23636
2266
17382
5975
31737
11043
22696
26751
21369
22520
31584
15084
2481
5403
27612
7174
20467
479
29237
339
7235
30857
2725
5366
21446
24316
920
11126
31095
27286
16902
18113
13596
23381
8191
19057
18041
29246
6536
17741
14531
9983
15269
29715
27223
24787
2487
24949
15532
13990
19720
18273
134
31354
677
5509
29293
5129
23404
16659
23390
28331
613
16833
10688
32379
7510
24597
5785
8373
15249
14559
11010
23395
10001
6663
14809
16441
19397
7304
8629
30397
10540
8125
27423
12715
546
2524
5887
5015
16122
29120
12628
18132
13772
5611
31784
19605
19728
17611
18116
18258
11372
6716
17696
17517
28619
13903
31645
18710
4271
20809
4854
9836
31176
20719
10356
22756
30917
17153
28258
30447
618
24837
12481
29399
31971
325
4669
13290
1112
6427
5471
19163
24001
13420
17923
17765
3068
1651
5901
25905
15132
30656
18520
15866
30213
21888
26863
32495
23094
1534
18816
27481
15845
26218
29453
18045
31825
13786
30181
14020
23636
12686
9427
25625
17719
18040
4245
21907
13771
31739
22415
21076
12725
31732
7617
18865
6410
23543
16631
1683
7708
3035
7487
12828
19859
3448
30112
27022
23743
22959
21769
27497
12844
5803
31624
8148
23671
871
11196
62
27489
15472
27789
8773
24354
15853
4890
27095
8704
18140
10483
9879
16415
414
649
8322
20891
5558
6627
22482
19156
1742
402
31778
9993
1274
998
24276
8489
4673
16994
25776
28389
8538
26990
15053
12810
4531
19532
21173
5134
11448
32077
27076
16360
2129
13893
8145
11813
29356
9532
24849
30521
19262
29030
10039
8211
27908
3158
21984
5364
3599
9070
13871
18048
14399
17818
21940
7446
16207
4414
19603
13917
22545
32364
12002
8479
13563
6491
11602
2907
19427
16660
10514
5781
10503
15983
16112
18033
29520
18238
3522
15744
1496
16840
15364
15450
17065
23673
194
5869
712
19927
13241
5140
18290
20664
10425
27500
4261
12466
23117
21859
31970
31444
10142
24977
5682
9875
10645
1868
28775
19207
25408
9334
31908
13400
20855
24218
13855
28019
7615
6711
3110
4609
30830
31836
11616
31897
24080
10869
6230
9524
19466
15461
5425
17378
10365
5333
31941
3004
24941
5067
28879
4634
1827
22398
27003
13830
26063
32617
15402
7152
25202
9630
32625
4515
7931
605
28773
28279
10672
28133
15638
17352
15312
13450
22617
29096
19319
28936
15051
29649
29889
24855
13586
31453
32306
26687
14182
9658
31830
13550
12881
28504
22692
15304
29874
9380
16296
32062
11016
30394
14946
18786
25581
32086
30441
30201
15841
15756
1107
15058
8777
2234
1497
10327
12727
18362
8503
27746
17772
1628
11346
22866
10780
21267
24093
25437
30705
18158
1725
2088
11218
18890
4844
21652
26084
26311
24219
31963
29009
17656
6875
15069
31049
6239
19197
26292
3911
7960
7416
32142
26262
32468
8460
2748
26899
5769
9381
9990
2356
6248
13442
578
30025
16
2582
11045
4098
14593
26671
2392
21042
2387
10965
15822
31186
5288
3701
23894
10825
2911
29247
14700
25067
23050
6604
11093
26815
27938
12804
5483
7301
23802
7487
3765
15863
5618
19114
27834
9040
20717
7405
8087
29707
28677
9226
5200
20973
4989
11912
4452
4933
31478
30162
16804
29299
1766
27098
24900
22183
28231
24577
16691
6635
31884
10555
5288
28772
27609
21358
15614
21716
12147
6684
1985
7780
17014
19010
4873
9121
20166
7552
19462
3780
16455
20601
15325
18230
6225
30845
5810
5203
5470
23654
16646
23919
774
21695
16196
11030
17966
30508
17302
19864
31100
4357
19965
19653
11790
13637
4769
1270
9323
24995
6758
5453
4537
32510
20927
829
17713
16638
31175
14156
16849
10489
12174
14103
8272
12307
32176
16535
19799
23722
11309
10916
30702
18161
17012
11959
17461
20698
28609
32756
5716
5434
19881
21352
2484
21032
12532
15759
26736
21157
31914
2329
14086
7043
11120
27373
10323
24447
789
14191
3518
32433
9833
31998
6067
5414
31054
10177
31315
23755
2833
4772
19049
26252
31482
10653
9888
28350
2849
308
244
20666
21892
1858
7271
24011
22359
12537
4853
6987
18075
18980
30665
11272
26098
18864
27057
26861
19122
20332
10704
27870
18744
12045
2707
6115
31615
11381
19174
19849
5617
19765
12711
29317
32380
25424
32090
28059
23017
13634
31775
12222
873
26432
24546
1913
8817
2498
8914
17293
21192
28991
4116
26844
4831
15159
17592
32645
27744
9335
15596
15185
2825
5273
16751
846
13755
714
18761
7353
24014
6096
9146
32033
14504
12619
32368
1994
6030
10810
7164
14928
29113
3266
20103
3212
21677
4395
2753
1979
11974
3628
10011
22749
10260
15976
6966
25180
32105
32568
21403
4334
4527
27819
28076
30652
10623
32459
28635
30660
1264
3106
21017
30332
19373
21885
27281
26552
32587
32496
4759
11981
26585
6682
6107
6903
11960
9642
19939
760
7085
9762
21432
17410
10292
15324
25055
10199
23831
23114
13450
30255
11840
1153
26128
13658
18635
13049
19867
24102
1888
18062
13856
1795
192
11467
405
19045
25757
6504
3166
27754
6831
30993
25864
957
22532
362
11321
10682
7832
591
12519
30163
23333
23648
7369
18482
5436
16573
17675
10143
26005
7694
29510
13989
9892
24263
15023
1008
4972
23722
11663
14842
18584
11661
1779
29159
23496
11613
7332
11693
32041
26979
11609
15735
22344
20678
24364
5196
8488
20049
587
20459
5778
12151
27632
30714
19116
31892
32147
14432
2253
9846
11358
6896
14224
11548
7393
1095
29223
9149
9991
30711
19442
13837
22088
26597
29264
4795
14881
4847
8374
24382
6849
14034
6910
6353
26118
6475
8705
1724
26791
11389
5735
8662
10163
21139
15806
5448
28218
1190
24010
15507
25417
24801
8732
17109
15388
25571
32742
18248
24208
20836
3086
11019
2007
4124
30593
27685
19311
31968
9674
12743
32341
30991
4579
28113
25206
14380
30027
14232
9830
4300
25944
17382
3412
21683
23247
7747
21310
29754
22450
1907
8545
28916
8025
7488
9972
25488
13508
12154
10773
6401
4912
26171
9476
2781
21736
7535
17295
14083
15454
6548
21709
6785
21370
31167
1295
21429
5426
2784
29716
12210
21851
24646
31612
9956
23231
21862
14719
3320
24431
23768
13279
30710
27483
16546
10011
8880
15647
14265
21990
20064
13600
29893
27863
26509
30424
4645
20066
29230
13422
32563
23303
274
22666
21193
2505
15487
615
9988
25826
15386
2090
25159
16053
14342
29554
4483
13060
21840
11312
14262
18531
4491
17849
14002
17901
4535
8729
13600
4405
22632
24490
9668
10368
10020
17638
21507
3377
3852
7802
6562
12932
29886
17307
8656
17535
2939
13469
23911
23334
2949
1986
3183
28143
10187
6224
228
7029
1736
11238
32440
6512
17065
527
23836
24805
13486
536
19708
27290
4050
31519
26824
4045
3758
10861
29050
25381
14491
31750
23765
5609
535
14717
6378
15728
19562
6925
10465
3289
2185
28390
32502
22268
314
19141
14274
27807
4217
31687
6844
10990
17434
10367
1023
20005
13745
22854
6990
23696
6575
23250
31829
15797
18893
12043
13361
20944
20142
25
14387
7551
11455
18882
14817
23999
30819
11507
31806
6167
30029
8604
3660
31507
17708
31425
3790
8948
27022
28879
23890
5798
7422
9772
23663
4338
18288
23057
10572
27125
4576
15772
27745
13521
23861
7969
10114
26018
8299
24514
9497
5044
29169
26431
27827
11251
16464
2575
24766
10146
32270
5551
27024
6992
17618
30522
20908
12808
13256
12346
14145
26825
3399
3517
14068
7733
22450
21932
13279
19085
1436
24153
24794
29661
26927
17495
28409
12916
30414
12942
1366
22935
6905
28814
26128
6263
10097
11044
25747
10080
7069
11051
4378
21810
19501
28325
15731
2325
11773
22539
16130
3177
18492
26593
4617
12540
4557
13452
16935
10112
15853
5224
15390
6716
15383
11798
27865
24577
28452
25363
20909
23392
24503
18575
24031
23066
28120
8828
22886
2264
17887
5349
7411
20252
7316
32641
20271
10104
30356
14216
1859
18430
32503
5061
30878
12023
12591
32493
3058
26584
23091
1071
2432
7281
13534
2572
14486
18024
9617
12137
6230
5350
22816
32482
5560
23184
19180
27746
25299
6073
30284
20720
21336
29909
14130
22732
25183
16689
7691
6075
17766
18914
15078
14239
12438
7420
9177
30026
12361
3332
15008
24468
15306
2215
30088
3243
25947
6827
12172
14763
19325
9767
17341
2159
12139
13039
30695
20390
21736
24147
31345
12585
3898
17417
30597
27276
8055
29543
2417
5106
18431
17621
2125
16678
14666
9091
31966
14568
15332
8023
15035
13957
15285
23338
26030
27051
6278
11059
26205
10362
24513
30659
4650
2014
21368
14387
2647
19997
25257
6683
5742
29612
30401
10437
32224
9799
14942
2274
9452
576
15705
7291
28866
30232
6660
9002
14057
1100
32688
10889
15326
22385
18035
25323
1278
23683
28712
11338
421
22395
15030
28545
20376
9759
10134
6075
7840
9502
7311
16428
30584
27484
452
27135
27113
20363
241
20111
26164
27643
18930
8665
17840
5299
133
22834
18100
29632
14160
18997
32695
16333
7206
13824
3510
16628
14726
5280
471
6100
29028
13513
21067
31460
5420
970
21112
24070
16133
4545
30296
14432
20563
9739
25884
23655
14719
30719
7958
5692
28410
24540
15061
1084
12159
5119
32146
24019
32665
18010
21195
7312
32358
13857
26413
15231
30618
2502
27319
179
22214
1320
15901
1314
24539
28680
3946
28342
20714
16572
10730
4256
20781
24359
32071
26096
20811
5096
8178
6754
16600
30674
20676
5499
15643
30620
15334
15317
7445
16346
1774
23224
32446
9516
26698
29161
14738
23734
19938
20423
23116
6352
22265
13203
3058
24062
9556
27152
4625
9250
18847
6220
14410
6128
20236
10429
23309
4259
10813
3727
28069
3566
3940
21309
8565
21046
29609
8799
4737
27902
15820
18371
7472
18851
27147
21438
16720
5705
9542
22980
13914
5909
9057
32055
5367
14749
13546
16509
14788
31900
24571
19029
17746
32747
98
5483
23922
20652
13056
15914
5039
17864
4207
25297
5403
157
31464
18889
1871
26096
867
16950
13997
9001
10751
29388
31208
5055
32165
2787
28359
6897
24296
2510
29733
17847
27184
4201
1341
18680
19736
28914
23076
12285
2836
28954
29079
20262
30039
29275
26615
20187
23028
29835
16274
25286
11843
9906
32292
319
14470
31257
17310
12040
31948
27555
15909
13115
28950
30560
8030
18304
15545
27232
30441
6275
1795
1733
5675
10918
6433
11804
24913
30451
22336
1518
12689
21588
21747
19089
11443
262
2261
17476
13777
24651
25455
4732
23387
16479
19804
16760
26205
15534
20650
24091
28421
4164
29060
31739
6752
27781
31246
25014
25956
10270
15761
20357
8499
23099
5848
5139
1182
13819
9690
25487
30440
14880
4249
9471
30669
2316
19273
10712
18627
31977
11189
972
15232
19495
19423
27876
18876
21035
32742
30158
23096
20549
25389
28280
22271
15075
16570
15582
30956
26373
23260
5664
27756
11249
22033
19927
13189
19752
19238
12201
26904
16536
17568
5915
18787
9491
11099
14759
9161
32000
26225
22287
6614
337
12893
17392
20350
8373
29537
666
28837
32526
1829
24095
12261
2341
22944
15274
8843
28828
16699
5650
7650
9253
26164
22447
31157
6130
14657
1645
23567
29293
15735
30238
29253
28968
10601
29973
15158
6679
9108
9968
18130
3325
7675
437
3801
2340
5390
8481
19685
31569
13776
25660
29099
10231
12089
2353
8574
17835
13017
15197
23061
7128
26815
18342
9613
31156
23193
27406
32433
6514
6685
28551
19066
17338
9895
2826
2770
18262
22051
13539
11933
6446
17709
25935
8954
12406
4727
29512
2502
29478
26987
1184
14691
18090
8210
17485
27063
6363
27701
21252
12919
29999
29634
9737
16037
31276
15472
18501
22871
17187
16038
12697
14267
6682
8090
10354
9304
1546
22198
24989
28566
2379
16959
21085
18817
9292
28472
26811
26826
28807
6276
7710
8974
26548
8524
6171
23131
11069
3744
19342
25585
24563
17505
21994
19525
29183
2398
205
7244
21787
5821
9176
1013
5378
13981
22717
3576
18980
13817
13721
16590
18079
11727
389
20736
3947
26498
5991
18597
30164
24702
27407
18470
25902
12570
25727
17477
14532
23234
1417
25950
11793
16725
3488
27628
18227
21452
4072
15950
12700
10269
12175
972
1291
3678
30304
28885
28346
24366
31125
10378
7385
2385
16621
22401
32316
8858
9215
27586
10833
14
4558
3606
1364
6470
30365
16514
29894
15125
13317
17934
14363
19819
24388
14282
14771
12409
14808
27411
27659
29974
6221
3347
1845
29794
11091
6023
14981
2729
24339
709
9870
31114
17603
22781
13132
13656
14968
3775
5795
8640
17724
17597
7944
428
20833
22227
5759
7784
19733
23620
20933
27139
20790
32071
16334
8441
19559
16834
3442
12046
25699
15701
12643
23421
401
15514
29794
82
14553
22443
18866
20757
1975
3557
3021
29864
5773
20204
29015
30322
30014
5359
20048
21182
1528
29742
30093
8797
2641
17337
20073
10643
1686
17274
29368
20017
28511
25461
26876
14590
21863
4175
20188
9819
923
10509
2001
10791
17265
543
17443
27361
15227
6557
29716
6156
7228
24784
31578
8152
3898
16116
14547
26622
7252
12604
13941
3564
31062
11287
5508
29218
30667
8626
2823
4828
1299
20926
124
31217
28853
18035
11467
16891
27894
8917
14713
30392
32170
9782
18462
21680
18762
2300
27673
11288
71
5796
27778
27383
20126
10503
25184
4743
2989
26844
1820
7134
7236
30591
18230
4045
15104
26097
27959
22025
6868
7455
30951
32648
6121
7015
30399
4142
27304
11096
27553
2985
4373
30649
10439
18842
25182
8397
7162
21749
179
14038
28676
23210
7513
15832
4455
27525
17146
7839
27471
5458
6720
10499
28870
5958
23714
2923
17959
13722
27005
25488
7893
28793
12646
19588
9004
8732
27583
3570
29368
18484
19080
20647
5797
31880
8312
31825
30839
24799
11596
8839
12540
544
1120
6922
17278
30392
16764
13643
6460
15420
32752
9005
20764
6223
18403
267
14234
199
26088
7933
31492
20235
24786
28503
28649
17087
458
15987
31183
6052
8862
6065
27684
12985
13916
31675
30583
10919
16416
19470
30440
12123
11306
4022
12765
5365
16179
30040
26103
1505
4097
13942
11589
8259
16186
16367
5303
665
24950
17349
30421
2972
20375
6179
28336
20838
20829
1951
30489
5082
22069
30396
2578
11841
12370
691
21634
19505
1535
32115
21037
26035
27956
27366
26082
18084
25959
25462
16886
9564
9124
32720
13554
3214
25824
12775
11913
7279
14987
12092
4301
26395
1380
20574
8610
27700
4753
2476
12402
30668
3823
24930
17442
26757
17575
1748
25925
8438
22274
28404
22672
10321
28798
6682
23950
15939
5921
26373
17813
26140
6925
5917
30457
11568
21333
26618
12415
12413
7439
26154
8469
9614
20650
23855
10176
27295
8578
2248
20437
25089
7090
27506
23916
7360
13353
28205
32274
6276
7937
11651
29118
5301
24588
6087
16391
17122
18863
16539
19859
22116
24051
3508
26067
14142
17881
8418
3309
23624
21230
9034
11770
4237
16160
22006
31090
10225
7888
2961
2020
26391
14632
28523
5355
8833
15023
15812
26205
22777
30234
20806
13253
19760
10086
10707
8724
25254
27939
20609
10131
16841
27667
15587
27676
1889
20723
8075
31114
811
9369
13772
20590
18884
9791
2757
13572
7625
8223
18842
18533
29757
27200
1285
16893
6187
3983
6158
23872
12684
18737
1046
20377
13162
17432
28698
23203
30022
25812
11574
20124
31672
32172
25704
4375
13397
10990
20887
31728
10453
18819
12244
10373
28022
15302
15071
31523
20123
28823
27117
703
441
24746
18344
231
23923
30245
2936
11768
23812
4715
22529
3472
29406
9778
17133
26438
28304
4060
2539
14233
31213
13316
6391
11559
29035
1111
17885
1568
7113
26789
25848
25081
1269
15927
6976
23397
44
24932
4484
32385
5475
30047
27891
28494
24038
24147
12513
21605
5183
8626
28104
23014
23385
8394
24973
24754
229
24985
27909
11738
16125
23010
696
11863
16647
28800
29413
8955
28637
10491
14534
18599
18731
11609
11540
20671
17944
10806
16846
15835
5416
12567
11063
30911
11104
5372
6686
12686
28844
30004
27489
24890
2943
27253
28852
32575
4025
2604
13983
16273
5325
13330
27590
27858
30499
24064
19821
13001
18619
20996
15675
27920
13588
4788
25662
19980
23628
22978
1840
29218
27016
25809
28665
13096
26774
1159
4212
20506
7889
8676
17014
15631
27461
11730
18701
12139
29204
12029
30469
14933
5913
25060
7857
3948
3018
7985
12008
14261
29795
31813
8525
22744
26689
23064
7635
23181
20875
22080
30593
81
28696
21071
26227
19293
909
1378
8994
14552
24774
19447
18149
12364
30328
10751
5559
13911
1300
13109
5434
14243
3566
19885
5372
23
15774
688
3065
12879
21926
20935
28514
21322
22870
14870
26269
15971
493
28139
141
5507
15873
25751
19987
404
16417
15997
1493
22329
24760
12136
5438
29628
22324
25378
17094
26184
3688
4162
17779
14680
6191
11589
30111
28783
1107
31712
31485
3594
7853
24213
7127
13778
22669
11397
4505
16151
24924
30597
1683
19322
12927
30835
8443
13801
4735
5579
16177
28113
21351
14453
18759
4750
20590
25313
15297
25383
28374
15958
20377
22072
9748
4743
25479
28207
21297
23400
2687
7611
23408
28991
25466
20610
25137
30462
7801
27667
5653
720
21191
23835
22883
13554
2687
1243
18859
12484
10063
6873
27305
11296
1147
22230
30827
2282
31269
30465
9398
11496
9675
30314
17319
3028
7185
1977
11158
6064
26561
10272
19519
2906
31248
24206
16676
17248
28707
31526
25389
6421
20945
27375
7570
29669
11691
29645
2554
1253
13881
27824
6117
24750
17543
17931
17223
27500
25568
30344
7797
19250
19162
8186
13125
21649
26003
146
32625
9576
21817
1111
4157
25085
2256
2768
346
18509
21295
13571
25353
3489
8780
20388
19332
14946
15290
11654
6041
30766
8816
1621
7832
1579
2508
11655
23919
18332
31192
13712
23828
8370
2251
21333
22563
5540
19923
5604
25545
24578
28945
18018
8160
28230
31973
1092
12891
428
21613
29123
4581
24131
29512
1161
25541
16708
23200
20145
28933
4515
20327
21486
30419
32485
19936
16138
22055
561
22114
2963
26278
30121
30553
30673
28871
13819
14477
21242
4916
562
19367
31657
6003
3539
9713
8845
31173
31013
26461
9566
10318
9168
13001
5654
15735
3497
23425
16989
14737
14797
3077
20293
32699
18413
18957
15671
6661
14312
31691
26670
2261
2975
21104
22562
8586
15109
15857
30152
16480
11893
19979
30584
20883
13129
9349
6766
30152
7848
23733
31798
17832
4767
3141
10338
30926
6515
16695
11902
29667
2870
8487
21574
519
29081
3536
14358
15731
24065
29394
30625
27485
26077
8371
12006
20252
14646
22819
25440
14477
1927
28804
12157
20917
9936
10409
16978
28584
12518
10462
1933
27305
2829
14121
2987
16786
3016
5840
28779
3191
13040
12315
1410
646
10244
25947
22928
5937
29376
14635
22355
29328
8689
10742
17178
18688
21639
26298
11389
22033
22764
16651
10316
32415
22164
90
26309
24126
13782
31351
31242
17372
14842
5461
24786
24993
403
5646
10590
13338
24847
24870
16559
25751
19340
4116
16886
10961
15853
32766
23116
29136
24621
15813
5283
17420
20724
29505
8700
17107
20328
14798
29147
11498
14150
30215
12024
14455
817
8401
29752
17438
18762
8604
19931
9067
26112
7653
23287
2672
18730
25087
8997
23727
6483
18196
29818
25402
8532
14951
23993
11800
15401
18907
6342
9451
13053
22969
31070
2768
16775
26542
13318
31111
13465
32531
4417
6100
22262
17009
24838
3876
8293
11845
17009
1140
23299
30976
5049
6255
13021
13394
7778
13014
25534
5032
21428
7461
31046
31732
11627
12404
21820
16556
1712
6811
28709
12821
328
32409
2070
24769
19212
29751
12742
14934
22425
10984
32743
25490
25160
13300
13495
29580
19553
14293
12754
29757
11147
6881
6730
19518
7303
21802
23289
30163
11806
419
3350
10025
30808
26756
26375
20444
13295
2287
12150
4028
26115
26067
26279
2769
29711
6673
6665
16029
13340
30685
5643
15520
19765
14183
27184
28194
31770
30907
29542
17708
4153
7398
24724
32472
13529
14939
25970
23242
23193
12437
3997
27647
21785
7933
29163
26310
247
17165
6651
4107
1533
438
1041
12763
2456
8191
289
14629
25996
28400
17194
24766
14055
28334
966
3496
22835
11495
30974
16532
8688
25200
3170
16549
28738
5165
2138
25463
25830
15154
12215
5728
22122
14375
29581
3318
21918
5617
15173
14545
22086
24463
29422
28306
20497
3393
21460
23587
27599
19696
6996
13377
4318
10698
9198
13112
26341
22317
5276
24814
8133
8902
6754
13347
7629
20986
24615
31479
18990
28292
14531
11437
12206
18016
12121
2222
11680
8936
29159
9937
22291
31550
18971
23769
21066
9705
6249
7488
19564
19907
1370
13107
21885
11794
23847
32733
14477
23029
18822
7400
9263
4866
24004
2113
14125
29485
10516
15644
17786
28139
17191
24121
26984
27800
1788
21861
13595
2582
28666
3139
6206
12728
19772
8780
19956
9566
16172
17429
26386
12001
13139
2000
17547
177
21103
29462
5676
2492
5318
3556
12681
16530
28859
9955
21815
10695
22431
11500
11323
7577
29897
16843
9667
4307
25321
27203
29972
25842
19353
32595
19908
901
9525
17592
12329
18650
749
18611
23057
470
11032
28940
12211
293
26571
22871
12518
3988
17835
26230
20113
15290
13567
13151
13411
19678
16650
15136
23236
23829
20887
25632
29963
24235
10965
20647
4081
4292
8037
6304
29765
10051
10418
20638
8674
10731
22913
542
30431
20164
24265
30988
22277
21441
708
2696
26502
7071
26182
14569
13035
4624
25678
22786
18767
6937
21466
7333
12491
4537
7168
9830
14897
6603
20027
2721
3581
18733
15107
25023
1416
27682
13472
20404
9343
26869
29759
9420
18068
1760
21830
31656
21875
7211
23269
30851
6904
26520
13293
3515
927
6399
12518
27020
25916
19766
24668
28958
7660
307
17785
27842
8011
16501
23769
18808
14823
4768
25497
5046
15605
27751
5297
3940
15939
10158
20612
4395
7790
18160
25270
31983
7509
2015
23102
3482
4813
2379
10172
18972
8087
2117
30220
19376
27279
30852
28955
14688
15909
31752
28409
7371
6673
32252
12080
29734
3395
29921
9301
9601
27673
4073
31708
14155
14037
21409
22576
29209
17486
27091
28932
20387
1254
10411
3555
23311
29115
5400
3855
26227
31778
25717
30856
14741
4433
16745
13163
7669
1627
22540
31101
27661
98
27979
7944
32215
11527
1421
12006
10896
24358
24215
3291
12220
25537
16556
4648
11114
9017
27385
22620
3001
25284
7985
9838
6043
14875
4213
13321
29913
4467
14710
14119
20311
15279
24029
28641
1434
212
15083
9861
32391
11453
11100
20458
3181
30224
17042
19456
326
20848
8943
29355
22586
1268
4995
25298
6245
4056
6375
18355
21722
14963
5480
2169
28136
25193
13416
5648
30620
22306
9474
19256
27014
23163
26605
4824
31680
6587
13475
18581
21805
13000
14786
1956
28415
6555
15538
23516
20860
29169
23688
2320
3585
12611
31786
23707
6727
7417
6068
15676
28901
30939
2331
27941
6934
31176
17
12878
1981
20650
12584
22799
21414
25001
57
17646
26383
31647
10759
950
3175
9164
12576
5833
25685
18892
4612
26294
23292
30661
649
5390
638
21221
16510
8308
30398
12
13199
3828
11883
16581
26216
4758
23866
23675
6942
23602
19314
10730
32458
4229
18094
19667
16503
4997
4062
31732
3902
7666
27280
25399
17327
20782
12654
30250
14451
15694
5127
18095
5680
3441
25042
13301
5805
20048
1647
1446
823
791
6961
18274
29251
31860
12762
30829
2132
9709
15525
25508
16415
15734
14218
13238
32237
10563
30397
6032
29250
24539
15992
2841
4028
5742
2042
6176
6205
10600
6096
9106
1357
29510
18771
6897
20409
1448
13170
5633
23168
30888
2737
16581
1264
17515
25714
8617
10253
22773
16243
4097
818
26690
30105
28338
23547
5778
31468
32559
21857
1284
3554
24744
16935
27238
15584
3966
30326
11852
25854
30969
23748
14943
3595
30525
20986
30200
18385
18810
3285
8174
27801
23652
5260
31404
27890
30435
2740
32390
2223
7947
19553
1613
6447
19278
11919
10784
20705
13296
22976
15494
5126
22716
2278
7610
20153
3830
12162
22854
27693
11152
19214
16851
21303
7584
25497
32576
3084
3346
32689
17137
29515
20890
3973
5738
7742
21997
4939
30748
21597
15153
224
14974
16915
20658
11438
22880
18629
13270
14803
14717
4113
11347
21888
1615
15443
6303
16798
8743
28270
32425
29368
23676
28873
5318
17685
25219
13719
22254
3364
7681
2652
31784
1822
30302
9388
24643
27110
10234
27702
13767
8500
9668
9730
5163
29426
14600
25847
13896
5094
21384
25504
32014
28562
18383
11056
2678
10072
23490
11203
2231
3298
27000
10726
29117
7105
587
9562
27351
13908
18479
7445
2224
10732
28995
21642
3968
15917
10662
32298
899
21432
18316
28459
7595
22023
1425
16520
30866
1175
14157
329
2482
22349
11304
24068
15064
531
13423
24996
14294
23490
31912
13161
17528
11332
13091
30256
11962
9722
11218
11509
12600
3675
30298
18582
23014
23006
6762
17113
18689
16154
28236
27313
23622
1324
15290
17853
6753
4442
9970
11026
29352
30710
3085
31546
9481
5252
18060
6524
26177
27935
5940
2654
5199
25880
7196
23401
3881
737
3844
14380
2477
19753
15848
20612
26330
841
29141
29722
30528
13535
14332
1836
10933
31928
16645
13457
2634
25332
19109
247
3710
10852
18291
9072
9649
3383
14583
18221
32475
11478
28676
6792
27773
14604
10056
20296
29656
4714
11298
28705
23646
27626
2483
12155
21350
12242
27192
4981
30755
11227
8855
9000
25559
18579
7223
31024
580
20480
4373
24425
20067
1926
19989
22518
18265
8458
28566
14216
12711
18264
19528
13532
30881
18882
578
4486
17441
11018
23119
16366
5756
6019
30089
10904
1717
1650
31018
168
27377
2746
11422
11173
1835
5817
15837
21117
5161
14189
8183
3529
12975
2779
14320
12627
7922
30129
19407
20181
14415
23594
26610
22020
12605
25138
11940
30157
31617
30411
17906
8927
17569
11951
22458
26473
5786
12854
22532
24613
28885
17019
1429
2709
27992
6586
22722
18573
17978
11005
21635
15601
20313
1272
28104
26048
14415
23601
32016
5969
10913
100
28215
15581
6202
16677
8847
574
19992
1479
14643
19190
8006
7293
12696
6771
15370
1215
7269
20882
2399
14575
20101
25953
3237
15165
19066
29481
16280
27080
21492
21932
24703
24069
24994
8107
4773
23397
24904
8107
25357
4402
530
20729
1378
13242
31016
24044
23853
12464
29826
5994
10059
719
12286
1453
22429
26816
24751
30279
32513
830
27256
11108
19841
7800
5082
4176
1227
10935
11275
5945
28385
10304
22344
9269
11538
2684
30059
10631
29481
22102
22208
22814
740
32741
13077
3934
31656
19275
5904
23331
21106
13533
15302
18179
1553
9348
31880
18388
25491
28770
24320
29806
28413
29369
24958
27314
17471
14089
908
1484
1126
633
15560
18868
8980
15224
22003
10235
10285
29860
22597
452
14804
7915
1795
2833
662
9968
5972
29504
18404
432
6737
30421
17607
27749
19803
15993
7375
25515
17585
12099
31565
5601
9281
4151
12993
21714
23231
10508
28822
19092
4853
15923
22797
30129
20314
3604
8056
12421
25573
13211
28328
18407
16931
4595
13736
25868
19336
11665
11436
20135
7683
5749
9796
17749
3796
18348
213
32569
18338
8218
19530
1763
14792
22646
30727
375
23537
6806
7454
8203
26084
7661
14534
16464
32417
27986
27401
117
4268
14850
3516
19016
14505
24553
14260
6559
553
32541
55
502
26308
20140
5809
14169
17256
3223
680
7813
14320
12062
8178
10314
9464
15166
11046
31795
15344
25721
29264
13929
21872
22997
32233
15573
459
25639
17926
28549
2023
14737
18383
14417
17996
10826
3891
15806
10874
2717
2266
15650
12928
32309
12379
20489
11466
2199
28336
8408
10811
1776
15591
21168
22140
30481
24345
8341
10899
12216
19360
30672
11703
28177
4741
4497
14434
23676
22840
20441
28073
30353
16004
24983
24265
28257
15041
29202
3330
30463
20556
26502
15784
6208
8244
29970
21623
28606
14134
977
10279
803
9964
14152
1344
1956
16193
4352
21296
17099
31784
30579
3994
26746
31630
9261
5106
6701
3980
15659
22855
27519
16610
7559
11871
4080
21921
4439
5129
5605
12327
2258
13231
21232
6736
1716
9259
25938
20715
19940
28891
28350
25451
4692
5880
27744
15327
12585
27939
20510
25381
13341
10561
16158
21850
9249
30857
6536
31380
28486
24027
12173
6100
26077
19028
18344
19510
4829
9247
23075
28267
29574
12174
9694
24169
21060
3689
588
8033
18646
18822
4798
19954
11695
6297
16100
18076
28829
23630
5264
4215
10920
32405
30398
24613
25917
11581
15826
18181
23692
8901
11552
25257
16686
29039
25009
8331
15627
1173
7748
27131
16251
19520
6292
19548
21675
18167
11225
29072
3139
24021
5265
31921
13125
18143
6528
7938
25912
24980
17910
31013
14471
16837
6480
7310
2596
23718
20417
16695
11376
3110
10323
917
32095
23676
19496
16076
10199
22530
15110
22303
5210
17735
24851
2218
19685
2911
14812
3667
22552
12414
9372
13566
20374
9926
19900
12032
13743
23388
20886
15318
20029
15297
31870
30744
32459
9568
19459
27048
31229
29539
5490
7215
14892
7883
30108
25034
3920
9408
28121
3072
17443
10021
21069
12536
7811
31600
28010
20712
16152
7097
31926
28625
9272
11792
27343
30570
21511
5652
27308
30041
29155
17602
22565
2473
17151
14986
438
6521
26189
28584
16256
6641
17314
5809
31632
1915
30229
28012
3940
23855
13736
4068
6827
8334
1066
443
14157
21876
8539
25025
11947
28232
2642
31685
5160
3190
2076
11436
26856
9503
4518
19648
11480
24079
1244
5194
238
14063
31507
11874
16050
21179
15524
28166
10493
30071
6106
22890
6656
2590
7951
32655
21129
17628
4625
19479
20098
13692
30411
19800
17082
24100
9505
8367
10217
8768
18971
30998
30446
8636
9798
29689
31322
21622
2903
12358
22834
31219
23826
23492
16113
12625
6506
10917
17613
19836
11242
27998
59
14757
4179
14518
23221
496
2183
21533
5819
21613
27045
25152
9752
3658
17526
30682
13670
10567
27912
5325
4308
7529
9624
13169
17959
2803
28853
25132
10239
16530
20131
6979
5724
29144
27134
20207
12384
12779
30623
21428
21335
1663
19908
12526
2804
9985
30314
30637
22237
15381
16638
7618
26987
13123
5941
3866
17322
31469
6457
26955
21160
14981
17669
5485
29164
23293
11538
13355
30532
29566
563
4121
11204
28252
29885
2633
22027
31306
12524
13593
14792
7114
31362
4430
12413
29416
11185
8551
16259
2344
6971
18219
20303
15293
11736
8069
26611
5627
5848
20625
5863
12303
3081
32247
25098
26094
28891
22392
27620
31371
15554
30150
11566
31565
8412
31129
26516
30656
12500
8447
13753
24971
4870
18163
23676
10402
31716
306
16762
26556
30872
20554
10963
13576
19691
5620
11314
27419
26725
17827
25863
32301
14005
861
29719
12678
20308
9418
17463
16691
18534
18571
5716
21501
12513
30668
27831
18844
30192
1565
15239
14631
14234
9085
656
13263
20639
21688
13378
8141
5538
17908
3581
16281
3981
11142
17804
14685
13618
9482
12271
12969
26670
22194
17757
21608
14611
11486
9865
19219
14022
32237
1829
5924
19749
32339
8612
16846
30445
15084
6213
18923
18139
3473
26445
23862
3090
16360
19603
12730
5565
20608
18498
5002
23029
3613
6875
31411
997
32080
25721
15727
11564
15435
18777
12955
18050
22772
16281
22635
29599
19768
27200
21341
24153
5538
9599
22891
17676
5676
10295
23941
18494
16725
24250
3902
15235
13683
25302
710
32159
17483
13584
5400
7147
6367
6957
24692
17658
28551
18423
21776
20091
5187
12349
18955
21089
6992
12572
6818
10050
2041
27517
9126
14333
21936
30943
13613
32416
5981
23895
19593
9865
8438
23252
10870
6603
28496
2472
6551
32211
16949
23108
31012
25419
7350
25667
24541
11582
8130
9899
27458
29565
29432
7535
3845
25666
12218
20536
30912
26900
643
15972
23524
4842
30330
19535
14833
4499
8007
5586
31469
14933
5413
18954
27151
25045
30520
29787
27323
3382
26658
22196
31155
16005
14545
14612
20107
24661
13722
21069
12637
5286
18828
11784
22719
27404
27646
13321
25586
16909
3179
13492
17756
22474
28800
7888
12600
19938
14450
17036
25741
9363
32149
17855
22620
28962
16171
11636
13598
21373
4473
8358
6766
28448
17185
18504
3842
27445
27819
28809
11487
15871
7781
20309
24013
18296
8301
5151
15369
32569
30988
9438
27451
14747
11589
11349
32167
18460
28590
23960
14759
30980
12671
4300
21337
14920
18921
7470
28309
25518
10153
5207
32034
27698
16604
17086
19753
3752
13589
6526
23529
8612
21933
25945
16557
9879
2138
30461
17403
21562
14339
8327
30479
8240
18387
11334
24456
3047
15501
12481
2912
14527
4127
26107
8481
1902
25465
24565
16470
18083
671
21109
17984
13545
28413
16902
19147
22990
25596
17984
27072
31301
2514
16713
11324
11338
19102
12444
9825
19908
32180
31497
7499
25263
23861
24573
18758
7802
31204
27652
2110
7342
8500
5772
5239
3281
27046
27884
4990
21898
22865
28325
4447
29446
23234
32487
15384
5273
29703
3927
29518
15785
29703
26639
63
28104
2581
12518
2552
5152
31684
8178
6599
21012
27900
29004
17396
20772
28237
3091
18604
12305
17796
30900
16702
19266
9340
3176
11658
25703
16951
28158
30133
27996
2605
22490
13346
31312
21988
15166
23454
7974
25793
10440
3547
15387
1566
8764
13856
32170
10653
14724
15422
5037
18875
8437
25542
25540
25768
4308
11129
15098
30550
9753
16640
17062
11983
7794
23774
15504
17357
5515
6818
19029
13444
10125
8545
17421
20675
7397
12387
25130
19515
838
25629
16035
19230
22513
18271
29011
7405
10036
1231
19356
6539
17712
19606
30543
21653
992
16985
31952
6902
2647
1899
29813
28341
12617
13633
26416
29970
2253
23590
8814
2770
27489
23087
830
29399
16943
7794
31926
21235
24207
11379
23954
29438
3276
29663
6431
29222
17451
20605
5976
26247
6185
18017
20558
6908
20229
20067
14029
24372
16766
18127
13884
7688
26590
23646
18373
11787
14391
32613
25270
4195
14829
14669
19495
4568
29300
30275
2526
555
3931
5936
31855
30121
29066
24556
25767
17663
32200
5551
22571
16208
22144
25032
26973
17029
25284
19601
1663
11749
18066
25762
21531
25317
12374
26181
1698
18497
8113
30506
32595
843
2425
19036
12382
23427
32001
16500
3146
31849
11930
22541
1172
2447
2905
631
23449
14578
14875
12464
19893
26506
11719
11407
21933
23584
11475
4675
4170
11360
29194
32252
839
30767
19084
16872
19310
28479
21782
14433
30205
21728
18051
1637
2382
30233
22419
25158
183
17911
16364
12962
16304
5157
25182
6550
16435
4541
3691
16431
105
6238
31495
30241
29570
26495
24220
31164
31204
19458
18513
31771
9353
26124
7820
13727
18338
277
26293
7836
8321
12859
14910
8273
4789
12508
3296
21022
16503
7523
10279
5873
581
10850
48
12034
460
23522
17842
4544
31755
20727
22843
9226
28342
19351
956
7843
13528
27307
6216
14560
22205
19047
25369
27556
4367
32471
2516
24718
22335
7355
16653
24945
21798
17557
31502
23557
13293
25600
29652
19932
9770
8515
15963
11415
32587
9510
14108
7769
23096
14085
32723
5756
4916
24354
26757
10883
6404
831
27074
13136
22868
12653
5160
3736
19542
3359
6440
5267
25516
4738
20749
5624
24712
9233
25145
30248
21778
5732
28082
13737
21770
11848
25822
215
6574
17685
27787
5846
7390
1852
28978
7371
28542
288
20605
12620
20252
28199
15366
21525
16082
32272
14690
30204
10094
1159
25438
17703
17105
18166
20616
2428
22165
23711
17138
9561
499
21736
1330
3717
8931
6133
6317
21351
5764
13692
6422
118
22719
5589
31025
31217
18215
16721
31965
7632
2852
12749
5201
16890
28497
25223
31910
25272
9250
4656
18838
5482
14282
27458
15491
4985
17756
1683
3258
29068
7984
31787
1274
22271
30856
30290
6704
18833
21107
31470
24453
24924
12274
24332
31642
30987
21850
6333
786
11847
5881
25379
23634
18034
31484
26827
4228
19352
12944
26685
11746
30114
11848
1746
7985
13261
20927
17862
7307
27227
2686
19854
6498
14473
20000
876
21442
23232
17332
7488
26838
32015
7266
10145
4782
4569
24402
12844
29503
203
11465
5660
4268
16913
15509
2844
26308
14794
7084
32345
12747
26553
27920
24538
22141
16189
12789
23060
2896
15235
23846
10169
9978
1018
13733
31698
14387
13575
19601
12301
19132
8443
2637
11608
32160
7490
5855
17070
20154
12252
8598
24113
16247
12562
19440
23674
14045
13665
15290
25133
17612
21435
6265
29648
10884
7151
30729
16349
19560
20837
32388
20245
28930
15886
13670
3864
28998
12699
24046
27443
15899
237
17095
26489
24343
6605
19687
29205
20106
32478
24504
24286
22207
16335
16501
16684
21630
16853
3287
6122
725
27737
1266
32749
13337
3566
11353
24708
7207
3461
1673
18001
4079
15332
29317
24663
24116
22868
27069
21331
9613
9114
9780
22352
19376
41
29666
21366
31215
5782
12632
27683
17155
28492
17314
14141
22025
27265
369
2758
25290
9065
22906
6576
4927
5033
14361
21235
15957
2830
28730
14046
14317
20351
11129
5802
25127
31024
9608
29269
25568
24345
14033
26798
10361
10151
29277
28076
3290
20913
23285
15107
23991
18861
29575
12025
2834
24356
11979
3446
13570
11875
549
22363
30130
21108
8142
11285
3244
29516
7215
26994
20312
1094
653
32179
703
18128
7403
8162
661
25956
29484
25190
22903
15035
17785
21460
11889
6461
1506
8712
11203
9915
5448
29557
17125
8288
18298
27321
29128
6885
29342
2164
27999
4869
3539
24411
21854
25137
8980
20104
21826
27524
6239
13844
22161
5369
5143
23016
10339
24796
168
26320
16417
15230
29545
19922
30605
20781
31430
27069
27650
99
6046
8964
25341
15422
26090
1485
22493
29488
14496
32326
5863
19960
11479
12088
2445
23249
30763
5854
6128
30953
30307
30199
17315
6164
14929
11546
24498
8386
9722
1098
2531
6191
19959
4298
18747
21721
11291
11570
30148
22327
25942
14275
19854
6824
9945
2808
23284
29354
24187
25693
4128
18508
21084
11684
15314
19430
23496
23542
15196
28423
18782
22919
3570
15023
11377
11629
11552
21950
5550
21938
20124
20397
1279
1960
29502
892
4272
19068
26445
9963
2001
8206
6140
23021
5083
12288
25140
19034
7574
10510
16020
16356
31033
19613
28343
9292
7635
22678
4021
23510
27627
17268
13804
506
18275
32412
30208
24156
2211
13037
32544
9726
2291
11161
10891
23732
20007
25395
9299
27353
6530
26377
4449
15169
24021
1203
22202
30062
24807
30188
26113
10247
3097
32417
13116
30597
12362
12616
14299
9520
16633
19827
9974
586
19113
27813
14038
9098
10378
29028
9143
26828
15701
27791
20428
11526
13176
27890
9348
12926
2163
27928
6412
7994
26498
21344
533
7608
6012
14419
3799
30176
32763
26421
5973
12855
2493
19674
8163
9557
24138
18620
13798
25497
19159
5194
2524
1307
19051
13442
27292
17378
31552
10689
1502
19032
876
20954
4605
17914
10432
12390
17660
4692
8177
4444
15560
4141
22261
14818
15548
31999
16048
7010
25706
24234
22480
15583
17305
22376
1782
20106
28554
30212
29718
7056
32128
22087
31008
20023
1662
9652
25568
14889
6227
24693
3875
8463
14292
23188
5915
9570
22633
26990
11524
24446
27851
16741
19976
18681
29963
23510
24928
29234
11735
31051
445
13869
17657
5105
30182
24734
14112
22092
7330
31299
15075
27177
20440
12151
23811
13268
757
1285
12784
19852
8334
20282
16527
22324
27463
7998
2619
28235
26099
6820
21514
25118
1788
28991
5457
30780
15109
25911
12138
21803
31439
6493
21172
23897
30809
6588
13532
8789
10060
21104
31835
12351
9365
26812
1344
20350
16724
10838
25392
3760
13557
1797
17579
10471
15004
18542
7056
7186
7623
31787
12004
953
31279
17438
31183
3054
13039
261
31719
4224
25831
2894
24242
15473
22627
28204
5221
15786
13816
22762
21490
24814
687
14976
5698
10765
10086
15204
30911
15450
1906
2466
10518
10078
27273
11055
15931
27598
15840
19066
8877
19643
28816
12613
29691
16649
28478
26035
31623
6434
763
7586
9354
11499
5993
31802
4952
9720
11295
19910
16870
14844
30031
13763
17801
27011
28582
823
8704
5859
27508
8005
19893
2415
21261
18941
19264
12527
12399
6521
31789
15693
13861
28453
4351
24209
20331
22366
14964
16655
31634
1855
11
6623
30886
27831
24516
22414
335
1247
6951
19219
8693
27787
21895
23813
26919
24352
26504
8971
30526
6053
3039
27027
12605
18460
18777
1479
6908
6930
15903
956
7302
29557
12344
1261
14015
24230
1871
25321
27466
27855
5047
27208
23465
25463
18092
16867
25510
32339
16348
21061
13042
12895
21542
16732
10765
10030
29089
22132
32357
23166
1248
23143
27074
8720
17268
18445
26849
32695
32691
24826
19807
31662
27064
31337
9946
31022
25003
5747
18258
14656
16195
7557
26325
32721
12936
19472
10843
3844
8670
10370
4591
27852
10559
5494
4623
9913
7880
21543
23638
2066
16503
2859
7000
30245
28467
9566
9678
26331
6924
7452
27891
9615
17605
1971
10797
23072
14479
29975
4080
1605
26136
30680
479
27937
31172
26962
6197
6424
6970
15908
29284
29664
29987
32483
7420
9435
27182
14607
3789
10660
7000
31813
336
23784
9066
14263
10307
24439
11203
3034
3220
6042
15959
25694
3712
15016
30968
28259
21244
5332
1493
16106
8276
841
32064
15753
28178
21625
5300
10084
11297
689
16150
15960
1330
31985
8763
30841
8287
29180
1451
17343
9742
20907
7844
12796
3097
30854
23906
8465
27948
14741
8094
13154
28526
14964
27733
11399
32355
21926
7370
1605
23569
30507
5838
20924
19809
10069
31807
14561
26057
14295
29647
13359
13864
18207
28422
18586
25329
3558
4491
25029
25996
11013
7583
7284
31993
24970
2538
5444
4535
32011
9338
3994
4324
20538
26377
2265
677
442
24702
3032
24520
6961
22455
22675
27304
3743
2950
13344
3921
9710
13305
29925
3813
4298
10463
7945
31295
1202
20871
9512
16341
9039
16843
8523
20707
6917
10317
6679
8646
13769
29185
10308
2469
18994
18156
4177
17751
17106
17451
9334
8577
12230
5942
731
4095
5772
24166
1031
11398
29717
29365
28059
29831
9499
32454
15680
13910
10421
1829
8158
31627
28969
18383
26895
29353
14081
2805
7891
7165
609
23805
28037
15817
24215
16842
6157
25506
27636
20285
14424
27927
17370
20731
25605
28563
25367
22897
2401
28549
3697
25622
6294
13501
25986
27888
19743
15897
6087
8538
11135
6242
28659
3588
1843
7281
10633
28219
9445
22678
17577
107
19682
10554
19498
994
25038
17602
16874
17366
20375
16055
9570
21418
26279
17956
18558
24685
30558
9024
26283
15268
16831
14413
12849
841
3433
2496
19395
2835
32201
4514
22612
27384
30351
25142
10541
22257
9310
23516
10813
9213
32200
31285
2736
7784
20601
31880
21443
5453
11954
28005
25046
16218
20730
19848
29634
23763
16400
26111
17518
15065
23331
1424
25245
31725
3653
11605
15114
18864
19742
28841
2231
21484
9693
3144
8066
16600
116
30897
17657
29336
24069
31695
2927
17924
11415
32217
25424
11946
782
9591
22193
21526
22874
32550
9003
5201
4334
13277
9706
4007
24948
4849
19969
8621
32191
29494
2304
27523
1281
12135
24009
21335
5182
16839
10655
7466
3072
17161
13184
215
24141
20589
2485
24913
30934
7469
23975
2348
8049
13079
20980
4191
19145
9851
28354
20296
24404
16711
12372
752
20614
26993
25563
1681
1093
18069
18062
18005
2716
27360
6908
20321
32179
812
10401
8466
7679
21100
22968
9094
32438
31819
27473
26463
22150
25360
25507
4803
18566
7365
17059
8103
14701
17304
8406
20302
1282
9601
12387
30476
10195
5925
21612
2640
12586
28155
17054
1506
4413
26029
25351
8296
6053
29889
25128
25647
13841
21624
10572
5672
23356
16374
12568
3633
31260
11940
25186
25750
4445
3539
31047
6360
18189
15778
7799
5549
27801
21793
10964
13895
32504
29110
18748
12505
30502
5568
27298
2648
32468
23163
16484
30591
23902
31012
12504
20245
12541
28509
31272
29042
18494
17106
30561
18752
12210
10269
15302
18815
18407
4327
30826
3275
30616
25936
24574
31202
20001
27793
31975
4449
10805
10464
11668
18638
14547
10901
15118
5851
24694
7818
15824
5353
27789
7111
17626
22988
3370
29791
29441
29134
32510
3477
1673
6134
28549
835
32501
5258
29054
6781
21790
25810
5534
18289
31107
4127
31621
19089
3296
19980
28401
10485
1794
25092
25906
1018
16345
20484
28382
5168
3791
20130
29125
19315
29784
6735
16167
25175
458
3545
23077
21706
29552
9268
630
4596
12505
18297
22363
25442
10102
4399
9941
20324
13157
24522
15637
31411
2695
25969
18484
19799
24024
5124
9252
24264
9472
2654
8935
27988
18469
26327
9470
25792
7172
8973
5669
14386
25664
23781
8765
4943
20473
12492
13962
9888
9377
2371
8990
4922
2827
1946
28821
14750
12997
27131
15875
28638
16296
4779
15147
25345
13741
5261
4850
10153
22275
26856
23059
15859
10334
12905
22035
3231
3985
12652
12408
6001
16479
19831
27190
29910
27534
22535
9066
18123
25662
27792
2890
15099
12153
4543
3164
22055
12811
2
2279
3787
28820
12618
15272
31487
5595
7696
4293
5531
13157
19350
2823
24222
28743
3951
2371
23249
6712
11329
25
13991
19690
11210
31713
4200
9115
6689
32483
11662
10471
1598
4038
8048
30944
27581
3148
6941
18784
27103
5180
2187
19614
27602
8351
3313
8704
9778
6958
5233
18736
3535
2572
7930
19314
11185
9137
21613
3893
29273
24358
9214
2535
30794
21624
29406
17422
15304
359
7703
25493
21472
18014
21431
12387
12968
12200
1840
18227
23752
24288
1279
28319
14905
10409
27020
17021
25677
15008
32593
10607
5360
23951
18495
18614
6957
10212
13917
27207
30964
13409
22451
2337
3610
12564
31078
30685
29857
23178
1572
21895
29242
14144
9154
17580
8968
10074
21540
6324
16807
7319
7518
28018
12397
3717
32024
23802
10223
32497
11063
18355
11975
8866
28602
25261
16021
583
4065
52
14916
10157
5781
18085
6543
11061
31748
18816
28099
13702
28812
14527
9158
18815
20186
6758
10072
27247
31059
16988
19353
29321
9906
31865
7371
11666
25075
7392
32602
3037
16753
27279
16409
377
6475
6196
31183
26025
11531
16194
29682
26260
9354
4421
24242
25918
18446
13171
4154
19895
18358
30851
10034
16275
4632
27842
13960
6809
32296
26723
24176
17344
19548
7190
30377
13911
17165
19421
11778
13699
27169
11291
17182
12782
10727
5358
14964
14270
20802
32703
13721
30916
18186
792
20418
18166
27311
16565
9093
4896
26655
31197
24031
17366
746
15859
635
30893
7332
26440
17713
3499
31372
23091
7374
29435
3690
14948
29459
11493
18110
2677
5632
4094
10774
27074
20050
3484
16832
25723
16202
9357
6049
2551
29616
18953
19301
15691
15384
24292
729
29724
16996
1288
14740
22449
30346
26915
13277
31820
14487
21661
6345
8891
25588
7117
30628
14378
8168
15468
15506
2107
6495
16458
22646
21849
2538
14399
8211
19273
12294
25445
9842
1
7329
22148
5763
30398
31194
14286
20486
22865
12041
25293
19372
23481
1535
2201
2682
32247
13711
8270
5231
8222
30029
15293
19046
7338
32405
5218
3902
23826
7887
25751
3127
7329
16114
24838
5279
19841
1095
26212
27823
21529
28272
12125
30640
3225
5800
9930
4449
20178
29772
10794
5789
25676
19099
20560
24889
9362
9146
2137
15148
11217
31994
9441
3314
24481
2142
10103
19250
13859
10072
24653
26526
29516
724
13876
18714
20608
25719
10952
3873
16995
13609
28392
9317
20716
17617
7018
25782
13755
16223
25100
23077
13484
29456
19117
21865
25260
19437
20669
25986
20171
10390
29938
29340
16787
27709
5948
53
1688
29173
11516
23170
29777
17709
10097
13071
9766
17271
7794
28839
7370
2959
4963
13939
14539
23960
24674
26213
17256
20648
10177
8920
31138
391
22457
4976
19862
7860
5724
29000
21001
30121
10700
7756
1093
25952
12459
19427
26660
23062
16082
29906
10858
13903
12870
11869
15703
19738
21607
5294
9085
20886
7019
22139
23760
24501
8203
9188
10748
576
7036
1178
6651
23068
417
22854
5606
19147
2943
3113
24331
20533
17905
13567
13121
25001
30877
13354
2936
1567
31014
2316
10388
32192
16036
26549
25212
9384
18769
20926
28013
29418
12932
13940
2453
15828
30948
24122
20701
7797
23765
9512
5894
8541
24887
18680
4087
9124
17488
20003
12373
302
1286
16455
31829
30764
18514
20940
14542
26086
13041
7879
12947
16569
2909
5918
4095
29531
14331
21486
24785
32103
28054
23593
24634
32021
8716
7300
7477
1608
5959
5776
32023
27343
4719
2854
19559
22500
4958
9225
20975
27897
8277
24775
6163
12213
31213
19168
24674
313
19280
13610
30059
30887
10920
2676
20178
18149
32216
28522
15267
1950
5995
15289
1765
9098
8137
3699
19059
10224
7857
436
25607
14185
14563
16774
16536
30694
30237
2562
29158
8692
9033
20664
16979
5439
9461
7505
15092
5717
19971
21875
20456
6573
3746
32741
9960
16360
3965
17140
11296
26454
3378
8725
26941
30396
2053
16075
21192
17749
7126
8395
32690
17430
5200
18783
32560
19510
4452
5640
16585
14062
20469
13927
17068
8830
27349
14685
31304
2160
10225
30066
11031
2336
9672
20595
8122
4220
32034
10847
31051
14345
11006
28549
2287
2599
22220
5606
26538
2709
18652
2528
16504
10295
9495
19982
153
31767
15853
21098
25132
31147
5006
18100
1279
29782
21341
27672
2470
7728
27553
10763
25290
25610
1918
27254
20676
19117
1829
278
15210
12643
18503
8738
24105
7609
21199
11311
31317
29826
15824
18770
956
17439
24764
11140
31617
1022
9432
26698
27944
28001
2796
14229
16877
20833
14655
6630
24154
4146
9666
10679
15896
5544
12428
7191
518
32506
17030
13460
9352
19911
17512
12381
18466
19542
484
27816
21573
1826
19744
19538
21608
32662
30314
8389
19803
31765
27688
6687
31960
6461
5901
657
14172
109
18067
18692
22580
26500
16805
7939
30683
15852
20379
11733
23683
10968
19820
9961
22770
16585
8991
13176
3471
2647
11651
1893
16317
21550
28704
7016
15207
22615
9069
21099
29404
11961
29508
3636
20702
9951
402
30533
28917
28411
339
31744
12810
11307
32190
19215
22320
26620
8636
19715
10949
30509
5023
24891
22458
15797
14609
25096
27951
29702
30538
13326
16451
20884
17287
25838
8234
16529
6071
7458
4224
32507
8055
26920
32220
20697
12608
7650
8361
10178
26591
23613
561
25502
28710
30737
22523
4273
24290
17992
10583
18133
8973
5699
29495
3590
26692
23161
15936
27684
32123
17505
23329
32757
5103
22419
14628
19818
27228
14378
2818
7971
14448
14444
11772
8500
28288
27053
1831
6442
7547
13424
19208
24393
6940
15312
25440
32024
13923
4126
26441
5408
4165
29900
22914
30704
27811
15753
8456
2660
3961
1710
28646
24871
31320
19673
3149
13687
7702
10199
12263
5928
21700
11464
29033
32748
14304
15229
27752
11217
9932
15141
7021
23307
4479
2601
6219
24820
23419
9556
14000
9297
27390
18999
11515
29911
14461
6348
16205
23022
29262
30809
8419
16052
2213
17303
32675
8005
13761
20
28148
6970
22119
9430
7891
4463
9872
13377
10276
10506
13919
11579
16197
27576
11093
6029
9193
21818
8648
12172
11556
31777
17041
29946
11458
14293
24838
8487
7389
26588
13608
18523
19375
16473
1565
10872
31140
16339
22752
30428
7603
12856
30519
1925
17391
25890
25317
22392
14937
29016
2337
14435
32761
15768
19016
2945
10797
7828
10703
446
13376
14394
14971
10012
27966
1080
6868
15701
30727
8640
5591
10690
4515
21128
15339
31355
4565
18710
2070
18112
23027
11322
25969
28311
9716
29660
10457
32183
29643
759
21224
13733
29940
8934
11811
797
15948
17375
7541
25267
10789
9917
11997
30906
8346
21506
18019
24677
14880
1052
30032
30252
28766
23783
20894
8561
20799
10356
25006
24932
26693
26889
28729
8484
21024
28264
23689
5927
11903
20564
15081
13275
25638
29266
22874
25485
27456
29869
31879
10123
4599
14012
26875
19077
28483
20071
3218
13369
30719
6376
23597
8272
27202
18639
14762
15490
748
5449
30228
29185
12671
28321
17430
24085
15921
23559
11958
15875
5695
26257
26688
21044
12931
13695
1407
31891
19529
16323
31027
7735
21599
14017
25536
30786
24683
3667
2852
5129
641
17936
3883
30325
16117
22478
11750
8873
5230
28517
11353
12260
19004
20406
14196
30377
30956
2284
20805
6430
281
25602
7787
27315
25733
10118
10190
31491
13672
6556
25741
18431
4103
25413
8248
23369
21129
14561
4416
22238
1798
27635
13227
13560
13282
18981
15372
16179
1625
28044
14003
238
2906
25132
10017
14580
27289
17599
15295
3676
22496
16050
27087
3245
11941
881
1442
11078
27618
13028
11019
25597
31265
17721
2581
7431
982
25573
27633
27160
16370
21477
1074
26826
27829
21834
25149
15427
27844
7156
5882
27666
14971
17822
25296
10843
9604
28955
32721
17716
3753
23262
23601
18254
5606
8896
22781
3032
28355
7934
24841
18848
20193
24705
27691
22908
10962
19555
17062
15336
13613
28334
5353
8688
21474
27239
15226
32081
32716
10955
13101
23515
17029
14808
10649
4633
18046
24591
11724
31028
11599
29049
22846
17429
8267
27624
1284
12234
20312
19071
24390
4907
20990
12916
29939
4541
7869
23829
947
30166
3236
25353
10270
30210
4895
19673
15403
27046
15377
3247
31211
12515
31778
17757
13943
21437
25947
672
18727
7293
26608
18086
29444
12627
5468
4303
23168
28992
6579
16817
28517
6195
24372
94
19212
28275
4126
1257
24783
1852
27334
27686
4800
21165
7141
30898
32412
1762
4918
25907
5882
9309
1601
11233
23752
6570
5489
26438
19704
19010
18285
12353
22135
31921
20133
7505
27743
29684
19755
18192
2157
14373
2757
30206
12725
21082
20800
23936
23444
32714
25351
2089
12519
8241
16372
22839
8058
25462
11365
18273
14276
31371
11923
13520
13521
20374
30239
2155
16511
2382
25070
27735
18413
23975
6199
21950
29745
30641
25818
14800
6985
29885
20980
5128
15700
15555
11952
8625
25091
14848
30816
30376
27210
13283
22988
20323
10843
20778
13513
17458
24532
1353
27150
16837
22583
27915
21316
27375
23452
24187
9052
18345
12194
12293
8485
25946
18091
31449
28702
19542
28489
23696
23433
28324
6131
31762
22464
29700
31485
21943
11724
1840
18119
4780
1332
2147
5684
28569
16403
18712
19805
30336
23917
13588
11911
4073
21955
3238
15187
12092
9701
5166
13877
7790
31752
23772
22567
11487
15128
2746
3743
17795
18512
15341
21950
12353
22279
30008
714
664
9933
14273
4830
904
26550
9240
20960
1712
14582
20085
28084
692
30126
10305
18863
26337
17414
8920
9807
29716
6780
28558
28969
7383
12156
240
20770
12494
1840
12620
17122
22354
5017
12915
22918
7515
6879
10941
30613
6819
22501
9038
5174
29192
2337
11160
24736
12594
25003
22049
25041
21367
4243
29318
21123
27643
21112
10433
24924
15132
16726
22951
8037
13069
22176
26804
12989
12224
21391
21259
8591
26122
953
14265
18753
19970
3557
13626
21998
3242
18206
16446
19991
8401
15366
22445
1685
22327
25709
14824
4818
18931
13602
32594
1337
28434
1033
15887
5099
31361
29294
6923
30132
5933
20889
27710
2877
15208
13731
20527
10371
7311
10888
24247
4743
1513
16252
22280
1352
5843
23683
28397
21998
11290
5692
10068
1352
30889
29693
18953
22136
4452
23589
29892
15853
28755
6830
21862
15506
13059
13826
31616
31557
6185
1552
25365
14987
137
16798
7329
27266
30486
30177
13913
32535
1115
7243
19125
21624
20761
17060
22572
14285
23602
31068
17982
26659
18373
31776
15288
9128
411
18603
10804
5406
19138
6111
13023
13706
25207
27924
18559
30252
22602
12208
12980
18100
18812
759
22141
19379
3500
20517
26623
22864
5810
14010
27010
1596
1996
22294
7101
27368
18424
11077
17235
24821
5024
25116
26525
22252
20860
28805
28330
3119
11957
19735
14980
18735
17990
2538
11189
26592
22440
16553
11530
16490
20654
1256
11415
20002
11950
20664
9723
8376
31457
8057
8678
28081
26124
10992
20184
22040
18272
32410
5931
13425
671
21823
22611
1775
6529
29897
8037
18919
27734
31831
3798
22147
28140
22670
20869
6587
20147
21039
16124
14209
25375
27375
5363
28220
18766
31875
27158
20088
4587
19962
15881
6876
28754
4943
19112
25692
13813
2879
31379
14000
7422
12120
10474
26884
9782
10835
3669
26353
3621
2211
32584
1452
7547
22350
24453
14717
22702
9468
28386
16243
21221
6477
21324
3927
10261
5744
1036
10718
25193
6386
31305
5922
20200
18899
19150
10579
1362
30431
3342
22442
10058
25915
13157
17823
6842
12863
14497
19036
17268
13955
18113
3185
21
7997
15101
1481
28207
12746
11014
989
14759
28042
20366
30759
31579
32753
30731
11482
27400
16091
27576
12752
26732
7456
23517
5572
8103
19817
19281
16321
19687
1858
3901
31962
25412
8816
19746
5660
6889
31876
6686
705
10869
23728
8043
2726
12193
18906
26664
27904
2850
1775
15452
24394
13265
10618
11576
30850
17673
32373
13980
23700
19536
12638
6621
15383
6714
27022
21958
31799
6795
20935
24540
6898
30620
15884
742
9096
3328
25525
1709
18220
28006
22466
1281
28160
32705
18288
4092
21568
30631
7946
3467
1981
11511
4866
27689
22926
5823
16192
5358
6146
27997
20666
16073
9433
14308
27973
1802
15283
18625
19882
29475
31944
28062
15869
16303
4058
22150
30762
8371
29544
30794
3281
22308
19493
28196
20052
16298
18600
7835
29230
16036
28005
10150
23686
11628
23772
22036
18947
11484
28688
11307
19427
273
13115
15248
19015
23150
6848
22119
209
12260
1121
23482
10609
3697
22706
8991
18812
487
24781
19349
21759
31471
9288
29104
7250
22093
25444
4342
14320
26982
391
5256
26245
14335
29677
23301
4425
14151
2202
12715
27277
16920
6547
2751
23187
8826
77
29487
11939
21609
23910
2935
15963
26072
2195
1985
31559
6133
15578
31568
7858
9647
21761
29470
27067
21365
11334
9156
11179
11329
30544
11931
645
4054
10598
16929
2527
30278
14815
6558
27633
3254
24025
8199
2284
3941
2606
14882
10381
1259
20900
31723
27121
16063
29540
19767
26027
17148
11694
16791
13844
869
10442
10111
23010
1446
3650
4775
9468
24797
8270
26034
13197
13400
26000
7950
4951
31648
15617
27931
5963
25527
28204
19855
2390
1439
2458
15385
11901
10779
11661
13380
20780
31418
753
2719
17867
17424
1679
24859
7571
11591
29316
15028
31648
2263
23537
29267
16455
8849
22773
6387
32425
12002
17112
32515
28808
16214
26761
27916
23642
24667
17739
20372
8604
17480
4011
23106
24425
8093
13493
26179
26955
6796
4967
4075
32337
31673
3174
22432
30306
28735
14832
18932
22992
5363
25618
29457
5936
9452
1307
8538
19306
28995
29264
15183
20492
1559
31969
11441
996
8404
7964
12007
461
23477
2529
28833
14793
12936
9814
24763
8272
17586
24539
8292
26600
30834
19009
24703
30966
25450
30774
11849
7124
7259
5636
29501
2339
23088
7292
11317
21603
1086
12332
7121
25793
6090
217
31772
28719
1739
15657
29549
11450
29682
28319
20620
11288
28648
20940
21014
5505
7127
32452
32035
12737
21803
30160
18213
32138
20122
25698
5908
13838
14945
13902
25032
5069
27089
18230
26022
10156
1547
18502
18814
3656
17928
11810
8884
28041
17884
15133
9886
28794
25403
31148
2862
13656
17212
15130
23249
25065
25949
28285
16278
21006
26567
25576
2451
5276
24788
20450
29829
10856
29135
8983
28854
15265
30459
2638
29476
14179
30934
10907
4319
4488
17054
28118
27059
4802
16917
29515
9735
28391
5250
30899
3077
5515
25848
20324
28667
28884
32730
12740
1025
1674
16287
3331
19165
12142
14035
4874
12835
22733
15198
10414
6049
1108
14089
1066
15865
31270
24894
4044
29840
24876
17935
25838
30375
12716
15995
29480
17864
13854
15852
10180
868
3643
6403
10610
3514
26710
10648
31805
25594
25839
29693
8638
5547
22662
12675
2448
16714
24493
25664
26116
26164
31073
22543
14613
3526
7066
13527
11678
4034
30241
1553
4298
30196
22434
23428
32716
17174
26882
26451
7633
8434
13042
15674
26163
14790
8645
5909
28400
16620
31614
17058
12122
28346
31790
7303
7952
29608
3197
15511
16684
9904
18054
14161
28606
29435
15592
6313
31610
18617
14361
31756
29613
5457
24062
26014
10870
1722
30649
16582
18738
7720
18883
10220
2360
21996
12858
22913
25799
24213
380
32320
21564
14172
16628
9396
27528
9663
23604
5627
27618
20587
24644
26569
7609
351
17722
28592
1773
21327
30219
31646
20798
20038
2721
29607
29957
14224
26670
18692
31778
6359
15295
22108
28981
17036
788
5443
20241
19849
6063
19713
1133
24564
28715
7828
24541
14694
3023
4600
30721
19020
15459
2213
25596
23182
16962
14682
22568
879
28337
6425
31497
181
16495
21874
1663
7433
11918
17413
2367
15776
5504
27459
23683
20763
31349
2164
8705
9644
6373
14078
24090
27259
28264
7396
597
24648
14542
16525
31755
32081
6764
27591
7012
2166
22708
16395
26242
28571
26889
24579
11515
23886
16337
21065
28557
20905
5579
370
28685
17018
6050
32075
32161
1698
13251
24930
20783
4283
31340
1224
3605
15614
17414
22294
15131
13923
4533
3758
18341
14089
23597
3139
28974
10201
17607
6044
7409
25447
23764
22932
31209
8216
30513
14182
32508
17802
14364
29479
6516
12592
22341
13716
8110
11837
18472
25870
23574
9412
15515
28131
17491
17437
13731
24527
12478
11402
5772
1219
10265
23578
28217
21732
4990
25294
27320
27607
28309
8699
11033
25404
18442
6895
25473
13944
9790
4311
1914
5048
9277
481
28301
15923
23281
15261
10003
26031
27285
3753
27464
5958
14443
25997
27809
11114
13490
17124
26976
21799
15571
27325
16485
13992
28123
15168
30535
7933
31533
30869
26275
21787
23929
4097
180
5156
28136
5714
26148
7401
16793
1406
15650
174
22865
32135
32437
2349
31086
3233
11856
25053
15901
17047
12198
26227
16333
4971
11967
15017
23524
19773
20044
3903
30128
9581
4152
14400
17312
8452
11391
30855
31924
23632
19011
9857
31282
30159
20253
3637
8603
8271
14513
13441
10973
8274
13445
24486
5834
14519
27155
2311
27081
19095
11036
7213
32459
11374
32320
9999
1665
31867
14284
24464
1741
29289
5331
8778
28278
29742
3200
20106
4383
29236
19370
9115
8058
20150
3753
840
28601
21614
19816
15772
10821
109
28092
18924
11955
9034
28660
4376
17652
7550
18866
11533
28363
15119
25337
16782
28036
29292
27014
21045
20452
2712
28260
14772
7260
27787
443
9825
27521
9174
16617
16370
1729
21125
2771
23172
24398
7241
20093
23267
29023
19671
10201
12293
26520
15755
16093
1495
4806
15953
7384
5437
2512
1477
27654
13651
1515
27801
21858
4602
20236
30775
28859
11152
19619
30888
31498
1022
3718
15797
18179
7416
25131
10060
7146
11136
18459
5413
30376
9388
23971
31140
24862
1962
3789
5122
21433
2305
9359
5544
21831
793
833
14043
19721
20478
11604
32414
15113
28769
24130
16852
19117
9184
20929
7590
29581
22151
2876
28964
7298
1942
12675
6703
29951
3460
21186
31126
30885
23365
9392
639
20753
10953
5384
22793
2553
12485
15933
17455
19319
15797
5226
30448
3748
28706
24199
29868
105
23584
20451
5330
1682
19484
21966
27064
6948
32468
28054
3786
29169
1703
5814
8679
7273
11791
13641
27656
8115
1388
30917
32035
12541
32259
6885
16207
3088
13894
2791
17704
6183
23382
22776
22389
20225
17350
30189
1544
6709
10146
6963
16358
6854
6575
28425
13992
3831
9717
14572
4385
19040
14715
14931
12609
29762
14162
32669
4409
24
24276
15688
31712
5230
26414
3427
9302
21494
29724
8518
24807
15577
18420
15232
3378
4683
22246
1553
22410
1122
8066
6362
32156
2600
27770
17489
15442
8687
25514
29817
30456
27620
1621
16402
22942
21223
1714
30732
31421
14234
5799
19266
16413
20920
5076
21093
2805
15273
13523
6198
28501
23635
7102
29177
31425
9010
29170
15398
19998
19115
28947
20321
3795
5277
32081
16812
29480
13626
13545
18396
28145
24597
6382
19273
15729
11131
13129
1994
24953
15879
24063
17889
15568
31345
4018
1330
26071
7591
20843
11066
27245
799
16790
2621
2833
875
18510
21632
12614
8462
24795
20409
9532
30606
7289
23748
18092
8394
16987
10135
19716
1166
12528
4984
21188
18021
25701
14190
12328
17838
18027
32501
26887
25586
11066
17141
12795
1397
8150
28405
20674
11
28049
1676
23524
27693
30417
7961
7574
3148
20755
8628
7647
15973
16432
26981
6137
11222
30431
4499
24314
11120
16508
2239
30132
2509
30728
15218
24025
11236
28784
27507
25187
16346
12818
1854
24882
28700
12669
5554
22519
19626
25464
2570
14418
24246
21063
5134
18231
6765
6185
16522
2966
8981
25381
32256
4155
5464
26118
22938
31987
19423
23205
2146
19184
21027
31078
4277
6254
31104
2565
10229
24471
17548
29075
6271
5284
7334
25019
17373
28486
1490
3402
5436
25412
17604
1519
30752
3173
11066
10046
10070
4496
32399
13051
26667
17202
11405
662
1499
30944
17028
29170
8524
29246
23192
26474
10492
16159
29535
7446
3384
29421
26028
3914
1168
10060
27813
13408
29831
4602
29724
25016
21135
12793
8476
508
4404
22513
18625
169
28055
3536
18765
3787
12574
8627
31097
9480
15210
22537
8713
26335
26761
2293
13731
19250
10093
11509
15073
11778
21661
7362
7333
12155
11563
2167
21677
1072
28134
27124
9319
6823
29392
30341
20486
14872
27347
21439
4053
32370
29615
5035
11211
21919
12855
15399
30048
25097
15037
23944
5024
26205
24011
31876
21886
7823
11540
21328
32362
10782
19625
11781
16678
27545
25712
26184
23765
354
17875
16938
4181
15282
6581
14925
22478
13277
10922
27465
10379
26839
8039
13901
7945
1271
14711
21770
21326
12540
27696
25804
18300
6222
24550
11498
9382
646
13662
9313
14818
9775
7557
31420
29088
6350
6498
10295
12602
33
30282
18723
22220
26789
23123
18572
18757
25946
29963
7706
20158
23754
10345
9013
7435
10056
15875
17260
22672
25206
31874
3096
30038
7690
12627
24380
11871
17873
672
19888
1846
27892
7551
23679
3017
24186
5225
14733
17019
5902
493
9085
1142
3074
17317
2257
12350
25493
24938
8787
27276
625
29892
3252
24921
4728
9380
9588
17721
26304
2390
12033
27882
24796
3249
35
22317
15198
6801
17047
32468
23961
13703
1275
13597
7340
17358
9194
30270
3516
10369
20071
27713
19840
32012
10623
5138
24835
32481
22314
14551
5029
1388
25715
14719
30307
5192
25304
19614
25689
23987
12532
13944
12421
18751
13915
9563
24782
21195
5830
10291
6725
21938
8304
29528
8874
6210
31167
26538
6962
11120
21031
4064
22663
29385
6732
2077
31761
26796
1894
964
12916
29367
26090
25998
15194
23167
32615
7642
7794
16004
6061
17220
12729
3940
17717
6520
21752
27982
10429
31305
1677
31162
18483
21757
13679
29015
4308
14315
29805
8773
17557
6217
29366
4741
22210
19519
23966
27310
31717
27455
3999
30945
28905
2201
12446
24574
15743
31818
11120
18200
30145
11797
7325
7463
16149
5846
7780
17661
7253
27666
5631
15740
17709
10706
26152
6661
3268
28338
10971
24371
7070
24117
25182
6090
193
32091
10111
13802
24086
15734
24861
5257
13331
10553
2793
11552
4247
26642
31598
21923
9493
3002
19279
6839
2037
23562
16848
2592
9527
5392
27288
376
8794
19298
14518
21799
14716
27314
23265
25487
20418
675
9476
26759
19194
21979
13050
9483
27263
24409
10389
12081
10077
16905
13030
32351
24502
22166
11960
1980
20837
19328
6238
32484
10208
2926
10415
3808
8547
24005
17230
8021
3915
30073
6703
31227
13760
25124
10838
25681
20118
5973
30178
400
13173
32298
8011
4317
29496
17697
18920
23490
22164
25131
25524
26847
6138
31490
15441
18141
21182
10173
3405
932
28024
17314
22437
9166
939
16443
14983
11867
4772
11948
10076
8358
28069
29507
5894
24215
15683
22353
9318
29467
3597
27960
12322
13521
12910
31430
29093
8967
31701
24001
6503
3812
3858
7875
26734
25830
22532
9800
24853
10896
24689
18438
29964
1116
3637
6269
21664
22519
3231
16590
17212
24237
25880
17616
5424
15394
2821
28513
15026
27972
24303
22778
31778
9085
27873
15495
19347
24621
27154
3701
20358
25687
13764
2572
2808
18587
24940
10495
18080
20836
1043
14657
8050
21346
23804
1307
24167
15419
2439
16764
32128
4989
21077
13968
32265
2008
21421
22163
29723
23690
1311
14056
27492
19226
25703
8037
2346
11593
18324
9202
3982
838
6761
31826
9742
10785
2819
3648
2894
22146
27068
23998
5144
10139
16464
22442
7073
26203
25662
10898
18702
17636
2161
8649
20022
12864
4640
14010
938
5711
13555
19581
1523
2564
6759
18856
14362
24529
6259
1128
20334
4192
15212
13520
19585
24452
10022
24944
1396
19823
4956
31274
9588
10277
26449
5441
17797
20785
14520
691
638
2966
12753
10697
13397
26120
8918
25836
10909
5468
17045
20410
4685
21310
25182
15193
26819
5410
6431
15627
8201
12157
10702
2819
22614
14644
10503
7032
21208
17236
9719
14839
432
14597
23160
1789
22847
31673
9853
5573
18080
4009
23217
7263
28533
27778
5723
27138
7911
18011
15493
6051
1000
25323
17501
9926
9403
20217
26843
661
11191
2067
31652
5935
29000
28291
24367
29506
26422
4991
27686
10204
18730
14240
17935
23166
13934
3478
25387
15731
6388
5401
19358
25183
32154
8738
21457
6939
16812
25692
22037
23744
14762
725
12169
22786
13644
8186
1085
16832
1220
22978
3735
27352
25411
6697
32246
15936
27326
19424
10390
13907
29938
18243
5300
21096
3494
2955
7410
14761
23088
6213
13308
35
6714
31491
2924
16921
9670
25937
8683
2462
3184
24298
31897
12899
14835
26668
4016
16333
17391
8394
6756
22858
17642
18113
31245
24806
26772
8589
14471
22553
3407
11676
23001
1763
7918
7171
11542
6427
3773
31344
9345
9733
3266
5983
30964
22050
26179
30353
7299
6988
11657
27066
16476
12034
3811
8571
29169
19200
30445
19087
4954
20498
28177
2889
13044
20267
19791
30014
1615
10417
12346
16191
3143
13852
18499
23434
6768
12735
30010
15936
22968
20709
18194
26650
30279
17440
19685
2392
1706
4574
21815
20731
28209
32573
895
15412
16021
31521
24292
31260
23774
16259
15940
14245
28036
7436
13690
26577
19413
9442
26593
23586
4246
9410
25620
16721
27629
10575
27896
21571
22143
31401
21501
25400
24021
18242
18592
28486
4100
28909
16693
518
19085
12344
24803
2957
28802
508
32496
23709
19434
4914
13118
4381
7783
7944
3094
32455
9494
29493
20773
31777
5047
3721
30660
5038
19214
3528
11389
30565
20104
23224
5578
18530
15650
20857
13343
1756
20871
20501
811
15959
11640
25688
16476
16922
29809
3042
31393
3556
31114
14970
20339
7899
1179
6821
30998
22725
29347
15479
4636
19322
13675
9898
12844
27801
30310
32237
18433
6523
24796
13950
21685
30053
22343
1019
27712
30722
6142
31606
7996
16400
5392
7111
12779
32345
883
12326
17530
3301
25950
16633
20615
1646
5107
1770
8162
29204
3105
5181
8336
22354
713
10336
14870
20017
1055
25028
2036
24507
8788
16876
7535
19123
30578
14276
13971
131
32391
9267
31353
28278
2053
3315
12998
26407
19817
29089
7284
16442
26651
30480
13781
30793
12181
23779
11732
31009
17096
29019
22655
18991
16571
30573
19650
18229
29814
13080
3957
12097
30750
4085
28570
8160
4961
5648
30687
20623
22805
8438
6507
8818
18459
3343
29654
22601
29578
20270
24185
2719
30217
10855
5865
11332
13437
30753
14526
13054
13285
13931
25241
14460
1665
20628
11365
10123
5178
22005
21212
18829
16958
4882
15437
18470
15851
16610
15005
30520
28398
15978
11917
31506
21676
2193
28730
7908
21217
25647
8426
28534
12678
28263
18949
28186
21497
1847
28002
28640
27480
19021
27332
32008
10285
2588
24229
17597
12113
304
24114
30976
22026
11710
13462
9954
26999
2944
1403
24310
1326
8127
30926
16902
15651
2994
21443
17925
7884
6406
8986
18245
19842
29886
23200
14826
15915
3133
3576
3999
22038
16545
9883
9607
28966
25683
15134
20086
4915
14044
27572
19810
18605
21243
26611
21524
31362
17140
475
23075
14658
12074
29204
24611
17282
23280
12663
29466
19326
25501
3024
1075
16386
30174
20450
26807
7306
27985
16556
5688
1192
4687
11243
28432
11942
27145
18912
13066
24940
19670
19027
26718
2469
14027
13016
20707
10782
1677
29265
16256
11118
7779
19892
25059
20188
7055
2575
21110
18557
6111
30665
1679
17565
10623
17194
27880
23648
5393
11805
20558
15785
26111
5941
21149
2619
24848
29167
5099
12831
1338
5175
23044
19781
3768
32045
19479
14446
12380
31016
5806
31048
30501
18171
3043
11739
3092
8824
5073
2853
18492
22579
330
12033
20249
18057
7880
18766
8994
28640
1957
24652
26785
559
8590
13385
19139
30658
18997
1662
14059
13623
3398
18228
25164
18637
30365
28459
19895
11998
21686
2107
15281
16297
32612
10556
19657
10837
30406
26916
13865
8499
28279
3439
18026
6980
6406
30660
11437
20219
18342
5845
13799
19011
12838
24199
29820
19396
31523
2899
1552
16738
17532
13547
27545
4103
26630
29729
10169
2211
10369
8197
5964
11889
28363
26190
14397
12923
26452
17148
21149
18528
5074
6971
14326
14421
9526
32649
3292
21098
12766
22811
20678
9999
7180
1661
6172
10454
15511
11130
11409
7034
9696
14395
1971
29729
4872
27571
23488
3806
22368
21818
7868
23930
25121
6519
19392
29556
10846
32388
20117
4934
5942
845
19842
8426
14414
1593
17761
7581
25215
16141
11256
4323
1227
4109
3207
715
18838
29284
21150
27508
22546
453
14129
15312
18940
27475
1006
25512
10630
17342
8398
30944
2964
2223
8171
25597
6698
20839
15249
13796
8997
29347
31383
2788
32554
6594
28400
7927
25821
9001
17021
30533
31827
12263
1573
17642
18121
16021
30504
25849
11926
19328
11952
8641
21342
15371
28586
6479
26249
6478
1747
27956
11251
24067
28950
8072
29413
23459
15381
16686
6981
31436
21766
21850
31497
23270
14784
3665
14321
5382
16405
18288
26998
9746
26467
24688
5886
17447
26726
24040
26193
9015
30544
29459
3664
27895
27676
22740
25061
28664
17695
5623
1846
18963
14304
7354
12062
4619
17449
24972
24797
17518
32094
20244
11790
30652
32270
15221
25306
7115
14792
17105
1644
18538
8496
11020
16292
24389
19537
13522
29200
1289
7989
32219
10008
13768
7347
22637
6008
30878
23433
15395
26868
30357
20907
13294
29766
30918
27098
27993
10076
4545
6007
19729
22464
30255
23706
11428
6488
18614
30303
9609
27983
23837
9088
3425
23891
14001
14633
1916
22273
17895
31239
20383
23453
10562
25507
8708
22535
30071
26094
25763
14570
18640
14620
30128
3895
11726
17846
17253
22738
4370
21227
4353
16779
20093
28456
3345
28751
6551
18152
7406
13471
17709
24012
391
10306
11839
24046
14688
6455
19993
29043
17371
20462
14271
23135
10679
1464
1166
15533
28374
8059
29729
20128
20803
170
17266
25428
31091
2676
32577
920
32715
6972
21946
2304
27491
8778
11090
28469
3594
7104
30450
20368
24970
2255
10583
15079
18989
14378
9145
26023
25215
29371
426
23075
13398
24726
14914
9516
784
14891
23673
12514
2844
6591
27348
16841
23228
285
6724
18976
10248
26504
30795
1902
18487
25589
15456
7773
11290
18295
18581
10443
1513
15355
7543
27167
31810
15157
17717
7641
3695
29146
31237
5230
3560
25360
3012
4690
20760
24611
18652
9558
868
10361
28267
25652
13930
17864
25506
19560
6278
30854
17515
12866
29851
18593
32590
30522
24336
3697
2709
31363
13336
2027
29870
30691
19255
19991
21458
18625
1026
16068
22756
15232
4134
11898
2460
29963
7851
30384
26084
4273
19578
13375
31874
29236
32285
18967
13048
32284
1735
31792
17576
11345
16532
14020
15676
10473
31249
21948
29253
30527
23807
104
16418
19269
12884
28018
3620
3355
10115
8981
24048
15072
30973
1930
27172
7368
9720
21955
6205
32622
4463
19036
16824
26732
13418
7375
6263
31018
17791
6375
10855
29683
31129
27767
18528
5966
16888
32075
21580
17291
11129
23391
14988
7836
17176
9039
6807
10790
9139
25871
25316
32728
4369
25308
25611
10236
17442
15474
7975
15947
19592
23168
21374
22790
11095
11865
3940
26178
2841
6636
18524
29572
14614
5110
16001
5005
17362
23670
12068
22135
25302
21858
6839
2049
2995
21400
8681
10280
22597
31767
15891
20983
8757
367
22739
1183
30657
21878
1782
714
19904
9021
27292
15405
4832
9538
150
30044
2099
11239
23827
8675
746
26659
7036
9362
31584
20088
1436
27160
3418
9765
13828
4564
19853
6300
14766
6375
6240
21814
29920
15246
15860
7462
20307
175
12129
19372
27541
9137
4419
11915
28076
20625
22390
17084
5372
26162
19997
10596
11627
13045
13289
26884
7106
24458
18840
20207
2390
31750
31419
1282
29417
25397
957
12175
7883
26673
14625
10138
15940
563
21515
9544
15927
27306
26626
28308
2815
24970
26100
24132
19357
3047
20602
22299
22549
8386
1374
30545
28437
22563
16475
8256
28376
20584
15139
9824
5450
24028
3751
15733
2925
30859
14738
29959
16379
15445
28694
22803
21837
12098
6380
2816
9851
16917
7062
26324
10181
16164
25576
2216
9777
7014
16070
18010
10870
24014
29743
29057
793
4311
17019
30118
14806
29281
7904
9905
30785
21947
24379
21409
8109
27649
12557
29056
6221
26280
452
29334
7065
10327
15421
7646
32243
30712
32646
31414
15243
27152
13032
9434
19584
29771
6949
7315
1096
24412
21758
26412
81
2819
22776
5030
27112
14447
27744
30637
3931
20167
9101
14538
6234
19972
22885
30169
22947
25601
16419
9406
3039
22485
28503
30804
27078
16224
4909
25254
31114
13092
8435
1890
1395
29782
13526
12938
1990
14645
31980
10093
3564
5019
21880
23510
22224
9682
31337
29571
12425
6568
29219
4056
22841
3526
5506
18389
26421
27965
22812
23622
31846
25954
15303
31801
18671
28124
32348
11701
8463
5883
2234
11945
10825
4684
8205
25123
25539
10602
21072
7618
3565
5910
15120
27502
13666
30346
1395
4934
25875
15627
20346
474
17314
29118
21123
24219
8204
6076
29970
26256
12683
32360
10704
24394
3771
27649
16340
13849
8187
22131
2082
8064
4374
7795
29809
19175
1571
202
4914
32400
6057
12785
3277
12236
23047
22495
1582
27503
29715
22047
3200
8833
2306
8229
28216
12086
31112
1506
9558
9760
16447
11926
14055
18340
27981
13798
11215
9643
1346
7982
1733
20889
18239
4888
23455
9859
7773
7022
27600
925
16972
20780
27695
2801
19259
12506
22522
14423
15608
2328
29978
25761
19801
14203
28072
2326
27098
10135
8881
22306
16519
18525
7222
30795
20509
27560
14967
2663
17260
17426
3186
11276
7167
29964
28582
11593
28671
26926
23836
14483
16213
25291
1960
2050
9231
31433
12141
31422
25093
431
20127
7860
6588
30464
909
653
8842
2760
23518
25568
20475
23924
25882
3494
9844
29158
9837
31471
17174
1481
26536
4564
31461
17442
27017
2733
29994
1576
29500
22404
17686
5718
22817
8137
18087
10686
24784
9286
17104
928
9819
8022
7892
30523
26323
30034
6899
15331
21517
18765
25672
18260
21925
18945
32242
8774
23364
19208
17778
27458
9247
32336
5716
31667
8128
25033
20754
25408
19465
13664
18741
11609
13430
3377
24253
9488
30370
21496
18115
2859
28685
20937
18269
29303
31004
2818
27330
13919
20833
2941
28078
16316
8477
29194
27912
3055
13315
20508
5827
10798
20799
12738
25090
8987
21687
25049
4735
32411
28049
16001
2861
23525
9717
12749
13340
20441
6164
8895
30621
32148
29801
29299
6824
7489
15678
22938
29818
25905
23411
14890
18818
2351
28795
14676
19838
17421
2471
13751
4322
8067
6311
28115
23929
28218
21838
27328
17998
11299
27797
799
28365
14605
8419
2642
19750
8567
16267
32744
27634
27042
3990
21339
28441
3819
7620
4094
24563
13144
2509
1329
1197
10097
14572
16087
18159
18001
4510
25098
28091
22524
9384
16909
11929
28147
26455
16769
23025
28166
25355
21468
9912
16234
32247
13080
24910
19979
16674
7592
423
22563
16305
12464
27818
14860
873
12917
25814
11347
8816
24851
28203
10253
25171
6510
10568
25966
3149
27242
27089
10391
22215
26719
3091
20656
2075
21703
19947
23863
13981
28218
12003
23959
18908
31901
7071
32509
8485
28054
26744
11367
841
5442
24422
29950
15264
26411
25891
11429
2126
15220
31117
31442
15813
29783
5965
19356
17292
6098
14006
22294
20030
12700
30703
13020
31445
4446
14421
8683
12072
14624
5915
5814
25523
4097
11571
7030
14999
11564
31858
5313
2017
20231
23023
4702
12047
21166
22444
8792
31185
16287
29048
23121
19468
15287
275
2841
22820
31581
15764
21119
15995
509
18952
32615
10037
18104
5980
31773
23871
4441
7549
13033
27535
9099
12221
8420
13741
586
28793
2825
10354
29592
10232
2447
26639
1137
663
23927
8018
11008
31267
17505
21541
22803
28295
16035
25944
4813
12711
31644
5536
23962
2699
24646
18399
7016
29632
23563
20645
9749
6395
32730
247
16163
22528
2937
20048
10163
18626
25885
15334
29873
4300
12088
26926
29516
1503
28818
27042
12713
25565
667
18882
32728
6629
14848
25945
32007
29376
32124
29441
1269
7292
16113
26857
4522
21334
2743
7894
25958
13278
8499
20840
4311
30805
20140
27295
10638
9562
30043
13213
17588
27078
32193
21422
2553
13780
8510
16517
29390
19845
17118
969
2516
23106
19062
31184
16020
16323
13808
28074
8560
14385
21731
13921
7129
31623
25191
14719
30915
30270
28967
30417
20822
21289
23991
363
12775
23710
15144
2540
2854
30934
28122
24067
17305
17814
26770
306
32073
5903
16332
17106
25531
24068
1875
30040
5665
14634
11790
10966
466
13780
19485
6853
16632
975
5925
5377
20872
8331
28903
9749
14456
15740
17432
20665
25900
26048
9068
153
26929
9986
24309
6744
22573
16798
939
19669
25622
9222
31052
1965
2467
13668
12902
15105
24832
13185
8881
17529
26310
10213
28579
11656
20778
14400
3903
7922
17781
22024
18734
11660
436
4452
19984
25667
20144
4937
22804
12128
20000
738
4038
3339
31006
23094
5161
9997
25304
28165
32006
14810
5000
11506
10371
27854
4006
23016
7415
32695
24411
17846
27645
29076
10810
19452
19400
1180
15147
5963
23222
17282
167
28808
16679
27640
23851
7569
9615
25202
23526
4899
9930
4908
7605
32252
20656
25710
4690
26428
16106
7695
20937
30737
25092
27192
10795
8339
6850
21354
13701
9709
8120
25538
3091
23486
24853
18812
26290
3263
24256
9399
17812
22181
9382
25207
28471
32073
24914
18672
23448
30982
19134
6402
24484
17506
17768
26880
11503
11505
425
7349
31144
11127
834
7849
25805
1869
18232
16032
27291
18694
31715
22884
32073
16465
32577
11716
5621
8481
6032
733
20959
31756
6683
920
28629
5617
29780
29556
16878
25310
19235
8326
26491
10289
9342
14014
25403
2557
20282
22635
25038
1967
32032
8193
17516
11249
17220
28442
17367
29646
29842
11964
16270
12567
2730
25818
3396
27654
4334
17181
23696
2082
17880
4836
742
12386
26258
8841
17350
20117
22720
6118
26931
4609
9888
19479
16487
18763
342
5250
20165
5015
15745
7445
21263
11503
32274
14287
26329
23017
350
17794
21566
13956
17522
7127
29649
27732
28838
3218
9942
5087
18293
29207
16819
17734
139
25901
31393
7208
20000
3
12455
12995
31621
21105
7881
22620
23036
27519
20349
1761
28621
7211
25694
23502
7574
22375
1572
6221
11747
21346
4308
27809
766
20488
20532
4804
22281
9932
24706
31823
16969
1957
1893
6043
31685
1878
6436
28710
2064
25331
15894
11832
19043
7329
11354
14790
11246
21917
10695
1174
19824
2432
27174
16292
30470
3777
7583
32709
14912
123
17266
5514
31354
30064
5352
7271
20330
10319
7304
1300
30197
30002
19853
7988
17223
20587
12184
26165
20002
6784
29347
5495
17014
30068
32566
18352
4915
32584
22237
9615
32347
5570
22745
26527
5979
1901
16150
12143
19355
21985
26461
31728
5460
27972
15563
15646
20642
29969
21890
19170
26330
7704
6302
17207
17437
4551
107
5005
19245
26279
19669
12650
15232
15913
14879
18007
15763
28579
4056
21242
2433
25750
7179
3456
23508
2610
28343
32574
11419
31772
27006
9623
23741
19566
30625
6688
19852
3328
556
1538
5789
32230
29806
25760
19928
1337
25772
22906
5579
21531
13591
7505
26179
23797
16634
18061
17182
32515
27192
28891
21851
2835
6902
2074
6771
1417
3989
14968
7660
18855
31971
21976
28971
29195
26258
5240
21898
10873
14825
7376
19626
20187
185
14525
779
31622
16531
2014
18649
29375
23096
12606
3337
31614
32081
22580
3749
7538
1120
22664
14436
24132
19703
3543
23166
25632
24616
10809
14014
8562
32572
24608
4825
28141
26791
25476
17662
12498
26940
1597
28334
111
3486
29616
22990
23270
2039
20397
11259
23599
7660
15512
25629
5472
13008
3271
22079
26924
16919
9004
6558
4522
24078
18228
7423
13144
1738
28654
21830
8544
27998
19056
14917
14106
30546
32631
1490
27345
5712
31821
26908
32202
18463
17136
11327
28034
21206
1392
27669
2616
4425
4249
27215
22187
25544
18898
9157
5413
6409
17477
8459
9656
25442
12608
13637
6600
11835
12251
7996
8394
26564
16348
16561
12874
4835
23511
24561
6451
13681
32410
10153
17483
30373
6088
22780
32765
464
13251
25555
32091
331
23247
22900
19043
17838
27509
27991
8065
27971
29734
30772
9814
8123
20513
12641
7608
12831
2967
4699
32506
18185
21260
6307
2157
16147
29184
22987
20774
3472
9423
7632
18946
17786
16854
29610
20456
29356
32215
29730
13134
4945
20382
9956
22783
17821
14053
15829
22555
32187
27254
6822
14687
22534
12687
21162
15270
23419
27786
9444
16816
16494
4285
5733
19747
3965
7072
10453
10959
11459
16685
24399
13366
9038
22925
1394
19020
17618
20976
27828
28027
29086
9405
5114
5866
7376
7403
28006
14079
24773
26798
13936
32035
14292
16215
5689
19653
11580
7797
30235
929
6746
25153
18565
30018
17440
15673
12806
16325
27842
21258
18599
24033
11698
31411
23934
6692
11727
27624
1152
18303
2010
23476
20119
25349
29993
19555
27125
752
4255
5279
7335
14053
17883
25049
19821
15737
16560
14827
3785
13043
28885
16379
24662
7507
30174
16546
6747
31124
1899
18765
14240
11823
11680
20196
29056
1760
24021
10154
25152
7596
20366
23653
8607
21795
7597
5310
4014
18403
2022
8938
16866
20829
26740
29322
18024
5084
12810
24272
12728
8131
2573
13284
10861
8213
21248
24454
26452
12347
15168
5364
21443
16130
9201
26638
20012
8932
29752
9144
13553
17288
11434
24448
13690
31884
20229
6273
4486
7553
28190
20870
20158
11063
31259
32371
1168
17979
7394
16097
15418
23199
15058
11273
5925
31993
27568
15843
12149
6318
32740
2959
26334
21361
26085
27379
6073
18950
1010
13222
23639
2636
23043
10508
24725
28282
32767
20419
29104
15785
21551
12862
16475
13715
28147
22704
2319
24986
10419
30764
5795
25356
23321
7434
21276
3749
3709
21644
23238
853
19105
6594
17796
7748
18847
2474
6756
28692
10271
8860
8566
5990
26061
4837
2015
9375
18955
23219
2601
27372
226
17713
6365
25219
1087
31986
11092
44
9564
16275
13514
9728
19068
29852
28596
4465
13531
11176
29523
27275
25317
17862
18314
22650
25254
19998
27373
16203
10370
17880
32538
2807
15910
26425
3916
11165
23998
9231
9517
9999
19816
25424
8172
25488
3817
16894
400
4060
14240
23373
9868
19561
1208
23560
7059
31213
32673
25905
1453
20768
18112
488
20619
10179
20069
13453
5911
1761
11774
24361
31312
30293
19851
2826
23125
8588
1874
21422
9663
14732
4564
30947
13108
14389
17919
23595
22842
26823
5541
28005
14408
22949
17965
19114
27427
7001
17289
6006
4456
28887
8040
20232
26724
21766
4268
5643
26156
31100
1822
20341
2794
8841
10080
30896
23670
1144
17188
4344
16422
1553
8604
4100
9958
3171
11313
12264
16267
13248
21368
3642
9060
6664
16482
26739
12562
7723
9651
30617
2458
14569
17845
12059
25529
21212
45
25341
10616
15289
31886
6452
5119
9939
17517
2644
14766
20704
25141
5480
17002
13056
22556
11041
13877
26363
853
29748
6658
8394
16263
14077
20167
24922
24191
16488
26323
18060
18466
21521
25954
7296
22181
26538
7279
5139
17152
11678
7369
17062
13727
13043
27753
20258
20315
5237
30467
28728
16042
3857
27867
8174
13586
28543
986
10327
20708
9508
20193
28065
20262
31798
8029
6486
6609
17185
9500
2779
1597
24361
16479
12605
22489
5201
14896
12844
23327
1148
22261
584
11463
10707
30534
21148
315
20582
15100
30568
76
21270
23178
11300
2339
8114
10897
22721
29306
18016
32174
15410
6924
6207
22679
8235
24137
6474
11366
31273
16719
18816
2868
7602
27670
2370
2794
25566
17130
7420
19028
27670
13343
5127
19575
23068
3584
5838
7717
13643
28936
24624
31182
19745
12885
26150
23961
18170
16985
30118
18355
14622
27603
17863
3303
30462
32509
17957
32112
29371
15623
11399
19467
22504
6085
1471
27472
17297
6565
19922
21825
15740
2531
21337
28964
22190
8448
27175
2958
4401
24944
12588
5313
29973
26771
28569
6455
30389
19430
19781
10367
4668
22139
27216
7752
16487
15014
6662
444
10380
3066
17670
28431
13275
5491
13987
16215
26084
24565
22922
25246
7769
31989
10149
8245
10261
26998
20800
12620
14686
7480
24427
27072
18791
6700
21919
25396
24345
4138
5796
24163
15635
26854
4273
20148
3824
20513
29910
17424
31688
3100
32151
9968
16889
14930
2266
31418
16423
17510
2307
6733
3969
8539
4445
8922
4934
14083
444
247
8584
28602
5472
21486
10545
22612
22813
7003
31043
23123
19641
25334
3428
26205
13206
24749
921
8942
22672
14582
8018
29515
18729
23907
32167
27319
19428
14710
24289
32744
5614
8632
10556
5308
1027
14597
2283
9769
23184
16426
20829
14450
20757
946
959
21409
27854
23548
7874
9265
28306
29585
7070
5131
22523
18357
15447
28596
19399
5948
3902
27588
19838
13215
19388
7834
9301
26703
27723
16974
25939
27721
10693
21223
26802
4587
15329
23758
11912
10502
762
3971
30375
18228
32531
26767
4033
27244
14361
2746
8656
10707
31591
5501
30644
26837
4752
4282
3102
16501
22360
16555
23982
4833
18691
30233
20056
32074
1747
11982
4620
7154
21452
6732
28822
21639
1978
22207
24259
6831
4469
31281
12997
25316
28260
15357
30680
14210
15168
21126
9510
9246
16922
22824
15336
27418
10656
21103
4303
14710
10652
6791
17570
19689
26813
24052
12328
16433
26522
26755
18248
29095
7412
24705
14191
14358
10043
16938
17714
22989
14164
12132
11573
31219
6298
26542
3147
28699
31267
31827
4830
15896
23876
5347
1938
6163
19799
22499
23845
13019
17595
19396
24474
19579
25373
17426
15510
8978
22774
12014
27402
19935
11349
22206
13842
11420
15071
27683
28445
24845
7444
27692
2895
1752
20180
14025
12323
7575
16673
27010
29525
22828
14630
21096
20991
19540
8312
3916
8962
8576
10909
11568
2215
21984
29643
23547
9606
10944
31985
2673
6311
16663
10492
32353
1256
4957
8019
15648
10142
16798
14243
22583
17023
25549
21218
29273
23744
22106
17806
4248
8058
13574
14134
3032
20818
30711
6972
13955
13657
26375
9945
2686
20785
22370
26721
29532
24178
26448
25545
2258
27467
11343
22630
19819
28269
1893
5111
17789
21028
5044
30438
31324
15047
25423
3531
15821
3155
32332
25650
16830
29523
22555
29854
22580
29955
12054
22990
28548
19124
2648
9534
7878
3186
18899
32497
22151
28389
31901
29294
2494
6261
29067
3337
25345
20913
13825
12643
23033
5362
30472
17460
15636
16699
30881
5704
889
29796
5978
12232
31553
20600
2078
24763
10212
12379
19025
15052
25841
4016
29
22606
8451
10745
8454
5245
17648
5376
15045
6407
6979
23159
13395
25803
19437
21723
18244
12256
16439
21406
9046
20697
763
19076
28746
1863
28948
4174
8690
20352
19987
28822
21132
9119
4403
5370
5966
19916
32400
2428
834
12222
24723
24617
19540
9085
30129
14329
18090
22893
26197
10999
10803
22408
22298
26529
22147
32235
27454
31122
2270
13460
19284
1374
14482
9834
1080
31678
3466
11645
21064
2029
9505
21648
11473
15697
6452
4565
9672
18526
32123
7927
29115
9912
18201
4701
11270
10903
21105
7598
11082
19824
31548
5520
31259
5586
31448
9910
18425
5262
227
23577
26242
15642
14857
23173
9957
7479
14618
30040
11162
14290
30304
135
593
1832
22831
993
6696
27182
32701
13208
27168
304
14644
20989
23506
15800
26118
24203
20062
10673
12929
13863
17829
10700
24483
2214
6584
16163
3631
18320
14991
3101
16384
29219
23551
8337
926
25243
7654
20782
32271
177
1193
7706
18160
32098
21984
27865
19140
31729
11599
6513
10123
19503
24089
8907
14231
6650
29744
30301
16027
13828
27152
7942
27909
23510
26285
23353
11661
6420
6057
24158
28942
14850
31691
16757
27797
24391
12717
26365
32184
8433
7860
22036
10538
25274
581
20703
26508
15753
18742
10796
13445
8764
13699
7766
5140
6565
11843
13161
549
17874
19418
25735
99
2194
29807
7307
13902
29492
7329
17387
22413
25490
117
26083
17541
29263
26771
12496
6442
5724
20403
21978
7701
8641
31826
3029
20440
31642
25257
14697
28814
15199
25311
2673
22454
2409
14206
29858
29761
26802
10276
28525
13545
19933
21627
25382
19141
10102
11114
4965
31258
15226
25229
2221
28021
32282
483
15691
16118
17852
22471
4481
11247
67
26914
19172
9902
19856
12766
8963
14998
9032
18846
10569
30325
24024
16556
31781
20753
25271
18738
7527
15364
14315
174
26094
22730
13519
28064
23680
1049
12307
1413
29689
11120
20228
20233
29864
8435
23054
29817
5366
24950
14975
23159
1352
216
1421
3825
29479
12434
14491
9300
18335
5263
2744
19708
9444
23103
30569
19184
26428
17895
26280
1996
11544
10811
5676
26878
10884
32302
10219
13365
19394
1289
31198
6167
27442
15546
11012
11571
7798
1647
29097
822
24274
15716
9960
3681
4313
12281
11119
2362
12102
12040
2434
7810
7464
10101
30787
28520
25410
31239
9264
18940
23729
1398
24813
9190
5839
5829
10308
11608
26712
13265
2666
4161
971
29739
29571
12228
2323
23587
27241
31720
23143
28197
11433
11665
14447
26185
19407
32431
27048
21541
12260
12981
28937
1766
9012
845
6119
32671
19285
17737
20246
24032
13156
23005
11089
31371
19346
16396
219
9443
479
23137
25191
13798
22566
15583
1846
28125
7002
5946
23679
20529
8207
3912
17939
29056
10300
8114
21057
27632
22079
20207
25847
28099
20769
21107
7723
5676
32284
29219
32633
5217
29530
16397
5390
15602
2048
30806
9668
2393
9579
7539
11918
13778
15801
9372
11543
29037
2956
18046
32166
21601
32522
18481
20549
4259
31785
20585
31010
4279
20009
7408
8245
30919
29794
11348
5155
15858
11327
12253
17507
18406
23691
22977
9887
20657
17899
23451
2909
30420
7340
10522
9694
13721
28607
21238
19270
14247
258
3625
11518
14292
29378
15195
4695
25658
28285
670
21872
30605
10476
22363
10073
31916
26432
30860
24440
28789
27053
16684
23084
13790
24357
23788
10929
4161
18022
13608
9284
6136
24630
10777
32391
23850
5869
27724
6438
11492
32565
2643
8891
11372
22030
1722
9967
16082
8213
2621
18402
26823
19973
1591
9934
9906
2686
23390
16359
26881
5381
22702
15749
10941
20045
9891
1668
22114
22964
29355
3051
27885
30737
28379
6605
9014
32685
31201
12141
27008
5519
826
8869
4431
3069
32677
4745
1402
2623
471
27975
18560
24998
19312
3410
11551
13261
27182
12735
32035
19999
13664
21999
637
24217
16286
11374
9876
26065
4280
16667
7136
2616
15340
1673
17844
12444
9820
21158
21083
32241
4543
3738
15207
9808
16214
7666
8262
11584
16161
16638
12054
31541
16212
30327
4026
27734
28677
8293
1326
15491
20263
28736
14615
29847
28859
24150
26015
15594
5957
12396
20863
14619
12413
21416
21085
20748
2632
3503
18777
2861
21478
18698
19939
23550
16237
206
31439
3791
22390
3964
4523
11210
23830
25894
26704
32564
16912
26835
21687
9712
4936
2341
2830
17221
26491
16441
8715
17377
9774
3791
12673
21021
15076
12971
16177
24450
2196
7227
28130
26508
12634
26489
8884
20399
1645
23571
5297
2200
13393
14537
31397
21685
32590
19991
19247
22519
9248
11285
17177
21719
12528
26523
9701
14999
27267
15016
27816
26826
4530
1029
22300
19478
7450
27173
4848
14393
15124
9552
28002
9034
12264
13569
17168
9793
25661
1164
8715
26298
14292
17155
21038
19958
27766
29275
14254
12579
15659
29131
17393
20189
30125
1909
26788
17908
7708
11592
16648
26992
3827
9509
25996
5586
315
6208
7585
27549
28415
17866
25546
4885
22527
1229
28658
27975
16040
7511
15363
22089
28996
15578
14004
23747
29551
2515
6307
4782
7114
6826
4003
23388
14835
21465
13399
23225
22708
29009
32256
27088
28794
16153
10387
13457
7689
17721
16655
25809
12655
27350
19469
32402
10550
21662
15000
20869
28126
615
8512
9165
24971
28690
25962
31238
6138
15798
21738
8326
19129
8955
23508
23010
23960
12739
19598
22196
1883
11280
28202
23196
29361
28962
17651
12933
27498
17887
18758
24618
27620
31864
164
7896
7878
16202
11524
9589
10481
770
1646
18881
20404
25605
12997
26844
20287
29455
28645
14601
30043
13593
9198
26801
21592
23169
18398
11947
8774
29029
24678
12218
6248
5967
30966
23895
26341
28184
21787
12721
4289
22534
19466
27891
17420
16184
637
14277
601
27716
30397
20245
11634
12318
4864
7447
19530
25916
14838
25482
7219
3063
415
23358
16977
1589
4191
27859
12623
13893
20564
26307
5968
1290
27879
21667
26665
4956
20129
23461
22477
6827
2369
16482
22792
16613
28683
31190
29809
25498
17506
30124
2970
7775
12953
29116
23689
4208
4359
3795
22892
9625
5465
178
10376
26198
29740
32601
24691
4921
7900
23941
21635
3980
5014
26743
1414
24376
29621
29943
2739
15333
21579
15769
1761
1379
31997
30271
32247
4424
2325
14559
7844
7643
7890
12166
21584
27697
12546
8093
13650
17814
32467
14956
8547
28719
17895
22236
9298
22237
23206
30849
28922
26723
6872
18391
2162
29132
28275
24524
24963
30727
19121
5247
9311
21717
27494
5960
20111
6885
13969
7160
21294
1340
32305
25442
2901
30171
5210
20250
2774
18332
25991
25212
11565
30558
3378
21744
28339
26721
6306
6509
26133
18419
27653
32572
29189
21581
32190
20479
28463
2744
23552
3825
2671
244
12444
15727
833
28121
14103
18616
29305
9535
22784
1265
26932
2844
25728
22892
31758
16876
4403
553
3733
6230
18230
2717
29438
31244
23682
26035
12823
26611
15480
18193
3965
15236
11708
8604
7695
14706
10823
28478
30882
14220
32184
9703
29431
23014
7659
32209
22250
11059
29133
27913
491
5238
31343
31787
30386
30682
4697
22636
14127
29405
14112
18142
31424
2996
4411
23792
5287
19947
11794
8756
7867
6733
8280
32614
15453
11779
31387
7849
2478
9472
22553
8467
2816
31644
26582
19820
12426
21374
11755
7219
16991
32704
28449
17634
18593
7246
31422
12404
17393
13455
18079
29987
18987
15688
4487
16246
23376
26045
32695
19579
708
1049
26047
22865
6330
8463
13715
11242
14316
26306
16865
6415
15247
30434
19362
11173
22918
27672
3568
20782
11478
2725
15383
12179
17498
25670
9710
2080
2488
29530
30312
19408
5267
28998
16486
17611
15874
27673
19919
31021
2113
24428
25827
11017
11943
21645
30668
6574
29144
19932
29302
26664
29756
372
6817
19722
15024
9998
13877
28523
9595
23843
27605
5423
30083
26961
4534
1672
12737
22528
24242
19131
242
16197
12696
8744
19343
10503
25287
24965
14848
26720
21499
4714
25357
24133
12902
32018
16021
29034
7939
32608
12418
15712
12583
21792
16380
15616
1881
13712
20189
29709
23139
27166
25957
23573
18089
17012
26160
6296
16314
2482
15972
13933
25125
24826
26159
31328
6030
9010
17777
800
16640
13829
20661
16985
23429
27691
29286
4381
21236
23787
5184
25480
30475
21726
23812
24484
18109
17397
30320
23434
1485
19645
28526
1738
20636
22754
3724
17165
8768
22259
10412
28665
213
1380
20476
11861
17432
28377
28457
24174
10802
31650
9424
23993
11985
15489
29494
18361
22653
21172
6200
15907
28714
6447
8581
31809
22281
29482
4362
14740
28324
25563
9646
8125
18218
21381
7232
22430
2055
9649
31917
29116
18104
1211
18295
11751
16350
1681
5986
26142
9873
3768
2929
8365
32246
4496
3344
3480
12564
7384
18067
29500
23779
18804
24031
20020
166
31342
18279
10362
2171
3388
17755
27598
26161
24385
26395
13148
11353
19606
7410
24729
24480
3081
13313
30574
29276
3174
20089
1432
7780
14070
11278
6479
4389
15174
22184
2853
7666
18473
1883
7986
27292
22016
22425
16750
19011
26169
4774
24926
14955
23574
15181
12531
13906
21168
6610
19119
21634
5179
26151
777
25250
5771
25186
26899
29585
8407
31087
14938
5046
32446
13826
19981
6033
25735
9680
15202
14486
26797
31999
16182
29756
13979
3547
9460
24913
24244
26826
14007
28560
26518
14466
30899
17781
1184
11897
13265
12368
5554
5021
5017
23193
21555
20806
23381
15491
20825
1641
30323
31443
10660
32014
26668
10227
4524
5124
24163
6978
8221
28883
27600
21167
30976
3570
11613
4742
15932
31034
24272
14217
26972
22171
8875
28483
29330
31502
336
19097
26876
13258
25449
24226
24615
3515
2951
26553
22226
12592
21257
8912
31476
9684
11840
20743
28416
4831
15313
6525
29799
20365
25434
15717
8030
22480
18264
21085
30691
31041
3656
30460
11258
19549
18188
13738
14141
19950
27793
2485
9107
11463
19631
15009
18240
8116
22096
447
9246
22449
4821
11777
19497
25178
20149
14860
28481
4259
13671
2191
30252
13769
25731
15059
20187
21129
14884
21908
19950
143
25232
10256
18810
12849
26907
10589
20745
6749
20552
16383
9954
20688
30002
10170
24203
1673
16938
27045
17549
24190
29858
6784
29559
16013
31306
21319
14885
11445
10616
6151
14146
3206
22733
8433
19980
20694
6678
14765
22615
30134
7280
10993
14805
22181
31152
25169
14484
13571
29441
19545
16072
712
24783
5337
27083
17781
23012
16768
2658
9547
21969
23212
31298
31931
20112
5761
27347
31775
9575
14905
4403
13735
20239
9658
21374
9622
2838
15726
23373
2734
10882
9807
12668
8936
10679
2113
18225
8297
8603
19109
4121
27314
21495
32555
4597
23
22305
28391
3414
2930
9432
32168
9124
536
4207
22405
7781
24076
26670
7352
15292
18547
17909
32688
9264
18504
21282
2401
28079
18769
949
30687
20435
3922
3250
27435
28004
27008
6599
21580
22301
14904
1583
23202
11187
9969
7382
11128
30995
1136
9150
26584
17131
21307
13985
9379
21101
24655
13528
12513
13136
24085
18043
5717
535
2451
15562
2132
28565
12255
20939
13528
7601
10202
2869
11217
14695
5146
17549
20667
30223
296
9359
2677
19938
13292
463
9553
11194
15461
31392
7016
25113
8350
17461
14128
4973
13277
29958
17488
28562
28189
20085
17074
27289
22462
18866
20442
20680
23932
27612
14967
23521
8350
9577
29752
11688
5999
16583
21985
21407
4594
9283
27038
14356
30418
27435
12183
9309
19608
6703
4292
14435
25376
29453
29699
31581
12622
11118
10600
27102
15101
2826
8148
9490
4920
13587
6345
10052
20141
8401
20092
8612
31326
1418
16428
26440
27290
15780
6323
2416
30252
25869
25435
2318
29138
14043
754
16774
32753
28208
7969
28850
2182
11873
31737
41
28000
13911
28623
29633
20109
25397
27466
8530
29458
17978
18362
5565
10719
20970
20395
19245
14081
25192
13755
5277
8474
9511
28072
25243
29454
9153
7085
17739
17920
30247
3599
20398
10109
24571
29939
16420
12278
23866
19570
4656
23924
25118
11503
23932
1671
21059
30120
9757
31103
29448
1420
535
7135
23864
30285
14372
7695
12778
3509
15281
5969
5797
22845
10794
7670
15560
10204
11639
12242
30761
22045
26567
32493
10493
8308
19596
30331
31992
28626
2758
3087
19381
21623
27781
12555
4695
8968
20393
30811
21105
26593
7149
17507
22563
9388
23076
4405
11142
3122
20674
12040
12618
12402
18845
230
16030
22256
25845
5028
9296
26448
7602
8471
30006
10275
25326
21381
3020
15873
27315
23898
4894
8408
8710
14620
5865
31619
24100
9633
24317
10655
13067
12928
6629
18330
4924
28869
6858
2316
7360
7145
11925
18763
14185
20225
19540
2618
26714
6709
9439
21857
32457
3188
21947
13123
32260
1382
17214
11499
26802
25506
24052
3017
20828
25378
22338
19388
21548
16371
2377
29552
24052
28977
5645
18154
25713
4147
471
2145
29650
16387
19672
15184
13684
10513
20494
7625
21488
23848
24940
19468
24663
14240
821
16984
7356
3542
8873
12545
20467
17369
10723
22211
1689
6502
26882
21846
25940
17175
6791
13378
28764
9175
1790
1525
27707
15001
3041
25363
15313
6218
2489
12301
24474
29187
32134
24821
31284
9092
18785
12177
32283
13790
28768
30638
26808
15983
18874
11702
11930
10771
28459
9093
15619
18585
27290
3961
13478
11380
26362
2504
16815
12979
26734
29719
13572
18228
20400
32584
17098
14612
11443
17299
2604
13161
9351
7896
19031
11828
28286
19763
26825
27537
11405
28626
11468
21809
8948
30211
21565
19978
4897
7313
26002
19533
15826
30545
25372
20377
20603
14584
17288
1902
16871
11567
21420
15844
25121
6378
25985
23197
8597
29941
28779
4600
21363
14031
1729
5255
28500
7100
17545
21188
5664
10774
7043
10495
24111
23780
8298
1947
10926
11694
15734
27514
4677
28815
28197
15030
6390
13963
26683
22930
16713
10787
22023
2992
14502
6695
1513
30084
8962
9932
13073
21000
18878
17662
19337
12465
12747
3063
22390
20386
23827
273
26011
26145
15124
21976
8478
29511
3278
19556
29839
25851
16352
13798
24102
11041
1262
16256
22860
2830
9541
346
349
18239
23490
1010
20909
28491
13552
12211
9929
27671
14960
23242
25855
7241
28062
26933
26656
5375
21873
13084
8324
23232
9123
9573
335
9907
13586
20611
9203
3086
29031
22926
17654
4562
19957
409
32246
5302
30692
14144
24810
1376
27022
26240
22698
22235
28457
31436
29362
12614
24231
18268
30242
15561
1754
18889
27658
6350
6620
31447
31973
21357
5806
8593
18275
29991
30239
23708
5228
29912
7919
21957
3169
10215
25909
21468
20901
704
6398
7877
9308
15748
26679
27084
29554
12542
6093
14393
32479
32730
22546
28708
28458
24593
14435
3979
1580
6312
32264
14242
19735
1946
25179
618
25527
17427
31788
22149
21751
12510
22629
11593
5286
4897
1514
32531
2683
328
6339
18910
20055
15935
26749
26132
31179
21732
3533
7587
13018
1980
25463
14676
21504
26852
3694
30809
21875
11851
20797
9764
23464
5663
11941
17024
3865
28549
8072
28634
8518
7053
24582
7135
8953
6757
6117
5709
4047
30925
25142
2562
13044
12746
30773
3162
18734
22687
882
14007
1053
7929
23342
32353
21185
2922
12552
16017
4924
29720
28889
10440
4569
4535
22492
3941
31054
16052
1810
15991
6206
14003
5348
22224
8194
27196
25099
24411
16553
15025
13741
175
17981
12932
25800
7907
6984
3494
2260
17828
21655
9795
2468
6790
10814
6572
32398
18840
477
14741
10955
8251
28193
7552
6432
18996
18317
26745
6846
25855
17018
5892
11624
23910
9820
26964
3283
19283
2632
15805
29522
16355
15027
28524
19891
14779
11389
3414
26211
13215
8494
32110
19417
321
24703
24603
30258
28246
11036
18409
28697
21487
19112
6527
1770
6151
25345
10193
17943
19288
26822
24726
16842
22900
24855
7421
29900
32528
20124
27291
13733
31395
28617
24744
1797
11056
12896
21868
18274
4447
55
2036
995
26323
18747
4617
29309
16312
28341
13923
22364
27291
29644
24345
22916
639
5963
24668
2744
26413
15013
21349
9882
4043
14903
7596
19733
27568
6860
30811
15352
17783
12390
3074
19427
23634
8764
29836
13415
10145
28671
16754
23401
30916
23649
17966
13255
28461
24792
20211
28479
29369
3743
3483
1932
10304
255
21217
25297
5227
17612
26576
5947
24773
22834
7035
4578
30485
11698
22767
9457
26348
16743
22886
16647
18810
18318
18109
24029
6053
30021
25128
22056
9821
23699
805
15041
15657
30889
686
24835
31494
20327
26291
12404
32114
19490
25031
29608
32196
14245
31514
12387
22718
29045
29351
19198
13413
20058
13742
30988
14352
16410
30565
18237
2752
10888
16875
13954
2991
2493
4989
13425
31020
19878
23532
29420
31141
3775
28238
25341
15110
29
15092
22277
7234
17074
26013
4118
5422
32205
3049
15005
20630
24800
20497
7748
11403
29318
31700
1302
5370
20676
20405
7652
27779
18063
21091
24040
30599
23183
13433
9641
32131
15139
7271
11550
5277
11173
28336
31510
19325
22255
26199
27608
9566
11038
4499
2822
7269
8854
1738
17607
7729
7750
26045
12836
14003
13613
30977
1203
23872
7452
2990
21875
6116
4286
18267
23288
26874
22231
11849
19144
15097
20169
1502
27140
16017
9820
17749
4427
28407
7358
23733
10203
12413
30409
26623
23033
15717
2181
8876
3732
21751
30702
12118
24613
24785
7415
1974
7385
1151
8910
10446
4594
19275
20066
20327
9834
26710
3619
22718
2266
15592
14088
7035
29851
6405
4823
19682
21035
27201
9121
17997
14034
19669
16523
16090
1925
13041
28629
19809
17162
5716
8724
18089
14173
26651
12994
19419
9811
13014
20985
7478
7549
8929
15228
1285
1359
26866
24311
28366
11137
10990
23944
32461
19638
30465
125
15776
24924
27885
3424
11332
12755
4514
6961
21568
30161
272
19698
10272
773
29241
5481
18469
20218
16778
26657
32571
18495
30059
31666
3115
19141
28949
322
2834
13192
18851
30028
4882
22385
29036
28064
23623
24955
11665
2219
509
23574
2514
25081
13600
27081
16038
12280
29427
28954
15754
28415
5125
16306
22425
15758
18274
26813
12893
19928
19974
25232
32485
4222
2711
10126
10007
31902
14675
24140
25928
6412
25671
19699
31242
10975
26561
7142
29765
11568
6921
11173
16266
30238
29004
498
27811
11541
9945
4658
26735
30289
20112
25877
5357
30621
21398
25465
30870
6753
17230
18572
30704
11995
29573
32561
19808
21677
22765
28326
13119
19608
8653
31331
29745
6023
26870
14661
21938
1743
5369
10219
4338
8629
14231
23137
19939
1073
377
28923
21648
6897
7714
21636
26800
24737
3105
32152
891
106
17803
19279
24508
440
19624
11548
3112
24897
28909
9204
30702
15171
24618
24242
11663
27404
22533
30138
12272
17344
2983
2524
11694
18007
4533
19068
32433
30949
28290
9968
8196
17182
3715
12074
8675
29721
17667
26519
15382
21844
8983
5190
31870
28409
15061
16205
17390
24927
8897
32361
1340
30676
19848
15332
31383
22682
2545
1724
17690
30255
16144
11777
10914
9681
14525
11135
26077
32578
6212
8605
15524
27081
15710
28805
20619
31353
15200
9861
23990
1973
11955
20405
23534
5620
1668
26843
13811
450
5820
31115
2836
2824
1587
6547
12030
9612
27936
26006
23506
12987
14293
9974
19066
2215
8617
13047
9532
27212
23605
17698
2191
21783
14019
22760
1582
18345
23043
18056
24172
26072
27648
10035
25543
7670
12371
17517
15551
13142
30870
5814
30697
21005
31004
5994
9791
4086
21983
27110
28602
32505
31674
8172
22051
13452
6617
7497
6694
27257
20333
24244
30376
7394
24996
10234
9818
18819
3544
23896
26510
13368
19463
3112
29258
21695
5507
26305
5275
20926
1002
14232
26924
11528
23641
4011
23575
1308
23261
13343
29179
4079
21034
3879
1359
13035
29584
10281
28150
23607
21290
26396
18195
313
31833
10037
18206
26201
10864
23746
24120
5128
31153
21078
3771
7425
9337
16678
13334
6607
8375
18611
11224
32144
12706
2473
5386
10232
16812
26631
6594
22681
6321
14465
30453
26465
17013
23843
13965
26212
14669
5430
20411
4315
10524
1127
8591
11117
24193
13606
31686
14766
13903
6733
10723
11494
8510
21506
13441
28691
4064
15326
19687
30001
23254
31823
5853
10168
31555
14138
17598
26727
10113
32741
14799
30272
10259
11285
9935
26836
30939
16499
21711
8128
2701
31796
4676
19320
14436
18425
30299
29507
17940
3060
28300
7303
31231
12621
19058
30535
10155
21188
14810
13290
15988
24727
28954
26174
12414
15270
26532
6588
17902
3029
25818
31502
12378
21938
20260
15054
29309
4952
28992
3473
28720
21651
10714
27940
14998
10820
14685
32533
27798
24839
8712
17525
11150
20244
20036
30429
8261
14691
28981
13999
31778
5140
21903
28318
24220
8717
3755
4209
12018
14309
16346
3843
15900
9729
28153
14735
17665
3580
3909
23594
4842
10060
19825
18833
55
14115
11766
12837
31057
16276
5291
27700
13791
10743
21653
4474
28733
28814
17152
5608
12585
2921
206
15268
960
9350
28176
2128
9642
22333
31699
8079
1937
32475
20540
9925
12759
22670
28888
5663
24968
31873
26413
6868
29069
29255
5013
28330
25635
25725
8780
18619
8332
14251
22215
19321
14596
2156
8519
5104
19703
21711
12975
20043
23409
21756
658
29594
6614
18203
31633
5330
8915
12913
16868
22293
4500
26060
18486
1332
23864
13602
9910
23155
2178
14965
26731
27276
31185
7673
17095
19190
3922
10617
27520
24934
17268
10999
155
31639
30108
27283
14026
5191
11035
14254
16887
27010
23645
20814
11297
18466
8802
11716
3687
12439
22642
25997
24674
14564
1549
17783
20920
20458
9506
19460
25070
17897
6273
5651
10878
15940
26257
32445
3882
28292
3142
30334
18575
20128
31822
21909
31997
7804
7819
11693
23430
25775
25542
24252
27989
19081
16802
29484
4418
31061
10958
1849
21923
23771
22399
16282
9316
28457
29214
4963
30042
29075
31805
27946
31444
14073
32720
26472
31859
25416
24730
10275
21564
17475
25061
8138
16876
10116
13430
12129
2187
20925
8384
31197
2628
31556
8536
25810
22132
30159
425
3147
24065
24444
21737
11769
16877
1812
22860
20369
28715
26000
7031
9327
689
20700
28215
30335
5326
19420
2675
5725
702
6061
27487
5819
18300
27181
15091
22276
27863
28093
25244
8510
16840
28229
5169
24373
19203
22393
24360
10966
8652
26715
9738
15833
13580
16385
2084
1187
8356
10137
4992
22634
3841
15786
21267
9370
22768
26269
3384
31607
22452
9851
18013
24068
7511
18424
23548
15140
1853
29873
19406
27136
24319
8882
31547
9128
32118
31547
4884
16381
9237
7876
17284
14798
124
27198
1092
15937
3659
8604
9487
19317
19252
9106
16982
8805
29013
2716
29236
4112
11204
24387
15780
20951
31083
16284
14834
6438
12822
8209
22127
29270
25034
2403
12905
4818
28249
30704
3930
21113
15155
16434
13152
21572
16255
7305
20461
8745
17002
18490
16576
16447
12735
19383
14100
31522
18105
24097
9495
30105
27925
11
32157
14710
8298
13185
7190
20414
13245
30024
26813
9226
14160
23400
3347
14125
28860
31976
19596
25879
6463
1753
21896
16890
22103
8854
7812
21163
8336
4425
9106
9290
3226
8369
6150
1829
10910
23843
24691
28890
28626
9423
26838
18876
24140
69
11024
10616
24340
25656
31130
18169
636
16513
25204
8072
6836
102
15966
6456
25753
24605
16459
9345
13006
15244
6419
8491
20238
14931
872
2669
1472
32012
19467
11863
4044
12241
10815
29805
20142
9727
31871
30613
3785
25402
15724
30515
17405
13746
17673
25490
29819
17828
10794
2438
17880
15907
22570
8527
24673
29464
11485
17601
7343
10376
12997
4258
12155
24341
19337
30036
18355
18888
24226
31411
21196
20749
24664
31553
23387
18175
17645
6785
13791
12518
13336
31392
28641
18942
4277
30042
13632
9083
10426
23580
8134
1481
8557
870
9470
30488
29652
7540
5706
2840
3437
10269
26416
24577
26912
29179
11765
27863
13426
31436
4717
1260
21755
13080
7953
13478
25114
24341
10322
23426
26343
8391
15917
10073
105
28011
23552
21731
11274
29206
19100
22905
23111
11162
26779
23071
6572
13737
19700
5057
28160
5437
30668
6333
10173
566
1423
1954
20419
29765
6208
7991
31564
30474
27405
21440
7203
2425
17447
18812
8465
3202
14544
22642
31384
1265
30646
32110
22500
13459
3455
23622
12287
20122
22437
14177
27460
19266
6532
122
16662
7861
26545
26274
7634
22316
23950
1412
9473
26200
20763
6637
9171
6656
30991
24460
1993
2027
14632
31734
11697
28928
2239
6892
7383
24492
10143
8161
634
1412
5399
4279
381
7212
32078
7626
10847
19831
4311
27439
12141
26319
31365
32574
10550
23512
26497
31309
32576
23632
21913
31679
18681
314
7131
22590
15088
21819
24931
1348
29765
15428
30321
24032
16479
32369
17343
9399
8412
31281
17425
26441
13262
16808
15373
9845
18980
10065
9293
26687
16998
32232
31155
5842
31654
3975
26620
20673
29875
4111
664
3730
27535
3785
32697
16765
4387
11085
10667
20337
9522
4515
31331
4184
3724
425
5466
12444
17284
26036
5020
7402
5795
15482
22043
23350
15262
23088
21066
29951
6278
17647
3303
22228
14143
12380
14104
18711
27443
23688
8634
26113
32583
23573
31478
12518
15
1435
2581
12986
30269
5193
23957
16341
9568
15312
8060
19187
8907
13180
1004
27007
22738
31908
1528
27921
19005
26693
26294
13877
10742
8170
8853
9326
6917
13775
20721
18298
11454
69
8677
13784
26425
17496
28257
11400
31747
29616
3708
23570
28435
437
27147
1737
19456
5111
30578
21585
15217
4556
7354
32351
3284
22331
9956
15040
2131
3864
19325
1693
7427
30833
26739
14077
16223
6953
30247
29323
3062
12259
24515
30874
608
16161
13774
22886
27766
15277
28414
924
17859
7225
11085
19229
14133
14402
11598
19711
31512
27706
32194
21717
15685
18661
28007
10033
19351
20996
26896
21863
10911
4145
21498
32403
25241
31242
23646
8669
6302
30865
32323
26107
18459
2771
10390
31224
12417
19656
14460
29492
19262
25979
16103
19629
24045
8298
17512
27516
31945
13872
32580
19619
4456
2145
12233
16389
14758
21686
5858
21686
4831
9066
15082
23157
17761
29923
28350
7287
25632
29333
20246
14695
29868
10020
10773
15530
13153
456
1310
23783
26589
10486
13546
967
23992
24637
15319
761
21871
1390
25219
6778
416
26879
16026
13331
25725
1457
7148
30755
8571
23409
31683
8094
5962
29052
7795
10070
22026
17351
19250
18553
17852
8094
18986
23131
4342
13195
17613
374
10203
22137
105
20400
28491
18969
9980
14812
28759
31877
4681
1666
7160
3364
19755
6627
30464
6349
16170
17208
16976
4399
13900
28475
29516
9072
17197
25576
4236
29204
6994
27013
18132
9761
30139
1248
19015
7040
5559
9944
22487
11431
30717
29982
27392
24949
22007
4157
31670
1373
29537
31448
22684
26823
27155
1587
29046
20915
26651
26614
9697
24480
5135
23853
27714
26284
2978
32402
25852
1532
12404
10767
11750
32094
14127
9599
2556
1581
11471
24245
12628
13174
26177
27839
23892
7512
3632
13931
25891
23473
17692
25099
32349
5111
1964
29302
30219
7779
20293
13647
30162
1621
8411
26250
10602
27124
32263
11563
22610
32020
27738
21841
18370
13150
1778
27508
30946
21930
20042
7403
5945
1712
10838
433
11112
31456
21200
13160
26136
26510
4557
21918
5937
27986
5267
29520
9548
431
16046
21932
6508
7154
13121
14363
4840
10589
2203
32127
14252
3205
23050
19129
29858
11257
11252
10863
8810
21540
22051
7692
25169
28789
26721
16392
18305
24509
15685
23401
8309
26584
12108
7306
29872
3215
9259
16155
2735
19901
25188
23913
2588
4273
25880
17631
3652
14548
8732
29645
15563
13195
30287
9321
13470
31583
11306
2324
26922
22108
20632
7646
15820
21430
18952
13131
30088
19635
26049
5720
19197
27844
20342
31161
17560
1269
10011
1125
6409
11912
10487
10580
14323
221
7161
11399
19176
24214
31311
31050
17044
7672
2101
11702
17464
4243
19723
32633
2907
11813
8875
24026
5052
26300
20217
29943
8074
24603
23484
30289
28119
8799
8364
19083
13643
30690
13259
4207
14101
1120
13305
3378
32295
22360
8643
29177
7843
32181
14973
6811
2448
22190
2448
10665
18642
12267
9236
9644
14169
27881
17058
31661
2456
15775
11619
2811
14905
10338
11885
7720
12047
27398
32336
30037
10828
30534
24299
17839
23540
3685
22661
21050
10129
16406
19737
462
29225
20634
22000
5727
3181
18984
8053
27009
3379
15761
14150
21034
12326
30244
135
6074
3260
9423
17019
5690
14697
18056
1365
30689
12051
18923
12619
10205
197
14373
9197
25168
15271
25872
12213
1432
814
27295
14815
2259
15760
29565
27258
15266
25723
6385
8896
13102
19974
22533
11683
2153
488
25063
24232
19351
28391
19343
4856
20748
5268
24738
18613
15159
30006
7575
16522
26079
25604
5400
23942
5805
919
17579
14122
5867
2206
7313
4544
6795
5332
16110
12527
6251
15919
14891
14477
30679
5722
17049
4020
14160
18022
12119
31256
28811
4797
15989
23447
23997
23383
25689
23058
17430
27696
10850
20860
26507
12793
24780
20016
27609
9997
10196
392
18119
3240
5148
25771
10155
17491
29264
32166
30767
23971
28170
31423
23125
11299
8179
6149
18361
31119
18220
812
13847
10307
12780
12696
25868
23026
6506
23736
14625
28315
29949
6293
18437
28601
2177
14507
31258
15291
12798
30455
25907
1459
14980
4433
17565
32082
11865
20732
12892
13076
87
12412
1462
3256
31887
5031
31478
24051
20018
17919
2154
31077
7346
13119
1198
19916
1060
3636
556
25464
27881
22990
996
19967
1677
2167
28521
26161
27119
9635
24620
24654
9890
15785
16381
4727
16276
30673
18639
32611
23277
5806
21436
31059
10554
21166
6473
29000
18379
17135
18154
18035
8793
18516
3529
10733
6125
11993
3779
27304
26364
31011
18355
15782
9431
2652
26100
22120
17475
8765
8737
25514
28515
24428
2335
17485
14559
15369
22110
2197
26687
14467
17243
5012
26008
10417
28778
28902
2155
22302
19122
12959
19914
29348
4985
27522
14780
31292
27810
6516
26595
6932
3699
5168
3932
13538
2716
21563
32231
30841
16501
9755
20040
21657
26248
7620
24045
9484
19791
24147
17872
22510
16191
2558
23199
32077
8709
28235
30747
29938
15631
16513
7102
11901
18766
32348
4768
12216
11834
18181
16027
21797
4119
16449
13997
217
4983
23529
18079
11149
31233
4506
4580
3059
31856
24749
24004
18502
1503
11882
18106
26149
13379
21624
25882
27809
16953
29592
9462
27797
15874
24212
21827
25398
12747
12657
12856
10986
8498
26860
28407
28254
7
3621
623
20946
1615
19093
15233
18104
1423
30789
24673
15742
9031
578
23872
10664
7356
10572
17960
3105
30714
206
12327
30675
17946
14355
9647
17525
23233
950
14909
25508
7401
15194
313
3126
21732
32668
27677
12235
7069
31814
21466
28324
20258
6853
12664
32185
12383
14558
18940
13061
3628
14236
20878
11301
8587
30349
18907
17185
32554
3886
8121
17802
16944
25763
19465
8645
21558
23467
31714
32422
30354
20180
1004
28993
28892
4843
8969
17660
2219
8119
22587
2537
9888
12519
20418
23891
19622
29512
11140
8343
16759
4667
10930
4661
5475
14695
29865
32039
25677
24235
2838
29298
30966
26710
10078
16634
13694
923
1853
8090
25895
16191
27821
15732
23389
16021
21769
11398
1011
6316
11122
23167
18608
14279
31346
3024
28682
19725
24799
3333
22833
11394
19970
3670
14671
9526
18681
23929
15886
10685
18266
29115
14684
23774
22297
32335
14955
22159
8108
32486
14331
13602
32364
29312
12251
20153
16959
14465
24493
5887
19060
17415
31467
3354
3310
6523
551
17883
18309
19046
8087
26168
24745
25478
11472
8701
15176
290
17874
4798
498
32154
3397
31504
11580
28226
1538
18937
18786
25200
9685
29348
16176
6356
1409
27737
9250
7944
20997
28333
21962
3944
25374
15862
25714
24868
6925
7170
4355
32404
29594
12553
25125
5579
23641
223
5288
22382
20012
16494
27427
6087
14345
8036
8410
1557
10494
23081
997
28198
23410
10260
31375
14376
1453
23006
30717
6845
5019
15447
9232
13133
11724
4951
14987
30880
12736
16632
25977
15276
32610
27906
5833
10923
16338
16551
9532
2673
2407
2673
12417
6653
1269
24184
4254
21582
30795
1752
21649
1144
23040
22626
5175
24566
21104
16274
6510
6978
19969
6593
9334
11427
1195
11932
20382
12614
6839
24021
22044
10385
16070
21785
16956
31156
26902
25153
18109
30593
8193
13772
18295
22141
26054
10637
21826
18743
13196
24481
8468
14040
9636
19876
10857
16380
15631
2084
11496
1472
23104
25174
4419
26396
21794
13832
25951
10356
22109
26583
8117
14697
21974
31650
12792
3317
25204
19775
12023
14263
5930
16748
1990
18571
24882
776
9240
3934
31638
8323
23024
17985
17397
7571
2169
20667
19588
19752
23089
1380
20307
1955
29261
13743
26322
4418
2394
26632
12179
17631
15648
30751
14161
22235
6091
4483
23858
17493
4685
14450
1865
17055
5630
21744
20831
17138
16773
29718
6387
24160
29948
13229
2687
15883
26959
3067
5117
21397
22245
27613
24746
30167
28547
23318
16906
13782
12141
5863
10796
32754
18894
23776
6959
23905
13401
22517
12293
27100
5681
25556
8823
20888
7686
6774
29289
27512
897
24564
4704
17281
14307
24733
15681
10638
2537
13637
22876
6213
16626
8671
3240
2121
29539
8783
26192
945
7243
14713
16751
3514
13379
13982
17688
12984
20889
25832
9626
21587
5037
22851
2818
1519
23962
21103
16609
3436
9241
24403
4943
23568
21155
16277
32047
5057
3030
12903
2997
27768
18714
10148
6950
3570
7556
1819
20703
12713
8187
555
30361
8450
16537
9104
6891
25544
3411
4476
6928
13017
10717
13801
31211
799
32456
16686
10312
15554
25582
15057
8805
29340
18959
5277
1713
11758
10172
29684
2515
8785
11636
9574
27630
24047
1294
28290
21284
18930
8278
12779
12121
3901
23291
6575
2873
13146
29609
15317
28284
436
8306
27957
13672
5383
17010
13965
408
5396
31923
8144
10237
31897
12878
17857
16418
31616
12243
28097
14516
18775
1003
3045
5441
31744
19260
28492
14656
13994
29581
2224
25682
17664
14891
32570
17351
30367
27019
1947
15716
20174
6704
12632
22371
23657
31439
7781
25020
19999
25522
22774
17571
5854
14682
15250
6226
13962
25192
8041
27144
31477
21694
17639
21074
19724
32225
10889
16521
24142
2721
17904
8092
19075
20989
21300
14351
426
26433
11898
29508
3635
6001
27593
25594
2926
21994
8473
14355
24644
23623
5805
30618
4645
386
20899
13572
17473
3163
11466
4790
14075
1278
29619
16840
23450
18912
13323
24073
20546
27626
14631
19267
22564
5593
26081
30656
9201
741
24739
10252
32404
18592
17857
12285
12832
30754
21516
15601
14599
23139
18340
5463
3982
19432
22285
29041
14717
31650
1669
20823
20507
4371
17813
29760
11353
32178
2791
21757
334
32145
25175
20422
31459
2877
8524
21817
13520
19173
13641
20128
7623
12479
16575
6003
6894
26280
31270
12318
32659
13579
331
3587
11548
29443
7916
11459
28476
16836
8834
17593
26733
5943
21086
19144
8858
23524
8695
7511
6171
8213
8835
665
18663
11320
25028
23570
12293
28806
11045
13143
11588
6114
24325
1045
14124
16900
21587
26452
26932
10454
30811
1021
16950
13598
8415
26778
10015
18014
17514
12894
32235
12792
3297
9573
29905
15766
30811
6716
18874
6345
31794
25764
9720
6641
24155
6035
25141
16988
14578
19068
18089
19890
23577
17360
7057
20624
515
11461
7644
10867
2380
12886
11303
20184
10636
14219
16363
10657
22059
31994
1781
8891
17271
24974
12567
1278
16883
8327
17950
19540
25586
12482
6147
7966
8549
10555
9574
30419
28146
20176
55
15338
30022
12104
3255
22779
29099
28051
11423
2337
20701
9043
10910
26018
6937
31644
31241
30418
20600
27384
7887
19508
12411
10415
20907
24547
8167
19781
13469
18736
8403
14915
11162
653
4351
12091
11651
18090
8807
12294
8532
18653
16920
8272
7070
19655
24899
14423
4151
24885
21648
14063
19503
16964
15796
29898
19463
9929
13126
15606
16926
31983
6862
3751
24940
23074
26912
11319
16498
8748
15592
7019
26737
10654
1925
31480
25819
22386
14363
20805
26375
2542
7395
14451
21032
17100
28358
2971
17280
24215
15147
31062
27345
23384
8205
8067
18197
29298
3664
5188
7022
2507
1621
74
12384
16428
716
11859
13630
6379
1481
13296
21986
2759
31770
6028
22689
30227
27353
6058
22655
17943
6973
30574
28574
16819
14517
29791
26109
20293
5432
18795
14431
12237
2006
25388
2952
30031
6548
10601
24495
14457
29814
480
6193
20870
18653
28738
11139
6242
7443
30592
3946
28687
15141
8261
13678
8519
12529
18627
11148
18531
5759
8627
13611
23163
3733
31895
28753
1487
13701
20291
23319
29029
29258
4251
19802
8180
24019
21150
15028
31233
13471
15780
20650
17224
1674
20707
17703
32605
6375
3128
26922
2451
11982
26405
21435
25629
11191
14614
14627
627
17480
30440
16988
4856
12652
27051
30919
3033
6565
17063
6685
32568
9379
12446
26792
31370
27925
23121
19379
30013
17599
25157
21567
4766
32461
22471
31223
15099
13415
14638
9318
20484
14213
27488
21608
119
10245
19096
478
32509
24315
14438
422
8271
9288
19191
1995
9372
25198
406
6648
12335
19618
8819
1587
14157
11043
9635
12743
24924
16843
20841
21634
10059
1251
27572
29729
12589
4156
9448
13321
14119
5243
8161
19768
27021
11957
15158
17018
9288
24124
32698
9440
29051
3256
22601
31854
8038
23673
30401
10516
28042
12555
2638
20448
5389
9739
10987
10353
12385
26682
7717
16047
17953
9424
22818
31929
31547
787
25571
4383
12372
23591
454
1362
3688
9512
17231
6232
18097
16246
25895
12740
2507
9040
8293
230
31253
6309
20493
7231
7514
29222
4054
13623
4529
32416
14385
13331
2465
9353
23430
20513
21385
23513
10433
30773
28735
31259
22285
8025
31992
1219
32479
16833
29800
32194
1079
13821
2858
24152
30243
7794
11105
13353
1924
3851
21408
5268
1300
15148
23815
23104
27816
16360
27823
24823
2483
24179
5193
13240
15116
15066
26113
24839
17905
29425
32681
27016
23115
8589
20755
31948
11315
8692
8638
30827
18102
10130
6581
23891
31701
32238
20917
12127
5584
1244
11918
29484
11685
15603
3019
15912
19155
30785
31125
3307
12387
830
4565
21451
31529
23039
10393
32170
30024
15788
23481
19731
17140
15924
17850
21382
19580
3135
22514
29455
2439
10085
8173
7709
4509
15517
31760
18834
5610
18680
892
17687
10303
21647
9526
28082
29530
22969
17028
28314
18535
11394
18586
1098
9671
30297
3445
30164
6927
6665
29704
14456
11860
5099
7062
29045
9894
10841
7775
18975
24538
613
9086
18994
2957
27851
18450
11366
869
32549
9116
24899
4250
19806
27560
13367
19637
22377
31408
18150
32664
32563
15933
22209
7871
6870
20559
218
20933
30479
16383
30710
8234
24050
19811
24804
11347
30172
7346
18702
8146
3242
9384
27470
11496
9000
23596
14083
18760
19660
27441
19811
1566
14245
25306
26899
10576
28814
16609
25589
27652
14247
16953
20289
610
30982
18674
20951
20635
15785
22878
16595
28970
10415
29298
9826
28762
21704
17774
10965
24840
9707
4289
5108
11946
25415
8742
20117
20624
11643
17428
13933
17002
9481
6741
4133
26123
21768
12788
27056
12908
13850
18525
21725
21492
23966
3520
12328
8694
11559
26294
29142
3452
5676
28967
10561
27971
17921
20587
10864
19206
19973
1199
6122
5631
7198
20891
16076
24236
22370
30770
31002
32719
29975
18425
2643
22712
6622
19291
10824
31942
6955
4940
12845
31788
13560
26157
8177
10737
18363
21999
25547
827
12949
380
11286
7116
7628
1362
9054
13261
18811
24433
21691
23242
13448
19064
10845
17407
12247
21515
14953
12242
12733
12919
22020
3744
32184
7577
3756
16572
29789
12028
9679
6069
8081
3393
6806
31960
20220
26308
18946
24822
22715
32636
21819
22888
21077
22051
16933
3663
22001
9367
2611
24096
10182
16257
2944
23137
20434
6452
4124
429
31695
27608
24483
23294
15715
20167
3861
22060
30871
15159
737
5552
5770
17434
22339
1454
20583
1346
8912
25651
9876
3529
18256
7867
22572
18864
17611
10486
28336
11974
17127
12491
12793
12491
17521
21406
6257
16598
14649
14542
1923
23540
25123
13698
30800
27922
15227
23974
21668
1565
24969
9776
8232
13415
9061
31912
16857
29773
14349
30695
440
2071
18869
1567
3779
13855
19294
15387
8485
12854
19626
10696
3242
13891
16367
22517
22389
3629
26250
21335
10485
6907
22390
26832
9493
4410
21533
30448
1971
30367
24429
30909
5204
8942
19247
11695
11798
18458
12180
767
11238
17838
273
8738
15602
19307
14445
18576
29025
3891
16665
19657
15170
6694
8639
29850
31683
28938
4893
156
28836
7152
30996
4351
5611
20756
29180
18309
20440
18182
28731
19153
28955
29191
4630
3810
28997
12470
11207
1755
26493
11244
14287
9221
7540
28132
8589
17942
20123
29855
7696
180
26515
17286
1834
23093
23012
14418
27845
26537
22515
10025
20602
27162
3374
521
16224
20754
9866
3946
15906
18014
16175
29727
15189
10002
1393
5246
31752
3533
11267
4288
13980
21054
31591
24747
20438
8679
6057
21102
28210
5665
20045
28876
22394
27489
134
5244
19608
15801
32169
9424
22441
28322
25056
19350
16466
6136
19747
8252
6743
12358
1636
3639
8809
17476
24330
31396
23872
27038
27297
27952
11498
20215
24272
16438
20579
3374
12171
7208
357
7648
15241
16944
9345
6958
7417
27159
16239
11456
29297
14181
10659
17929
13351
2506
11040
6605
26979
11452
32145
26337
21044
10850
25494
563
22883
17841
19036
16906
25253
24533
10608
11918
18708
19666
5333
7050
8672
23403
13652
3953
5954
5187
6931
7071
28594
29762
7785
2530
5466
9786
17137
825
12746
32714
20701
5083
12781
17795
6285
12411
17980
31306
5217
8395
13105
15869
23755
29503
1535
32602
8872
24083
384
1308
9168
12687
22383
4710
19947
16266
471
10853
903
23597
20683
14130
14184
23545
88
6133
21023
13067
27320
23120
5599
6559
10952
8955
29835
22996
17085
2475
3091
10927
6930
27705
15617
15457
28100
32000
3919
22989
29122
4231
22908
17221
23199
28256
24031
9876
139
10575
21050
22594
17537
17071
1426
12819
1218
7442
6206
15057
13697
552
31295
31563
29152
16354
9167
9374
6427
8406
15420
27571
19459
17382
8951
15881
24239
5916
3816
13237
4718
31193
14341
25255
11263
18991
16163
30510
14853
24971
18444
13759
8117
17559
31185
18930
14290
2654
22882
1741
9179
16050
12891
31813
7043
17354
545
1538
20577
30512
6446
14179
14825
7643
26281
18626
23963
23447
8762
27129
26490
14766
18460
7716
9920
193
7028
1193
17104
27127
8929
13174
15468
27482
21332
1674
3880
9085
23842
2231
1822
10338
20311
22950
7908
15772
1358
13595
31163
13745
4734
32634
19977
706
8343
31627
21514
14958
29646
3450
3266
4339
2420
12066
30006
3990
1230
31114
31195
2630
24097
26544
15951
6268
2060
13958
3399
5477
32538
1595
1225
27459
30616
8379
21147
11793
7588
2425
5371
18789
7047
14956
13200
17819
23109
12887
17569
26672
12402
14414
21125
13164
29510
30838
5466
2372
7668
24076
29946
30078
824
20137
26411
25366
15663
10948
32278
16609
20332
14200
15099
22896
12104
21895
31010
25143
9849
10656
1301
1518
17383
6621
13324
28216
20155
17552
4009
4227
28600
21567
27109
16943
1230
21741
27979
22514
21228
28315
32100
21627
2583
10511
31602
27221
20409
7380
17248
21775
17211
13698
29946
19866
12501
26944
23898
7666
26277
2438
5282
6144
24575
4392
9201
29632
15109
5008
18319
22687
11383
12618
8555
5671
26060
13767
28616
20445
8577
16986
7219
8298
18865
10887
14008
30714
27878
25981
12629
14818
29999
14561
28591
23941
21874
205
32516
5752
8452
14617
2657
18404
16759
11225
24341
18220
16051
26918
5477
12752
19784
27682
12673
23186
5891
4406
20663
4567
29120
16798
14055
19791
30846
30760
20535
29400
15033
824
31495
19104
30196
10256
11816
23690
3477
2894
20296
15572
13557
694
19889
3062
32696
13362
21812
11725
19546
9751
11615
31736
15627
9386
6391
30595
12989
8419
18850
15810
32379
27761
15331
17536
15612
30461
3915
8538
4216
28851
12014
24677
11450
30207
24085
11799
26999
10388
32050
22628
20190
22963
6937
27431
20592
10666
9836
27588
10770
16539
21335
30731
4960
1150
2430
19552
15685
28777
28212
29977
19912
28943
24302
12072
20009
27272
28663
15354
16173
19280
17253
11423
18358
20625
19531
26666
12694
24485
21040
29019
10405
6358
18624
12155
28690
1897
20418
16008
502
4828
28490
2706
19759
5483
25648
14949
1387
15321
4288
11624
14723
4716
26035
4293
9227
25402
22367
20426
27175
18851
13098
25488
15519
7967
26948
17882
3894
9530
7830
2879
23096
4316
6901
26764
6739
23246
26524
10084
679
31098
12761
20009
5408
26610
17926
32544
5380
7732
14011
21199
1992
24237
1090
12714
14376
31995
22603
28911
28535
503
10721
14031
22835
20723
23965
27086
17628
12864
13850
12140
14854
26356
10408
15877
4782
10729
27205
1526
4042
16905
18633
30209
7203
2505
9312
24307
12647
4084
7485
14979
4986
13738
18829
22910
22030
28072
1962
15649
24691
202
16530
8134
25520
31693
11927
28868
30418
10842
31832
18320
19844
17216
20463
4648
15584
10754
5740
689
645
27025
9091
94
490
19546
31105
8085
27634
13699
19844
25933
1216
8050
7148
22971
31692
25488
24845
11821
2614
12108
18982
31286
19291
19042
29335
21515
935
4701
334
18477
18858
20314
14979
29768
17773
17936
22949
18779
31238
11021
18324
14618
19818
23362
272
21137
17027
32194
16754
4617
6530
29383
17817
26671
19063
13302
15144
15475
3614
2532
12271
28335
26876
15064
5542
7177
27819
5843
11745
11034
9075
1229
29248
25424
23066
30018
19686
5008
15356
24045
13613
3104
30046
8916
1176
28613
20479
4228
6154
8232
32240
19358
4405
18814
1702
22930
19540
20840
2638
9899
24093
11544
20320
11596
11761
25270
20087
8825
87
14850
12384
19352
1448
24634
29296
24953
16652
830
9499
9365
23460
10226
30915
1683
14345
16356
3278
3345
23030
16943
13563
20896
30273
19359
10486
17168
16144
2581
21034
3055
16457
30509
11222
16972
24650
9759
26979
17600
22747
10467
22261
26800
15456
20633
10304
24012
23380
19751
10653
27355
7666
28708
1884
26555
9781
5877
8028
6307
19971
53
4314
20140
21925
4187
32391
29072
22139
18838
14045
22193
19950
31484
14002
2397
21669
27364
14862
26704
22012
144
20282
15482
23474
12560
8217
11523
16865
13154
26043
13453
26420
16350
14896
31673
11604
24274
15514
15596
23971
2665
15238
5459
17965
10193
22909
26404
8924
7068
24533
12583
9963
32103
13261
32630
15004
11962
8666
22913
16686
22832
29499
20820
31497
6104
467
6173
22589
20442
15928
15336
20266
31838
23560
29358
2944
29097
6268
5774
2411
23433
20287
14170
28935
31476
20864
25941
17946
26348
13126
6459
16386
21669
771
23938
24044
10986
8045
7392
2887
25789
8073
14861
26745
1854
264
21706
3024
11982
4311
24610
20155
30579
16882
28144
31546
17534
26233
21409
28051
11116
32517
3131
32327
1547
5180
31646
18500
28638
20131
30475
8028
12993
16564
14050
19190
26320
5937
5552
22787
18822
9143
16488
7476
4130
30102
15345
12394
14671
29920
25569
1135
8707
13248
18057
24547
25000
27149
561
22137
12666
20255
1956
4451
25392
17890
26096
31754
10974
3880
871
10499
16410
30276
26601
830
6750
11220
31846
8065
19629
17118
25502
16917
17529
1055
20523
27840
28613
2975
31682
2291
3719
25737
9142
579
13136
5946
11965
25885
14126
23960
24567
21942
9426
29093
15148
29506
24302
10836
32342
31590
1505
23195
21599
16879
24726
9929
9515
20676
19625
17434
9945
17433
31180
22152
5190
14054
29802
24805
11475
21400
17290
31527
24937
23814
7669
17155
21178
17318
31387
15037
1225
6913
51
2622
27564
868
6178
22119
13712
23513
10398
8869
30207
20565
14867
28869
5726
6195
3013
4874
12218
30945
23480
25725
12740
24794
26061
23429
31513
11988
24109
10935
18119
31034
27370
25583
4877
27100
24804
20896
25955
486
18410
31336
4026
23054
27170
744
23301
13074
29355
25042
15096
27234
24448
6723
28432
10009
19104
28756
13523
21298
20076
19436
28505
13561
2384
15832
26635
15551
1189
23325
3243
23250
726
25228
20117
29101
30914
24728
1860
14443
13922
17765
1559
8578
684
8481
11093
6573
11959
31383
13424
13098
25631
29697
7558
4390
12971
12830
15405
10102
8493
14725
30576
8839
17834
13881
16661
2968
10427
24957
13346
32038
30771
31210
31903
31656
19714
446
27804
18045
2138
14199
25206
13603
3088
31905
25687
29865
21060
7916
5372
14695
10308
14209
26043
14572
4270
5270
10692
56
4309
24896
28327
31276
28006
32649
15894
14910
6732
18627
11500
24433
25040
10268
23407
9093
1797
17266
19154
27242
26467
9832
11263
26107
24498
9145
2963
8681
30762
24780
32553
3061
7128
16265
14299
19555
24387
6764
7686
683
6736
1751
23118
14961
22883
4525
28642
11447
27079
10780
19457
8530
1360
11962
28350
1178
24894
20692
4352
1382
9317
16898
27596
20280
2187
24575
1223
13492
11026
21176
9206
24151
20695
20643
22217
20837
8537
32082
9304
25379
7454
5704
22252
27719
21330
25099
32449
20653
6834
5499
4618
12107
20904
9057
20022
20071
27063
10827
15986
6151
16922
29848
2927
15018
5544
16079
30821
16949
32763
14389
12632
15664
24017
29086
20122
16946
3250
11907
12689
27034
19924
19541
7866
3968
20539
13329
14574
29164
9764
2581
16868
32581
10660
4146
17400
26892
5261
28162
2346
20170
20369
21371
874
5446
15530
10693
2579
15868
185
17993
4277
21195
4205
21515
15127
14830
1126
26425
29308
1581
30874
28420
24614
5972
31480
31150
28953
7909
19788
32484
18209
23818
32355
9295
15126
10701
7791
12390
21599
7819
4780
8070
22965
29606
19524
3908
24361
26235
26225
29698
30057
15252
28641
19648
24127
12574
25438
18741
27226
30109
5038
5662
25681
30430
3768
17367
11493
7469
15337
31528
27783
18121
14806
29793
32282
6037
16163
25769
30457
28944
675
21907
28732
9863
28352
6898
30007
16778
9246
23279
15172
27292
3963
23640
1731
18990
5850
3899
24926
30159
8672
948
1426
15773
382
17155
9066
28159
31440
16097
25230
22934
31045
19221
17789
16240
11265
21826
21015
24959
4735
20227
9054
24394
15483
32313
18557
10467
16655
10148
5386
7705
12572
18353
18056
11758
2283
19859
9008
2636
25876
3221
30193
17395
32415
22447
2997
25270
12906
31575
5606
19943
6090
2457
5680
6416
27253
11370
14217
2275
19360
29242
14447
25716
7780
18632
19057
26278
870
6714
2801
25571
14263
16493
31016
30737
23289
17034
3435
20673
24772
4314
21932
26537
12616
13019
15171
16724
15667
7059
21999
1048
2261
6180
28695
31561
29313
3233
8278
23212
14391
29472
7223
22062
129
20752
10301
25046
27291
5837
18727
11769
27094
7538
6769
13229
28734
14063
28190
25983
11387
1115
6581
22633
24309
1675
5258
30974
2620
7395
19262
8424
678
26220
19593
8340
8506
14631
13111
4396
7628
9121
29041
710
21610
11464
24894
23259
31223
17917
15946
30458
1046
9066
27877
26557
18506
28310
12878
22525
5723
1846
16946
29762
20987
17991
17776
26237
20393
30553
15903
14842
30934
31790
27858
15248
31558
20099
6938
10779
1978
21550
28493
19244
25548
14697
11654
14334
21274
17774
2541
30380
7078
23876
28729
13218
10621
10456
25715
12113
5527
3663
24828
13352
5119
30619
21969
10431
3379
5708
11534
4693
26318
6569
30897
7036
16228
2816
11681
29459
8622
17466
4079
6005
29415
13490
13403
25072
8309
26696
15130
26233
20684
1201
10198
31645
7056
12561
31479
32443
3321
7115
28705
10353
30844
4759
1533
1364
24232
24790
13117
26340
27214
26659
27866
24767
18660
10027
24992
9748
25131
8894
3821
23387
13072
25894
4790
12355
20432
1975
24266
21996
20832
31399
12635
9559
12812
32544
30394
2587
23902
1940
30818
1369
30529
29265
32056
23793
7782
21077
16145
19190
11751
14947
22901
16736
16939
15958
5539
5633
1289
7862
14292
10939
1328
21129
12740
26095
7366
25451
24175
3896
11087
20449
11032
25690
9937
26603
20880
31349
18485
22488
1973
16255
22257
21854
18489
12272
22500
8938
6309
5311
9089
23861
28829
23950
10032
18200
9829
27426
22001
1953
1188
24085
3139
3686
28008
15823
27460
4633
11883
2994
28441
23901
27285
5781
17552
24024
15553
8820
8708
10634
30660
14437
10114
28253
10155
13006
2601
32765
14405
22998
3799
30697
25826
9241
6146
7115
21849
28576
19171
32261
3152
18192
4058
3212
2743
1825
29198
505
19606
30802
8788
27869
777
12508
8530
16725
12168
21220
21732
10463
1132
31476
3262
1132
11951
29356
14931
21687
27892
31669
24566
31956
6087
18167
31551
4876
32549
27660
28337
13288
16703
29940
11929
2956
32379
21002
13625
2374
3772
18998
550
29031
7139
15205
10479
16722
17814
16182
13055
6610
12864
2038
22725
9137
12632
2511
22034
8838
21223
17468
24002
10702
6212
16320
28830
10302
8738
5080
7041
15704
32717
2350
24762
3389
945
11279
20658
1730
16668
25375
5583
20421
5957
24140
30615
19394
28044
29184
6425
28833
1283
12955
30344
24018
814
25632
26154
27036
6663
4654
8304
6322
28997
25651
4967
13320
13534
476
1359
28900
27851
7120
19080
24376
523
27805
4790
4655
5354
17906
4381
14086
2179
32272
1101
3613
26500
20859
24836
31310
1585
3317
9296
6781
1452
5036
4340
8560
7283
5555
23565
24545
18474
2735
3317
13522
19611
17619
5224
22561
9211
12302
24293
13148
17518
4482
26199
15574
24270
23353
1781
2299
31400
26643
7015
1504
5000
13315
9258
5407
7031
25723
32309
30689
1729
13605
27869
16700
17660
7380
31478
17088
19269
16058
30523
10060
5069
31707
4080
12326
13973
14529
20933
18507
32629
11122
3582
25092
9571
17823
27601
21178
1778
3870
10511
8459
4121
1179
19975
31006
11574
20106
22696
15155
28498
25695
8933
22654
17831
28674
2142
29237
28767
1405
3900
28392
4255
760
6236
31249
31172
11496
23217
8684
10221
23171
11747
1928
32697
18039
26684
21790
15186
22491
21445
28323
10410
30566
32428
4249
7428
17631
27369
20778
16823
16596
24865
14199
7726
16015
27339
23854
820
12870
14225
20058
15214
12178
29177
7040
9513
11298
18244
20967
6487
23217
9879
20023
17363
12853
31576
7494
20717
30042
26331
24366
5154
20014
15678
24739
3115
21022
18833
24195
26682
545
7482
10159
29312
6963
28312
4378
1010
19205
19175
28703
25933
7411
8036
3864
16727
13110
23985
20524
3176
8283
16250
29288
1322
29939
27993
11537
12957
21901
3319
5433
862
11489
31349
401
29224
20046
12554
24702
21403
7303
9965
13423
12604
2185
8309
10861
21950
31952
15998
32500
28288
2250
19472
9473
26198
24716
3899
25452
23948
1220
8517
23672
25384
9966
4616
13225
21360
7627
23189
17877
32684
32271
25373
10110
813
11098
8210
23903
27022
30058
2697
837
2618
5519
30691
21792
15662
8287
5292
20058
19713
16298
1731
21351
18977
18609
31419
6558
9055
658
8322
16711
10158
12551
23360
22005
21799
14160
10370
10518
6481
26478
664
15048
26272
20882
16955
9454
17211
10197
17268
15491
13570
2601
20921
23855
11984
20112
8024
4888
25341
6540
19481
5883
7976
23254
16158
20603
5427
594
22543
21177
13710
323
15220
1828
32441
27580
15970
31379
26116
20055
13658
145
15770
3112
10862
8439
15293
22772
16037
961
1875
9119
15009
20250
28066
1252
4735
11193
9560
1609
24831
25456
17102
21841
7653
19970
16781
14067
5023
54
18194
20299
22567
28969
718
4496
19755
2536
20337
27718
27500
21310
31080
1460
23908
13771
20132
7321
11563
86
23454
24859
2459
10341
31128
23040
26291
30986
4645
10784
32057
9215
15339
18970
28067
26869
5288
2631
2616
18218
31859
28908
3187
27962
5701
18612
14760
23351
12727
29533
15081
27387
525
21681
11307
12989
18036
27064
9893
30179
18312
24620
19065
6167
19993
16941
2966
18077
30511
2614
17885
19428
2379
13136
23683
16731
12016
6533
26806
4997
14946
16024
15235
3152
22190
18163
14071
22435
18922
17121
17028
13878
11454
6141
24231
21158
15140
7915
7112
27849
8811
18757
30818
20287
28802
25560
27235
17225
2163
18705
6102
30430
16430
6066
703
2300
2952
16841
11334
12349
22659
2019
29464
12202
208
13437
12555
3539
29842
11195
23553
16928
613
9053
11790
19554
24735
5870
6365
27309
23510
19518
2127
24938
20130
31763
14438
2472
18083
29468
8802
6579
31430
16166
17705
23528
30405
15506
19692
18375
8173
6151
24072
12618
30500
6244
1834
629
15402
17657
7863
13103
22047
15350
3947
29520
9542
19747
22592
15099
8712
11474
17297
13614
27964
21267
6527
14487
13733
23334
20884
17066
5820
30518
1958
10480
21680
19524
14334
29858
6572
19041
1722
7286
6232
21792
5744
4281
14242
20555
12820
19870
11198
25813
19996
26582
8299
4624
9441
18272
22649
24352
29257
1187
26248
16560
4771
7098
25362
1763
2258
27151
17324
26509
12206
10795
14216
30884
6823
25036
11583
12017
27052
30264
26061
13579
5195
23250
14557
11910
28697
3563
28232
15208
30292
22490
20696
20444
3271
79
24145
13355
21998
28132
14514
16615
19547
25589
15544
11114
11608
21170
24996
30335
30414
28018
17982
23390
31845
31563
3866
16094
22509
5599
31258
1766
14589
19064
19252
25636
22489
20824
30325
25602
3993
20298
11078
24278
25480
21885
9455
5721
29643
5010
25689
6235
9539
28660
14104
14773
180
31336
12200
15742
3366
27877
29431
31874
10635
11941
32548
8431
10659
3452
20359
19026
14877
8553
497
11714
20479
3691
24885
1627
10055
6293
30951
27119
5330
15973
5731
22007
12158
19794
23313
2256
5260
9380
17384
31524
19272
6792
18993
3494
3051
14180
398
16130
28096
15208
22330
32275
16518
8806
22162
27735
5398
6627
5845
9377
14661
7534
13864
23054
11020
11568
1501
25402
18150
21189
19444
1460
13690
26698
15842
5551
23674
21943
6290
15866
22219
14447
31146
1074
14310
10518
24079
23862
7806
5027
27051
26075
23139
21942
23662
5089
10662
5931
22674
29478
20734
4335
24100
17178
4970
13842
8128
2163
19736
29470
5276
26402
13702
30632
27591
22661
3303
15908
17587
4574
14536
17918
20722
12036
5107
13286
17213
30040
30099
19563
12218
17147
13210
31947
16767
32318
9312
26121
26962
6490
25484
7745
27058
32354
24120
7225
25628
30581
27216
312
19335
26424
27963
13595
24625
25987
21950
2213
6301
5211
27933
21015
7132
16673
17283
14336
12557
9736
15267
7767
18464
24525
31136
27079
32735
27554
14634
3402
19758
16747
20203
5625
10129
24108
22817
10531
24304
21186
25484
10396
32407
10962
650
29015
24961
16384
10625
26679
23510
19809
16509
18723
7602
22322
15642
27737
13096
15050
17061
30212
17799
31437
3454
9232
475
7075
11712
11837
18615
9256
21796
27762
2866
5797
15395
14165
31024
30208
25179
14104
25827
11055
11828
5269
32657
24306
12227
16542
21399
7106
2799
17806
8110
19460
19666
22308
30573
26755
12386
5266
19727
27421
5712
12496
18551
22973
13360
30006
3953
32137
16091
21066
25403
6748
5137
29399
14148
14966
10083
1343
9523
25202
13904
12049
25131
16761
1967
24286
6477
12726
14925
28745
20351
7433
26326
22110
13420
6656
6393
16421
1228
21763
25543
27510
25062
6606
5468
6670
16979
4389
19906
23779
24580
1730
32018
10677
18311
19347
3292
28390
27781
2082
14537
6539
26512
4949
23167
16835
16667
8535
11461
29000
28106
24278
18920
14403
24557
19567
26973
1125
21063
28262
8359
28211
12307
9371
11132
28833
15945
16057
32547
16099
27165
8369
11552
11392
24776
2919
22803
23464
21644
23978
17886
9671
4850
24938
15878
29274
20567
31013
23388
28674
19622
16803
29148
25558
13671
31715
8661
766
26873
21333
21834
2686
32539
21578
11416
2383
15026
9896
7770
4276
18630
24802
20106
16075
28877
1831
24809
22370
6700
2778
19104
24333
19195
24131
26407
27765
1032
28804
21606
9203
7711
9678
23066
4446
3209
8148
24699
21537
10451
27264
14876
20880
27601
24805
17682
24956
14305
24182
10072
10500
6260
4213
10866
6063
6859
31662
31313
15032
9215
2660
19319
23209
26692
13964
11355
5931
26478
9273
1551
29981
4789
16472
4128
4835
32693
14237
15294
30465
19641
22973
23068
11496
6712
15582
538
9231
15776
13643
31010
1350
4435
30061
9039
29256
1519
27127
16085
25487
22739
9824
28317
6252
5087
30102
22575
19798
14970
25329
22741
11395
18394
20325
5629
11445
25216
26365
27872
21079
26881
2692
1377
1736
15372
389
3128
31223
27049
2167
22607
16944
7615
3889
32620
11829
31705
15268
7697
32145
17961
1224
22177
29481
30158
31191
19395
30228
10322
2490
6667
13484
1655
24256
5336
32229
2099
8854
19064
17630
14841
15988
5011
694
26426
27540
12742
27297
20012
10216
16782
9275
16586
25356
872
28
22300
30586
16438
23212
5816
17405
19685
8504
13193
31080
29005
11590
19919
28807
13912
27174
20839
7254
24423
30922
23117
27761
4849
17880
16991
13260
30317
17916
15459
26532
16755
19587
8268
19125
3102
12326
19641
22702
23732
12835
16831
1506
14473
23443
22760
10048
15392
17655
15995
5765
32404
31764
4094
26288
17462
31745
17402
15542
17528
27518
16126
8312
1802
5511
14822
23026
7234
20521
23901
11957
13505
17813
13985
5015
23636
21363
27015
9897
23576
29816
17342
1385
2018
26683
5463
21305
31453
3396
29317
1040
1909
8550
17058
16240
24180
23632
16499
28568
12651
6238
20397
20730
21588
32181
19384
5615
8821
25486
13234
29354
10888
23506
22455
9578
26136
7400
27488
20212
46
15818
8585
12097
28461
30815
13656
6772
26107
26117
1147
14863
24673
27244
7856
28261
20149
16555
28299
25683
9398
24205
24436
13099
20407
8748
9455
5873
22528
32194
1824
6858
12657
5563
22670
18353
32616
1295
31015
11116
20453
15310
2692
19390
4588
11261
14703
23007
19243
14496
16546
14889
20701
6936
2258
13332
2030
12975
2540
24164
28768
29298
20895
7073
32749
24895
21274
15048
4078
24606
25623
4160
25211
10964
2840
6927
724
18102
752
2638
1279
21436
6022
14042
26803
29654
16342
25933
9077
15491
6456
25645
5633
26271
10213
23139
28907
12412
183
23022
19590
9781
16432
2776
30725
17471
29374
617
17376
10305
21053
6812
19322
17446
31934
24015
512
18288
2183
23230
1684
13007
6491
29874
939
18930
23291
1014
7603
22429
1260
23179
13562
30716
19323
284
32459
23863
25087
16436
14810
16966
29278
18863
481
7
11730
5743
1676
30861
23277
19536
10643
19643
1243
16477
18469
4114
12264
26948
13197
28360
14145
22023
7440
31258
14335
31989
30996
3811
11617
30425
7560
2668
8793
31345
8063
16774
7243
11297
13342
28118
8977
5609
6329
1393
2626
23445
17977
12457
24500
32563
29633
21030
9023
18890
11409
21816
11204
11337
32042
13931
23918
11454
31666
31324
5432
13256
12187
1740
28080
20047
7296
4595
16634
14194
29775
7190
3095
16065
13485
10076
5992
24237
13206
8670
2157
5948
24388
13821
16595
24834
13651
29944
11950
19532
13602
4030
29187
8350
20860
4608
31625
4192
9592
21387
2224
21716
28829
5077
8419
17995
7754
29653
30730
17561
23637
16920
23124
966
1267
19730
1331
4358
24536
12210
4520
9195
32415
19513
21440
4058
14443
26955
21343
27068
2255
9542
16956
13813
21995
13268
4909
12954
25048
6588
5797
4574
27463
23294
16506
14542
16740
20254
31468
22079
20225
4032
10980
26116
24816
13685
18809
29796
11184
22229
14008
13771
21581
32206
10661
18111
129
1851
24957
10262
12831
8376
31806
19302
29105
22709
5737
17342
3168
29898
6151
28307
26901
586
21226
10493
14558
21787
22069
25892
1683
26821
6943
13300
27065
22472
28403
5913
24742
23859
15963
12071
5606
5234
9695
6680
5342
27496
27561
5628
12719
31422
18059
15340
10334
14458
5699
26432
14129
14547
28925
7426
14428
28995
10777
1954
32476
12767
13871
23274
31396
18660
4176
13365
26615
1170
1167
19164
3605
1853
960
1266
20761
8609
25728
17457
6946
10102
13686
32563
24753
29252
1240
31462
17490
1657
16688
14394
7551
3769
5984
27164
26305
8565
29155
1960
22296
1215
32087
20122
10909
25692
22072
18950
24166
11803
17391
12618
25514
2150
9483
13120
3621
5911
28878
440
16830
653
29163
12581
9064
29950
7822
16534
20806
526
12701
24040
26130
11425
26941
14906
19391
32494
3737
674
8541
26838
10975
20766
14398
22643
3466
10702
27735
16627
2023
22624
23528
935
466
16843
16992
28503
19393
32320
31355
18905
20997
20317
27565
6113
5452
18085
26307
5915
3177
12333
13768
7799
21336
5527
25381
22725
19324
27972
31757
3457
4396
18886
21016
27632
27246
7572
46
3180
4866
26370
13991
7163
2467
22640
4784
26151
17033
20673
1265
12554
25394
14351
2925
8105
27490
5276
17065
3715
28521
27660
4624
7785
18340
17618
30614
24975
22854
23529
13980
24292
23640
25284
28179
24479
17151
22919
23013
15130
9726
22903
17296
5348
23163
25519
26132
16658
5382
2070
18704
17109
15831
30861
22312
6482
23127
23661
13225
20141
12259
30768
4976
32103
972
32110
7432
16363
7330
5900
5138
15971
26802
1456
21482
20176
28109
24695
23943
23386
26187
19947
31907
740
12112
18735
18460
10212
27726
18301
411
24946
971
20947
6259
671
22885
26344
21452
11271
26899
14693
26624
7082
10157
7762
31557
12023
19631
16334
23949
19242
26938
26628
30634
8152
28763
30810
13750
30664
5264
24811
28850
3077
7816
11320
7021
3377
8491
29466
13991
22300
11994
19708
20599
662
29688
4166
4842
18817
23209
30492
9709
28970
7129
31817
26733
11993
24961
1142
17596
15014
24101
10144
9271
1167
32162
11977
17958
16328
4902
6637
32227
14418
10368
16951
7231
9935
21146
27765
2081
30357
12099
24522
19056
12801
28722
21666
4403
2317
5960
20459
28151
9765
18454
16003
21361
17719
21151
25836
5733
16650
23391
30535
30151
2768
17548
28032
28191
16382
15515
26566
23602
21083
5638
14142
13022
30295
19533
24312
18502
19359
23099
8482
32303
29678
17770
27771
18858
3110
777
15883
24052
15263
6621
19218
32410
19903
9606
1854
15584
2507
7940
23328
9316
15612
3705
7905
6911
10966
2608
11569
30700
22453
9951
8833
5676
25001
15657
7282
26152
23427
10343
3469
17049
24112
25256
31028
3237
17478
8694
11224
21322
17373
23260
17261
2560
23200
19493
7195
4762
16420
30693
30007
7790
21112
11710
25201
10933
12541
2652
23887
7221
31095
4162
2778
15901
23397
15817
2455
10288
30094
17509
23480
20517
12765
17707
16788
19022
4974
13968
6229
32121
10985
22388
4336
19988
9487
21343
21339
1172
10130
31754
25082
29463
28714
15393
20826
7751
27109
10055
10273
28034
11455
19291
31557
9785
7026
9977
6781
13974
5007
26948
24821
4962
25550
24291
32326
11557
31906
12362
19365
16527
3857
21819
346
1558
3523
24972
24693
1249
17497
3882
9404
3301
30976
10590
21223
7246
19525
15695
14096
13344
19243
13257
10085
24606
26490
14396
24352
30187
19035
4360
1465
20335
13602
19703
13913
1148
25707
27147
7059
26545
10600
22907
29519
19103
11641
1272
3846
19755
5117
14644
9269
15411
28265
6565
267
17269
13975
391
31077
30380
17248
30240
8189
30203
27500
3655
8158
12687
19017
29479
18972
4225
23483
24129
11201
32505
24915
14512
16394
10137
17987
16305
4820
23577
30065
21090
26449
28974
21962
19658
14079
4529
24793
5146
7387
19709
1944
14386
210
25753
22918
20071
6008
7447
8697
27012
2556
5691
28598
21262
23132
28256
15039
27085
22485
13592
7276
18823
14238
28947
19901
8207
9685
15682
24559
21375
25274
16699
25421
24001
16411
2272
28745
340
4879
32571
18123
15180
28135
4269
30665
5787
13922
14408
19736
17552
27680
31865
25474
7837
13145
7914
11032
30045
30671
934
16841
20693
15361
4991
23604
1531
26786
7597
12475
17780
12361
31927
6361
1954
23402
663
23733
31198
4229
28697
23799
20738
27805
31620
3802
9515
32748
10876
32386
15037
725
807
19345
23719
22298
22671
21493
11240
10575
13895
259
2130
18063
12114
27338
30349
31341
5184
17825
10080
2349
21658
19971
1068
6709
3968
9885
25785
9918
6033
23716
21045
16591
28171
1644
31610
18028
31027
12343
16016
21771
31224
2891
27507
4423
1235
4935
9238
5848
497
7606
32167
9411
30868
2021
18197
22990
10679
30450
6352
5431
15857
24102
4560
20389
2715
16260
26072
95
12853
23202
8444
25276
9222
15800
17505
12251
16131
27895
8260
8339
7154
5148
3901
19373
17103
30276
30405
13393
20335
4098
12535
7359
18787
8111
17299
28992
13087
2049
2120
24411
5212
16607
10803
27979
954
19060
7331
9649
29610
22147
28447
11143
18059
7162
8874
19029
28179
2249
25669
22183
6641
17908
20662
29374
14768
16871
9608
2950
21983
13579
851
8648
1135
21654
9533
13217
31836
10151
12737
23091
3216
12946
2223
28570
31236
27768
12916
20769
2344
13084
21660
4534
13957
12529
20373
12444
25248
27000
27062
10336
29986
24520
11135
27150
15159
2926
20771
6308
1332
3960
30019
6343
18300
26573
22781
18613
17060
192
27941
29819
30421
27876
210
23144
26226
11553
14621
21441
27643
16135
13861
30134
10034
25955
2391
16021
17788
24336
24812
9022
10633
16
3250
4311
13879
24795
16400
14017
16564
6135
13636
11466
28131
12745
5616
18852
32514
23211
19669
15766
20873
28479
9438
17777
5717
26370
22880
2502
1029
19748
31648
32342
2213
15255
20886
21962
16010
3174
4592
23972
10364
13640
8538
22134
31003
373
13565
7249
27003
7608
32325
13185
25362
10949
17384
3447
212
18894
3108
6663
11164
22353
15432
30932
21966
18484
20853
24328
6714
23827
5798
1352
16964
8153
31726
12775
30530
24461
29441
13145
8998
7791
29942
24299
17501
9796
5451
26546
14583
14062
17962
8641
17671
831
12778
1439
22605
28687
19929
2041
22290
18828
2617
6547
27220
25298
17288
25476
6947
21436
22789
5027
15691
18681
3183
19773
27955
6754
3856
4617
9477
7050
24570
14173
11535
23191
24465
15265
27498
16721
15433
4101
22233
19577
7345
10863
4339
19804
10929
29623
27525
27048
25615
26135
23858
19837
21560
28637
10588
17351
6974
28259
16200
10444
26141
21825
5244
27393
15426
21953
32364
3618
17998
6804
20310
25729
29207
27587
14955
29343
6127
20200
17199
12537
1322
30621
15394
8228
4058
7221
6304
25372
6109
682
5638
21466
6426
22999
22
17956
13063
13031
5277
27817
18799
12046
19026
5197
8818
13687
32514
10690
9677
17789
20714
15704
8539
14621
10085
30998
14044
2987
11975
15625
22262
30917
19336
21980
28025
1926
18597
425
8935
22011
17731
14095
22324
14555
9621
25221
14794
882
2817
3565
8912
3039
6014
9837
4524
16255
65
21626
29894
23465
13208
6709
7823
7836
5654
11259
3011
1205
6896
14135
24299
26086
15271
2939
13605
1891
4839
22992
14375
30110
7856
32330
4482
14966
28083
2015
8996
17323
15359
29304
10529
3478
17116
18249
10419
26135
16375
5982
20607
23502
30656
1143
11801
11662
14097
19478
23755
19982
6160
2262
4498
20450
3670
7678
10346
19882
32337
342
5835
8842
25574
22330
26484
1754
19547
5356
9063
25886
10101
7471
19509
31544
13277
2833
19323
7132
2760
7944
31661
9285
3799
576
11794
31270
16956
21556
21008
9700
18463
13948
8618
23810
5440
19173
30535
4317
5085
22471
12469
21913
16086
1683
17261
13659
30735
28844
26137
17336
7702
28280
29523
1390
9478
23734
27056
82
13995
19474
11517
1930
7654
20214
27848
6140
339
22948
21539
22790
12586
26754
26276
5488
3171
24756
11952
16543
16670
24304
8441
23563
27713
26766
22854
20723
23651
13023
5235
4687
31721
29888
3000
6918
9838
30319
5422
7265
28009
21405
11662
28863
4105
9156
20284
9867
10852
31930
14981
14188
24529
903
4901
16315
1170
32628
30477
19002
2743
9060
29283
1027
13886
359
29897
27838
23679
23693
11234
22295
13000
19704
26386
19824
28740
27189
26758
11986
18209
28621
18293
6186
30961
4118
18341
28082
2641
26959
18992
6317
22985
20716
15240
19799
7668
26927
8889
27932
3809
13560
13806
22792
16056
7646
6199
18559
26017
8318
9353
30766
9441
4883
27143
17729
1350
14920
15743
2262
13510
8266
1080
18354
18275
25120
7147
2611
32594
26431
1039
28806
24667
14169
11353
22298
4739
25207
3204
8021
22505
12103
26958
28805
6638
951
27331
1305
20888
15298
26557
22545
20281
25226
2732
18099
9547
424
13203
31360
15007
31424
15187
12134
18359
8024
31788
10807
17264
31466
17281
29530
739
823
4315
10689
4238
8927
17969
538
32431
21039
11623
17994
14577
12858
30484
26903
6474
24107
5768
548
17444
26329
7950
17955
4027
11420
1646
20294
31430
2912
28854
18934
30297
3319
26938
22984
1802
5556
11482
19117
339
16181
27011
25193
25911
21888
5881
26182
7464
10834
19667
10505
9257
12979
14791
13605
22320
8910
8231
26415
30158
31744
31660
3218
5649
16687
13427
23172
4010
17757
837
20792
8779
18556
27419
24405
23379
22148
27617
22952
32429
7364
21115
6933
30453
10613
18950
24788
4317
18837
4704
14042
1488
30963
32746
2196
6613
6278
10380
10715
20661
24322
25082
27685
32352
14253
30006
5112
13965
879
11095
17061
24481
28713
6024
10290
27858
23112
16979
4504
908
27802
6688
10031
4115
29280
19704
28518
3435
4004
28559
27063
1141
21453
5506
21978
1626
23152
16093
31545
9772
28265
16096
1189
13771
25387
3
17479
18950
6228
18743
29657
18947
23429
26735
17686
3553
7280
26207
22126
20635
10034
10115
24575
31024
22756
7780
11457
32513
620
29463
13312
28026
28057
17414
26384
19188
14448
25587
1852
26330
31424
14649
6143
21259
27133
8789
16759
3200
28490
934
14102
5935
25560
25201
30363
4399
26479
12584
29504
284
1354
12524
309
25533
6952
3152
5454
15588
13984
3936
11513
12182
23733
8418
29298
24940
28586
24795
28986
11577
10008
4181
28357
26861
20029
9824
15218
17082
15511
13911
4033
31093
15537
2916
18881
29758
21822
7494
7879
32099
10340
16978
5477
9346
23898
17080
23450
3054
18485
12552
19783
9556
17407
11253
16098
8607
29450
27992
24686
6168
22915
19064
19627
10450
1610
2440
6282
7749
15873
12401
30435
21049
23652
12498
17514
23014
24536
5445
4064
15705
21318
5093
29318
15897
2601
10765
19671
28939
25318
9570
15222
12179
861
15891
22630
9212
17341
9823
7289
29978
15260
13144
29963
21805
9543
743
25071
30729
2902
17169
12202
13428
29828
32376
8671
21712
446
4645
8715
23290
12922
12420
18035
15217
17226
5552
17754
21435
23217
20721
10358
8196
30773
18308
21669
29705
22965
21658
14813
15156
19197
10914
16225
1032
5016
22987
16443
23232
30437
8133
11238
14131
31342
25800
8011
507
26228
2520
2543
29910
13519
27719
13162
23116
25077
17019
13595
28819
21592
13810
15386
29615
19957
24194
10094
4829
7209
742
22144
21810
31175
17014
15312
12672
22377
3126
2023
23929
32259
1810
141
6167
16318
20328
22587
29499
11011
11719
6611
24724
29653
10999
31887
1474
1893
9529
13367
7099
32224
19151
4504
23918
24204
7615
1841
18855
27155
25813
26159
15411
24351
11751
26524
8772
27942
17756
21971
19991
18824
18159
27191
11731
6871
11185
13092
27061
11893
31053
5670
11626
11365
30352
17001
8380
15707
2345
10097
21361
22293
8365
17419
8304
8942
21214
24964
19494
12977
3372
3864
25128
30635
32636
29101
5658
12292
9257
15298
11215
15951
2376
24994
10929
8031
16177
24029
24676
29276
4155
6648
30374
18199
26054
20324
8314
9883
32383
29869
8837
2565
23007
2804
15032
13205
31989
24479
11055
7684
29798
5711
27737
30232
14258
3858
19034
21111
20920
31963
29101
7609
29309
16431
12046
26304
20009
23072
26263
2892
27986
2943
1577
28874
21117
29774
30477
16237
6370
18292
21211
21376
28784
26292
24475
22779
6929
31456
5931
17748
20271
23626
15841
9111
9079
24444
19568
26297
26589
23081
12560
13866
4064
29795
11225
26793
4623
6669
19056
8540
24780
8340
18150
17184
24656
29914
19933
11806
32239
25971
28653
31647
19613
23828
16966
11297
19122
8520
29334
31657
13546
26981
21037
20572
2736
25023
7263
30537
10140
28443
31785
9098
5690
18023
5400
25483
13
11432
4967
169
24275
29491
1895
31999
21259
1056
4132
9084
17333
4860
6470
24121
11097
17854
12341
18186
13898
27132
13441
9812
5676
2655
26496
21534
11956
30805
7993
12138
32687
7685
8320
8133
28742
11400
25699
21789
24448
31318
19653
14803
7688
9726
3145
19217
13617
20763
17778
19294
7991
1923
9480
879
21704
9921
31677
1344
21442
22982
6928
9572
831
31963
31090
7834
6351
32218
24999
5024
25348
3230
12656
25420
7476
12216
27495
728
12410
4451
8234
21118
1534
6331
29371
8260
20086
9001
15399
19738
25325
29218
4710
18466
8899
8465
13955
21583
29430
14225
11773
19505
17055
11232
2924
22543
14528
27024
10855
18999
28476
12416
25254
5522
24359
24587
30308
4731
25152
639
16391
1489
28092
11473
25347
7755
27206
1679
1020
23564
19779
3605
19499
5752
22362
27908
15362
5189
7220
28912
4371
27093
14208
31833
17198
4547
21307
989
23753
29628
25390
27563
12965
19856
14776
22843
16047
12936
22989
19773
8741
5371
10815
6607
4857
3612
28220
2290
14458
22550
10009
18239
15153
11867
17229
26326
3081
2104
16065
3736
9908
25006
6215
10646
21321
1661
16487
10952
11058
4993
25954
14595
25925
8769
16497
22309
11569
21190
18510
23699
2588
10153
27893
20965
6282
26736
16556
1503
7041
32283
12865
28323
10475
32249
15507
11046
30011
22208
12115
14561
595
21469
29964
12745
13733
27401
31329
9856
6553
2077
6807
26829
20015
19239
13651
23114
27878
27837
20900
4956
25564
15505
29251
30312
3126
28230
32538
836
32706
10370
26628
32492
29147
2629
25812
17271
3982
6777
30360
19529
11003
21962
3615
21129
13821
20151
31672
3542
20493
5097
3133
27957
27491
20676
30544
23630
19807
23613
741
26841
28200
10731
1
23635
31635
20832
1216
7669
838
8121
1949
28902
2077
26484
16366
25264
1740
642
28590
32241
11718
15005
31359
5459
19550
3036
28143
15037
15660
30085
24315
14027
20403
19746
16594
5244
30016
18391
6363
5419
13589
11762
13304
8385
11207
27844
16653
1576
6629
31408
29884
8195
17882
16769
6771
12700
13589
768
13993
4125
103
27591
7780
27652
18348
18512
10239
20177
2221
4177
22826
8449
23877
15436
13874
19520
25795
6497
5763
19931
23696
3944
8811
19828
11282
3388
24096
3065
26575
3929
26117
16087
4054
29866
16425
11114
3419
5532
26384
5816
13217
20855
29111
23904
18461
1518
31954
18381
21976
9461
14680
28335
20501
23762
17473
17324
18484
1655
11151
4690
15062
19983
17547
3409
14402
18903
14161
15335
27655
29487
25486
23451
18403
13809
649
2606
21988
2561
10848
19407
30157
19237
5780
16782
2491
17175
22984
9235
22024
6617
23750
22160
6256
8265
20163
9716
6770
10485
27364
2146
17145
25392
14081
28897
27452
27750
8104
2901
31459
2988
5477
29870
3947
19355
3904
17247
13003
26207
5768
29713
25944
14347
16335
3737
32486
11055
13622
5928
11056
21421
13803
8130
1402
11208
12015
3570
6004
10110
20765
26811
16226
4632
18536
17105
16762
27135
30820
5386
2189
11985
25096
7439
23018
21940
5810
5207
128
22507
23659
21334
13122
4007
26476
13553
15056
22303
19682
20022
6739
7650
4847
20042
16296
26732
497
6818
32450
28152
6918
31606
23625
18582
22480
27763
27527
27517
6005
26033
17285
21410
23786
12516
20337
9866
17010
7894
32323
13148
18017
12565
5537
2618
21798
3048
11263
7633
13448
17544
3594
9007
13360
24461
4935
9173
18280
5031
9719
30222
27682
9358
575
3967
828
27196
28805
26110
32258
22617
32541
21160
1269
6647
32549
11053
31691
5503
18605
1391
1718
27883
2588
22860
29929
20022
9934
29879
13401
10257
26882
30222
12992
5848
2804
16551
20456
7620
23366
8109
17702
98
164
2858
9764
20548
8360
17252
24292
758
28155
13933
21250
9267
25022
25590
570
30809
9256
13156
22057
8987
26736
28710
32088
9846
16365
24645
30582
19942
10364
10556
14053
23001
23074
30475
31609
32612
6130
6535
19068
4149
2097
3060
10229
24265
22457
6869
29993
13023
11419
7171
6243
25132
11272
27901
20977
24912
6002
11135
25199
24841
17646
23638
26184
19366
30429
29810
2681
14015
22219
30781
32408
7460
6039
9515
18453
29971
724
22930
23233
30382
30064
11965
6796
9899
3987
31036
10899
31054
7114
9085
11610
8596
29029
5793
23125
24754
22046
9608
3246
27069
8955
11822
12098
11691
12405
25915
10733
9082
19929
32725
13319
24751
18415
12217
12334
5634
17114
9610
30022
17496
27455
3432
10431
15857
17065
14789
3606
18403
2860
28788
28575
28615
5705
3587
1153
27058
31506
29515
30722
2663
30606
28997
30213
12746
351
10016
24784
14744
18850
1680
5139
15446
14359
29288
22822
18567
8578
11115
28819
21538
15697
32607
21716
1091
7806
28260
6750
7457
13239
14980
4318
11840
4797
5515
2498
20200
4874
24857
26619
32469
31670
13557
23809
32560
18587
8100
30488
14270
19128
21819
25811
31832
10195
16497
4566
18075
32098
10744
223
14304
10924
27150
1800
30574
1580
22607
19526
16623
566
28109
13622
14113
1245
19810
6681
20174
30483
9797
28444
26110
20242
9436
16862
23403
6651
26065
12332
14901
18621
8040
15375
19927
17465
29968
8456
12890
3236
10552
3738
13513
26668
8547
27657
6116
25822
28799
2402
4376
12743
23410
25019
4527
4953
3063
21180
12357
30481
26024
27998
18043
27223
12635
17395
5871
30886
4786
22887
3947
13548
31726
5573
31580
29236
5124
25596
14982
28546
17139
23780
20471
31486
22612
9084
23865
20565
51
22134
24012
13917
31261
15093
14035
8184
18042
1173
28430
21562
15902
24236
8968
25038
18458
6863
2450
24981
8664
10392
7279
19601
28007
15015
14673
26882
31251
15591
20229
4814
31545
18
27370
25382
8537
15992
15015
31591
18797
24060
22045
30526
13945
4959
26011
18960
2404
19137
30801
2969
27398
31076
7944
30675
7298
15540
7952
9753
25046
27268
20857
15244
31408
30363
646
7350
7556
20847
25950
25197
10459
9264
28677
5626
32494
3592
13195
30843
16243
18082
1155
22918
21431
18921
1975
16655
237
28946
30490
28812
29893
7388
13054
32598
65
21782
29575
5715
29893
354
11872
3794
22381
7994
1196
30902
24226
6448
19776
19415
28144
9082
3855
18597
1042
16813
32741
19471
20303
22985
23385
6819
23562
30838
9725
26358
4500
10893
12503
5958
28996
4058
28949
3678
19402
2849
32764
31674
24768
13150
22306
30444
7298
27217
7389
27198
26688
15418
5371
4249
16465
27874
2483
2725
1226
21978
16604
20274
14416
31239
20829
31447
8490
29279
27877
17112
154
6125
29148
3917
21614
3867
22937
129
22226
6192
22229
25497
12392
18712
14431
23158
4251
5220
25618
15068
8240
16785
32261
26835
541
14989
4097
12365
22175
21111
17720
25098
29831
27046
3635
14265
19668
4846
16653
17248
11399
7710
2527
28157
20659
11213
16251
18798
212
11863
28765
14734
9057
31778
15326
14497
165
22310
19371
15090
10186
3500
374
30138
10807
6229
11499
3396
8476
22879
24038
28239
12618
24868
9955
22196
329
23523
25526
20808
21924
3267
22652
10500
18312
31253
15569
5987
18829
11994
1859
12812
28372
13701
3335
23473
10322
12290
18923
15415
27755
12534
25740
1047
31939
14921
17097
32516
15953
1250
17015
14798
22453
30129
27222
16262
2507
25587
10052
12771
30336
5297
27057
16612
18916
3978
14163
17847
31105
12467
1307
1242
3564
7228
28007
23424
10905
30357
5753
23606
18419
1616
23848
7878
21420
9000
6101
18267
11090
5699
1441
2279
9508
20404
15837
9922
6947
5444
13251
14740
11372
3698
8803
15220
10436
20920
29919
8017
23157
22288
32475
30609
8793
29623
6448
28665
6708
17201
30432
7885
12614
8589
17999
28984
30497
6890
29360
14061
2233
29754
6589
4367
21434
12614
2475
18511
9246
15347
23389
20052
12286
4291
31960
28255
5544
5278
16375
28975
32755
30675
16735
14370
25807
19034
15286
5022
4640
9564
6928
22703
31949
3572
25770
31217
1555
30008
18139
10161
11040
31091
25927
15183
21213
19637
13654
29158
11787
25742
32485
14895
23953
22294
21819
6563
21268
2352
7230
27872
8137
4624
28134
1870
9607
30715
29683
30210
24097
10830
2523
27107
11506
23746
15111
3339
28345
10222
28990
18288
15272
4878
26466
14019
4023
27394
13402
23960
19774
2714
591
19912
19907
30736
17947
21011
29968
31702
2814
23306
31369
5266
9875
13101
23741
27752
26883
15952
13115
13175
7545
18499
21159
934
28374
9905
30477
12704
1189
12873
26740
12061
27729
23324
19895
25188
8853
23622
8592
5901
20789
21201
32246
27660
5356
15318
12713
25323
24485
7653
21515
29783
19182
24999
19249
19934
28329
7618
30778
7415
4100
23037
32223
2883
15532
3493
21836
20498
9790
23855
9518
31529
20991
23326
3854
23747
28876
20520
26333
11989
29524
20116
2256
25494
11908
5350
16750
15679
9283
958
31719
4879
17504
11006
10919
26515
14792
12843
7723
13348
6141
8214
15891
3505
31939
17851
22649
1727
31261
20585
31618
29357
23671
18211
3378
28221
8485
30535
5509
20816
12556
5229
28347
28145
13215
3986
20467
16533
3598
26998
26107
30113
25273
1090
28263
26669
9451
14446
2272
32264
5317
12514
12991
1276
14200
21083
8411
30035
8120
12817
27550
15769
6765
24471
16735
31652
5035
1538
4843
18130
18404
10317
28261
28562
5468
31996
31825
22566
478
11520
21227
19111
18606
31195
5053
28745
1214
3844
1904
19936
19236
653
11235
27043
18892
18691
26746
32304
15978
8342
23737
24273
22963
14201
32017
28926
25293
4492
29177
24355
12036
28985
27969
26787
16830
18331
27043
29468
10417
28646
2204
16621
26707
14851
634
28917
3218
2170
23733
11166
12742
1429
23170
8474
6628
13251
23462
15597
8692
23866
7560
12972
11205
9952
4747
18436
20447
19052
17306
32765
27577
15304
28677
2944
24620
15802
24459
8984
5160
10692
6840
11765
4006
28489
32113
23094
17117
3568
22477
2664
19897
3918
4390
15433
23433
17343
368
19666
26360
18068
29898
15733
31294
3444
3411
24228
16279
1788
30527
914
30196
3241
9002
9021
7665
11256
31403
2732
29448
2763
17197
1141
1284
27407
8954
6531
1464
4508
31897
20246
7920
5212
5210
1547
25768
21424
13359
24414
14204
8975
16829
18925
11104
25841
31411
7551
18065
7659
19291
26372
11468
17179
29551
18975
2749
18374
27949
7137
21946
11840
19117
6872
13233
8204
32115
26696
8031
20805
15425
9912
7363
13116
31534
25008
4563
14947
10748
8898
5997
15210
11431
22471
22160
9127
16954
28267
17868
4283
19942
18668
23287
2931
13909
28702
1314
27116
20284
9907
715
7419
304
16825
26709
27851
9146
27236
27317
26824
15789
11534
17005
3772
8119
31100
15038
27960
3383
30819
16665
17718
26446
23082
2264
28412
3641
754
5931
1604
27870
14292
19285
8601
25252
12649
14104
6404
32648
14224
23405
8168
18030
10859
7545
13867
27060
7339
1981
13462
13837
25358
11149
30847
8077
15653
14019
29349
9472
31579
4532
7515
32128
17971
6499
7657
17479
27345
18933
5423
5825
20668
28005
25483
22757
31970
8825
25597
5062
17885
20469
25225
8805
7540
22542
20957
8394
4965
8225
1076
20819
30050
16549
27514
27723
12377
29023
9393
3518
22264
1492
21139
13708
29041
3588
2937
3517
31354
28501
24187
27412
11672
2510
13273
15335
2718
15749
3226
22830
12912
25691
25970
28121
269
5094
16617
26727
2253
15279
7354
10932
21223
29598
22137
27666
2357
3762
17273
412
27964
17909
32749
199
16487
4016
14669
28730
403
30427
30716
31456
9168
1751
11303
22843
8806
8032
496
25851
5655
17597
16588
2767
12196
16441
14889
3707
15251
9431
2901
21803
4910
3138
13979
10758
7887
8195
22447
12551
19803
17142
30540
31752
9485
28415
16923
30240
20853
6905
9943
6447
21184
15599
8111
8631
12857
15503
10987
13550
24592
27099
14035
11537
7770
19490
1228
32762
7514
23855
18373
29685
11519
1216
465
5840
10157
26682
25877
11057
31297
25242
15333
44
27983
14511
7210
26389
5037
23943
27143
15251
566
23335
28092
12790
13512
13182
202
24523
17551
19868
5720
12973
21382
17184
8917
18782
20794
8687
9951
25366
31954
30252
24931
22810
18508
12388
27910
22161
265
15368
19652
17043
24972
23073
11223
4228
28799
5183
21723
27296
20726
23474
9263
27350
26616
10493
31134
21978
31548
12168
27967
3190
11568
31125
19353
10017
31295
117
7435
28626
6996
5372
15468
11798
29082
11314
16622
31073
24455
25675
16200
1441
13080
21978
9748
7705
1374
1345
14709
17005
13113
2156
29182
6649
21348
13503
17103
12647
19889
26956
2817
13953
30614
18762
13893
9795
23017
31426
20679
8501
1000
15756
4697
23032
3964
28282
9421
21022
15039
19155
10658
22847
15035
2051
17124
584
11125
5008
9037
791
16682
3920
27056
12869
7896
24026
19352
5955
30208
21306
21292
16553
21418
24041
13397
21706
16043
15356
32035
4236
2851
4251
9581
10359
1865
28085
16824
16395
25963
9714
23898
27479
1840
31465
16352
28359
3617
31636
8620
12606
21863
9984
5091
5220
14550
10057
8070
10050
19755
14534
24542
26380
28050
4481
7198
573
17004
23786
9284
20969
9550
8140
30016
32079
1613
6271
26712
31663
13945
28512
29131
26715
15271
19326
12980
23823
4468
8086
25138
18053
31622
17218
20934
26437
19733
11373
4348
31931
18858
23818
29774
14987
807
22789
837
4137
22792
14458
4577
27812
31976
10790
2363
29890
8263
31259
9065
24402
12170
28855
7842
27582
15939
7638
11170
9952
2227
25671
6992
29206
11918
22909
3999
153
2813
19847
13234
16138
19945
3907
16195
22862
14967
16590
18757
21148
11983
20542
11720
25556
22818
26772
2846
5139
15851
28396
6716
16260
29557
24567
26210
121
13981
8619
10239
11962
15577
7481
18127
26908
26489
13632
18246
23894
15405
27712
10033
16913
18120
20305
28059
14142
18499
30997
29165
172
22277
16619
7770
20186
21601
27237
12666
2570
23393
26877
17205
21398
3266
3075
4323
12679
23615
9946
21681
6244
17171
2404
11335
18248
31673
23739
21160
10807
10998
14370
12633
14002
6681
571
3269
30345
26242
29306
20448
13553
19041
18137
15115
470
25280
461
31288
32627
5828
17529
26190
11807
1071
6434
30159
10858
5418
16868
8376
4456
9026
24483
15272
32589
19376
1348
3653
23610
22749
2844
10459
27479
25893
13992
15687
20514
6875
2687
32532
32263
13710
21126
20195
17968
10379
16483
13584
30622
3747
11316
28562
17785
18223
19840
5923
26532
25681
109
8098
10645
20092
27444
14261
23396
16694
6099
19378
22817
1308
22018
12224
7275
2855
31079
13625
3134
19759
18445
12115
32525
6061
11539
11008
8977
8389
929
24082
16608
4228
3616
4515
3137
24166
28075
2996
30527
10267
11712
15380
15228
25994
14396
12420
3528
7703
17798
5144
12274
801
7434
15840
21726
5071
14825
4808
2776
11789
10222
16061
8232
12497
11461
2321
13799
5027
4455
18465
29969
5980
8153
14389
6619
29742
10518
14759
18758
10468
10058
14920
25844
20331
20544
19967
20794
6802
11294
15027
24952
24846
1104
31595
24229
22977
16066
32436
23598
27964
31058
9284
20225
16514
31109
15836
6884
23822
17528
6003
2572
6680
29466
19088
25323
11029
5785
24824
4169
30589
16666
2697
3990
8144
1709
27238
6527
21467
2688
16212
14527
24120
27731
27492
17208
2324
10795
7891
26946
16436
19019
10798
20291
5178
24928
15289
25984
805
18684
3090
29234
10776
6725
15890
477
17500
16623
30196
12765
7079
14951
27577
2369
19871
21841
31946
21469
2714
1333
224
13211
12712
7797
26145
23570
28115
3715
22668
11354
14501
25680
30870
6942
26091
15624
25877
10482
7353
26876
7262
19687
25006
23776
30890
3933
5753
17206
19391
18201
4764
16906
24012
11416
14704
18656
21396
14242
12650
31467
16334
31522
8348
2431
25548
29492
4735
4809
25436
31104
27375
22718
28652
21447
2679
25681
12017
4283
1999
26857
24457
10004
8867
31762
862
2784
21398
30066
3790
11546
7559
2816
25674
6527
1043
32112
7932
9885
19291
26865
28845
27693
25863
3611
5861
29602
11915
10019
11092
22274
25768
7506
21360
16885
28726
12981
4960
2332
28706
29717
18457
19363
9395
1833
3271
21274
8209
10507
3950
9600
24583
28905
6353
32161
13576
11005
19347
7587
6768
24511
24220
12251
25613
23385
22206
10725
25822
18779
920
26099
29466
14512
17339
26213
28020
7121
21516
30618
9630
6456
11882
9222
21516
16408
15248
11909
30970
30027
23612
1775
20144
11403
3473
27885
12549
16870
11449
13579
7714
1900
7632
25614
13448
23339
23037
5255
21077
22877
10466
23208
14786
32479
2359
6743
24305
20453
3249
897
17126
22253
11049
10417
32723
4081
20730
25569
27288
5089
11435
32144
28042
6224
32718
18964
115
5998
30503
12594
25051
13366
19985
21484
30086
12008
16670
17562
27710
32186
5118
1340
6355
24010
11938
16399
5727
28760
5536
28254
9166
14386
16858
24987
22686
2927
7003
25262
5860
19808
7041
23437
24208
1220
23137
16141
26097
8763
2919
8952
7036
2814
11581
16479
29897
15308
28910
20017
11998
6184
7244
27149
25520
14785
27535
853
6375
21554
13886
31876
11234
235
23379
30401
16123
1903
14490
31668
3084
30145
12634
31128
16434
7448
2103
17809
17616
18138
4183
6208
6615
13768
31172
14485
9541
18294
15633
18661
7148
18943
27201
27197
26485
23030
24292
10741
11684
23712
10115
28040
23774
27232
4158
20643
25064
15730
10420
10619
27377
30940
16163
10084
23507
23458
5840
16288
22422
13370
23978
23668
821
10303
9514
641
26021
9322
25213
24658
2324
2237
14821
31794
16751
25857
6493
29760
15398
22899
26236
1221
15667
28603
17307
18628
11609
29
12346
26835
23977
30451
2208
11306
9291
3675
10434
8186
13947
20525
13926
18688
25554
29744
22152
4953
5831
28301
20989
29848
15989
17027
27990
29718
1439
27997
30727
3465
31473
32161
22217
8664
3720
10891
3388
27182
2229
32697
2769
8526
24062
28968
16103
22310
1126
27487
14388
8870
11759
13290
21351
9682
3164
11786
15627
6166
571
22443
19119
19162
25891
4758
28484
23639
13627
3560
20166
3241
28155
25539
13599
26917
21559
16195
29768
16876
25945
7860
28081
7616
19438
1538
19171
8215
32100
13680
10596
5486
25873
14477
15834
6624
16504
24933
12916
3575
4296
1012
17542
19906
17830
1504
25971
24104
1324
5735
25296
1147
13618
8853
22982
31825
10700
22971
31160
16271
7443
22046
23078
5318
21545
15852
26578
22467
5495
28788
11553
12385
21561
5013
31171
11170
13629
5495
11670
27390
20711
30330
10952
24059
22137
28524
13117
14846
29841
18431
13616
9313
10996
29050
19228
17093
27017
14766
29405
9642
8361
10796
16402
16701
9878
26549
3527
26736
5704
9714
29521
32336
2928
869
120
20884
24503
24992
1244
22129
19782
3509
26257
12982
6796
19693
19469
20500
13115
8637
7492
26813
21140
23797
8209
16946
8933
20283
13272
2645
30288
11960
28778
2758
31949
1297
11304
9836
7026
14745
11628
21842
18675
3013
2852
4789
4965
4576
192
29019
13127
4095
14671
18982
20418
15160
21988
14568
22576
15631
13119
23417
5852
2865
12969
1799
24840
26469
2592
26542
2101
7103
24500
15944
28830
18198
13361
12423
28934
19897
24830
24385
24499
16990
11589
14090
28859
23387
15956
12040
18814
18457
26436
27139
28020
31429
7128
28092
26665
14920
2727
25728
22661
4218
8830
7420
16721
26770
1792
15443
17143
29154
14479
22126
8841
6849
29552
24724
16901
14280
2601
12858
28120
11073
16174
2076
9120
8412
25021
15756
13878
12708
12807
12298
29420
1074
20624
278
11283
15648
15576
10818
19649
21441
10043
6027
22993
7951
6678
15337
1066
12005
15915
21541
12357
17775
15943
19435
5865
1246
3618
31008
25401
9568
6278
8565
29169
18255
6323
32317
5613
13736
8963
12924
1515
11456
8394
26432
22417
31026
17280
564
11186
796
13090
10866
28621
6539
31701
3993
22742
4659
32461
10015
31545
4452
27245
21481
9245
3641
32175
11289
22501
26387
6855
20776
6653
6725
27907
3636
25043
30481
9718
12443
24867
23252
5589
20168
32632
20093
8993
29005
12016
6211
25990
21042
32319
5528
26628
9869
3062
29016
22092
9811
16134
2631
6509
18030
26751
7610
10159
22800
12958
2708
3007
2118
263
16500
26381
24272
9807
12077
29555
21296
4797
19063
18455
2305
24658
30180
26002
15498
24582
27925
19794
3219
3157
31789
10300
5751
1274
7302
16534
6267
30715
18851
21285
3678
7141
8806
31634
31794
8025
10883
16403
23402
12743
16437
71
24115
2426
6704
19297
32008
2773
25046
24968
640
29916
15789
25726
2411
14070
24593
31616
8478
21488
28198
28270
3083
30278
21265
31788
19605
6558
21352
28744
29730
28054
29926
15325
26737
21951
3684
5559
4910
10985
5124
26039
12227
8610
29616
32633
11122
31225
5571
28725
19360
23688
22021
25571
3700
2225
2269
26019
31137
14375
24770
32603
19328
23472
18419
31906
16994
5418
616
21725
28196
4812
11272
167
16388
12207
26396
15991
19634
32141
20228
2684
29867
7112
808
19916
26306
32686
24114
2238
12543
4603
11643
31892
21421
17823
31938
6238
2735
3010
18980
11547
16659
18694
13896
11552
25322
12300
1243
31422
342
9529
316
2591
31972
4026
7032
23153
10780
15301
20856
2630
9303
12834
14457
2875
17105
10475
15037
14552
25599
29072
23936
22200
803
2077
9006
14826
19485
10176
24019
8598
8580
2182
1491
740
18677
10853
26843
19481
12715
20863
17687
25348
2384
6053
9382
25240
4883
14106
3403
23514
29947
29338
22629
7678
28539
16027
18209
18892
13126
4051
9966
13385
18788
29434
6705
23700
16774
20945
22842
30990
6807
2403
32631
24509
6547
13707
14568
19955
668
21942
25555
21290
26699
12010
31417
25395
1348
3848
23176
21392
21517
21838
14610
18462
22816
25631
24510
21239
21310
24583
32382
19350
17927
24570
11009
8508
4808
29404
24617
11411
5012
7751
4543
17553
27798
14984
10342
6816
1957
20458
31181
8700
28185
22840
4393
1628
29917
3965
23523
30164
28358
8974
3725
16890
22819
1482
22043
7240
13974
10913
10576
29121
3106
24147
20086
10711
13444
7546
26962
19597
32199
3019
9559
21465
17683
28825
20506
11340
1222
23706
30726
10484
2245
23790
25425
28290
15637
24413
29486
6568
19109
11233
18245
9413
30318
5988
13664
20676
30398
21450
26983
5441
13009
306
16782
23534
8354
25721
15053
2870
13568
26368
401
9248
6628
17328
31409
30581
7938
1339
22691
13861
6302
14756
4336
24807
8353
32513
17893
23328
28140
19840
30859
9478
13804
8872
5850
261
19567
29153
14890
2146
30134
32311
10730
29470
7883
347
30356
5917
28693
17386
16608
25223
28201
2802
313
21871
7395
32435
25453
16050
22710
28322
2728
16418
23104
5812
20899
24036
6177
18904
23321
7447
31502
9669
1659
30134
6177
13303
7396
7104
25971
7156
19023
25494
7405
19156
14088
17828
16731
13312
21856
17731
31170
3898
14245
16094
14068
14302
593
24916
22369
4455
20098
22174
15664
5428
4266
24498
2703
28045
22408
26535
30791
16865
30551
21017
31379
6225
30021
2255
10290
28787
18214
3227
6075
31567
15210
3458
10033
5294
7500
19997
25047
24981
26957
22079
30789
14348
9697
14553
32444
13347
13416
28954
26039
7735
11871
6874
24770
1650
8920
2616
12175
14737
18471
1666
32071
29418
30175
11350
18974
28589
31485
15111
4906
18282
9314
20802
11381
11731
1927
23794
337
452
25964
16992
12011
19840
14801
32415
11555
7230
19113
18727
31131
18660
19404
30912
30990
10770
27372
12194
740
16226
22474
4826
19203
17390
7337
4335
7655
18963
23299
31686
8949
17525
16508
31171
6412
8259
18452
4657
16734
21693
7072
22756
27774
3059
10619
32028
23993
18639
17017
16301
30890
11861
21532
5213
27913
19498
4875
29326
21700
5203
10687
6429
30801
24128
16256
18825
11586
6921
27536
15960
794
7927
26790
24758
12895
9286
7325
352
496
27433
18542
6336
5785
6927
29788
21081
24805
18725
27758
26470
7475
18460
24866
3262
6668
9516
96
30715
14516
30297
6829
16347
23551
24053
10401
7143
14694
26470
17563
18258
16474
8489
27827
2851
3033
6167
8432
13207
4670
6119
12732
29888
1885
21749
21140
627
9423
25409
17668
24417
19595
7867
12243
10116
14774
26814
30331
22973
13245
24282
9435
25787
30624
28374
17200
31518
19345
27637
9794
29404
28861
2425
4059
13284
26474
24166
13181
31234
14658
22152
29524
28163
15854
13495
26986
23065
3559
2650
4378
32129
6025
18474
9415
17250
2666
19513
974
24825
3305
4402
13496
7923
28682
25314
22453
21018
21889
15351
7494
18228
31756
12552
5433
9768
9734
3286
27098
4195
20026
466
23400
32378
7925
5343
4038
8465
24415
9560
2675
18683
19210
13909
24764
6819
1996
23850
32304
4266
11722
31025
3413
4561
5590
6346
22681
7706
25083
12191
14219
22314
29781
557
23627
26610
18470
27264
5439
3982
24871
23101
22280
21357
17692
15846
8885
7347
13227
9562
7222
17627
4206
21915
25875
21921
13127
10196
3934
31
4852
22939
15590
3894
32227
12915
16045
22831
21831
8853
18588
29858
32363
16112
3446
13463
32326
15982
22283
12268
29521
23673
28334
22519
24981
17598
27112
25195
1288
27696
12142
2688
7705
31568
18513
27982
27786
11692
20853
1402
19582
19110
8516
2581
10707
7031
30115
13505
15793
628
15909
13078
19043
6031
22143
18244
18790
28192
17725
23545
16320
26598
21171
3973
11411
14664
3125
31292
17906
737
1931
13339
30707
9276
31391
23983
23046
11228
31609
12339
3717
2176
31853
22777
16524
24485
22675
9227
13322
11595
1144
14865
7192
4348
14099
30069
11146
27659
7931
4806
5060
13594
30679
16474
26064
9438
5141
20792
2477
8231
11999
5940
16361
794
6730
10332
24946
12737
7633
5011
20905
4551
6403
18556
22200
20860
15992
13978
19493
8223
31497
26549
25512
15197
23872
6527
26682
30229
4366
6775
14191
7262
17340
28174
25861
22731
1060
31752
15549
32494
29473
20262
5737
24346
22596
9986
12359
1901
28361
24890
909
5646
32457
32208
18245
180
5809
17105
5467
30056
30962
17205
26101
14475
4602
19719
21762
9242
2660
710
26134
11313
18795
9226
14965
3278
31653
18794
28014
1240
29166
6046
2794
16992
27809
11745
21572
25638
9999
21401
18267
13407
14121
10554
7142
181
5504
24680
11016
13200
24944
16220
29989
4756
13719
29576
14835
18027
8332
30590
22228
4036
5582
4110
24419
19867
27387
9390
9292
14523
13635
30496
7266
30850
6939
32334
25579
29925
28214
26745
17982
2483
8625
2194
1425
32542
28814
13032
21772
27511
18531
19716
14626
25145
19539
5329
16928
5193
1086
25345
21766
17788
3125
27819
30359
15194
22577
18489
19628
2338
24580
14721
18893
23822
18319
2354
14082
13015
22326
27506
4071
3964
22673
14789
25855
10816
11108
1073
14410
9969
9938
15776
2074
17776
6861
1925
31778
10862
1489
24770
26832
9588
21202
15306
7389
6182
13171
16386
11554
25288
27256
14958
12973
31233
6782
393
12052
2527
27881
20596
2825
18972
9503
23891
25391
26528
29684
12021
5932
10054
8036
30131
20224
9699
21128
27546
27285
22917
10691
32716
3990
14328
20285
20771
18821
9871
15250
15384
28680
5920
28363
32739
18308
30289
13709
16100
4077
20242
20112
24130
30173
18283
1107
2258
6627
23160
3854
22842
8733
29618
21225
28502
2569
20335
20075
29914
9368
17581
19765
21817
1156
23563
13040
11462
16100
22552
29316
13081
15358
4816
1418
9397
2652
21604
30725
28648
26658
1850
23628
10482
30366
27957
15179
2409
19489
14902
21739
32475
22541
14307
17615
3254
19760
22183
24385
1381
1616
20473
23148
24252
6407
15842
6091
9622
2770
19385
8673
21692
23652
25650
12843
4873
24384
151
21331
7372
2438
32084
29606
23662
15373
6073
31688
30293
11955
30972
15782
19463
30449
29309
20397
14995
23731
20302
10298
6189
29030
24307
3409
13592
7506
7526
11409
25545
5930
7263
28519
19529
31201
4561
24451
3803
27840
12216
12168
31199
4534
10514
15368
22262
11759
2091
6319
4967
16551
14878
32190
18369
31809
29593
10683
25282
21907
21216
2919
31608
7557
25365
18417
3750
22746
25782
29033
11113
19021
32615
375
21275
25312
16626
27725
4216
3185
3468
24538
2559
654
25946
833
5019
11658
9011
19081
899
13264
6312
12950
20063
13688
11073
31064
11948
26136
22282
9794
23393
30941
14926
30462
4563
4826
3747
1119
30422
14239
13094
13207
4901
25614
11272
18346
28420
19306
15178
10018
4387
27313
30404
10757
25798
26156
32620
1028
19235
25924
15829
7925
23563
24727
18422
31107
6605
5707
21549
24100
7256
6306
23940
1612
30623
10959
23858
32225
24898
24585
15717
23278
22890
12509
26942
7579
23284
31432
7709
19549
22227
7685
25120
8298
32431
11684
17382
22128
8914
26076
18329
30598
10053
23714
9515
11875
21558
8314
15327
31949
1437
14734
24332
25941
32288
16637
24606
23874
24883
629
31197
6859
6275
23556
242
5001
10389
20523
32166
16171
14506
32309
4846
29292
20967
29894
22181
26178
6578
4791
32536
16216
2911
27169
2503
10687
29964
22968
16234
23777
15305
20571
14643
7094
11005
28393
19283
1338
21253
31829
30911
18718
15133
24573
21556
5309
27268
5687
29304
19539
3291
21293
20964
25705
13774
18412
23327
28564
2039
15799
24364
13407
17151
31649
13991
24454
32007
10843
26187
9829
2886
10826
27832
28079
24051
4060
7539
18531
21349
14877
11567
25340
18041
14213
21323
12009
23604
27924
9371
25148
21673
13218
2923
8102
25373
24432
193
23203
20842
26114
27363
19442
29345
5681
17689
2632
10483
5756
29876
6981
722
7583
28495
4263
13139
6503
5717
1470
27095
14276
27588
4384
19690
1568
1072
32413
7275
6895
23050
25973
16110
32135
26146
28361
15966
16434
8555
24656
30695
130
21502
16203
786
16869
21858
8123
5170
22137
8715
29649
24064
18978
27168
28582
13954
985
32130
21804
817
4423
14601
15461
12378
20626
22801
11218
14277
27767
21813
5423
31381
24217
10586
2653
29295
27672
12272
16032
32222
20582
29044
10250
19446
2646
3385
21815
11064
32630
8041
19259
16310
27039
18502
32729
25720
17098
14518
17398
15389
8997
26623
12876
13509
17767
22223
30307
815
9568
895
32701
22815
27860
29592
30033
23299
8841
30359
32060
6357
20383
1517
11442
3651
3872
26186
13370
28174
15320
28187
7195
15536
12391
5458
9489
32321
19860
12901
8517
31643
15076
2201
22908
25277
5484
2944
21135
18029
227
31680
1819
16674
20219
16663
27001
16160
12529
9628
16881
13285
10083
22088
15658
16068
9315
19636
16101
720
5065
1572
19691
13819
15821
11205
9796
11135
14293
4147
23210
23933
22411
9790
30270
14820
23603
21742
5497
13973
16956
19653
30052
28869
29972
16963
21516
23458
21313
12720
13616
16953
14510
4117
24382
8343
834
3468
9342
6190
17847
19641
19596
891
7338
13209
12811
27878
23022
14714
26776
27882
31270
22091
32509
13173
6291
30486
12711
16530
21802
7115
8539
4165
24810
575
25124
15798
9324
628
30352
24978
13500
27
2843
12207
2663
5463
1516
6127
11989
23236
16063
28262
21465
28856
29475
24255
2439
11721
19173
11995
1606
5775
204
5308
13606
683
902
9122
32371
4871
8931
5235
32394
23904
7489
28000
7915
28930
8520
19654
17808
6355
6103
23378
3709
32403
19005
10601
17305
4962
14509
31687
1724
24963
13548
19302
25097
11103
5453
31905
12926
31693
5087
4505
8393
2960
11749
23512
7261
8225
6022
28980
3270
18352
6086
26614
11577
5733
24757
7740
18032
18667
14310
4252
15029
28719
803
1034
6204
2661
3423
1788
9653
11597
6124
3532
7458
9652
3055
11869
2278
12349
24592
16129
30495
12129
1654
23706
30518
693
30450
7168
5557
25451
10618
27299
19032
27164
5338
25202
3174
8645
1446
5371
321
19471
24947
4563
31036
15059
10822
11320
11950
25309
22093
17397
31557
3056
20429
5510
30620
16907
12636
21885
14607
27627
4688
6948
8654
10961
30583
24164
30512
26501
15369
3301
12874
12443
1754
31351
16065
19957
8148
12465
7132
11657
14757
25047
5085
3428
949
769
32146
1775
6235
20858
15399
24434
6992
18279
28990
16854
7268
17321
5441
17839
4719
26884
27127
26490
651
30848
31574
22050
10112
11023
8857
14794
11648
20081
16274
22470
22037
10581
7232
14314
6231
27329
11940
12040
4450
10419
11473
29364
22791
12809
10051
6730
3778
14238
7537
12595
13036
4278
16549
15971
8242
7836
22796
25894
14662
5001
265
797
7892
8392
10959
28547
440
20504
9263
16309
25966
3154
3246
13554
26314
7499
29147
14175
23273
6908
1504
590
23143
7136
9302
26047
3282
8862
6494
16679
18527
3816
24301
7025
23004
5539
17511
31811
2278
1096
13424
27266
11356
21386
3327
13336
25364
19769
15795
25333
17612
18790
8299
851
8035
18120
16401
7999
5193
25182
438
4949
10804
29270
25572
8395
10004
18478
18479
24753
17994
24089
31502
31862
7956
29604
28137
20399
20300
23961
22387
22292
15955
3363
11834
4299
3144
4660
12669
12778
381
7460
29757
21815
4651
17307
7830
1842
19044
3248
22864
21333
13898
2130
6066
13978
6783
30183
13206
6974
4316
15924
4035
16836
23910
17533
13430
15166
3965
21229
6722
22728
17239
9784
5914
13397
6061
23678
8621
13998
11188
19315
24306
16055
14671
445
11779
19956
8067
30621
9774
24141
28971
13010
15177
17678
23533
25018
31815
18226
31596
12731
8201
17121
27839
25825
21622
4663
13859
27336
974
2887
22252
189
1083
16736
5058
7456
26026
27535
21257
10764
20952
5220
7585
21307
12976
30457
6096
27427
4820
11569
1660
11109
27770
4926
13470
21608
23161
1126
19699
28737
24483
21766
31733
15575
14422
11735
28169
324
27214
11376
32250
21118
1725
27916
10150
2870
21150
24974
4855
31488
18758
6594
19221
4277
11580
24806
30170
1045
6986
21609
8071
17073
21460
22514
28341
9225
11881
2724
21646
10481
27544
8609
3388
19001
22789
19404
1186
6796
31676
724
29514
16281
13508
28014
18335
1649
5112
14049
12125
5936
19730
32712
21829
3040
777
19475
10005
28314
23965
4688
14263
25326
7471
20521
4537
32390
8407
18477
3581
5381
4785
19667
690
31541
11895
15547
24194
1378
22101
5176
1037
17665
27128
14348
31127
18838
5097
23922
16637
26836
281
13154
27630
20997
14013
12560
16471
28844
31323
11702
287
25193
37
9619
12053
1054
21383
20531
22055
23120
11772
27634
15060
22736
12325
25276
31716
19866
12572
11286
31830
29437
6150
4194
10650
27900
29671
12638
29184
13813
17851
31727
32625
16000
12482
26397
2653
17562
1307
9310
22772
9731
22676
9495
16025
12772
8641
6496
12179
15797
2379
19464
15622
350
25995
32728
3362
32412
5207
12828
9115
30631
10012
26208
3673
14610
5421
24440
19056
15090
26715
27075
30034
23874
6086
6832
7748
17286
1267
10624
19470
5039
20254
17742
2807
7231
28881
3149
5872
9645
23477
2130
30224
29451
1705
21650
5952
13798
8721
20652
18744
31086
26224
1258
7594
18646
12602
7107
3260
5374
25571
5285
27836
7504
14652
5106
4623
24552
1279
29769
11115
21751
4520
32006
11847
31081
4231
25100
26511
27845
20500
28866
1179
9813
11394
3675
10338
1416
28311
27483
24811
16788
3258
4182
4357
31839
590
10235
8760
31904
12606
10834
4859
21313
473
19778
13607
28681
13537
24150
12460
26999
7134
27073
7811
31729
11192
21151
20452
1054
7557
16509
5560
30864
4512
1564
7249
9894
26875
25970
12121
14000
18614
21746
31240
15189
31728
10765
6042
20530
10205
19705
2049
3012
1560
22961
23767
18568
6459
21053
12950
2400
4014
17971
18955
32057
18620
4990
22024
26091
12268
9310
20826
26208
25230
20144
28922
31737
21396
14448
1672
10029
24995
25980
26356
1908
4970
21146
10623
28259
28211
16829
21218
11800
6839
7044
16588
9944
19511
2564
27026
22519
7624
12487
17442
30712
23023
9748
27706
22518
24685
4465
22231
5699
7772
4967
10991
25678
19579
23173
4706
25546
26567
2472
5935
24332
6219
21369
24803
24757
31288
28470
26200
28306
32056
19126
26523
27584
19968
7591
17454
26132
32292
16923
368
21177
24112
30275
5465
32283
15860
27513
18794
13060
1823
18052
18916
23813
26128
29976
13625
10776
29928
31901
16320
28547
7396
9777
16300
22016
8682
11248
13631
4378
3169
19315
9019
9690
25926
24982
19354
1187
30844
29567
9342
31323
4452
18652
6507
15563
26030
31595
27828
5705
8815
8128
19763
29844
20339
27459
29757
24319
31956
31608
24533
6098
28363
8835
32032
27885
15303
23787
22298
31662
4284
21662
7558
27669
4030
5429
6187
26406
31950
21882
23101
19599
11508
31271
18970
27531
27534
13809
20791
17158
18919
27333
18521
3330
3339
12370
29704
6457
11738
9159
9536
15108
8028
25822
21099
20091
20308
25625
15500
6366
5400
26187
29885
2100
671
24923
21979
5681
19420
5701
18048
21085
14410
3169
22321
22387
21193
20968
4313
12295
19368
9652
1910
28268
16643
28231
1299
31701
24911
8719
24822
25274
7219
1257
22298
6270
21913
24291
29664
2638
20230
4166
26625
29004
15142
9940
22727
12781
12204
22606
125
19103
26969
1593
13092
5552
5721
12002
7015
25195
6870
28576
17361
10628
968
31833
16446
24758
7178
12359
2959
12714
22451
7164
28066
6171
2467
13476
32130
11064
5980
2187
5082
5705
7956
7391
16816
1174
17416
22710
8015
1156
5394
8530
1925
9730
16766
2980
4879
22563
4122
18192
26706
18956
19596
9584
13132
21265
7912
25691
22985
9755
386
7079
16346
21581
18689
29996
12419
25319
29365
4555
16052
30826
11563
16304
12922
25853
20222
26067
22135
2575
12271
18629
14736
25918
6200
3241
14565
17015
14878
6272
26118
22879
27078
16043
7524
23026
1865
20138
24837
11370
20234
29738
19324
26723
1096
1855
12057
18236
10735
12782
13661
5568
15796
3822
4784
26886
10592
9647
8790
6805
24172
26524
32416
20428
20431
4766
26975
4226
15892
7393
6302
12521
2479
3546
15249
4792
32657
26761
19400
393
21498
2811
32424
11903
16271
10004
27420
3885
29356
14475
14216
9139
21243
7222
25599
26666
14150
11400
1205
30019
5513
1880
183
5162
22348
24803
10457
18865
18479
2069
15088
7338
21191
4
9538
7060
32680
21182
7739
25979
27331
324
25698
14873
8947
13526
14987
21825
10194
5489
29773
6526
31185
27031
9910
19959
28808
25422
20798
29589
19274
15979
4858
30056
12285
5136
16402
14407
3112
1908
27509
19895
3150
12258
14539
19983
7547
25605
2732
7641
11548
19042
24847
8826
6931
21286
31749
10774
4619
32546
5799
2734
14857
6164
20044
15499
31044
15912
2560
29664
14135
28350
30258
32171
22004
26734
26797
25564
21947
4169
16586
7353
22219
15458
6115
18817
28024
1934
22026
18511
31870
4711
32507
7490
2453
21911
19280
30427
16454
26963
25076
20902
5884
26149
17882
32541
19038
17135
19439
5065
8924
21549
11597
170
14472
20602
2481
23513
10536
32342
28207
7276
29833
28454
13348
19866
29462
27516
19565
32032
6824
29849
19158
26850
1440
32560
17877
12246
28724
19309
24185
2590
8198
32310
1181
19572
27131
24497
19297
15051
19018
25350
25051
28211
17107
23398
1033
20990
29619
588
30730
31777
8725
13058
27534
25821
8522
32616
17804
16798
21021
497
16435
1827
11360
4334
24354
22239
1739
14095
5595
23455
4359
5414
12917
22894
13317
4399
24722
29877
19604
30350
22673
29863
29747
27543
3845
1244
19491
24659
30821
14908
32449
23169
13573
24351
27411
17116
14660
19123
11937
6044
17927
18333
390
10303
17767
19939
6342
16009
24487
5129
738
22730
23657
15226
12970
22879
9249
7210
11347
20347
30153
29562
2249
15656
9431
31324
17222
32392
29548
9911
1316
13921
23758
7181
25584
25560
25624
3931
17855
1405
15152
8768
24517
28040
22010
31074
803
11106
15819
4622
11265
11880
14625
6942
1757
1515
7057
21792
24610
25211
20992
15796
12797
15461
32534
2614
17516
17274
15344
13725
5016
31762
20757
9635
28772
11601
31660
11047
3910
1193
4844
25039
31062
4768
8659
13041
5028
1236
18715
32692
12495
16700
32106
13938
24787
18096
30153
22369
29475
30380
24151
11379
24312
11345
9022
14458
1512
17580
26599
8592
1210
31803
32362
6838
1657
17837
29513
4283
19911
32234
349
7776
26740
8531
528
3001
16719
26187
11725
23766
1084
24822
16565
13219
2183
5184
22420
2317
13688
5154
6419
358
5416
7457
32559
24587
2450
17687
21737
24132
22509
10549
15423
26987
32314
15689
20572
3153
1817
8253
14348
2013
20448
6624
15474
24310
29934
9706
14333
22947
22589
12346
29080
17265
30263
26209
14369
26902
31947
16996
21021
6483
22719
12990
5546
11551
11592
933
15540
23297
27096
28046
18796
22974
29239
27891
3830
5684
3285
18260
12898
134
2911
24956
14302
13433
24976
19205
28714
286
7754
8990
23116
5042
31461
14988
19844
18882
29895
5871
32642
28306
9524
15175
15063
26560
19304
22966
22954
5413
15587
21128
22700
26620
12293
9328
5710
30022
5338
12820
4657
1901
28727
204
16605
29479
27910
21671
18359
13213
6110
19888
13613
4557
30935
27247
2356
23340
32668
5042
8692
27536
30145
5517
24769
3662
27479
10655
6990
31391
20926
30359
11549
28489
14523
10487
15674
12667
25034
2328
3113
29432
7606
12910
24093
25463
10342
20494
21867
29002
30458
621
20797
32063
11287
21099
9355
1476
9854
21904
14663
3406
24036
26517
29656
16379
510
7462
27338
7286
4059
21478
18116
9243
20854
948
24250
22107
31628
13613
25699
31586
23979
16753
13550
504
22668
16170
8689
29861
3746
16587
18082
18969
755
18454
15689
5322
6695
4833
18677
21983
12766
9497
18286
30541
16967
13319
32620
12608
15855
22226
7942
24252
9174
8262
32365
1412
30664
1491
31450
5435
5354
14297
32197
8649
3732
20259
1112
7424
4958
29617
15139
21376
1662
24762
529
12503
17233
27121
27803
3821
16183
26120
4667
5280
32164
8818
17188
26539
2676
17518
30000
13772
28287
15169
32026
22822
21102
10178
26605
7140
17357
23836
2236
24351
20577
24272
3732
10497
27579
32761
13999
24107
21261
2004
28394
10837
25405
32639
31865
23604
5432
3329
31450
14497
5257
32651
18183
2295
9258
28926
10992
26813
17817
8364
23848
5765
22063
27491
10463
19475
5806
1192
21008
25026
20761
21824
2555
16676
4296
8949
2006
27369
8379
26006
6592
5122
17455
27968
16886
7686
23919
15836
13385
28372
30445
17385
18384
27514
25233
18044
12506
6741
25425
14980
5926
12410
5378
23379
23639
3669
1645
11354
9890
28560
14758
18484
970
21046
32409
8423
14414
22809
23526
5478
3809
11633
31215
90
15386
9157
17454
9249
10861
10255
13517
6167
16986
13595
32368
6933
740
23344
2134
28472
32325
6642
28832
8932
3808
4487
2288
27400
22647
20217
310
29347
27038
14299
13511
17287
4463
22832
19888
11357
15744
7560
12873
18409
29714
11884
28941
2447
16011
1276
7848
29462
6183
28119
23122
22445
13546
1083
27740
20523
13529
26734
13064
17563
5993
13660
20894
12024
824
31105
21948
31541
13819
14089
18158
10368
12471
12086
21630
4040
29749
32003
5518
29565
25008
17159
3939
15511
5072
28827
30212
2265
17372
25151
23300
28247
3883
24890
16028
6198
12507
18049
14077
8371
966
17626
8675
19558
24754
7745
5230
2760
11464
18571
32046
24564
11336
17737
11388
7082
28026
12527
14097
409
24552
19766
26321
18142
27594
2750
11752
2248
7618
22008
20504
8414
15049
11075
13905
31267
20585
13909
8323
19352
5422
221
10672
23555
11607
29798
21061
13039
10192
13183
1194
23284
18277
3609
18456
6456
27696
5424
5547
15926
12627
4526
952
29630
4845
25228
15200
11325
12358
1594
27749
5951
32333
21313
13117
16178
32325
9255
9573
13421
19643
31378
30712
26993
7355
23985
29824
9326
29507
30680
12300
10761
14072
14186
14467
1372
26648
30460
11319
4414
5296
28855
28605
9925
23823
254
30205
5386
7290
31825
20101
17964
2593
7282
28195
13720
26194
18630
26034
7047
2029
15869
31540
29128
24088
22774
22817
13759
14899
2268
18431
2990
30223
11414
9779
10035
19034
24414
4631
7442
26974
30895
31308
565
12780
17253
2130
31729
3730
12320
6485
9611
21780
1769
14666
28411
14874
23576
21563
22767
11559
19572
4575
12819
12490
17565
3950
14736
792
22439
27571
19154
10841
26888
22883
30351
14850
11700
11181
11525
25572
18566
4370
23939
10658
1506
28791
12074
17000
31385
7289
14069
2266
2572
20736
20215
1355
6037
12055
29412
26672
26402
11003
17875
2260
28963
8305
9538
15437
11687
349
27995
6318
6849
21137
21110
30846
561
27363
29662
21097
16960
10370
3032
14646
7660
4234
24801
6137
22597
3285
23608
32394
7959
15381
27036
4661
2249
2079
1111
30387
10629
30346
5499
17241
922
26489
1900
22672
22302
14005
12958
10629
5335
29439
1952
20002
30812
8100
6746
28988
3447
13393
29331
28430
9422
20265
17846
14310
31682
19733
32213
19230
7064
15451
12782
24142
13270
23923
29549
1216
29680
9750
5363
27428
10276
31383
20054
31621
7587
4470
25065
32124
4593
13619
9981
1700
12686
22624
7591
20301
27094
12282
28612
16245
4646
18425
827
18420
12352
17958
386
23542
23537
20269
30820
7854
1521
16883
30721
6473
9738
15657
21014
3361
5244
8994
24190
13876
4769
4065
26873
4564
18125
30071
11309
32160
12152
21132
32234
17074
20895
14139
4274
24858
9831
3107
28281
12171
3076
20410
4265
9045
15833
15845
14697
21651
6112
5574
29215
4774
10573
29141
21299
7394
23150
26163
30999
21382
10710
22843
19076
29938
17594
19033
29702
15124
32411
31519
15546
27940
27685
11925
6230
14737
9560
29393
6763
27707
29413
10440
12007
21730
27355
15972
15326
29150
16514
20183
4234
13073
19335
7470
17808
26907
2650
7465
29316
13516
9173
32330
23728
2783
11294
27948
785
8165
12494
32534
11171
20607
20563
31696
21983
22992
24723
31157
13953
30258
26833
10
8334
12840
29397
9102
32662
3477
30535
20818
18230
15659
26973
15307
31714
8229
9654
7718
14561
15929
18565
18907
22425
25032
12017
12933
7181
8793
10172
27633
2724
29509
5923
20085
19244
2739
4614
13699
15646
13511
13385
3197
8484
26391
13946
7627
31704
10335
1716
22572
5583
8309
26819
32329
15574
25727
24968
29840
10875
21347
29087
8511
13264
5759
25408
4799
9835
6811
12131
24628
30385
5403
15912
30802
9045
27001
1653
21106
29211
755
20705
13797
27106
30337
8657
2952
11745
266
3808
28056
7729
13783
901
27080
24971
29000
14576
10641
15444
25542
25908
29898
22742
18680
26027
17016
25809
7994
26774
19431
10290
29515
23045
22010
31010
5189
6135
9407
12610
17363
12737
19782
2101
13982
14004
22964
30560
30984
22522
29587
2797
3101
25025
2156
17430
20166
20380
7320
28832
1856
37
16467
7077
8397
19432
23314
31639
29098
892
16663
386
7488
6387
18242
28049
26270
30837
18730
3284
1831
21543
21868
1088
23944
26449
29763
19704
2286
29889
15449
17867
17525
1130
10717
32253
5859
9297
27606
7498
10902
12458
7095
3368
25019
26429
4915
18253
31425
18959
21586
28017
22797
5439
14277
3669
17904
19502
21879
15364
15830
8674
23396
22360
7616
16557
18094
13505
17652
13577
13037
32322
32498
32711
13255
30396
18859
4969
27842
623
19438
16588
23381
6334
4131
22282
1861
818
22331
31390
3375
3522
6119
30665
14176
3154
32264
5173
6381
22905
32359
9177
24321
12935
21159
25884
19569
5319
29048
26685
5014
1
22285
1522
603
16963
12751
10575
13461
12513
18259
28906
16531
29371
9609
27453
4598
16318
29751
29259
26307
14766
31398
27271
8887
16930
11676
26865
27867
29136
22921
1154
19288
5386
15621
22218
12683
20873
10106
28632
13404
22890
28702
16730
22732
20342
22821
17669
12494
16550
13108
25143
14936
22246
21784
22235
13497
10522
15288
10126
24621
19551
26184
23295
23471
2707
17088
1180
5390
25111
16013
25195
32579
13011
20358
4661
770
15483
2337
8682
23951
21009
4583
32577
25043
26284
3365
2719
20399
22391
19685
20794
13712
5884
24604
12926
4164
7587
20773
29872
7436
17269
10350
3281
4594
26406
1906
7621
12380
1619
28647
29364
26082
11016
2872
30897
28509
21125
1589
31641
12864
12610
21770
10814
16428
30768
29549
9669
14526
32578
29980
8269
32172
31020
31367
20178
27920
5227
24009
12880
5635
11653
11229
31787
7022
30354
15887
4558
14621
14331
1968
29586
7957
3714
27662
2786
5928
19074
12452
9118
10438
21624
24461
5308
12054
15043
11839
23605
5445
19624
15477
12831
11551
26265
16237
22294
21468
21431
27988
8673
22844
26773
15615
4179
23766
15167
19931
24430
5548
7291
3111
28367
14340
13902
25952
29510
28019
29634
8445
15556
4923
5607
12637
4986
13015
6680
4350
28735
26835
21887
32751
5170
11745
27100
13704
17313
13866
30593
23128
10282
23266
12449
24159
7712
16927
12747
32637
28977
14571
17330
5163
19525
29591
27183
28265
24744
10323
25737
27383
2156
14332
755
200
26633
22837
30038
25780
21319
31161
30545
5485
31070
18928
32127
25524
7259
9920
18424
19149
22469
21925
32282
11568
14977
18180
14217
18817
14323
21180
5748
31682
13414
8959
22298
7880
12462
16736
30861
8683
22795
31276
25270
9986
31569
2558
11674
15503
10310
18830
28123
2102
1100
19402
10882
30068
2880
8744
24571
15501
19361
15162
13409
21958
23797
3971
16637
11477
5480
4233
5385
10390
17079
3627
21945
23295
27212
1589
8060
27990
21675
4658
3199
7329
26636
26497
1138
23135
5705
7595
14736
25973
25083
12020
30425
28523
16096
26416
9122
8664
20865
13528
8272
6171
21009
4189
24673
8524
5783
28092
26028
24179
2128
27731
233
4343
2126
14579
31603
11609
1894
22070
3661
1569
21833
16147
19043
8985
27377
6063
22035
6330
13375
24694
9196
29668
7394
24427
1718
3538
25722
13244
18098
23628
32253
18330
7203
4638
32346
5191
13068
9162
24157
27761
7228
1146
5075
16574
20360
12088
17902
4776
9048
20577
8427
2443
23909
9047
3313
24060
16576
22647
19517
3933
15639
5963
17532
6062
9012
28928
30584
4518
710
22298
28407
1283
5476
27238
8160
19742
23247
13872
2208
19906
19063
11191
3788
27198
15937
29150
24584
29369
31368
23844
23079
31686
30562
9174
16020
21561
20260
8836
13552
3384
30248
17585
24828
18581
8141
26062
4026
16731
29888
15978
16335
17062
32378
12707
2348
184
27658
3808
10221
2122
5141
7106
11905
14368
22555
31319
8972
30944
19707
16273
3081
10020
19642
19959
12340
25550
21888
18587
3495
16028
23011
12876
19523
28412
26216
3340
12113
3873
16455
3525
19049
3414
24943
14391
32147
18322
30154
30517
31917
1357
15810
1297
26125
17299
31236
14421
11367
1879
17540
2227
22512
10761
31425
24639
25283
21611
7498
3292
13444
7072
18561
26100
324
29829
10911
31341
4005
28997
6904
23256
10815
32040
13953
21483
16450
2732
9615
11569
31068
26583
28385
16384
16605
11467
31713
31404
3097
30875
12839
9210
24589
28765
17983
29399
23110
13441
11180
20042
16639
16481
17964
18856
24202
26648
16446
12551
11249
26776
10978
14836
3804
15863
19104
11369
11957
13322
13771
6137
9483
25909
10247
26958
3380
7041
12041
29653
14135
18415
5278
17336
489
1037
10735
19469
8277
20934
22531
17741
20065
3454
6533
20487
14511
18015
16840
12245
7106
28909
13576
12944
24162
10209
30195
6080
11073
28468
11367
3158
19934
11642
2430
3742
22186
20337
11464
20079
19050
18906
28375
23973
24796
28039
13569
17616
5789
16822
12897
20526
5706
22685
14879
10455
15589
21062
1777
3640
15739
413
7138
17346
10244
26568
8787
1763
22411
31158
26943
8502
2959
25595
27075
27383
12456
16603
29917
20921
7278
29860
28276
14171
16534
9282
14744
15672
6494
31245
14860
20382
23340
11493
3841
1410
9073
32129
27429
10353
12500
7684
11740
30922
26253
14289
8653
555
7950
929
1185
5161
4585
10195
15367
13124
20718
20739
23548
5657
8339
14557
25161
730
12186
3891
19277
8444
29165
31054
25596
4911
8909
7042
32040
28051
12843
24837
25600
23593
8534
30210
17366
3464
4823
10216
21797
13777
4505
8200
32210
15844
21326
11359
18098
29396
31245
2736
19021
18841
6464
27095
225
2821
445
5465
3498
31738
6451
32575
29025
21977
16584
7205
17923
9021
3840
17806
26579
21738
24801
5754
12194
8960
1621
30267
8782
3701
3535
17796
14729
5825
29489
25027
10715
30683
13806
29360
18922
1125
6763
13862
32506
28707
6828
15923
21168
7858
18988
21867
5659
19063
12556
32129
13813
6101
25200
15384
9253
26787
21031
10710
31369
989
11658
30650
15091
26009
15270
24240
20593
19261
2205
11619
13778
20464
24649
26707
25957
11598
23587
12327
30212
29792
2147
25156
2385
21195
25705
10142
28480
14407
16988
26062
8918
28755
18961
18022
1072
1064
9006
18561
29638
30955
2703
4254
13041
15910
22248
27310
11691
24697
12460
12907
4502
21645
302
5612
22081
28234
23815
26230
6822
22602
28087
27542
31735
8077
7823
27756
18842
10094
4302
25418
14962
6613
6922
3966
1888
10159
22481
22891
3849
11675
1937
15583
26330
4326
18869
11680
32074
26810
28945
10824
12639
18322
30592
29011
884
14577
21707
3191
17209
18260
15565
9780
24315
7781
2261
23979
14374
7537
20556
3251
8456
28188
29848
13354
26583
29524
9279
649
4854
9347
6480
10427
12916
10505
5887
28976
27350
18409
27279
19757
7446
32706
29557
19558
20459
23298
30394
13006
15947
21590
16801
8366
12078
24421
24458
244
31382
27069
26390
12750
24524
26637
8844
7032
4332
17302
6011
10579
6051
15324
12705
22838
30520
4257
5388
21768
12233
2067
23423
19087
1752
9541
16663
30083
14598
8924
1070
4071
31005
1547
31872
7321
24660
24001
11660
16423
13263
544
22590
7140
9062
26674
20426
24379
26023
24023
5595
836
21790
16898
493
25749
29396
3365
30711
12123
29205
15850
29262
20905
12662
32292
25286
26639
17687
5125
12058
22639
30246
29585
19598
3852
23460
1106
16082
4580
28780
28494
32298
24128
19057
2358
2252
17545
22343
11488
9097
13917
16869
6647
3504
15074
26025
11250
11312
32090
29340
32066
28668
10744
9976
19152
31668
3314
16871
11174
19585
10200
5006
28908
27201
12580
20042
16919
25316
12818
32057
18781
5397
14002
17405
1132
3613
17467
19388
3419
32517
2466
363
28641
3323
32363
2381
24261
248
25536
2998
23957
6815
23488
16149
12955
2663
2841
21297
13581
22268
30937
8627
19332
12771
8321
18405
11951
32605
27227
3513
17481
5519
32270
15885
9800
30431
9072
21549
10840
2977
9627
8858
32135
7923
27715
22282
10306
8933
16199
32687
3712
32734
26757
30140
16445
29499
10227
20774
11818
16696
11756
18855
5795
15892
4039
10505
16097
29296
27310
12961
19569
24313
10413
9242
21220
9030
7178
13172
27081
3075
25813
11851
24280
19536
21695
7773
22640
26212
17712
5959
31812
1910
5011
4495
28241
23261
14325
30439
15379
6262
10702
17328
2040
21062
1822
25022
2325
17760
12732
8283
13079
12809
22251
28046
6781
32539
5423
13469
26885
11431
13407
1488
30308
23006
9210
27512
22842
25138
13246
4144
1093
21944
14967
6755
17365
20689
7958
24846
12160
30473
30722
24007
25622
5439
13491
32767
6616
12039
1404
17796
27364
31564
30120
15433
24052
5178
27593
20842
2376
24154
1101
4459
25057
27391
31314
15809
2800
23010
4796
23443
14734
32265
15748
8129
173
18925
24914
23590
6479
18139
1359
21018
31478
7067
19764
3643
22619
26192
31656
12654
21602
28063
28360
19232
846
27923
19207
10450
3121
192
18488
16084
32423
29735
21737
3664
12484
30810
1011
11403
14667
1377
30799
20328
23073
27355
17195
814
28417
21480
26685
28042
13424
16967
31832
16856
31476
17596
4669
19102
6785
27829
27059
11353
14900
18220
5338
17789
16452
23759
1980
20407
32309
32095
17957
9845
27982
23126
9141
22184
3918
13516
18995
23496
18267
8859
31268
11801
16187
11970
14748
1582
11462
22791
25941
31147
2971
14561
22526
21839
7955
18324
7125
22577
20595
5534
23160
13385
15718
28498
32504
30771
2730
13507
15920
17968
20233
26851
31061
31854
10891
15340
11982
12937
24042
5375
27973
12369
30278
24331
31998
16846
24858
7409
13159
3201
31855
2278
9457
18925
30543
17176
10527
2902
5757
21396
25820
27337
12643
871
20242
19804
31564
20739
25464
6839
27859
997
30636
3539
24987
9077
26241
770
15937
21806
1434
26416
12943
26110
6456
11368
27635
752
14928
26522
19503
25864
25313
31643
30801
29806
5252
30061
21478
9936
19781
32193
15467
7425
16049
954
6404
17382
31536
1268
4721
31890
3477
5829
1853
4016
12020
5314
4152
28705
3763
6277
10536
4327
24804
7854
20924
21058
9938
32040
15041
18968
26074
3758
21400
27546
16509
14221
19432
21029
9651
10155
23952
13158
2689
32200
29408
15554
25037
12292
32008
24565
18034
23969
3792
21241
2960
28171
3978
18217
10021
8469
6725
7078
10978
29830
23876
3834
16183
724
3503
13307
21681
16175
17287
11762
32645
12993
20959
30717
12653
7989
28490
15282
17842
10870
17040
31493
5002
30649
10149
4460
31397
20925
16603
20545
7683
19025
10326
14951
16648
29464
21952
9008
31442
5001
3135
13438
13258
57
25764
8233
8569
30557
18406
161
13470
9866
28110
11477
11645
15808
13299
851
19065
13223
24809
28848
17637
7960
10166
13610
4120
18911
32645
11660
3775
24768
9119
9042
12920
25784
20374
26638
14748
16772
3011
16394
32603
11624
7667
24623
4623
13865
29278
805
970
8027
4313
22972
10545
30179
29260
23179
14990
31924
19045
13527
2848
22236
6542
27318
19126
4804
6941
22131
1404
31411
25547
7989
22036
20117
17512
24796
32232
19195
17613
2860
22463
8546
19217
15405
22671
17848
17152
6609
4754
13596
22984
28376
28316
6630
8694
3825
4012
28903
13217
17954
5313
5106
7397
22377
11503
19866
13972
20132
12721
23102
12583
10670
15233
31299
28155
7371
25766
31137
30906
30278
11854
20641
13590
25944
15324
16869
5310
10316
22659
6568
27018
26081
31508
29255
10233
13808
15380
8704
11742
7502
29202
13818
24918
244
26679
7814
15357
21597
25375
28837
5730
1840
26599
24778
18360
30239
31112
23265
28110
25359
16483
23439
28993
14457
20509
28348
6640
7184
32684
30543
18352
5284
1970
9272
9025
18246
23306
14004
23425
4013
28065
32204
17120
30680
23944
11039
24852
21237
12871
25826
19726
32642
9843
14629
25388
5298
12163
22104
11184
32530
14303
11533
1393
20588
16186
24320
26832
18155
21794
8020
22254
20353
8661
26655
18716
1926
29015
10537
13459
418
29889
21489
30310
20972
11740
26865
15284
9555
14574
27171
14882
26686
26836
22212
19592
16495
26961
5208
18411
24109
23462
26862
7340
26786
8547
27301
6142
2434
18812
2159
22941
23533
21407
4117
20926
17047
15813
21884
23361
26918
4104
24358
17966
29915
23220
15355
26207
10357
23200
26186
31354
32594
14271
22539
32547
984
4594
13415
17007
25875
20512
10874
19355
3999
25993
30039
27390
19913
343
7500
1596
13041
23670
24168
29885
22067
6566
22587
93
8262
27599
27357
24165
12451
30356
25906
13499
7658
7466
26731
32597
5506
13163
9424
27123
7808
17702
21437
29198
971
26554
4843
25867
10621
18915
1265
3765
20876
30163
23307
11242
5033
31109
11289
30100
3176
26958
15595
22492
1954
28853
7611
10650
10776
25988
16635
30735
24152
4383
28498
15062
2277
9237
15585
1048
18322
2037
25546
256
16431
867
10227
24174
16999
25706
10247
26096
16617
9492
16318
26350
26054
15928
24415
16420
17946
7316
31875
7509
30959
27675
27
15678
5470
11664
21940
21450
23543
19028
32762
23684
3940
6781
22139
29009
16456
4391
20654
31071
4205
783
564
17497
12575
15198
11357
26077
8403
21186
2286
25903
27661
31939
12834
5423
30080
16213
19438
10376
2422
18601
21129
22059
16498
22345
12844
8700
29972
26724
3095
7626
20798
8294
19668
13957
13941
8652
30655
25003
1418
17975
19398
16132
2425
28095
9582
655
2449
22665
16918
15036
18133
16028
18560
18139
26787
6640
14989
4565
7315
22216
13384
25882
28066
24130
7206
26586
5776
12077
10381
7800
21382
31002
24210
32316
30460
28086
28167
26952
17882
15447
3765
9933
24285
27604
17126
11134
12605
1690
8999
17989
18061
19708
5963
1333
25570
25035
8371
26305
17975
9511
6605
11051
32272
12692
3803
23103
11870
12113
5110
20800
12963
29157
15442
27939
28758
5114
5827
9467
22409
1390
21376
10421
22217
16296
30504
22533
17990
5160
16130
9632
3636
18786
6793
15020
3184
31181
24104
28276
32103
26935
4930
26209
27700
17499
2421
29222
28168
32437
3360
30778
11471
17045
26402
1675
1296
10099
2533
23409
15125
8834
3996
31456
2893
25991
28104
9187
6638
8172
513
14917
1502
22032
23539
30865
8916
17122
26791
32318
7867
30638
25348
3619
5719
11831
11669
4401
23850
261
31116
12640
31897
32256
24327
8426
11851
18238
19091
25016
21970
13850
25582
8473
15757
13446
21010
31674
6860
16546
110
15827
7478
20109
18807
29598
3432
31866
10847
24077
16095
19719
25636
8124
22808
23499
11725
13861
15349
16430
23537
4883
867
4734
8568
27225
28218
18239
19877
1987
11365
21698
11093
16717
22594
22265
25985
22931
8011
9609
5386
26249
24055
4129
23478
4204
13019
13578
12405
15608
19733
9728
16618
31452
31210
20289
3110
16747
13742
21731
6839
22676
17380
23146
30689
32020
4775
26778
20523
5354
27977
25994
22814
2059
16953
21242
26185
4440
42
18150
20360
7117
20081
21084
3206
32763
9391
19082
10625
13752
1457
10267
31053
19989
24980
28868
10396
18832
25389
24345
5756
7819
11432
15526
5665
1021
18286
8763
32229
21608
19277
4743
10125
7435
211
8936
17870
11608
762
9858
13072
15016
9227
3983
7537
27694
6588
31477
13325
25385
13467
6686
14717
4958
9904
28420
8093
32710
7518
3723
4242
12164
12939
23828
2316
28441
30977
31055
26569
12763
10259
18768
5723
10148
10883
24038
12074
23239
5283
8232
17596
27208
17851
32080
11828
13388
14507
1229
32025
1230
18385
11411
89
7316
26669
12214
30862
9313
8131
15159
24959
24685
15169
23838
29930
14354
1762
27080
19073
26056
3730
19331
14642
25427
10579
28760
23979
26171
21471
18984
27166
125
7823
5371
9025
14720
12923
22420
11930
13130
12771
21065
5625
12276
30670
20497
9286
2907
31472
3551
32636
32025
22481
11310
9206
14004
17964
24285
9450
12820
32149
20286
22067
17467
19807
25706
17235
18480
27581
26071
6072
30268
16423
11308
23614
15193
11520
21587
11766
9448
7285
10448
21030
13474
21672
13650
19344
12497
22286
14472
21751
17600
20245
26678
25824
1392
21515
15240
7830
11916
571
12198
21616
11167
12121
14984
32598
16773
15904
24588
20354
27680
21817
7494
14980
17484
32095
7703
10889
532
27329
28929
13020
28454
30119
11577
28077
23940
1625
16126
26386
30333
30781
20010
14667
30172
14399
29447
15946
9567
8821
11619
31347
11370
25347
20967
9376
2045
24125
24996
28520
16100
25612
32751
30625
9773
12947
31343
31779
18911
3090
6004
17103
19945
25610
7818
20176
23385
26530
20303
19489
28110
25929
14977
21583
5424
22429
12635
28801
32670
6027
16162
31925
24488
31160
24827
20556
703
23328
28671
20425
11241
24830
29073
19414
1722
28651
16879
20872
18047
7753
19720
20451
17852
9698
18830
13985
14809
6349
10827
29231
20248
23954
14776
26873
16586
13965
5068
24039
16835
22680
29202
23591
18699
21732
32254
4142
5846
23080
7553
12793
1462
4350
28123
25753
31760
6025
24753
12014
4557
24668
12127
29107
15953
30871
6287
32442
8881
31059
7179
13689
17440
10305
10447
18630
19115
2957
29027
4575
6183
29961
23143
5293
19303
18567
14191
6474
946
390
18962
32448
30835
15378
14142
11028
14643
17637
26318
15491
10693
29906
351
24587
3776
23396
95
28973
15923
31938
1126
18162
18579
9941
26058
21036
11768
8621
13166
28926
29577
16161
5082
7070
11573
3510
15505
20058
20389
12995
29598
21721
24174
12242
20337
23204
19082
5960
10473
25828
5385
29769
29618
6510
2564
27094
28881
30460
10195
19768
28541
25277
1663
16290
4145
12049
21370
2834
15871
32653
13710
18040
21031
11846
11540
1306
5608
5708
17510
5431
5782
26484
9367
4586
32749
26459
25185
19538
28837
17319
5982
20464
32070
22928
7035
1616
21822
5792
29355
15852
15921
22198
17112
6221
22928
25425
26143
9075
26733
30731
27964
8823
398
28772
9795
18799
28096
705
31634
28818
7789
11445
16131
669
29297
13438
13670
10869
15658
25555
30254
1037
17358
24541
29546
21642
9474
17027
15863
3493
24232
22762
23028
8273
26104
11068
14199
25246
1490
12713
9086
3294
30546
23212
17705
4614
26790
18064
31526
22359
26140
23602
11628
3901
22911
6920
26412
15223
5028
20066
19716
6776
5184
1520
17271
1037
1020
30597
22938
31041
5324
11802
19471
27518
15484
10774
13367
32500
32140
22221
14244
19518
12861
31046
19405
25923
3564
31809
25094
8539
18591
15736
4015
29876
10462
16422
1707
22259
24516
26822
29204
32030
27477
9757
2860
27321
29458
11130
31383
7727
21195
8253
22984
23668
18357
26774
26810
24553
29628
27535
19424
28288
11034
31309
26206
6944
16425
15506
9337
13899
16757
18055
19020
12798
24086
15289
6845
31960
25661
9057
27312
6271
3596
20968
29819
28480
4267
2986
32665
11509
8600
17659
12450
7980
26174
9063
5498
24709
458
9278
16841
21340
13626
3153
4012
12200
17846
1270
22699
10275
7460
2642
15082
27308
22775
3799
16035
32745
15175
30731
28627
20016
12839
22667
16436
17320
26931
2896
17772
27563
6504
5170
10116
29551
2873
27050
21403
25062
32478
3036
18140
1762
28400
3285
1453
25981
24883
28177
4905
7608
14771
30528
31953
6498
17426
27209
20094
60
26400
14480
667
14170
13996
7541
17040
28620
22426
16925
2945
2174
27190
20084
2873
18269
28360
2930
18785
11707
22633
31390
28918
27637
16916
1745
19962
14419
31232
12861
21353
3375
22317
26029
15726
4698
3389
17678
9175
13755
29318
11567
4295
14137
27749
16069
28586
11228
30165
6834
26734
15406
29760
13191
31473
8680
20117
22599
28341
10442
31386
23662
27355
14027
29828
305
19023
8050
21701
1032
64
18052
30757
30314
8403
21983
28180
17111
25112
2726
8510
796
10557
23966
28257
3027
30721
2776
7515
20777
20076
15505
28808
2276
21693
23894
15946
11684
24997
21868
18665
18280
12466
14190
18590
7509
23822
8248
23530
13491
29801
19972
21036
16697
13876
13011
1139
27274
21264
1551
12433
2815
16518
6510
2673
19367
29944
29977
30634
16780
8151
32526
10579
28728
12823
12738
2074
21880
19168
9739
9872
25184
23687
29758
11719
1423
7612
12436
30751
10933
6917
1747
20061
21330
31851
14634
31485
11456
21362
1628
10186
18291
1359
15137
14763
21376
9558
29385
7872
1628
21426
19234
17069
3558
29784
3996
7478
13480
21054
8107
3853
7002
711
5229
231
11176
7554
27021
30933
10294
7189
11623
6610
32224
30324
31852
16792
14918
20311
19400
14521
19336
17642
18243
10474
27982
14790
18021
19874
26380
10784
7390
4836
32644
24896
18981
5720
18828
9013
19550
16033
11793
7880
6785
23787
22364
15278
2489
3267
24980
6402
8714
17964
29828
20466
9783
21999
10911
20152
21219
12338
26945
24524
6390
20812
3640
12631
22338
8408
5763
28907
22375
2824
8793
20338
4595
17469
31342
357
32206
27348
31345
3903
28374
31554
1241
2608
18374
19043
25569
30997
860
31247
15313
4520
22715
7151
29312
4596
32526
30350
12311
19981
21614
8371
23831
17917
27654
26351
16798
22529
18292
12146
10726
25334
16243
20514
13326
27918
24503
2799
11037
8903
14873
9312
4932
16926
29940
18546
19299
17919
6351
12707
26575
26113
24892
17994
10835
15952
5375
8233
15220
13290
10611
12869
2297
26895
13610
246
28075
22002
30164
8250
1626
22965
28002
27726
22560
22420
23147
12416
11242
13409
4046
12351
17203
18480
28569
18036
18963
6227
3369
3861
10873
28041
14995
20214
9396
6770
1347
3555
20793
1606
26083
5869
28576
20423
10111
21249
9967
7284
18918
12735
6939
26624
25427
5256
31692
26626
17740
28633
28769
22510
26827
5848
1332
16708
26012
25901
32287
5127
30982
15123
12863
9073
24493
32687
21751
23269
1719
7584
20536
16165
22574
11735
5120
4037
9893
17577
32545
7392
31775
5410
17732
9481
20524
24221
30253
20356
26965
22673
2625
5815
28090
4270
6213
14043
26362
28457
6248
29943
15699
21844
22660
21007
28171
2673
1441
32408
270
27336
28347
8752
472
3319
25797
19340
32661
20874
23533
7346
22663
4299
12834
1896
21673
23259
16083
11756
21394
32258
4090
15333
4507
18244
30810
19354
18500
12597
21252
11106
11732
29966
8224
5979
6208
12799
24298
15199
18254
7879
18683
4404
6650
31107
21194
28419
13081
10691
5490
23052
20796
18659
1462
29079
24023
1177
7234
1582
30627
4042
21299
12553
31808
5538
7386
32714
21791
25315
14269
2155
2975
14717
991
31092
26742
608
15682
31345
8787
20878
16297
28835
24514
28788
14242
31734
4175
25210
25796
16435
24814
6105
20790
20087
20378
17068
8817
17124
8765
587
26438
27286
17616
22740
1826
1496
21187
7946
13969
31384
20383
27235
5377
2841
21226
6492
22473
25832
11083
31248
9833
7185
15598
16137
3091
26258
7978
13910
8811
11280
15713
30429
22924
15817
32552
30707
331
19146
15272
18218
30655
25698
31812
20586
8449
9942
21117
27716
3120
23126
17682
10370
27064
8240
6251
32515
14036
68
30263
28358
16978
27320
14421
11076
28311
493
23280
22019
21730
16561
23023
30312
11733
20662
32140
9165
9009
9538
23106
5587
28385
11817
2029
3833
27450
14073
21549
21870
30849
18036
29707
11812
23469
4675
30943
3622
31343
23272
3185
30251
6256
17397
14430
11371
31194
31867
15549
18609
3865
19398
14851
18098
3555
22087
12836
4765
7029
11986
9467
17395
27680
2058
19436
31385
31749
6681
14536
4652
17693
4260
23536
8084
5756
5373
13758
27868
28886
18587
14112
26432
3138
17352
5510
13192
27454
27802
5631
23701
7923
14884
5022
20538
8379
14317
17699
7757
25825
23970
1495
11773
2728
3847
9656
23909
19854
22579
1238
16226
7121
14845
32253
27554
30259
6834
25748
5374
31994
12041
6597
23050
20028
28504
31967
1002
6489
27911
15096
10087
3017
7237
16854
23618
31512
26107
23056
32455
28718
5630
11376
12198
30676
31113
13980
1535
23668
16874
29429
10172
11552
32635
14272
15395
13782
18644
4484
27819
19715
25151
7346
26639
6725
31085
8843
7074
14965
18791
32063
5858
25829
15046
1874
19791
30182
21543
6724
10878
654
3802
24689
11369
22968
25562
32310
30729
5707
9474
22101
7207
9920
30333
28059
30319
28126
31871
12736
28358
24776
4402
10126
31965
17978
5876
17477
11270
31504
15039
30271
4423
24584
15080
8400
26541
21704
1549
3952
18147
25635
17993
9244
10243
1432
11433
17657
11436
6171
4324
19771
23637
31257
14662
1349
19425
25270
24302
26129
25459
24665
16953
11219
13955
8298
25470
31705
8754
25690
13308
8630
9690
18404
21264
10143
10730
15507
11180
19989
10481
24197
1540
9925
28408
1646
24970
22188
25365
15583
11037
17278
3901
29385
9085
12361
23130
9021
2563
3413
10397
17013
24463
32592
22038
7704
21953
24999
16258
4794
15980
18487
19812
15010
3911
17445
13655
31185
19942
28682
26018
2880
30697
1876
20237
29544
15220
3305
243
31751
5087
17677
19353
7458
7854
1669
23742
30534
15555
9980
2675
17172
21458
1703
16429
23037
17430
32549
16921
15433
26178
14761
15023
14430
9659
12378
18058
5951
2820
24314
29303
29267
19065
26310
24524
5736
11073
10654
763
6135
23166
8294
12390
31913
32454
28844
27509
7707
8151
1419
11238
10718
13958
12239
3429
25283
30969
4441
7517
1877
14102
22470
15117
422
23355
2635
15838
17487
25392
28387
22004
30898
25946
19117
23299
25218
30257
399
32100
7302
500
22816
3432
4761
28315
25285
19692
23798
6669
20762
32557
24754
2195
15507
10974
22922
22412
7011
17016
12511
18531
28828
9938
17919
30655
30360
14321
2982
5369
18585
26657
7877
11731
20396
1348
14977
25191
30419
11371
11647
5469
27234
7075
13407
27745
26282
22034
23942
13524
22997
20034
23073
194
23825
2748
24678
4117
18673
30937
797
23048
26895
25045
8800
19166
4855
13861
22943
2515
9280
8970
3815
23379
11260
9831
1891
29546
17235
5328
9507
19580
22890
17891
12828
22070
30346
23259
23664
4292
14974
21346
18416
26692
6716
25767
22751
25723
8392
18097
7161
199
14166
27635
28596
16469
14511
22304
21190
21140
21461
832
31719
23530
490
4612
7896
13989
4942
13398
676
16436
6152
309
19750
1687
10087
11968
10187
27156
19176
24976
8602
1836
4187
1611
29297
31949
1858
26998
913
25289
11642
395
24924
1159
3869
8012
31326
13305
7590
30806
20363
18637
598
16377
31175
8168
28631
16967
10412
12048
14112
13675
32391
232
9112
13629
28067
11554
25214
7443
31435
8432
31112
13273
2314
19387
4298
24164
4789
1048
5082
19459
29611
14584
28210
20823
10460
17182
26325
25957
10504
27351
24374
29930
15049
30181
31061
32750
27604
20924
26923
13724
3452
11761
30024
593
23160
6895
27323
17395
10725
236
2098
6276
21391
795
9314
31479
10604
8995
5033
8770
10857
14545
4338
22196
21097
4617
11738
12681
