100000
9075
19342
30965
12425
30626
4428
3614
13868
11938
20176
32583
29135
10656
16992
11312
13441
25724
27442
32460
18877
8409
22572
3827
23626
18288
21486
11863
8800
29609
4626
28857
5388
23916
16818
1117
14037
5428
10539
28347
11680
18022
12065
375
13265
29666
29892
7059
9395
25303
25937
2788
10266
10203
24283
8642
16711
2619
22603
21764
17675
12687
10406
30252
31536
20882
21390
24030
28436
18481
32524
6807
13207
25058
30348
30619
7735
14391
24361
28719
15738
24243
299
25353
3725
20956
19150
6661
13866
23697
28742
31257
16574
26526
19711
28555
11724
26510
27177
27233
19084
23745
20084
32538
8153
6590
31512
32667
30538
17353
14873
8300
15262
16825
8649
32292
14429
3332
29070
5922
31932
6428
11237
3454
26049
17662
4519
17727
5033
2823
25228
13007
20103
25354
1773
28076
7725
2721
1742
23391
6479
10176
29211
1714
12262
31120
7730
30494
29907
2938
23714
7299
10949
7809
3890
8988
6236
15574
15654
17329
26511
11174
3517
25614
5195
12087
19454
7093
11868
21811
22452
28880
29329
14660
10168
24937
32539
30688
16750
3293
10039
17255
18834
4494
10765
20331
4661
29401
20695
1614
18946
6984
14405
15635
12486
20232
18720
22894
30000
8861
9263
7709
8149
18900
1367
4475
12150
21241
25093
12883
19078
8779
18129
28402
10727
16813
14427
4736
8437
22686
7033
7312
26309
24683
26773
14069
1198
26787
11856
15831
3593
32716
10091
3591
1334
5204
26600
3472
4576
25035
25964
8847
27777
15951
24296
3140
9000
23623
26488
21096
7034
21588
6284
16065
30198
2948
12101
5365
13950
18889
6434
31900
22035
5290
13275
20888
8673
8761
17549
20137
2939
30789
27160
17980
20071
3024
3781
23940
3805
29891
7469
32204
21964
2529
31830
28684
3614
30970
5918
22202
26429
12129
29405
31202
16598
9888
6470
6521
989
26985
22926
14831
3281
25808
9425
7939
2881
22968
2481
26843
31375
651
4928
1876
6132
16687
3872
30615
31172
26933
32488
32749
11251
31315
14538
24020
30169
24340
31603
6738
11570
974
31027
30857
14953
22997
7774
12940
12822
6894
5874
30833
10181
24838
22393
26023
7673
26148
11569
24714
14192
157
6507
6197
3497
12167
31793
5271
20644
19311
21035
3274
5097
12111
2500
30623
27851
28090
13192
2686
17902
26202
4560
6765
3079
20380
19362
4974
6115
2218
18131
31246
31147
18330
28014
11067
2406
30692
25178
20054
24767
23834
26934
11657
8712
19923
1416
26715
12416
6889
5399
13441
15825
30436
27029
8439
20701
29109
9601
3920
10682
23720
24652
22347
9979
10900
21947
18598
4146
8276
9356
32567
27059
27003
24668
15672
13722
25924
31432
16355
17935
16328
18387
16959
1224
11124
8583
8761
21456
20153
28384
23542
27527
14853
4581
20328
23019
31219
280
1055
1813
6591
4112
24418
25350
10748
11109
127
8356
8073
3020
14175
8704
7873
9347
18781
31194
1778
20720
30808
9831
21008
1413
7
26962
7339
2022
32141
24832
27167
29262
30030
18200
30987
1583
27392
30787
15364
4632
16389
10544
19082
28380
19448
27868
24122
22513
25478
28688
12358
8982
16767
3627
19235
6968
1580
8993
9345
663
16612
16068
4992
37
14298
7490
30497
31790
25145
2287
8442
12350
18547
2373
22575
28224
16085
809
2205
25315
11872
11888
29272
22338
24532
1186
27992
13763
32013
3326
5487
22079
15506
10686
29310
21860
27500
19100
28905
31576
18740
10388
15944
30111
27248
28396
24160
26687
5408
30066
3153
6690
19347
28677
15376
16571
31103
14166
20504
12013
30545
3824
22365
27432
22466
3190
26498
28885
13227
1068
26443
8436
26650
7865
23893
9731
31397
31788
5893
20258
6142
2108
15294
9846
24776
25556
8279
18123
30889
1999
28364
13437
2977
1280
30259
15768
15770
1397
14066
9534
14400
29436
32560
7753
19218
26343
11145
22834
20921
18189
24582
10546
21657
13329
19788
1190
6055
11495
22035
25784
2938
2963
10458
18492
21668
16180
8665
24024
23874
26434
2360
6504
9426
13332
382
14496
16965
12453
14924
31475
19541
22935
15179
4276
7193
9592
23395
1404
7639
25157
14382
10699
9241
3116
16812
16370
28931
406
11832
28720
27107
14437
27322
18459
10506
22650
23327
18753
25051
24443
32518
19216
19233
12755
20156
13299
934
15610
25707
19902
9473
3830
17806
14668
30895
1826
24744
17766
869
1070
4918
11495
23205
13159
19426
30
30864
25912
7417
15732
507
2801
21279
23887
12996
16840
25666
21814
25702
3870
19148
22069
25292
12803
8477
19075
867
11771
4408
22114
12915
29442
27836
24647
27311
18127
279
25659
19211
21334
31734
5761
16077
32400
29695
6521
27623
28542
27075
19140
23428
25708
21742
27561
4321
15987
4545
10423
606
26177
17091
17580
10453
28189
31411
27286
6442
5413
17088
27448
23587
4058
20733
27055
30842
14815
783
15190
25393
5374
28968
32486
18982
14700
11578
12002
27879
6990
612
13106
30663
18811
18609
13837
5426
2436
8449
16413
10557
29938
11591
24542
27521
31694
6389
24648
21290
28775
1461
21165
2379
79
12378
28644
21877
16039
25110
5287
14471
9116
493
23866
10695
9522
23145
9293
10802
19777
26512
26916
8721
28860
16659
24821
15565
27705
29896
14226
14084
2478
25946
17223
21212
29561
320
12294
26264
22692
26091
26049
14697
9830
17220
11800
8838
31469
4949
23860
7806
13658
31302
499
20173
18190
25228
24901
6062
10788
10589
16598
20529
8510
28519
17645
14477
9349
25025
26004
10935
8171
3874
16121
14644
26292
7505
16660
12331
52
29404
650
11454
12762
10509
15057
16026
27245
23066
10133
18381
29334
8092
24923
3801
1695
21826
25445
14086
15738
29639
19157
4860
24837
6177
4373
1424
7052
2812
17781
25823
7823
23654
2582
5017
9926
26572
22536
17568
355
21541
20143
7378
30359
25709
4715
10018
15703
11349
32375
20206
23648
32057
11794
21645
7289
8018
8413
28711
28664
11053
32389
5833
29575
5979
15777
5560
27688
20075
12766
30726
26231
24853
17753
27236
23343
10424
24908
4407
31984
28167
18925
1262
4928
26622
29075
26770
1743
10012
1819
20126
767
16588
17290
24594
20643
20260
15091
31171
19975
6353
13468
13301
10290
30034
20060
2091
14695
16741
28487
2366
12530
30655
19854
25005
26657
16896
2976
3124
2192
5606
12437
31392
26537
12993
32717
7905
15212
4903
29652
2657
3180
9960
24713
6036
2330
26948
128
20945
7750
10076
29092
3936
30947
2791
25889
29140
21771
15654
1665
16538
15939
13850
24084
20947
9471
3060
12950
30047
28009
22221
11788
5690
23390
31895
18927
1548
32697
31060
18060
9979
2773
30598
12715
26564
10317
19686
16495
17930
18438
12120
125
19182
30832
13855
9312
13791
13832
31565
28461
18867
21538
29054
866
28663
25317
16838
6420
9860
13975
17896
24394
27475
29723
29385
3236
6803
18103
18212
25408
29432
8987
4734
11229
13397
15263
10333
27713
3181
2509
21429
23769
17927
4383
7843
24992
28224
16137
16989
2625
25637
3130
21354
23936
1665
17184
32270
29654
29684
4010
26377
9563
4421
15441
1153
20202
18937
16473
828
29311
16165
852
3090
14051
22656
31209
32162
2700
27580
32723
28229
28094
28183
4908
2624
10231
25645
21740
8766
27786
1040
29357
32253
12938
15770
23985
18247
17385
7426
29477
8484
18401
15278
31143
16206
19603
13128
6151
4581
5103
18196
10570
22884
10195
14209
4597
14036
31095
29694
31368
3135
4104
7950
4936
16744
2707
6303
17729
16569
31013
664
29836
16509
20785
29617
14286
11343
305
19591
10497
17106
26512
25328
13175
15267
12488
30603
795
2444
24776
10652
30971
3323
2968
23831
18691
19122
319
18171
9483
31423
28901
5089
6421
943
18229
23765
31951
13823
19461
24164
7776
23507
17209
9718
2656
28906
5348
10591
5416
5842
16561
31920
2381
6488
8322
6739
8039
5955
15958
29015
8983
9026
16752
11784
26952
28962
14006
28867
31668
25412
14423
26376
7594
3151
14512
31441
3599
31010
29809
3106
10916
22285
20475
26850
22662
19008
9229
30441
22011
2179
15776
17498
22891
3112
5391
29235
8621
29502
123
11554
23429
24328
25966
10395
106
26542
11710
20519
4748
30769
949
8959
23061
9892
6510
28121
1967
23706
32642
22274
24647
25563
20197
28845
22033
11099
10762
17803
13005
22636
22862
5019
14152
30770
1683
10564
21541
25943
23595
6305
24541
13825
2809
13596
28165
17921
31698
3902
11216
12622
12329
25285
26068
21169
5612
10999
6929
6849
21161
20791
16687
21266
18933
10710
7687
8618
25358
13099
23141
24756
20927
19174
12812
7801
26244
19873
25851
22923
10735
21688
19951
19779
18250
1627
16937
25198
2686
11233
7793
6212
30004
607
9563
31130
12089
31098
4809
29272
22055
21625
2225
6444
28738
24991
14625
16768
1696
15287
29056
27050
10893
18928
27414
22883
27181
29163
1231
1147
30819
12307
19003
1483
3058
2605
27610
18026
14818
4143
3223
9508
20262
24406
2194
12839
28027
23411
6434
21248
28563
4742
31259
25286
22643
32397
29772
8853
21018
6558
29004
3646
32611
30772
31863
26941
9516
24007
21811
6124
28344
32671
30328
6390
20818
27113
14223
13069
21299
15115
27161
10976
14758
10549
6484
5447
25194
1592
20122
6593
19544
13724
32554
14625
4933
18668
1835
27780
25386
13909
21998
12422
9859
23920
12148
20662
29684
20059
10032
1863
32562
1806
14349
17672
4385
6892
7603
13718
19258
30873
21254
21455
14896
16908
23024
8843
31699
27365
12385
23943
31796
4352
5780
13986
3594
17226
2707
29516
25172
10963
7421
32315
9024
18981
775
16735
13900
18133
2497
23577
27051
29015
20123
2472
4330
32534
24871
19428
21715
10948
12832
11822
14994
12015
29612
13479
9750
20182
20190
19360
23482
24954
4735
19282
17701
4856
16142
25551
32110
20501
5125
1337
26756
4123
606
6194
22990
28900
10326
6803
3598
22836
14961
29793
31883
5452
32190
6397
17263
8635
14172
18586
13166
6264
13629
1524
16040
29742
21546
5184
20177
7639
9991
4446
18063
30860
9049
86
12835
24475
30469
22530
27468
19163
27482
27144
13416
3388
31058
13836
3805
24994
29461
32035
20663
14836
26303
10634
15763
1135
7779
24216
9915
23361
24912
17649
22162
21075
23187
26365
19251
22374
18621
12696
1109
22625
23270
27915
26738
9193
24305
16955
1320
14387
9490
8225
11999
29718
15502
5498
17324
24165
28098
29376
5493
30587
5479
18520
16214
18711
17684
5389
27204
10347
19716
14525
17648
24175
4890
32594
13038
10875
23330
22516
30487
21269
25690
3198
23852
14600
49
3374
9916
8374
1614
9376
16199
9646
18900
10237
31651
3201
29669
30576
26783
26322
26469
25305
27879
15789
4608
18118
16935
13850
20078
30111
2419
25585
15349
16672
32487
16111
12080
14348
4234
28170
8208
27680
23672
23810
14624
21574
23105
20537
27661
7948
13196
27332
12133
2388
4096
23234
18847
3405
22628
8172
19804
32162
13572
8302
10988
24817
19287
32758
31508
8574
32480
27914
26382
25897
14674
22686
20946
8605
32247
19430
9876
16587
19538
20585
28814
27031
5636
7767
8191
16592
19436
1308
8308
13926
18066
16949
9286
13015
3526
14914
18788
14571
17284
18525
31570
20385
13851
6059
13938
18537
23950
15152
4227
13715
18491
30696
10855
9480
15034
29971
28457
29496
1800
18128
17470
19027
24293
1773
3851
8636
9594
28670
13224
20923
1087
11948
28900
3954
18204
23888
15753
25874
17359
24001
2785
31310
20621
1385
4216
16656
3564
20383
1316
23147
2048
2609
26947
18386
29380
12351
17988
15495
1468
26448
1897
9045
15065
21151
20426
11394
29853
12470
29086
30720
20351
30526
27318
12259
8849
24854
2634
10008
29536
8866
9208
20563
24860
14438
29706
8521
19193
979
6392
13856
13780
10848
17965
18723
13594
27357
5134
21179
23270
23812
4409
26010
29545
20306
30986
6970
3983
14101
13156
9350
8927
26309
430
21207
14500
32407
32027
11553
1098
19280
18991
25967
20746
1879
9599
17036
5322
12815
11704
20995
10814
29027
3810
30282
30292
12707
29414
9531
31951
30606
23374
27331
10289
6320
18509
990
18655
19950
20735
9667
3968
21599
4337
17755
1702
4189
3812
29432
20400
26332
206
7748
9967
16635
4386
22136
29447
28121
2385
23246
25496
22186
1425
3896
25374
14602
5597
10578
24598
23440
28733
10645
12643
28839
6215
29902
6639
7065
8166
8655
12181
19437
25946
20325
10559
25331
29312
5770
22603
22429
24916
27867
20788
19600
27060
2892
1902
19579
31847
11546
24721
8360
3933
15105
698
30161
32568
14000
25134
17204
10764
31354
21057
10217
10083
8526
7543
12916
16773
10985
26856
18071
5110
12362
26345
5482
29503
15462
7400
23469
497
7454
16536
23132
5864
16494
28751
15748
22733
29159
19116
25942
13022
3167
10620
17785
1778
29671
990
20133
16567
27645
15270
5742
11839
7683
23040
12637
16827
25584
32598
29509
8326
11078
2675
2516
9061
1092
15080
9577
11277
12636
21166
9253
29669
19175
31502
29509
14350
19224
28862
6831
26273
5678
15181
9930
12599
21230
29632
25747
10415
10065
24190
9198
17963
11642
23657
29753
1372
13546
30542
3879
29696
9207
3455
26060
23208
3450
24766
1012
25279
20169
3165
15801
24008
18917
9892
23381
4583
4084
4467
14132
12195
4081
15912
590
21738
7586
26819
8883
16725
25802
3657
24679
8110
7329
8806
21617
2224
3969
18517
20015
8973
19170
4869
8940
1206
2952
4212
7092
14678
14843
9311
30055
4639
2872
30238
9997
8906
6566
30154
25193
4057
2635
15520
721
4640
4672
19626
24125
21379
28770
29596
11421
2305
12107
21756
31088
28146
17281
24453
21394
1164
23020
12750
12117
16300
27278
12839
11988
31188
25454
24003
17540
23919
32725
4893
25612
8797
8125
23444
13655
17579
13191
30808
32231
6306
4076
13962
13420
24580
15926
20127
29333
17554
7344
21254
14630
23505
25435
29194
14923
6158
24802
3833
7723
19104
976
30342
30145
7021
1025
12908
20455
6576
16470
16468
9396
18937
9389
12281
2824
21877
11281
27786
27749
15983
21293
13648
11009
15895
3847
2448
28185
12162
7147
2995
2183
11251
14500
8100
11671
15449
8691
18554
26647
17432
25145
2391
1965
2316
18807
19855
30830
31947
8568
7181
14507
11051
29261
6643
24846
29189
27386
8321
29414
26168
17007
27192
24768
2544
9402
6975
1335
14376
122
10501
31757
26989
18583
25896
4474
13797
32304
12182
15299
14481
5845
5106
21263
14287
4855
22073
31607
14115
22684
12965
30044
22070
9815
21713
18429
8479
12920
18975
31304
13794
19072
29527
19953
25398
1752
14736
12482
9356
26306
2644
22578
8012
26767
24319
15160
1378
29203
21352
24161
249
7510
4035
9761
3462
15756
2502
9062
25097
12359
24843
3699
20624
20204
23222
25580
16124
5219
16471
22573
7431
19219
9746
5344
31622
22286
23549
29903
10476
28808
3785
12790
30480
25230
23461
14813
3632
8693
23391
7205
28981
20624
26828
18272
5944
166
9835
2086
15942
19618
1861
32357
23392
5901
24343
31992
19398
1722
15795
1915
11126
4928
6564
25182
29935
13741
3601
26937
20026
4473
12260
8031
10027
10681
15914
11958
3301
30357
12733
18630
22172
28412
28705
7695
3999
23191
9645
24480
17045
32763
2795
32485
2566
802
6465
8129
2590
2076
29392
28892
14254
28162
412
24127
4212
13868
4589
21022
10396
27555
27638
30708
12678
7897
12469
13782
24010
18840
32282
20480
18042
12089
7787
27317
13735
3350
18151
24134
31270
12098
10666
4464
10387
15735
24272
19946
28055
21583
26845
17215
21863
16055
22621
11226
11405
25505
21191
18527
24043
15354
167
9538
29181
25820
9980
24210
4958
8708
28639
22037
15502
25734
9830
3994
29426
10687
27080
10123
13084
18060
7106
6082
29261
29369
3641
16029
22840
10429
13344
23637
7177
11684
22940
31371
5030
21836
10086
29220
31797
22228
30066
855
31966
17746
12494
13316
23762
196
22732
26696
2444
13130
22371
26958
21079
11922
14547
20072
32016
15763
1672
31838
6189
15998
18753
12038
11774
6385
30321
16660
15667
25710
19685
9780
6815
21261
25768
19286
8251
13421
30244
20809
19822
9456
7305
21900
15499
15656
6003
15713
4508
21900
20423
14114
18014
12912
9181
26072
30604
11316
16101
27402
5984
10171
32643
17107
10584
29470
12733
9783
27446
23202
8215
26551
3914
2536
16380
32291
27635
3428
32096
12720
17508
2064
27044
8011
3748
29026
20922
1580
23256
28539
32649
5037
16325
8609
10899
8541
28817
28399
23509
6480
24521
11595
18670
29882
5033
13465
27268
2236
3991
12846
20964
5502
30448
20616
488
19326
19719
1852
20254
15144
30315
10031
2854
25254
24425
30473
32604
19961
27602
29671
31416
32073
5119
2641
30450
1401
21265
23403
6377
7935
19069
25199
4165
5875
16073
3674
6747
22117
20880
9190
11346
29684
7372
31673
2180
924
4949
28892
17191
6352
19108
4974
31277
11977
4573
29594
17512
27421
31245
6342
7154
28307
13231
30989
18380
10294
25974
1264
2245
24232
24646
6984
3486
25529
21635
31103
29291
9784
27791
31744
20284
5642
28814
17132
6653
3704
22381
3855
24475
15053
26914
27410
6249
10529
22069
29938
7105
32624
26751
23473
30446
1775
12594
25931
11081
415
22553
4331
6051
32290
28705
10591
4323
7630
29977
23497
28144
256
22198
9880
2770
19890
13530
13495
1812
1104
12565
30980
17260
5832
31085
7684
25246
30177
28762
7637
20893
2253
5653
5732
6899
17153
5906
11744
2404
19524
9163
7022
24014
28422
30144
10270
7252
16628
9660
15389
13499
14793
14169
19501
2580
11367
32198
15187
7580
22054
15816
1231
24800
30828
12543
16977
29477
12414
20075
25194
19974
405
31791
9025
9567
17717
3732
9607
32362
30138
14416
11181
16936
1844
20489
22868
20227
17012
3861
1797
19889
22119
11652
32290
19803
5027
32608
12572
27391
1600
30515
17383
2067
25065
12746
30891
21611
29746
28473
21693
12124
4396
7455
4557
9250
11832
22059
12129
1407
7960
31455
14466
27813
10572
18324
4532
8022
24987
3007
25388
8522
2032
26226
29502
29905
21863
11302
1301
20153
28840
22967
4006
16754
31860
14512
24806
9072
29821
6345
315
13521
19579
17070
27441
18496
1404
2050
27503
29465
11643
5284
15593
2253
32053
25905
13655
25993
2104
1738
5605
19474
13117
1047
21548
23284
25783
9099
28513
23771
9132
23274
9676
30785
6340
7177
7804
585
9632
24278
23354
30955
1644
3223
1723
26706
12728
12407
29466
16258
27267
4414
23685
22590
14489
6240
17462
13865
15136
10809
30628
16683
2413
21399
6139
32534
5660
28793
13770
4234
18527
12310
21756
29974
16278
6689
27914
23199
29984
31052
14703
31750
12401
20235
28251
21253
357
13466
9643
8538
13524
19777
6169
5416
30567
11735
30384
3226
6826
23941
30852
15561
12386
21452
28831
16352
28704
6089
62
20094
6934
25784
14654
10331
21034
30648
17617
28719
4681
27341
25205
32463
19198
16683
21287
29081
17219
2226
1235
30739
16535
13493
4624
9423
9296
5631
27146
17810
29491
5144
13503
1716
31554
3012
18287
26058
3029
30413
15693
14211
29676
16642
2171
17616
15044
28288
3893
17224
18088
30512
10573
11466
26122
31633
4567
14948
28370
14008
8485
1651
26614
20885
25334
6668
29003
31607
23786
27035
23963
27602
6457
1226
13047
12609
18853
32165
1358
29127
5805
19195
24383
90
28420
10759
11564
27554
27457
17231
24208
27134
6616
5837
12690
18120
18249
29517
23770
13530
5783
32022
2979
10832
32252
1996
24593
10640
31707
18325
28613
7048
6134
7547
28336
7991
1249
786
31780
29295
30135
22874
17969
22489
31755
7910
30510
7737
545
20798
8598
11507
13662
32131
7702
14799
29950
17489
4067
3065
6405
21737
849
28748
9592
9104
23202
17103
15820
24370
32027
12672
27807
27211
31838
7249
5030
23304
9203
13937
6119
18089
10024
19660
7720
23593
24859
21973
27559
4641
23317
11907
16139
27626
3353
10393
13723
6657
3261
20011
4270
31152
7737
32350
28514
14315
23486
18287
20625
7033
26377
8695
28929
14932
22839
29037
23003
7761
25819
28140
13151
7427
24142
23350
12245
26333
7750
12538
8903
4504
29354
6226
6253
8660
4517
25232
361
22530
17146
23866
18101
17537
13207
10067
23001
26375
10092
27612
5473
23875
32125
9627
398
25793
14902
20507
20812
13325
3071
10740
11108
28443
32273
27724
5107
15078
19848
7070
2587
13400
5305
21947
11768
20074
16581
16654
725
23436
1391
291
8608
17991
17194
21611
28572
15649
4982
16185
11606
21953
28525
26641
29146
27475
9369
2338
26150
15406
3081
6929
21727
2740
14244
7416
25155
17786
2493
7599
95
31402
27367
27210
29570
6821
4618
1506
31473
19948
4790
20121
29148
25152
9656
29656
31889
4872
24555
8667
5616
12532
19281
1648
4383
27872
5730
4859
25471
18939
19876
8126
19166
31528
21372
21591
9198
12196
2628
31114
1269
4841
25757
6209
28871
979
20487
2513
13810
18178
11695
23935
20024
14463
19847
14147
21058
16546
8092
3020
21906
4147
4005
24003
16058
26575
16087
24660
28619
28301
4097
8939
21265
23522
14804
10811
8189
30914
21378
6789
27747
15368
3980
22295
24038
1560
6356
15123
4016
16323
17914
20337
102
24683
5861
8775
7258
8039
12448
9032
14339
21672
19304
10635
3755
19613
18179
1679
6504
4949
22867
19067
21069
31460
2858
7594
14305
24839
30560
21350
9424
30731
35
6644
20449
5866
28303
27602
2088
21688
12414
9788
381
29501
10402
26868
17709
23780
17617
9027
6895
14804
20127
29243
32281
24668
10802
13376
29459
9364
30546
30151
20748
19265
18624
7004
21485
9210
26057
27882
2699
3721
18970
26167
29985
28564
22486
28846
26621
22653
28646
27233
1657
26246
25745
7758
27181
7481
31308
4577
19043
16391
27347
19387
14283
28463
7800
30642
16497
3041
4027
3097
4075
10147
3356
21569
24535
757
19757
1087
19589
24368
2283
14832
25072
10164
4174
3899
29939
13890
3359
8598
7353
13991
26634
13004
24694
28059
1012
18173
27988
26344
17295
25574
26801
20175
3371
21858
12935
31399
16591
6961
11307
25799
21640
25593
22331
8102
2817
14730
24785
1089
30804
16998
27901
8125
18720
15489
13939
9294
32732
5445
22144
24919
7274
17113
18755
1747
25071
17059
537
14323
12003
24844
9305
12552
7012
11907
13378
1188
20944
17860
21553
13308
21906
18266
25111
9873
11324
11874
2347
17680
7383
25235
7132
15222
31094
11131
18954
9847
10002
26891
1909
12321
22417
13654
13942
24509
10792
21398
27373
8438
9699
4208
22906
17981
17026
30585
18160
2667
29575
504
3078
21928
27021
8942
336
18828
32219
21587
26478
22661
31801
2467
8068
27769
16131
11161
18410
24748
20859
314
4388
21219
3171
10774
24340
4042
24780
3531
2670
7827
17705
25802
22125
12256
30887
15966
28356
29667
4289
10218
472
7107
1294
22898
19244
2626
11614
2908
8732
30622
26118
22904
24783
3252
20088
22335
14183
14699
22039
14680
16250
19024
2889
14433
25542
382
24781
4331
28704
14017
23887
17606
23982
17147
26937
384
12118
15046
11981
20520
29302
15450
16497
29271
14294
21682
31049
4210
6363
16362
19467
7465
7421
2284
29711
4675
4986
19531
15526
27294
13644
8815
21165
32113
9049
29939
21602
7893
5355
17227
4982
10628
19039
6826
15715
21984
6177
17698
24063
567
7640
29710
28753
20549
32221
27053
29092
15354
10482
26127
10971
3966
4657
23349
9220
22643
24386
11380
30256
17018
26833
32026
28545
31480
7999
21076
15748
538
10136
3151
4545
3350
17606
31390
29841
23988
24836
4060
14896
13070
19349
30866
19987
14227
32437
6490
18556
4178
464
14405
587
29046
15346
21883
6935
23564
19071
30497
9597
26893
12324
27776
28088
17816
28685
19555
3698
17535
26968
12992
18394
10501
1738
411
19703
3814
5825
10536
31548
5016
24426
15152
12380
9425
17204
19893
12896
6217
2437
28889
24054
28865
8107
15356
3852
29764
26133
13861
30621
30637
24003
7587
22731
873
18939
21236
21039
13694
6718
27365
15213
1228
12410
11259
15371
18835
22401
31506
5507
12086
32186
31556
21398
29503
2070
25868
22244
5538
20806
22699
28090
24134
10540
12235
28459
23489
26767
4707
3170
16228
27922
21210
19510
14967
4455
21871
25855
16581
30144
1752
26792
21596
11398
9769
30470
16014
8014
26104
27240
23099
16393
10431
12912
21331
23162
23681
20769
32662
6638
14769
11832
13470
5927
26959
13504
16160
665
22100
28385
24431
16089
11856
5113
28481
32594
21842
15598
5302
16186
20744
12994
9878
9412
28455
2919
9690
9367
11021
2261
28783
31104
5798
28251
4406
17507
19084
16434
20815
26744
8562
8536
28311
30643
17090
17307
7023
17284
16517
7668
11200
26049
19588
23831
4924
21985
18604
16968
6374
24170
14007
25712
25556
1708
19209
1904
17715
17584
9944
32181
25485
2924
32144
18445
11079
2360
10614
26553
10350
10886
29579
5827
11699
13517
4787
23186
27827
3526
9750
9403
25468
731
11975
30234
17229
9437
19620
14370
13470
3061
17021
16497
7264
6109
1400
12967
18054
79
23475
13433
6596
18878
20012
10241
14487
29253
29150
24664
13189
27357
19501
1127
12454
12498
22148
5114
11363
7032
25917
17174
14206
12826
30145
8077
22099
7731
10224
13519
25949
3552
26307
8707
9979
6806
1071
22103
24180
2064
19533
26516
7225
28556
21433
14069
8043
11063
1336
22585
28829
5606
12957
28407
6619
29446
11501
30258
8171
4822
10177
9773
8402
1748
27628
27776
15259
31348
7518
10860
9555
1048
6216
11628
3928
573
10625
5644
17108
22770
9769
8446
5508
9103
9868
1643
7102
11939
26696
25479
15282
20014
7091
25192
1520
25617
8311
5144
30506
10946
30079
12521
1851
6212
24599
13064
10601
27991
3662
32597
8679
17644
14495
4210
21662
14299
1745
22554
28974
26840
15388
19125
8239
3236
28301
18729
5564
17024
19884
23794
11570
20711
15451
31349
29237
6780
16897
15761
15092
24386
5864
21624
14254
7691
20452
3261
7030
10803
27958
13998
16947
18829
20655
21219
30698
28318
24345
15895
17728
25353
20690
20279
25914
30283
30138
7097
18504
1192
28751
22063
18562
27237
11287
31516
29489
14136
4927
16390
2961
13821
18305
30924
10965
7338
25163
26426
8556
30853
29
10459
32131
10901
6962
14094
23243
2134
31076
11612
24444
29873
12618
18953
2714
1322
2723
23785
14199
1884
15863
6261
31353
31394
22395
31006
15133
21016
16694
14050
12092
4802
14434
29980
7053
8714
12821
9376
32108
22640
29472
19463
473
11389
24375
10824
28100
2552
17235
26505
23432
10589
8021
18484
29109
31627
13036
5708
30482
32189
20920
13570
26594
2491
17072
4739
28775
30290
11969
27669
28837
7169
25271
6242
28008
4597
26721
19475
4744
14136
15088
3233
10860
23589
6817
17768
11981
8223
17308
13054
22204
22402
3099
6338
17895
3546
11726
29880
16664
30803
15999
9620
3070
27761
7154
14100
21552
12033
20239
18579
19823
12112
10818
16860
25387
666
10019
19004
9033
13253
18258
13787
17956
15183
31909
23883
30674
13190
23686
4962
18088
7415
8854
11589
23296
18216
18071
20678
23609
12682
10632
31984
9984
30889
7697
223
14542
9126
20514
21718
29874
26087
20440
2443
9553
10509
17312
16837
24619
29478
1438
27177
11808
32036
12368
9041
7474
3471
24174
4639
8076
27510
8725
2641
23492
32171
30501
18261
21085
27184
13544
10078
31888
18924
17140
7351
18507
17570
5458
18776
5499
10532
13279
30903
6279
21956
20723
27616
17948
1292
13121
11208
11312
21167
30462
21982
23617
3262
27206
5860
19166
9503
2235
18429
18537
22332
23151
25095
30491
22008
14852
15146
25160
5607
17937
17073
6885
1982
456
12057
32071
22280
26838
21096
1069
283
31371
2241
19713
22603
59
30004
12635
18269
4836
218
6599
26943
9232
20514
28104
18678
3581
8806
17693
24023
28412
20418
15938
6138
21527
22821
7738
4332
30454
16040
7564
13476
4868
4127
1676
30392
5581
27630
2267
26577
11946
24607
26161
16221
417
25009
23642
11651
391
20018
28799
2396
13671
11152
32679
12128
27944
6700
14461
9246
10601
11568
25172
20273
15024
7459
5480
25199
23492
2234
18535
16739
19287
14321
22320
31998
10472
5467
26330
14217
6376
20918
19192
1246
29724
26051
20507
6872
1602
26197
3993
26120
8183
24231
12429
22185
32728
9458
14879
31190
22248
23871
23302
13051
27698
7802
19019
10634
9135
28105
9551
16111
27753
1052
28431
8389
23009
4612
5287
19274
27822
30152
6933
4112
20072
6070
23104
29942
1220
24759
26937
32599
24576
32550
8128
16257
10370
28130
20746
12393
20412
29090
9153
16285
10322
137
11085
4473
27007
18427
9810
21918
437
17582
1657
16288
31875
8452
9588
30719
32700
19864
19260
6489
9174
2070
27037
3549
11152
17489
12533
24835
24279
11151
25145
22906
3307
9767
568
28514
31166
9039
21028
29372
15005
4911
12622
30239
17937
18234
19505
20908
15112
11453
15538
21060
9008
5560
32678
26872
13476
1006
25493
28352
22218
10808
21693
20592
28283
6174
10842
14057
13669
17320
22821
32652
8366
25970
12059
6389
6874
23295
31871
6117
5359
847
20002
6271
13015
18868
7394
16312
5893
21217
5745
28937
4444
68
25432
3174
13644
15766
3643
18548
6974
19632
28766
31991
20786
928
18280
29065
16038
12540
22631
1170
32698
6774
17429
15988
31635
18865
28762
9478
14845
6995
11025
25412
15444
17500
27151
6469
23972
16822
19553
26733
32271
26124
16598
4067
32111
31200
30142
11589
18749
8664
30192
30107
434
32601
5906
31370
31275
16215
7444
20427
6354
2924
14078
9435
22907
4391
14572
9971
30668
5030
14166
16186
1185
15207
26517
314
27310
6235
27043
23952
9831
2620
24355
27880
13596
801
29601
26409
32617
22608
14874
6893
17101
5459
959
31028
16025
1358
5110
2393
10252
26255
21922
22853
10684
31847
30116
15842
29239
29496
1698
30674
5611
19152
4614
4194
18499
15093
14922
697
12307
17985
21108
1366
23350
28465
3804
1977
5494
17272
13109
14431
9899
12697
25035
9972
15399
23732
28682
22213
338
25248
25664
21876
11154
18491
164
10735
32110
32766
32662
12194
1266
16085
25896
12780
6485
4909
2526
23504
23513
29262
17074
20462
16371
12267
19035
31921
24236
5111
20431
201
6471
699
19975
13276
20260
27430
4354
10104
10980
28516
3084
13389
19150
31666
25920
26521
18545
16240
23116
25827
25483
15479
25204
4076
21546
24750
12762
4835
2065
24024
508
5336
20317
13232
17278
13427
15465
8248
7466
6886
15086
27214
23605
15136
8815
14976
14787
4419
18388
30241
6574
30297
21077
20636
9859
23619
22425
1801
28366
1521
799
31230
26520
4057
19678
6568
30765
23713
808
22554
29475
14879
11220
5604
8343
21124
156
15592
15802
15828
2756
32105
5517
18330
8701
24933
5864
15577
21128
10789
3009
22085
28318
11282
21931
4787
20240
7370
21405
5583
1835
1907
21749
24333
4062
23376
15804
27874
11807
18577
16428
8243
6282
24432
20335
29710
8267
9593
12202
23960
24895
5417
18234
26694
15702
15291
5438
25168
10044
26943
29013
11619
56
9964
30889
1943
3412
26551
19500
24736
18366
10021
1057
3912
3182
27229
31967
31517
28425
22401
24785
3686
13317
22334
5058
1116
13839
29858
25431
26519
15017
28462
8413
21703
31256
13101
2117
21924
24189
11332
6253
26664
15938
9801
16546
1531
5559
12376
1890
16431
1021
13860
3686
17197
3876
17292
6112
22255
29584
9839
28929
12144
673
25280
26046
8545
21651
11485
8660
3870
20898
24092
8969
8672
22130
6055
8373
9012
30639
1931
3202
2732
10480
1035
4208
5076
19170
28986
11804
28775
25762
9417
25409
27331
3178
15389
30591
3227
17264
6308
22363
7660
18699
30314
8328
4146
10520
20711
17253
10715
2460
2588
24006
1532
31659
2014
13047
15427
21384
15217
25854
17709
19469
18264
21281
28280
31053
14188
16808
29660
20089
32556
12004
4086
15104
12884
31088
6533
8954
11185
15287
216
14023
5683
182
16775
28147
3140
13828
7266
10589
16728
32527
11687
16537
27077
19880
13176
32402
21718
25538
6283
20852
27930
8822
5924
12745
4866
19019
2112
1250
1451
4277
13075
32376
19961
11995
12469
17811
24549
19869
14361
24747
26136
29398
26174
11533
27576
21470
22185
25985
22658
12628
8210
31786
29465
8218
2398
19373
23965
25504
2765
25494
16512
15718
28533
29687
6037
21948
10991
7249
21866
8653
14160
8632
20696
27355
3930
20531
12504
23244
6388
2914
19096
12774
5080
21091
9679
2519
24716
15093
6989
18936
13203
10206
16854
12498
2276
16011
7472
5858
27547
24567
17275
20121
26095
10446
27841
17831
11620
15569
8398
19321
24385
24956
30530
8448
24901
11238
7652
13749
14998
17898
6457
13786
30970
3716
29526
19970
30281
6525
19698
18387
4643
21067
1215
25611
13278
17971
26875
5569
10434
22960
10049
750
12921
27928
28326
28203
22977
13437
30721
28092
22884
18129
26762
5070
13674
10318
17063
27645
21133
21525
22786
29209
8685
2326
30687
26154
13573
24111
14509
8625
19934
24984
13274
21041
16258
18302
1260
15598
12980
27630
21710
28661
8926
11253
24167
1116
10059
23046
8561
21963
23702
20891
14217
21308
611
28191
32642
19710
8524
26892
4863
25600
19743
25425
14913
32332
22342
7670
21053
25810
1414
9730
22770
28263
8429
30621
5113
23565
28933
23666
1374
19061
30542
2391
8878
23746
32491
16176
593
1168
21660
29456
29466
2869
15084
16802
12829
16454
28332
12744
12993
29022
20383
2689
11542
3866
375
16400
26216
9064
6400
15451
26644
32002
10652
1681
6298
13365
18159
3599
27380
27879
20187
7301
6182
31192
4015
13140
5911
17704
7835
22587
18079
8730
29288
5427
32225
27671
5733
12183
30427
5878
2469
23176
18235
5242
7783
26768
23412
13084
28118
16517
10258
23051
13299
6577
1354
18034
10191
17199
26838
11769
9213
31384
29184
27278
13127
5600
31740
4965
21920
1146
10874
10045
4442
27587
9340
11238
9369
25245
29029
26368
27400
4186
11347
5125
19402
13021
431
15242
17332
20475
11011
4033
24505
5671
23819
29251
15269
12367
23566
1804
22799
4353
10862
30919
25224
30930
1407
21069
12057
15360
9365
4456
6637
2902
28257
22236
586
17488
6269
22440
1990
3200
25925
29577
22199
15408
29673
5312
6379
23625
22208
15637
24217
15220
25567
25628
5016
24190
29675
2743
21711
20481
811
10204
14829
4929
26849
21144
26458
15956
6363
19796
31853
32646
9029
22104
12767
4603
26305
24973
15487
26006
10426
8071
18472
32282
2036
30146
7920
19855
32104
19500
20643
3560
24400
21476
28272
24034
6782
11074
12001
9519
5617
791
3601
980
29866
10550
15897
20688
10684
7219
31691
27646
4771
3178
7075
26428
3030
28227
25338
19149
13216
437
381
30972
20267
29449
16094
29954
1502
30945
12489
4394
26344
4984
3354
18483
27933
20779
27725
17910
29954
15417
4149
25417
22819
21959
753
6434
10413
16935
8733
12032
11320
2649
27205
10374
11493
5842
5791
13929
12713
18301
26873
11917
9960
19712
11760
20331
9286
10048
20835
21174
17594
27943
5927
4926
17636
16805
19452
18964
23456
6644
704
9967
219
14625
12771
18382
5797
1224
17691
21471
10376
5919
30553
15776
13592
12853
2299
28740
13772
30844
9795
27736
22796
3718
4616
6054
8843
2572
26795
17498
26071
21044
3917
13155
20271
21779
9023
5660
28308
13937
32186
21292
31010
23501
8145
4779
13473
31137
6819
21894
16728
1512
18389
7204
13857
13276
26176
24649
17091
23812
28390
26171
19579
31598
13867
10532
14556
6458
11586
26296
23258
22872
22501
3607
13857
32145
19017
5621
3243
3532
17233
32248
27281
1162
14082
32609
9249
9396
23863
12527
31282
23702
6293
8704
22708
23083
18882
12538
25483
13467
25298
8425
17822
20226
20226
12906
30250
22643
681
17351
26717
3389
18283
15459
22816
7532
6320
18265
12084
23699
9300
8544
8576
7881
17313
32242
6057
26354
122
18349
30948
19008
31448
16377
23816
11513
17019
16875
21480
15482
30937
11369
14047
19068
20315
14223
14508
28054
13768
14674
10112
2819
19713
7523
5462
11686
29168
5206
23171
20043
29883
15876
9870
28976
20541
21294
4929
15556
30134
4707
28160
28078
193
29731
11098
19473
26503
27204
14558
1550
31539
11925
8496
5003
19622
25794
13916
1843
18795
4983
13929
28862
9453
14536
7730
13427
25063
32209
7793
31723
4125
19865
26397
9239
4682
21309
15606
19589
89
9034
3422
27614
31191
5226
29802
3508
31913
2883
26937
7546
5114
15772
1156
25300
29560
12481
5495
4882
21184
30505
30911
7158
7446
29015
26085
3006
18778
5630
9946
14942
28215
1384
28115
6158
26270
27672
15702
17668
6771
30895
5781
22147
16262
26892
25084
27924
9924
29367
17926
20
27055
2688
24660
622
3083
20323
5376
17578
26074
7343
26671
14375
27019
1896
5605
30628
6767
19177
23582
14597
18284
26829
11034
3156
24053
16
12280
3079
26937
8050
28038
25217
4507
5916
22360
18651
12387
3462
8983
25315
19379
23448
17436
7269
3772
29712
17725
27562
4657
23075
29927
7487
2300
27495
5998
3319
9521
240
5024
28723
18752
11193
19872
5473
22894
4166
9202
15555
16774
9608
17106
28274
715
23297
16842
29090
24114
27177
16259
18727
28366
22287
28636
22841
18572
25667
20537
6772
28448
32244
30237
32290
14655
24662
11260
26557
29711
32070
20554
24496
23260
25905
10968
25438
14092
14130
11360
30309
15445
23674
19551
22820
29997
4853
31010
2171
21378
2859
20004
27345
14764
7524
1175
20060
4000
23055
21057
7324
14438
31076
10889
26409
31693
28233
5586
12719
14429
8306
4871
7479
29069
4557
14199
22696
3638
29469
228
31373
23368
27620
3542
10264
9916
6535
12341
11623
1737
2477
3607
27399
8539
13288
17623
15543
1985
13975
16999
15726
31397
23307
18663
3231
10818
9448
20598
30907
18129
28878
15176
13048
30020
26169
4088
28753
31799
16550
11808
7117
15652
13304
12584
32261
19926
28697
30043
32224
17952
2020
29504
24226
5582
16195
25895
7973
30428
1172
27394
24165
20454
6482
8310
26947
6880
11761
22834
21890
9223
29961
30592
19990
13591
29111
4377
29854
191
1345
22078
31791
25170
32760
28420
24915
17855
14691
17136
25425
19395
29593
24259
8879
32349
3567
27799
2294
10627
19155
29227
23989
11283
11512
18812
11464
21772
12212
1941
25050
8446
24230
17831
15657
27583
4251
92
1417
27232
18866
361
7084
351
2239
1891
21152
19230
1006
8147
12697
25236
6313
26508
753
17987
29371
9532
21613
26474
11957
29250
19650
14715
31632
26047
31320
21967
32661
30192
32589
1945
1146
955
16061
21529
11982
17543
28481
21266
17559
32337
14005
27517
18233
18940
13119
18559
25753
20457
5516
6809
899
13000
12381
31007
28489
7342
8515
30699
26285
8807
30374
17746
4609
28941
30476
25687
9357
31193
28056
22303
11569
4154
8145
19877
23116
11812
20646
11439
13532
21163
29870
257
5862
11984
31668
13008
24856
5275
21362
3449
13229
23658
1949
28531
11921
13448
8994
13954
31941
3841
14000
15406
12038
8629
10358
30324
10665
11436
12590
4283
10698
31401
10842
4362
9637
20482
4557
23927
3140
15278
26222
13795
10331
32416
16953
30180
10864
32083
21894
13059
7742
28583
10126
2856
20316
17131
16427
14162
24858
25147
7903
13963
7596
22796
8984
9500
16522
1029
18866
5117
16406
17425
25534
29839
23167
26546
10882
27789
27110
16024
21696
9792
17344
2930
4412
28915
10108
18436
2680
17831
101
28537
22466
1032
32457
17147
32624
31647
19547
15490
28267
5448
24534
9193
2282
12519
13283
31303
14464
2903
25917
12156
7001
16547
31763
22026
14529
15993
25774
18727
24293
15067
23379
30992
3550
792
20331
20895
5099
14075
481
28448
16126
17474
25292
5473
18299
13905
29262
7432
22588
11816
10427
19241
22488
5779
10750
18200
22309
26784
18489
8828
18683
5206
6572
10149
26427
24996
9688
25120
26896
23960
28132
5512
28277
10194
21567
5790
17656
13367
10119
15004
27069
21738
21674
20679
27845
8312
1099
23108
6512
2130
10087
29740
2113
13185
14136
10211
32226
29077
11353
5541
15208
23006
28972
11617
9175
27359
21369
27083
23273
15872
14679
16813
16651
9091
7504
17277
28841
15033
5568
3893
8363
23158
27518
8799
4160
24002
958
10863
24538
10449
8502
20822
31610
31286
16512
14420
31277
23635
5056
5390
5846
19220
24966
9440
9775
25053
19190
27252
11787
9664
15654
27028
478
16372
4551
21820
2174
15490
8968
25588
3883
8514
22199
15964
19918
28934
25769
15369
126
28437
23645
25231
14920
14043
11740
23263
21808
31710
14819
20692
9075
1524
11588
28936
17935
15796
11146
30956
19589
23850
3292
3352
478
6351
13092
18911
2796
21687
14960
16935
14802
14861
2200
24695
15047
16573
33
24146
32278
368
23137
17860
873
25533
27876
12602
27208
31901
24079
15767
27613
12576
3331
25219
8698
29023
12484
9478
16221
8114
29339
22615
7474
30755
1976
24814
16857
3106
3612
11744
17642
9850
12470
23660
13430
11139
22220
14801
24464
18841
25245
5987
10764
3534
17221
9438
19847
12508
24032
17658
11176
12382
4594
4160
5540
2111
23815
31259
11528
8306
24982
19506
16819
17123
21803
27637
20769
11694
6597
7798
2800
5520
1661
15995
32412
11418
9065
6353
22158
301
23744
25315
17493
18722
28991
32651
563
27977
8139
1575
3547
26901
22615
16368
121
21141
29704
3975
10227
7846
14487
30417
17774
30056
11000
12037
5397
10990
30009
1795
789
12346
25516
31720
12780
4200
15688
16351
13796
20009
31565
9018
10714
13683
9255
5057
324
30071
19861
9801
15219
5844
2570
24201
23573
8714
17748
10538
19709
2609
21627
15389
3367
12267
15596
20785
20726
4247
30422
28389
30657
30151
11989
13178
31374
14580
19150
22093
14365
28529
13850
21348
16937
4766
14566
30023
4074
30814
24281
12561
14814
12235
12536
2246
8905
5672
18119
26599
12795
14358
29361
11844
721
21259
3498
23826
11646
2817
9747
6717
3339
10347
5598
32256
9885
29293
17394
24242
5623
31052
5329
3811
9023
25892
20088
16807
26117
7385
29575
2354
6529
22863
22945
9125
1564
30942
32534
2600
9267
9984
25535
30265
23575
11341
26922
20803
1880
31402
32247
17011
5955
18877
6274
20167
1193
22436
17603
16232
27874
8678
18802
16953
18
10921
10350
30896
9387
7718
32351
26853
29747
27739
1434
1256
30024
11007
16454
15448
14049
21435
3517
19505
12502
12951
12085
16614
3491
6323
32672
24240
16745
10039
25297
25637
4661
18060
12255
23308
30085
7629
6862
27504
26376
7800
24940
25843
7334
30826
16250
29285
15296
2570
28172
11157
29625
8388
12851
31079
8629
7609
16088
39
24992
21172
28139
1053
12403
11104
5310
31842
946
30393
30635
18418
31289
25793
8445
14593
2617
3188
7950
27283
20606
3581
28076
5191
25843
9514
3777
20595
22631
16414
5683
2166
16273
28230
11530
31562
28498
15246
20433
4697
20027
19412
19518
30866
24399
19100
16917
10171
27146
774
11081
24585
25506
13310
12132
15854
32140
29875
17962
25138
32066
15690
28025
24645
16708
26579
30324
26324
5980
15740
11745
22170
18471
25604
25550
15225
31697
16243
5755
23497
23584
7177
17524
20976
6068
13428
10750
25650
10893
26694
28084
3787
4045
13989
114
29755
16575
20804
13426
10210
9497
23443
20405
1740
22654
10803
7589
4814
26951
5805
17400
978
29827
15203
24279
879
17212
11207
10304
18109
19709
31946
11945
31335
17296
12696
24294
13569
3084
24706
25932
25500
18704
9275
10775
25752
23113
11592
27913
17594
30010
1970
17492
21118
15164
26878
698
31663
28867
6750
18675
10548
14820
21289
17999
3373
20
6025
27804
5951
25907
28532
6986
811
26569
2525
1485
13734
7311
8235
22851
23397
8497
11754
25943
32375
11346
20672
19557
1495
24272
25763
32479
21314
14922
12362
1519
29510
24800
13793
24925
5020
570
31745
31924
13239
6604
25311
32672
17309
25176
22980
32155
9462
8884
2237
18632
16994
14285
17043
27679
12560
32748
21245
4299
4237
2872
32021
21200
7385
13693
15881
18673
9920
3371
10259
17361
26215
11170
27051
2136
23590
25260
21755
2392
13205
25419
31635
25713
23786
16822
12894
9778
20610
31390
4564
6528
12477
23989
18034
9788
15887
369
17767
800
20820
9229
14737
16106
20580
7634
15527
25789
20712
18580
12472
16324
23916
127
19924
536
4277
8724
14345
21220
31572
10606
12689
1991
1915
22218
15689
3449
20240
31814
17765
17330
6144
22761
6754
20551
27350
9444
24125
11670
30604
13079
12259
30757
15520
19415
10984
16262
9323
9455
3963
24190
3247
6884
9882
7782
27759
3966
13954
10704
3075
4483
7018
4718
875
12742
22640
28208
29412
10592
13524
20397
10681
13630
14692
7620
12124
19164
8759
3715
25269
2639
6302
18759
9146
4489
18776
29733
15168
5337
11013
12425
29968
24753
2269
19229
8254
10412
9634
8941
27062
18383
2771
3016
17688
22032
22563
12265
22470
14100
10026
13527
6715
1597
22361
10121
9118
996
22067
29646
21398
26595
14266
27372
20065
15703
13096
7559
32544
11172
22496
3269
5237
20665
3748
30384
11088
4245
15112
16860
7174
32265
4391
19529
7588
16576
29588
8586
13186
7294
28052
23591
6427
32165
7562
13889
8219
12029
9138
3444
13498
7348
26898
24066
31817
18596
21166
31021
16906
21461
13564
31460
9797
16707
7063
17058
17304
21985
14647
29588
16015
14813
5089
16378
29557
16166
16731
975
13929
28972
18403
29356
22964
20967
30496
23786
28249
26650
19801
20487
29422
729
15589
5706
25771
22089
26083
22954
26305
21927
6187
28141
29676
28299
12676
1549
20044
2414
11287
22751
8561
29546
28963
30966
2741
5442
17395
25542
31694
7074
22797
3077
11171
29864
28077
25431
2399
18082
29553
10025
26052
17434
9302
29917
18115
272
4835
26920
6473
11654
2724
20153
13659
22850
21722
8220
26725
9423
13681
24797
31183
965
13362
4592
24018
29770
1594
17744
2698
20441
11179
5351
9036
6466
5537
174
28217
27634
26728
30741
18451
28789
11756
4773
2640
31289
3184
15332
5997
12949
21891
22137
389
29961
304
6800
32546
16584
26998
13184
8787
25459
23032
24747
1535
16680
18420
7590
25976
23995
18041
5531
21075
2883
2773
26091
31864
25049
5453
29719
16501
25756
21010
23264
28696
30713
18032
12973
2364
3369
7751
14638
20195
9978
11711
7231
30853
7123
15160
27663
27560
14578
9600
30849
13233
11001
14921
7634
11258
20393
20698
17533
4132
21741
32004
6235
26287
18714
28248
15119
31175
117
20375
30113
21089
29686
14954
11625
27015
32075
4947
8239
1008
5152
25060
11152
27604
28830
31023
9123
31998
14129
1149
31965
14115
4495
19523
19762
19058
22774
18257
26749
21100
13748
19533
7202
13046
22509
30560
19954
19373
11673
6191
591
30073
14796
15373
3472
32357
28986
10350
29863
6062
16378
22943
16640
27161
7306
22965
19373
17546
19476
964
17345
6355
15343
1873
29689
15050
5225
16393
2978
5534
26820
13747
28342
19307
10366
22627
20809
29451
13782
19696
8739
26672
17803
23977
2223
25007
27623
25412
31252
16927
31484
14871
10657
22179
5678
6027
22638
30724
7921
21453
18496
16899
24276
31686
21934
21741
4799
16206
32130
21871
15224
3996
20834
7852
22380
513
8112
23181
27053
19159
21166
29784
29239
25780
19174
6533
15223
14307
14537
15565
8462
22036
14742
20355
13266
7762
15229
9511
24341
23862
27909
13625
29483
15706
15275
12107
14630
7185
9675
5466
29668
5717
25540
20574
29260
25089
11352
29472
5844
18241
6225
8012
30790
20038
26986
16583
32709
30014
14444
4930
10251
643
20120
9744
16884
18194
11845
21044
25152
25920
3786
22207
23700
28584
20382
3929
28611
29800
9918
31005
1868
18573
3663
31146
13860
10187
13701
7286
20149
31858
30915
14950
15398
25501
9476
16284
221
16812
2681
913
32322
31477
8819
26467
27078
9399
19588
11888
4901
16975
26337
17699
24551
25263
17931
27150
8237
12811
20399
27961
8362
21461
15562
31162
7664
6380
18192
7558
31981
26129
17807
903
27829
24218
31888
5103
21890
10090
9406
28363
14584
22048
28042
29915
26542
24719
32461
21153
12267
8303
15791
16824
27053
16209
22729
29799
1008
7897
24454
24438
30508
4391
26831
22080
16672
30102
3303
11530
19918
3497
13971
21907
29127
7746
3967
10732
22952
12565
3037
22922
4837
2653
22863
11418
4549
9933
13575
4500
22702
21962
27948
10515
9379
17367
4480
17380
17163
2385
5953
1885
29876
4444
29773
11248
535
27933
30089
2560
25822
26410
21634
26866
10915
27454
20565
17544
29947
5682
19917
31850
15027
552
17100
8710
11865
8970
28908
22682
28158
18227
13157
31631
24635
4203
25650
32521
25202
31001
7279
16060
11350
14772
21510
12033
3246
8827
9354
9257
25430
15718
13155
9233
31878
19548
1836
30198
12630
30630
19545
25739
29058
16548
19741
26185
6763
3262
8331
8199
16223
23710
21755
30154
18202
924
6575
7646
653
29562
11190
27174
8414
28754
2577
15280
9391
16588
13589
21644
16035
11924
32016
31711
12574
27404
9263
10291
8525
11326
22431
9233
31079
5652
17395
24786
16434
17355
18630
27570
2504
1445
4001
14630
26011
9950
2591
14960
28087
20450
6990
29040
23367
22717
28761
30397
17499
8147
19556
9716
26344
14545
19384
25680
9488
2019
25120
13691
5796
7464
6290
4772
21480
25699
19986
14290
23958
31987
32724
23416
17957
19973
23713
1097
74
11016
10107
29005
30400
7265
11652
18485
20805
8288
21276
32236
2789
30835
31818
11630
15738
22170
21597
20701
18036
32539
14547
4306
10454
12919
19321
7665
20609
29596
28628
18624
6837
32348
14272
19385
18389
542
855
31645
14954
29908
22548
21004
10091
4653
13112
1619
7100
23307
23405
10373
31476
10551
30122
29389
23395
11092
24918
17666
25428
23825
8112
32380
2959
20387
19054
10790
27426
22131
23972
12501
28769
27667
22760
1496
11052
25463
31668
465
3184
14690
8460
24515
16112
6686
32352
4203
32070
28528
18867
22484
2340
2763
2813
26918
10208
16324
7374
29886
18480
710
8245
23684
13618
24583
26592
633
31407
24250
7812
26000
24224
9351
11392
191
5105
27960
8381
8277
2694
10933
8408
8590
124
24882
9347
20581
14513
5031
40
22441
31366
21632
720
30547
16099
20118
11076
29975
11900
23135
14449
31545
21843
29537
6417
22946
12158
8685
32392
23859
29483
11529
5900
12633
15329
10414
13065
32738
31497
13364
22980
17167
20908
32010
4414
32234
14206
22954
23899
20185
4892
4300
14915
4212
10130
8410
5641
31892
31520
7077
3467
1452
6974
27222
28825
23133
25053
3495
20825
18244
8176
11859
8937
27415
20779
4554
11079
28912
15626
18218
19566
17640
10518
8299
26818
30440
100
19417
26286
16316
5214
8648
6028
23657
23237
31363
1477
13249
19703
8325
28217
31284
19566
13036
26849
18409
12426
3114
1202
21774
24976
254
23237
20588
9458
2979
23734
1086
32465
14151
25162
15683
19648
24510
14932
10258
32203
6520
17113
6318
3000
21936
19570
28762
6540
5863
19698
5550
23377
18833
9545
13035
11031
5390
32424
11916
28473
14555
742
4637
13793
18954
29731
21328
10702
25839
26539
13134
17493
10013
10268
10315
24742
1425
716
1373
5201
21292
1125
21646
28937
2919
26834
5936
5031
13634
16991
24688
9330
29309
7195
32302
11421
3851
7041
9228
25873
9412
25944
19653
25197
10074
18904
17857
16971
27790
31758
6374
15814
1187
22658
18608
17721
30483
32534
4740
2376
14210
17457
11073
5413
26352
15645
10777
24076
13618
27566
5535
27664
30371
19749
18208
26
16919
20563
6199
23343
11024
30466
3740
2801
27701
9872
31293
24425
5631
27613
14736
28163
5558
13928
6183
17882
10396
20148
31621
14646
3944
3057
21040
24659
5621
3288
30983
14693
17212
30679
2774
2520
17792
1646
20008
25820
28360
24537
13660
31521
21906
1775
9467
6111
28102
24394
29769
28442
11753
3496
23578
8484
5267
14225
18407
5987
8739
26170
15649
7764
6833
4266
19653
24784
9284
4379
17201
10383
5445
2467
2614
2026
1844
31763
29038
20709
410
6432
20688
32108
20799
2752
14721
27869
24476
15831
10477
6855
7827
28435
29207
13042
23646
32532
20781
9887
5062
20945
23904
10000
3221
15671
19699
10571
24653
19219
16273
22300
14106
21041
739
4441
20742
10949
1378
26473
12140
523
27498
10247
29359
4395
31376
28484
16427
15199
20278
21963
17516
22359
4189
9577
9630
10205
5562
14029
31301
18357
13323
23692
6191
3271
9131
32616
20390
9856
13668
20433
26346
31605
18821
12460
27102
2633
15669
16212
8705
20945
16903
7390
19104
1143
21455
23714
21834
2780
16563
15350
21125
6594
30597
1853
21183
24360
4176
20513
21383
2742
17200
22812
3325
13660
16743
23101
13191
27703
9390
809
454
25268
26825
24160
7881
4087
9054
31169
13440
15230
28167
30801
19059
15617
13990
28984
14515
29597
27129
16396
18193
14386
11374
10834
19599
20234
5432
32322
25364
7355
8098
3787
868
8782
18083
12503
7502
1184
32435
7632
40
8969
478
24419
10104
316
8727
10372
16372
2158
5582
16306
30893
25531
29381
24188
29831
31685
19231
10820
28652
21918
8378
10819
28353
22760
8894
24269
1689
16698
26998
24022
6441
16070
9311
6326
4861
2617
28287
12073
617
28643
15608
29594
6849
5656
7133
1185
30668
726
11588
8138
13687
9383
7837
4504
12231
25289
2114
26313
32529
30861
27471
17116
1133
8189
16819
32721
6760
20417
21639
31536
15865
4164
19615
13388
17335
11282
12639
8137
27976
16261
18896
21596
29469
27552
5107
29906
22108
12347
18006
31572
3870
12640
4068
18921
27355
27638
2561
9276
12066
7580
4311
30368
21646
25560
30186
3665
28149
22129
16627
9980
4066
8473
29419
29058
19526
24655
32614
30714
5738
17796
28706
757
9000
18045
26336
25605
6491
23544
29042
18816
9876
5010
25622
32641
19471
30952
11778
16944
30693
6653
23616
1347
16002
10972
16060
21701
18522
3198
25500
13078
18392
15085
23759
6196
2967
26282
1001
30264
213
15692
12334
26404
14885
9579
4844
26587
20067
29116
11791
17521
9197
20349
6383
6565
31760
29716
1900
4012
21185
19955
18237
12849
26254
15550
10117
2457
31956
5296
32423
22923
13873
28987
16988
10416
1852
6894
26115
30135
10612
1180
29496
15773
6263
9147
4263
14123
28533
10250
27426
26560
15075
22135
13554
30032
4724
2879
12139
22957
3909
10071
29380
23301
29271
27915
26661
28076
3907
4069
10752
25372
20265
31696
16037
2619
24554
6013
24849
9436
25495
1542
19463
22151
13353
11217
15203
28797
3954
31416
6058
16119
16211
18790
32741
15279
4656
14852
9648
18849
14241
29718
12174
24083
21866
13727
5503
15059
26798
32652
11221
7616
18271
24911
20547
2443
22009
10187
27959
3007
17776
29552
18281
9215
28006
31143
18868
12431
5794
30064
17190
1047
18878
2889
19283
2211
30239
9299
16622
5101
1323
1200
5786
20703
11701
8495
25085
25172
7100
30763
24854
8991
16470
29104
27089
10062
24039
2784
30681
25264
9366
20629
19630
6292
29442
27976
22007
30932
3888
20018
19993
3602
27593
9136
19208
24898
19842
16620
12126
30312
25819
7866
12714
1699
12300
1472
28170
7019
14652
9178
13820
28439
1269
4285
4721
13986
17621
1498
11299
14510
8838
19845
3625
21961
14064
11606
30408
26096
428
20431
10893
3921
29884
28992
32152
31317
26746
21480
1851
1758
3023
16221
13252
26318
9381
3886
10390
16840
13471
5318
11903
17978
22023
20627
5701
19355
25864
18024
19330
27121
18717
28960
2482
10903
29385
6533
26507
13885
24969
5232
11405
9264
17927
11313
9433
20188
5264
14640
26438
20879
7112
11733
16818
4991
29596
6566
16278
1039
22649
26543
32477
27726
18107
23591
18167
31168
27241
5456
5673
26210
14111
5023
6439
25064
15435
3357
16612
8265
2460
4109
27305
12669
14264
14543
20069
1669
26926
32516
10052
18349
22443
24051
19074
24590
16752
23596
8322
25174
19203
13930
13338
10956
10533
12734
19505
25230
9989
22762
17293
18461
23731
10507
4838
24860
10711
29052
16703
31061
18595
27382
11894
4861
3334
18940
27673
11321
9251
20598
6267
32225
26625
8860
28679
6019
7044
25365
2261
31915
8860
23136
27771
10081
2748
11636
1062
5108
30606
26531
2793
14838
18405
23492
31316
5768
1779
8337
9545
11224
32188
11342
29963
6631
30922
21420
31896
13456
5666
12268
22073
15046
12152
12359
32599
4893
13471
23182
9872
12683
2627
32526
8202
2672
16602
25526
29703
14037
14296
10876
15290
11761
290
30460
16474
14322
6342
5986
4212
32250
17641
13451
32645
23399
12801
19815
17352
21591
8004
418
9805
21867
12127
28547
31051
8396
12652
10516
18615
3180
30238
1155
30997
30095
1343
19400
18575
3465
18269
3976
26180
25545
30656
8505
5090
20758
29343
30856
1399
10265
13203
2039
29572
20252
6219
17611
4948
10001
15234
26149
27019
25558
31790
8047
11010
14775
1274
23033
8146
1077
26615
12772
15535
18949
8846
14912
26232
16988
7610
19569
5131
16234
32372
26327
16990
8740
23150
24238
28364
15175
9475
26930
2988
15770
26734
16391
9000
9587
7995
25817
7245
14716
16892
18496
22110
2231
23869
22502
3694
2496
17338
14315
17197
16211
12495
11144
2819
1549
28463
28915
4187
28535
22489
5251
10306
20032
15688
32533
14128
22474
5866
17326
22565
32489
212
28770
31224
27623
25524
26228
26348
13771
22791
32190
27269
16602
8076
30547
2458
26207
13304
868
170
18856
25067
24160
31860
32337
24867
18783
16577
25541
21232
25025
12677
23041
13287
7186
29222
13211
5595
26161
3868
2307
13833
13490
26042
20746
17299
32640
15947
25248
27184
29127
19553
17378
29985
20753
2410
27220
7783
24495
7556
20586
24115
15962
19091
1102
20126
4378
3472
5085
30618
27495
27172
31218
5928
18318
5237
28904
14796
3415
27968
20058
14142
27621
1064
19501
26467
2781
5197
25297
9083
22219
12065
6339
26524
27841
2423
27479
10335
26945
7901
13492
12505
7772
7980
13088
7373
29980
23133
5502
17183
32288
7838
12564
9356
30086
15525
17554
12953
15886
9797
27728
713
6011
23359
11224
16915
5181
6234
12452
31891
4686
31926
12841
3456
15194
6493
4884
19294
20514
7963
10195
17525
17186
7824
18007
8065
26225
3715
792
29867
12522
3193
16218
12984
24201
2950
27823
25729
28695
25956
10686
27299
19978
450
7234
32119
4775
2014
11350
2885
16233
20054
1263
18100
24998
32060
32170
31109
27248
5736
20936
28545
15802
22546
18550
3504
15547
11680
12882
27084
20376
8892
24620
30197
12861
3242
30473
5286
2187
24024
17774
10472
32185
22455
32219
30406
29428
3786
31381
26624
329
29949
28328
2308
21189
24119
10285
21017
5851
13106
18377
4318
5637
18059
4470
1523
10414
21
14982
2806
5456
21107
22757
21681
6618
12006
22430
9617
9300
27491
5280
1114
32453
20201
3011
19226
29269
14353
13062
8796
9647
4583
27674
15517
15017
2808
12069
26116
28455
17068
21184
15437
17724
24790
5441
8967
30355
19338
19264
18431
14094
28463
22356
19452
2732
19668
20254
25516
12976
17096
29065
1247
30208
17252
21071
29683
18635
28204
24256
17807
5998
16151
8127
10389
14489
18474
23821
3153
19117
10571
1482
30455
105
14933
568
8268
8390
7016
21187
9379
15903
8067
8254
25611
26773
17748
8560
25031
24498
12878
31183
14334
1869
25597
30091
29620
9133
2966
18126
27897
8433
18387
10307
28512
27054
12541
2261
18099
4315
27466
9401
997
21226
13162
12206
3656
12856
6493
29827
21760
12967
23943
3546
13496
30857
9222
7213
26004
20161
29251
7438
1382
22564
10951
18355
4644
28710
31569
4785
26778
32434
28965
18184
7004
17241
10150
17504
13823
23471
17703
23186
16520
2290
14847
23658
5925
30957
30171
20396
27163
5660
1881
24148
31232
8977
22994
27938
25642
9494
1398
31574
4967
25108
26015
12217
10478
30132
26975
14044
29078
16835
21083
22180
15174
15835
21981
23302
7853
27200
21540
16400
4403
27144
6655
15657
21295
2175
24730
5529
3674
11721
32663
21068
14468
1737
1376
18642
3717
25666
10684
5035
15223
5436
20129
24514
34
16554
842
13111
28344
585
15752
4449
3779
20171
15709
8212
32091
25397
20167
12831
23964
17286
24026
23321
11607
3225
4369
28766
21000
7500
24038
6996
29192
23266
19360
24819
28164
5286
22637
17028
3758
19153
13488
23464
15026
23726
18588
8605
18668
25084
14338
10173
17112
13204
22631
3399
11082
26444
19802
30818
7519
17178
16133
16991
22451
27517
24321
14655
2004
20760
12143
6773
27127
8608
16452
10989
4330
16377
22244
4172
27210
1948
13299
20346
21238
24380
27495
5214
20419
24233
738
9960
15986
3060
19008
12629
4831
29652
8811
15278
29818
8520
9847
146
20475
14462
27371
32566
12626
14580
18268
28330
31197
10973
24129
30302
18142
15302
22274
20452
7212
3705
32338
13815
10025
16930
16575
17597
11763
29872
13191
12105
32479
17534
8110
28260
29731
5427
17229
19597
24530
7143
15661
29502
29710
30343
22164
23921
31609
21114
8031
21347
30188
26244
4177
21400
28012
17387
10155
3359
5977
17113
13309
20247
5609
3586
16699
4466
28117
4486
23571
31481
1106
20761
8062
2192
14659
26977
16534
14780
29101
16543
3239
26210
9835
10898
3464
8658
19235
921
18476
20227
8568
1815
18804
18976
19585
25883
30023
19268
14458
23361
19429
26243
10938
21715
6520
19753
3557
22068
17389
13382
20067
14207
11009
1130
23313
29291
20127
13997
7734
1906
12137
754
696
15922
7573
17261
22928
17683
27130
12643
13179
29738
11626
24369
754
14173
6723
5008
6749
25544
3137
27159
23172
31840
19094
23810
9542
10710
12349
7217
26765
27071
11915
21876
21889
14577
24071
20997
6140
15664
4475
3414
8766
12810
8011
10509
24803
7423
21766
25165
27410
3301
18747
27704
758
26763
32654
21426
31346
4253
4874
20583
20496
22727
23225
9999
6203
7197
15474
241
1711
28859
8691
23717
11309
16040
17456
31775
15475
15873
16618
29673
28779
8275
11906
16304
22691
26952
8720
2
13309
14982
23472
17750
7848
5844
3356
3149
11598
24702
28288
20279
18575
5883
5513
20697
23727
6094
17087
1134
12683
26282
6422
14059
32466
16601
29631
23943
4209
32735
20036
11643
3919
3930
29396
24838
16955
31276
25308
19893
23331
21212
11735
12257
9350
31546
10854
20345
9003
3906
17827
25090
20
30531
23730
19931
20142
25921
21658
12998
842
16791
25683
23460
11728
19168
17697
32128
19634
27928
15648
26575
19488
5119
14367
2550
1403
31934
25265
29197
21259
19149
31618
10467
3060
25620
20200
3906
31846
22609
4282
8308
11797
22457
2149
15877
5353
31970
17212
26827
29686
28128
16656
2852
3758
6319
20225
14463
31317
3793
1171
1566
9142
17463
5893
24858
23829
13669
30430
1447
2148
14546
27592
31641
12730
32653
8865
15399
11776
2342
25040
25839
4590
3788
22485
7227
5430
10675
14372
2691
13822
14521
6708
3379
12436
18760
20179
1709
8029
1918
8124
28562
22287
31115
11627
3390
21280
2651
24368
29073
18047
10102
6531
10229
9345
30244
11927
13212
13854
25556
15666
17162
3933
5566
29115
15572
30989
31688
23957
2471
8886
2726
22699
16267
12495
24902
8524
4713
31537
23915
11834
11723
4044
25496
26365
23524
19865
24111
13949
7632
11215
14298
11216
6429
346
21802
7505
32393
24713
20862
498
19981
23303
807
29907
7195
16908
2761
5907
15397
14036
29188
17382
29790
8017
7508
19175
7876
21277
5430
9392
23390
5298
27277
21928
14274
10973
14915
29469
28635
11888
5171
32403
11241
24632
18759
2907
24521
6958
25821
25191
12151
14065
21872
6236
31953
28276
2164
18921
670
7924
32129
29272
8398
29486
5300
4194
15875
20174
7251
3400
25169
3626
25007
6687
28482
28208
18767
30571
6430
12445
12874
23280
1385
20593
10485
26565
12972
23199
11454
27818
3449
16136
3416
23707
22185
11690
8985
13734
16104
21525
26272
18937
23412
3871
11194
7999
22561
25817
903
22573
2721
23234
2520
23639
19202
31802
8668
12873
13688
9529
26108
16339
14685
25920
20227
25764
6518
3728
22146
8986
16760
17819
6259
19289
5322
9400
14364
23707
6797
18458
3126
4295
10970
22019
22095
17988
330
22325
2413
15375
22716
29610
25588
21515
29778
26500
24777
20377
14781
17479
17336
14953
16571
21062
17683
30608
31709
9819
8348
9434
24206
16347
2981
18529
9297
17097
22134
31838
7498
8778
15599
3392
9216
20313
10863
15867
8289
16316
29940
9891
15367
24887
21379
24889
11193
19711
5066
30917
12853
20337
21252
20132
16428
6148
15901
27172
21903
9597
7446
26190
2057
16994
11692
29187
21197
9648
4404
5707
5009
3024
20938
14057
22746
23496
17066
307
25979
11439
16350
15648
3416
16227
4378
13475
20336
16510
29668
9527
20763
26245
4343
28603
7823
16483
24810
31361
21673
18454
17421
31138
6123
3497
20884
4500
31937
3682
8695
2046
17672
3132
6296
30410
5840
31127
28839
13692
4193
19759
4418
27843
23933
21067
27873
2126
12773
18743
28658
31457
19743
27635
17088
2216
27509
11053
25241
3019
18497
14189
22064
26434
5480
10896
320
7147
3109
25975
23410
13274
31496
30208
3713
30704
30014
6453
16284
9135
1810
11716
2060
2892
5044
10928
24854
26630
16441
28229
1827
16055
4068
31057
6174
5289
5540
27281
28958
26282
24285
20074
3909
5731
31595
5849
30696
16869
18149
20397
27631
14725
22302
25332
27263
2026
13298
435
18135
16484
15423
1242
21880
1919
23601
23158
29833
2521
30915
21289
29561
21808
13442
25559
7654
18367
29076
12195
28094
2507
13562
28186
10404
17785
20242
429
27797
4322
28000
21093
28619
15977
31117
16594
30689
1869
27056
17733
19513
17530
26061
3903
10139
10661
26267
14632
27934
13975
12683
25668
9292
21193
22021
20708
129
18226
4085
18137
30612
2653
13190
25134
11193
4798
1581
6167
11430
9030
10474
2084
21493
17973
30667
28090
16586
27184
689
17860
14005
21907
854
31910
25562
25608
29839
14450
21071
16985
11983
4959
2245
7298
11757
23159
7787
29195
25639
9359
17935
1172
15974
21884
5254
5298
15812
24964
1615
24825
19019
25875
2163
7002
8959
25775
2223
18608
3871
18734
20693
16021
13481
27687
12656
13178
14364
18598
16295
5367
2433
9252
10852
6239
684
17334
27317
14744
15040
388
21362
7209
13041
22141
17440
661
16526
11337
789
20456
22590
2943
733
18319
7818
31257
5853
32620
24987
7717
23350
14378
24645
30909
21484
4046
581
19768
1864
17039
26055
2210
6010
28136
26156
15722
8067
2539
9
1883
22354
3288
13939
27597
17197
27886
23930
2589
29267
29825
28147
12378
4320
7245
18043
10305
20720
24586
32184
20588
28423
16705
10722
21958
21937
27741
16770
8514
9317
13317
31098
19917
7599
22185
17478
14977
16527
16987
22145
3355
4380
19169
21675
14511
21612
1544
3625
23706
17336
16955
27021
4025
31420
19283
26136
27608
9565
29105
22141
28013
12430
1930
14568
31623
628
18563
20543
11265
32200
24446
25256
6139
21630
32435
16715
21642
28068
15874
32089
25519
25228
13191
28237
12678
22317
31344
28018
29120
12743
7179
27301
29011
30150
3875
15964
12400
17897
16781
23783
22710
20899
24574
20214
25509
12738
20512
4956
1365
30798
4324
19986
12136
30644
29977
26751
16445
1315
27710
1782
12902
14903
19860
30593
24669
31189
22904
32221
12402
15446
25840
8389
15624
26343
25476
23668
19713
12847
17231
24165
12407
25651
20309
11869
21933
24951
3095
26795
10821
22886
16997
28078
7347
4596
11380
10905
20977
5762
31024
24435
25460
19970
6611
1634
14688
15451
3511
16424
21752
29455
8296
27118
8024
29979
19966
16449
4198
4639
16810
13146
16902
31934
8846
20642
17293
8264
8914
25973
16761
31126
1268
16166
21855
30518
2911
11332
4644
9417
1600
8988
8304
9640
29589
12671
32608
17102
25990
6598
15739
4082
8953
16658
15848
27635
13921
21209
24030
24697
24278
15774
3675
9434
5995
27903
13849
18490
10428
25845
28606
18167
30918
8792
30802
3908
3324
25761
25079
14611
29335
17652
24276
30009
301
15966
14419
30668
11141
2907
18060
25040
21162
31899
31745
28179
20286
11525
22923
25942
9489
14077
24212
7597
5362
20194
18823
2345
197
26331
15493
6067
21974
16340
6746
28731
29037
3011
12207
17683
13219
1328
31872
18325
13427
8180
12753
32524
20244
14145
14237
1746
30598
23778
20240
30645
3692
11716
9462
159
10009
20406
26738
29303
29677
31853
14835
17218
19682
15819
1636
19598
1122
16225
8867
18704
32348
22834
15157
21900
15766
14265
27704
30965
23365
17710
5528
30678
7387
14342
16262
30448
7200
27321
8998
12580
13700
24775
11144
17556
12467
7421
730
23302
22379
11508
32732
12681
28298
3548
1940
17242
17772
20087
14146
7176
20339
4712
27286
5335
31719
23214
29217
354
16385
14188
3594
3973
1858
18155
258
24186
32265
9697
20345
4418
27237
13556
32530
24647
1832
22394
27221
28223
5437
3971
31909
25683
5947
6937
27249
6529
27449
30406
14766
18751
14053
26967
11908
7521
22992
31968
28743
3900
23052
2304
31402
25612
32505
12902
12079
18579
3676
916
6882
20483
24497
739
17479
23070
14787
27080
5521
9372
11897
24917
14100
3021
26867
26627
28157
15999
8661
17582
21313
26914
11747
10977
30419
7210
23247
29780
17178
29109
3662
5043
13474
13934
23409
9377
14866
6577
563
15613
20574
10480
3407
25444
12093
6741
596
20215
6622
10920
22522
21598
10198
4724
9911
9229
6750
22117
18318
15813
4539
30453
21800
15710
14077
17223
17189
25797
11756
21331
32692
1857
25408
27972
21345
14842
2832
23070
29487
28091
25485
28068
30951
22007
4080
17785
13743
16650
8113
901
4830
17858
5626
1946
29967
27166
1371
27736
21877
10069
5055
19278
1390
28442
31391
3169
20570
5663
22389
17522
28589
18392
24692
26427
1347
26497
20854
20602
4084
610
9526
26706
3689
14162
28351
26350
17453
14202
26404
31591
21767
17499
882
23016
10888
20243
9955
29968
22496
7387
17748
26263
28662
5333
2553
19253
439
6917
22096
5567
11949
7324
11603
7572
4052
12669
24306
27703
23722
30458
1984
3645
2182
2014
14573
27498
18986
13745
23668
27159
16795
26423
10645
25046
12337
16442
15750
8537
30442
30345
11366
2960
20227
30785
7794
4114
28874
18251
19835
702
7342
11814
30360
5794
15000
12775
5144
28
894
25982
29626
574
26933
570
32033
27511
12422
27024
15490
17776
29061
29720
1440
15413
29214
12760
17146
149
3825
32709
17730
10699
9824
5767
10002
23134
14821
30333
6363
11333
14761
21761
10526
10319
11859
28397
23774
19650
13598
25693
11349
26434
559
439
14310
17909
23845
6633
18771
997
19441
22002
30000
29862
24552
7588
28823
29496
22806
32168
28446
6190
5078
11970
7430
6928
29856
8790
2485
25343
17953
14380
5734
2711
15761
368
15648
23322
6465
13565
17380
714
3443
14555
12331
2710
29551
25861
3728
20217
28371
25456
25289
32
32043
20810
21467
27979
9153
1407
26766
8053
12215
8322
26655
1847
15442
18762
13110
16874
29593
15259
10519
14860
15647
2950
27932
9956
20253
16947
8291
12137
21955
14302
25540
13409
9424
20256
13830
1478
10081
30064
594
1901
518
3305
29415
2282
6939
9038
23568
21678
32086
6731
21331
14962
18588
9469
18156
6361
9497
16053
10618
10832
27791
32505
1527
6457
32238
28364
4077
8010
28454
17200
999
13359
4409
8424
27686
3959
31380
19842
7574
429
2975
29077
257
26821
8595
20552
31873
17339
27532
6163
4411
10614
5599
12490
330
9970
16301
10967
4602
18590
28344
13254
15927
21251
30070
13320
27973
28327
32612
31216
433
19249
14237
5634
21639
32205
15787
19565
28869
7890
23709
16342
8976
27299
14425
14679
12710
27091
25908
12744
20628
25740
7616
61
9769
9521
2789
20943
29610
20034
21044
20128
13895
18304
24183
4121
21582
1618
5773
19574
10911
13672
30325
23429
3680
32670
16040
30890
5873
547
11692
26151
17442
10714
30694
21914
21668
0
29104
14791
24766
10768
8107
26008
3393
8419
8534
7266
27326
25372
10720
30570
21750
9923
31547
17576
26258
20016
6002
17099
21781
9259
7228
24189
18702
9041
31953
21735
1682
19642
3580
24440
31209
20952
6258
19682
31880
5538
25954
11110
26175
18674
31053
26706
16052
9772
28952
2248
8976
4129
13664
24512
13304
6195
30733
25936
8127
12217
12330
4908
7386
2213
2036
27241
26772
26980
28976
1670
7683
30725
21442
25004
31034
16542
2684
11829
23232
31467
8756
26988
8001
21305
3865
2963
8068
14978
19527
31019
27805
474
6552
6511
7268
17673
19389
13858
14885
26746
25230
2186
12185
11860
22943
6077
14869
9958
26388
19483
16386
72
7350
23580
6797
31039
8006
30284
10143
31586
26641
19603
14352
8315
17604
25786
11800
10032
2434
21035
24582
6883
10548
15608
4916
13014
10272
23071
9018
11411
7358
14605
10594
9611
12998
2656
14428
14333
25742
17393
51
24345
24211
17938
28288
26214
16725
26132
7902
26721
13673
525
12189
8295
1481
471
20155
5076
13422
26972
4879
22125
15649
24593
30152
28155
31374
20929
22
6457
24986
3212
295
32240
1782
47
24661
609
8948
646
24478
21987
1946
15695
25172
27853
15606
10544
3093
29590
14256
14844
19454
32059
24038
8242
10268
28897
20019
17350
23843
31420
7441
23588
9827
1071
31842
18803
16887
30517
329
4886
1344
20735
31806
12153
5522
18399
5986
30986
6444
2148
12047
29829
29806
19911
6324
19573
26438
22917
19424
9720
7916
3662
8604
12994
4047
12830
7678
9316
11215
7082
30715
25806
18604
20221
21373
14355
19134
19811
25013
11117
26599
7302
23475
30081
5831
18647
2868
11236
32302
26415
21947
29149
30935
22966
32227
1133
339
23557
3827
18316
6723
6791
9907
14518
1738
22821
4478
27302
26434
27938
27801
28258
3630
3651
17091
19831
8560
17204
22285
31110
23485
27943
4588
21759
589
14014
17549
14637
25303
27179
13928
7539
28092
29334
12568
17365
16515
3262
32362
3769
13445
27364
3252
25583
17897
20453
11624
16624
26323
26022
8680
25699
4825
21172
27292
12518
14007
21292
3139
11530
16451
22745
16262
17567
27299
30365
16083
12083
6845
6930
9832
8149
24559
24176
6830
8735
27904
26546
10441
18547
7511
11508
5485
3972
23147
4896
3571
6936
30075
12489
28588
12301
18815
14423
6517
3994
14686
19813
31627
6104
24161
18791
22945
19841
31464
13200
29488
13047
1372
28659
1551
4232
24420
27112
24387
4592
3420
15793
28184
23839
515
9565
3441
1597
21107
11501
30556
1260
26199
29110
5865
3789
30808
28934
11325
31557
31448
10762
30434
5249
13539
5871
23137
31159
11106
16712
12563
30383
10898
30128
16692
29827
949
23216
2105
26531
21256
28387
20579
24347
25076
12887
17557
6425
31112
32567
30307
16553
14631
21927
2667
14532
17790
7920
32488
6281
25529
11229
16516
15562
21751
29285
366
4810
1531
20105
1709
69
26404
19072
24500
3249
159
12818
15414
12228
5851
30018
21563
26934
29501
7727
5748
1480
9494
24124
4299
13701
20178
30319
18239
22344
21362
32535
27887
7550
30780
21170
13172
28717
20144
8205
9332
12342
31423
26541
14708
16343
10552
26734
9710
29811
19075
16234
1956
21910
26001
16156
28979
19764
5907
16838
747
11569
4330
31503
1502
11814
11743
3313
15671
19299
28053
25554
25038
8240
27835
7665
31737
10841
11654
516
4004
5609
17503
18720
20132
30261
15577
16344
17736
4124
19173
681
13617
6542
7241
22934
4708
4683
24142
30479
22174
6637
19385
7703
7912
26409
22269
29606
18282
17490
17583
32588
31108
13598
19002
7960
24603
10669
1236
29368
30257
25287
23729
481
9145
27494
10358
8690
7337
19316
9456
24276
13904
22485
5382
27428
9962
17320
7660
23444
25458
22218
13210
12686
4023
28060
10621
31003
13490
9735
15212
32260
12567
23997
8925
23607
6186
26049
3161
28523
29396
3881
301
26119
5878
29987
6499
31552
2301
10294
2544
7298
7095
7882
25391
32274
16997
3819
5006
25329
18705
5450
648
7171
26401
19844
22483
624
24621
16295
17114
29003
9998
18163
22125
626
14135
21981
19639
4789
6217
15194
18289
20794
16353
19801
24662
24095
17844
7313
7639
15458
7647
5502
8207
6910
19832
12966
6649
14679
19817
9249
27361
27352
3966
4184
27672
32219
22972
21005
18156
2505
27637
22428
26327
26754
9113
1920
23543
24319
4559
19992
16830
14646
14276
14507
32235
23869
23875
16811
27577
6579
13703
12854
18262
13148
17997
15586
28054
30219
17709
13754
17385
19653
24361
2948
23691
9507
7815
26182
11002
8696
25308
3848
23725
24884
8042
1242
10755
22792
21419
25369
13178
4171
29230
31983
16161
13853
10658
21017
27216
23754
17457
16621
9110
23537
4367
6555
243
7653
3154
30387
17991
23635
14596
32487
12299
4133
24950
29715
22079
6311
12760
13178
15267
24040
24839
2898
23850
29284
23462
2436
21932
30687
9584
10157
27099
19348
25804
30824
4216
15759
19618
14799
19143
22360
22638
28991
24896
30161
3731
29788
22663
14945
15601
853
12958
5970
25529
22634
20570
31608
17024
20651
1811
24852
15251
4610
16032
17399
395
21107
11138
17131
17185
9379
31072
28750
18755
28055
31156
5632
15207
26559
10947
28800
32287
22323
10962
9553
24557
21308
27543
30883
2137
18710
14830
1583
23874
7156
28109
355
21106
1605
22138
16575
22389
8246
14075
6271
22442
12152
26319
18554
154
9283
27355
330
17033
26523
6823
17581
16203
24274
9674
9515
7001
18510
3491
10489
25892
21900
26442
21534
1705
9829
31174
7636
30022
2448
3201
21809
5068
9833
31225
14598
31445
29680
23223
18184
7000
8469
23685
1581
28538
21043
6620
20569
11687
22490
1436
24378
12770
17105
16127
8304
4441
31067
25040
5362
3133
12730
9944
16301
20944
30194
26778
26478
19136
5327
24640
12289
23987
9257
11988
20123
25123
30823
1715
23925
13676
13634
2367
4794
9763
23500
11477
24227
10666
31152
16127
13536
4097
23995
22250
1339
10719
30107
19482
10104
5378
14567
1372
15999
8899
17760
13308
22205
3309
4215
20281
17351
27855
21007
25590
320
10384
3203
3250
6910
19139
21995
9658
24680
30779
18075
4509
26402
30753
12525
8673
8429
579
1601
30708
2248
18351
3393
29285
11099
27009
19818
31316
3734
20985
21448
17704
15510
9169
13568
24192
30152
13261
28820
3691
20048
16531
6499
28635
15020
23741
26479
19287
20372
16173
5859
2545
14629
28064
14421
21624
11583
30086
22088
13038
23852
10002
5109
16444
10882
1677
10571
17957
9034
26607
24628
21881
2401
26800
30490
11915
26911
15324
3242
3556
823
31846
30935
12601
3550
31166
14114
10395
4400
12965
17945
18414
25295
29249
8222
19612
1229
17260
12650
2955
27596
11858
28498
15180
28771
29755
29896
11925
28612
15781
18468
4849
24476
28310
11813
1974
22843
5424
11826
8503
24565
9862
11238
11324
26312
32174
14796
17839
22847
20760
2407
6808
11157
4637
7286
25676
13854
27355
7029
29920
24547
20033
30055
26596
23692
20070
11475
19278
388
11551
30221
21685
30295
23248
2742
30400
17503
22402
22150
27357
2463
10806
24905
822
21231
25209
6696
22753
24922
22585
26666
10838
24260
7639
9211
32295
17871
22653
24299
24043
256
29362
6969
15739
1310
23852
22930
25186
27355
20965
8149
24462
19383
19825
23833
31052
26144
12942
20209
1395
19678
19453
19439
7134
9646
8336
5990
11040
15149
19845
8820
17780
26104
23314
24128
14835
4370
16193
897
19978
23942
766
29504
11050
10573
15726
5342
21697
32113
22915
21848
14954
10099
22990
11210
14944
491
3732
18226
10297
12398
29219
18807
11217
21172
8038
13226
3204
29434
5816
26507
15520
13222
17654
25167
14617
42
216
5280
4479
17706
29313
31718
11310
29665
6484
24773
6853
21697
25610
24294
4825
27993
3841
6651
24298
32124
15575
17405
23445
22432
32056
22712
21772
6276
13812
12938
22724
534
8789
23656
20333
32147
23727
17697
29479
2288
9784
14311
30195
4985
24858
15883
27751
3512
28871
19976
20647
12440
29837
27587
12688
16330
4202
7697
25142
19304
14369
23930
15761
13528
12429
24637
21107
31476
15158
26515
3005
4455
8226
29240
10451
18266
2542
30760
6733
337
26653
5030
5872
19023
19375
15235
31964
65
29173
29341
21254
8089
29093
4262
32489
29242
15914
2087
633
9620
30013
19908
22105
3088
10937
17601
13389
3502
9899
21701
26098
3052
18857
3294
27565
15595
2918
30662
4065
16845
18307
1381
14949
31841
19623
11670
6197
26626
25041
12334
27495
31164
13805
5691
5985
19377
28070
22665
15690
6075
17276
20331
31934
17747
28182
20407
11462
3762
16601
6419
8455
309
15033
31087
20281
23814
30543
18899
26843
6137
13868
10331
15653
1972
27758
4992
30527
30483
5265
19096
3248
10955
12423
6048
28697
6477
12810
26170
23587
23021
15665
19442
19126
3907
31041
26053
27756
20689
25542
12004
13381
22503
23011
13493
19356
29636
19431
19483
601
2302
20256
11255
3945
8228
500
4335
13675
18337
30253
20078
8108
19683
5525
28907
2902
4285
13507
21871
4324
31498
18484
23121
8665
20884
28574
3396
3762
30260
19328
31381
10521
20538
20734
429
22107
25870
4076
21213
9756
25624
7977
31323
16714
10718
9006
7303
17743
32364
8934
18291
24459
4857
7873
32163
15617
711
7684
24081
8784
23371
9827
3444
16358
28558
20945
17602
5744
31443
30359
10484
32660
22138
5539
20489
12003
18212
803
5965
16137
9496
32083
11995
8007
25574
9619
32353
29988
15690
4029
18211
18015
850
23477
10051
32551
24003
3394
25151
10382
30394
5660
4795
25404
23183
17990
10625
31328
3838
5789
24006
8941
9609
434
29359
15106
19736
24277
30227
7593
9955
29554
23683
24261
25233
11937
7815
838
26017
17144
15147
2463
522
4771
17338
22138
30
8631
21706
22954
32692
708
8312
32609
29830
29098
28149
16803
16856
4269
12866
28154
14683
31691
9783
29548
336
9804
32202
19626
9712
13980
9358
23178
23052
21590
9082
17079
10993
7329
5100
9895
11150
12479
17389
18126
23257
4835
28599
26130
18798
17731
13429
382
17017
24431
8265
12346
31703
3553
915
16315
4472
12245
26481
24631
20488
1883
19842
30044
4814
12202
7408
24385
14548
19895
24749
20381
30024
12038
15100
32567
32546
19136
12852
22429
25607
22791
15040
25881
621
29830
8811
9441
28417
31308
16603
910
18757
7130
4442
8143
17278
22394
6621
9567
25037
19155
17214
21556
13468
5051
1741
2042
4667
13132
5383
21439
5067
10042
22949
1520
22876
11619
217
10372
22866
26024
25044
20855
16141
17916
29323
22394
7369
5306
10427
16105
29890
23868
27690
29437
23964
4777
32305
8003
17923
21774
31351
15692
7055
3249
21759
10918
22762
20386
31077
23308
16180
17810
28516
31450
16038
32232
10396
5572
21110
27666
23442
5574
21499
32281
4089
11870
2322
377
16432
2042
29120
18991
13323
16300
6425
20499
30934
3877
28000
13928
6807
12513
25455
29106
660
21663
26969
32711
7957
14356
27727
26153
14443
14304
30144
27283
5937
27841
9156
14802
24530
10503
187
28886
18252
27208
32305
15369
1331
4948
5894
224
9976
619
23755
17839
10347
22446
29806
19393
30079
32724
17946
4008
14669
22302
25689
9170
7772
30861
28284
6493
25632
3410
29244
27436
28096
12422
4257
7995
11805
15131
27171
4655
5391
3091
5648
8498
25073
8431
10541
9725
32609
4715
4000
31030
19521
18792
15885
28413
30209
42
32256
450
18465
25539
22923
8025
5361
27087
27184
19536
7068
11874
3840
4480
3940
28223
19973
26594
9263
29003
25822
5796
17475
31041
19625
14204
21326
2214
13606
21821
8873
5632
15128
22696
31453
32579
24047
14212
24167
20876
30885
6641
27064
14609
16870
27129
29824
11608
6003
360
22572
11688
6344
27101
32685
8638
21757
25378
9340
12992
4074
9145
23771
12407
25230
1975
24413
22200
15026
8662
8104
1827
32201
25285
10362
19217
21275
19138
22250
12743
22818
22891
23281
24304
18996
12241
8488
23882
21603
6351
2515
2463
10402
27546
4383
10743
1321
31896
19624
1292
16154
4214
25150
3582
3940
1397
23529
30792
9959
9988
32042
18419
19930
24468
32132
12809
4714
15528
19515
24909
19108
31019
16732
29481
28053
519
24573
16616
1968
10483
3526
18725
20080
31116
25521
19843
5950
25768
31757
30879
13716
13799
25033
8259
1123
1931
1263
30685
7858
10377
22639
18223
2952
10463
32030
31047
24845
41
7678
6066
8940
623
25024
1517
24571
5954
5511
4380
21278
26375
29935
10238
2921
29330
13134
20257
24452
18679
10810
9554
12372
20380
20811
3160
16087
20627
25377
18914
6480
17191
21417
13501
25509
693
31645
16970
32517
26558
7498
2096
21709
30521
9878
1614
18605
7214
21569
19700
5639
8064
6763
21330
7319
21003
30295
4656
24665
7406
3438
14048
16551
27690
15751
625
10914
10093
613
10534
19156
11560
21633
17958
532
999
25866
14197
8617
13794
23339
30243
12978
2767
30348
16068
19653
5115
15131
7712
16342
16025
2572
13867
5466
24666
19486
20279
11437
29246
4385
2408
30385
28073
18613
17000
5305
32697
30804
861
24229
1751
4755
2840
5198
3724
21412
18575
15908
15766
18208
22926
277
27196
23299
25001
27057
18654
9209
19829
29324
26832
14040
22008
18916
29545
15213
22621
6788
24918
7291
21996
23528
6708
30977
12346
28066
12895
15036
30109
509
15108
30189
20963
7135
22654
30300
30532
9204
4831
7581
5012
22792
5324
30354
9662
8117
19599
8753
18285
30015
9063
391
16140
2492
16162
16637
28145
17784
494
10459
28373
15767
15469
22282
30856
23548
17927
17950
22754
15978
28548
17812
7165
4329
986
18263
13217
26476
19267
9865
13056
23216
17555
19329
29348
27751
2249
20752
12453
30358
3300
3849
287
10812
13816
11776
8931
24884
29568
10321
3181
18268
21494
23653
17687
7927
18337
5168
24204
9296
1455
9726
8830
21665
18307
4720
18588
7218
20048
17345
18622
12229
26343
21070
7523
5426
24525
29270
2654
8015
9617
28414
15308
24850
31068
22168
20809
23546
30154
15396
10596
28074
22008
12823
336
16600
13023
25180
15580
17765
10976
26521
27300
29645
10143
19379
22665
24514
13845
20372
19552
24084
9441
24620
13543
16852
23775
23733
26365
29881
10236
4668
15122
28354
23113
4189
7900
20765
4430
15182
28491
10312
32160
16159
11968
6518
27318
18495
27514
32564
30968
9539
27216
14668
15897
13795
27046
13290
16295
19269
4250
27133
31712
23935
24190
26336
29896
14935
11915
2874
29048
4428
9171
6435
27065
219
4472
19336
20433
2299
13084
31952
11421
1770
18840
8383
16864
7723
28657
5531
9947
13008
15496
4238
4894
22773
656
10572
19357
23949
18373
18677
26118
19553
16987
61
22098
5973
29493
2250
31387
17133
12376
30174
6445
15377
13215
22581
1247
15117
432
22833
23460
22492
15662
4404
4957
13222
14897
7501
18673
23431
26099
14360
1440
18578
22220
23007
28308
8470
6240
9221
4793
7967
2071
7077
19151
16448
21965
30582
24510
8848
31947
1266
27433
13043
18678
26807
9797
4251
15431
15917
6892
18894
26747
23145
27373
21993
4364
13905
8615
28837
10591
17409
17366
15001
831
13166
4524
17152
16778
27209
12068
24253
25386
13095
9875
28828
31303
26590
31103
1755
25531
6962
13237
29161
4807
1457
13462
14445
17668
14811
8882
3210
12956
25478
15768
9825
3769
5761
491
10200
27710
28792
21433
28058
23222
4631
8969
29024
20361
13170
16051
8558
12150
22437
18805
20832
3133
25527
1346
10278
27292
7365
26845
12110
9341
20828
13223
26497
15214
12838
29622
1617
12113
7625
12838
16690
11605
25612
14772
18885
11045
17468
11144
24413
16991
10958
22099
6588
24647
29253
922
20765
7613
11094
12114
18296
21356
12362
23980
30465
15941
1957
818
10737
18476
23045
13075
16266
18672
32588
1979
16981
21377
26369
31143
13231
25437
24564
6264
12419
32332
801
23110
21337
7757
17879
30006
30608
30672
30490
30543
16871
28709
11333
4233
4675
22581
24820
17191
17068
16240
20000
28231
22424
29446
15500
26296
1388
32090
22112
4619
12096
14772
15380
14317
17122
20533
24720
32180
5662
11793
28818
16439
10557
19960
18767
16355
29388
25813
16989
21259
6303
18107
20176
4736
14869
6172
14756
13410
12188
7997
347
2357
25464
18918
5862
20279
10177
15198
969
20465
11691
30359
15227
31757
523
30885
7179
31079
13078
22388
25097
22375
875
14523
5028
23949
20052
13612
10000
10317
328
31726
26667
2078
20149
19020
24927
22222
32253
2991
19402
14104
31934
13769
19100
29304
5463
13588
30145
26942
28328
32123
30657
18658
14617
4950
17124
31895
11485
8348
8601
3106
15736
27220
9752
23789
9854
14925
15687
2391
13726
4367
26842
16975
30176
13329
25791
28449
8235
27693
15289
32655
29962
2128
3915
9252
25519
30838
5847
24773
8761
5334
6663
11657
6962
25945
27244
6603
21596
32081
8293
9597
12973
16232
8003
17598
16280
7638
9386
16815
21390
10968
26426
28803
18885
3421
2159
27094
8504
11778
24006
16192
12015
12352
21794
24105
17792
3044
30829
5343
30166
23232
21634
28133
19761
11937
18251
21903
13422
897
31014
15819
21641
8701
1422
13378
9312
1545
5879
7840
953
7650
31225
4399
1927
30020
27569
29611
23401
8414
10085
26706
23668
32259
30566
10554
20786
6818
19771
20455
25322
22904
9467
15133
15394
9860
14331
1779
28771
20411
17065
19241
4412
22014
25016
5051
5257
19017
19070
18358
28662
2861
25242
29259
3518
30336
31449
8738
32441
25427
12635
21233
3477
30756
16113
5452
5987
12629
13258
26815
19798
11229
26447
31770
17352
2110
8011
18444
29310
31159
12879
14323
2605
21946
10581
21747
17213
14240
9379
10053
2508
3228
2034
16850
10998
7149
12752
11265
26452
24408
16963
7629
3778
16342
13487
16922
2406
2698
20729
29513
29166
12789
14317
9738
9496
12141
3805
30321
27256
6347
3723
2893
6774
15973
31050
17333
26006
25916
15455
25315
8444
29046
16557
11846
15407
5390
11922
12754
17437
22218
10508
7835
5983
1389
17440
30626
12223
27438
14972
238
9463
21866
9819
9439
19644
17558
16809
17344
7163
22647
29031
8603
11619
19605
8274
26193
4387
6381
11455
25577
18933
2790
28106
5929
7003
27270
5039
5731
3368
32742
26488
25234
18499
3299
11737
20134
12456
3863
12632
28955
24751
24072
14256
21456
27025
31134
26232
22039
32040
7387
23296
29960
25846
26822
31100
28188
27241
15272
14180
28663
5213
2171
25882
19844
24035
17056
15054
26439
19009
12752
11423
16111
31290
16981
18946
26923
9871
9594
11368
20927
9157
22080
14619
1495
21289
22098
14953
30875
9490
14139
5125
30211
4198
17367
5802
14317
9055
24071
14081
20845
4495
25769
11205
25700
25378
13768
14117
21844
10596
8463
8042
29042
23683
24196
6873
15101
18069
23923
13019
20431
8156
32679
25179
7730
16457
5344
29552
23540
2624
10882
24636
29630
29339
907
15124
23713
18929
19655
25056
4082
11032
24903
197
4440
13032
13071
10242
15651
25922
11279
31000
20703
25425
6997
12078
25129
22288
640
1715
14274
14349
22392
18501
14562
19820
3676
31442
26319
4398
32700
253
5293
22708
32521
9667
20888
26238
13641
23646
14576
18745
5135
14185
7412
11257
29867
23366
16275
31683
14238
28605
3454
1614
30801
21733
3970
30218
10502
8008
1557
20322
11022
8002
25391
21310
14140
30634
5723
27341
10907
1972
24333
129
2908
11286
6454
27227
23058
7018
14358
18792
802
25044
25425
652
1140
16356
27206
13438
7023
28862
412
20244
3877
7032
32541
12225
27338
29635
1992
26460
15467
19918
25633
3362
11228
10599
28364
17151
32243
30820
20826
20233
22515
9281
867
28237
22347
5898
16341
17615
20865
19323
25739
3788
20585
10343
28706
30530
7834
11094
4616
14259
30754
9842
213
25893
13177
5540
2783
3693
30388
20218
5384
4013
19707
4684
31707
16156
12349
15391
2776
22277
23330
8137
32267
16659
30530
19670
16868
9931
31636
17323
25922
27482
20265
23913
29137
29329
1050
27412
7830
22830
16063
20469
4296
605
7457
6972
7906
7806
12978
25834
18934
3881
27708
29166
24900
19567
28696
25486
1035
12131
20128
30217
30111
17882
5862
4731
30652
4974
9127
14336
7962
25545
13434
28
22081
4640
10061
16987
671
27133
26130
6964
32728
1346
23734
23091
25949
19307
2899
7000
19008
30227
2214
4026
31559
16057
2243
14703
22335
6597
15367
7856
17810
8902
6735
14393
31516
7678
28263
7919
315
13088
13766
15557
13093
17752
10360
1248
9599
3212
32091
30458
11307
21474
16014
29188
29281
386
16935
6671
22785
19357
6948
21868
3879
16046
5797
9490
6400
30975
6488
23617
14557
16239
28980
31589
28294
20340
28522
12861
209
4700
24216
19772
17779
5592
10560
4656
6933
28090
17530
20513
18859
25342
13029
9852
15617
5127
13283
18289
19862
27180
29446
14745
2990
2163
19397
23772
16547
6044
30068
13970
6780
4962
11123
18664
13760
31997
9637
31109
31117
5867
29987
19310
31204
3568
6450
28711
21575
13148
24691
29724
14982
11404
27226
2623
8150
15283
23777
15089
15395
1499
8830
31270
22951
31270
17490
26820
8380
15962
13475
17741
21998
17564
7564
20414
15957
28284
2035
9399
7714
24882
28348
21467
1399
28455
4668
13690
24444
15032
8177
17262
30639
30262
624
31042
27003
25905
28062
32666
11789
758
31523
9934
15459
29270
27420
29913
28581
6825
23824
19058
10169
5651
5414
25464
22546
21766
8597
13971
30920
6920
29787
30745
3566
14519
17714
17454
14624
9994
20416
13360
2395
26585
16910
25426
32017
20384
28475
9862
27261
7296
6770
31649
16949
32390
28185
29625
24574
30000
29515
7378
24035
9773
7561
11962
7561
4453
16044
32562
31677
17977
30494
334
25167
32268
30282
21535
11299
16386
8017
9359
3973
29191
26111
26251
701
31508
30717
10600
20195
23213
1608
2943
17653
22959
17121
4379
18727
14408
26311
25238
10362
32071
21538
13758
27792
19094
10433
26237
8639
23300
21702
698
17252
3400
2464
19834
17018
8259
5434
32075
23147
1158
32114
14818
10277
26388
28621
7427
14193
22889
22889
15009
31360
15035
15155
29767
24519
18047
3673
7094
31246
27695
19715
10448
28355
21579
29502
1716
7827
13982
3128
15403
15420
26050
8115
29507
17820
13286
5044
9273
4878
5327
22139
26524
28919
8477
25784
13232
30620
24272
32764
2321
5431
29450
10606
21144
32329
8470
13503
31874
30769
15018
1888
1743
12798
25961
22514
5865
8066
22956
510
19590
2727
32386
16870
24015
20231
1782
27931
16066
29622
29840
31377
22485
5986
8990
28528
4060
25247
16819
1037
11564
29820
23793
5400
20993
32090
24196
13591
6173
31742
9711
29202
4018
20708
7819
9104
9602
7126
30412
21699
13381
6078
23751
7936
17739
26809
25585
2162
17506
4204
30762
15118
11002
31899
506
10185
26247
25591
8218
27145
32295
25912
6710
32602
15237
7276
28913
10083
23293
8847
12074
24
1793
11099
24701
12849
8891
13665
20749
16858
10227
89
31361
22444
7220
15799
16973
5596
24874
12159
27955
19890
25679
10585
27657
10557
29127
10216
26044
7494
11911
29272
8853
14210
32189
31286
15547
7435
21868
28037
14842
19729
18007
12046
29378
31693
15137
10487
27251
6583
12978
11671
31959
23289
31197
23177
1264
21283
10303
12799
24821
31008
25706
24153
30615
10089
13123
21495
8840
27768
22184
17739
8766
16256
32598
7474
32501
27995
22026
29572
31475
20932
8167
12265
31247
12486
536
20207
628
17524
10422
32090
15011
21211
21740
32188
2231
24629
5721
3141
14061
20832
13237
13531
16739
4750
1720
20333
12576
5693
20279
5765
10325
16490
16785
3101
994
4609
21577
8372
13852
10393
4340
20641
16078
26206
27734
11174
25726
22094
27080
31432
4849
8361
3548
30814
753
9122
25668
20073
3917
1115
7408
20259
23330
19472
1143
7131
11609
26003
23480
11775
9585
3832
21185
30331
11646
5009
10992
1857
19826
25117
17495
31529
17308
21308
6757
4092
1646
13350
29635
9931
4995
27037
18813
7814
12257
16160
10594
15562
32123
13922
6061
6393
2554
27386
13285
15760
15036
24156
9473
29621
14877
16392
4304
27920
18934
1537
8856
16348
8036
27009
25854
26942
11211
7147
29477
18901
30490
18433
17690
20626
28496
13143
7024
18378
20799
5127
20007
30857
3727
28327
723
6186
21767
4216
3577
13348
6920
31200
957
4135
21850
19739
15290
10856
14892
5421
19506
23097
13653
31003
16487
15580
29152
12122
3656
25753
7368
17800
3920
32270
17664
4186
172
24519
31926
22486
20124
14350
8153
5058
12059
19716
25561
19548
20418
753
5294
29515
6890
7385
8987
18646
22545
27472
26676
8532
11135
23950
16926
7907
14632
10438
28182
13149
28373
31156
17332
32392
14719
25718
13681
23693
10747
1692
14952
14508
19677
3970
1369
30765
14742
8926
11507
4506
7391
18837
10579
9259
16987
25811
19144
9090
24951
22362
3545
27544
12694
22810
28809
20728
2411
10498
11481
299
3493
4375
31887
18291
13010
28867
18998
2492
5757
16751
29542
4559
29594
18772
69
30409
13861
28813
29774
15051
29189
27761
7249
28916
16694
13601
32187
32652
19751
31069
19224
21122
1889
1180
470
4633
21866
19291
5452
12766
13289
4533
19195
27613
5386
24628
11283
31764
32292
15079
12345
12328
10394
20148
1415
8023
10751
2288
6612
7854
26493
19757
18742
17788
22647
15699
21958
5638
23661
18419
3235
7804
10272
28887
15418
9772
3575
2014
24516
15094
9634
16903
9231
13056
5885
26827
10626
30379
3127
5040
10076
9925
3891
8219
21564
29440
22062
23397
14310
13474
17315
4914
19012
8575
7531
32766
939
11044
16169
15865
16992
24150
19429
18453
10587
22203
8951
10589
23626
6870
7207
22664
15577
29753
20242
29134
3377
6133
27088
17146
7102
13142
23251
24001
23606
12493
21010
9298
4567
18734
23911
1070
28400
13595
9270
21306
19874
4800
1616
786
26088
21442
8727
7841
9429
18289
1506
17903
2333
5445
4259
7225
10455
15240
17863
23623
17537
26192
6237
1786
2885
12976
29051
24613
29818
12847
30173
11677
21102
17017
20176
27796
611
3413
31310
28962
24023
17623
26219
9253
20745
28631
23536
21323
15032
23202
31813
18285
31022
32750
22164
5407
18557
32276
22571
23429
22025
27769
7202
25960
11590
9549
24126
24712
25027
22393
5398
7988
6760
29906
30580
6169
25084
20627
28926
6232
24809
522
18966
23515
25668
24465
1790
32744
22024
9664
16960
1014
2722
7905
1613
19648
1971
24228
27236
23961
10257
26133
30389
15359
16655
17354
5063
12658
11518
1121
2327
24455
24307
1834
20226
23096
25547
2848
14308
15486
29805
2078
13442
27426
32079
10319
14245
31183
16188
30183
32008
26221
27988
4368
14196
7850
27732
551
27178
985
5911
31785
29057
24832
11357
9064
32464
1836
18892
11395
2958
1032
6196
26516
1976
9902
3351
2987
18291
18109
25961
22140
29683
428
15764
21588
923
25182
27327
25682
32102
9974
31056
19667
2949
6380
29871
29742
8522
11105
23629
4514
14404
21423
27110
27276
26796
20549
3331
28637
24831
20914
16322
20428
237
14847
6361
20424
7026
26178
16089
689
9283
13936
8368
12103
19563
18291
6002
31459
21046
4988
21849
11365
2126
27803
17930
7021
22564
1421
17433
8142
17297
31957
18384
5439
10686
7694
29484
18260
21313
19839
7977
22957
2440
20976
20031
110
15739
28860
10285
7406
349
4136
25333
4788
23027
21491
15656
26783
10985
26670
28003
2660
17009
28238
11034
15934
18477
16512
13460
8928
4943
32572
30263
18863
11263
7453
14086
16686
31741
23792
28264
9145
29319
30219
10027
32375
8061
21216
5064
9354
2499
7633
14313
17032
17639
4166
19240
17967
2563
14333
14618
28244
22501
9890
25228
5917
24174
16288
1036
5744
14648
6198
26028
15531
15739
7629
14338
19862
24370
30345
17011
1430
29049
20510
18098
32547
17978
4325
15747
3195
28936
7983
20677
22936
12619
13017
13999
27232
18334
25888
21082
18717
14965
29367
15743
31020
19971
25623
8067
505
13147
4119
30128
9771
13013
11452
12486
6939
21939
25170
19378
21643
21252
5307
16285
14485
17353
22280
31016
20449
25175
15686
13046
17947
22780
154
22892
20132
25573
10641
23476
16776
19007
13489
3592
1201
29341
25940
301
5466
5786
15030
29501
17862
22975
15180
15786
817
18343
2647
25728
14343
32096
31674
10986
7764
533
6664
20728
5755
4842
21218
24223
22060
26152
15744
8194
912
10650
12173
14063
4294
16439
5176
26029
27539
768
14728
30453
21845
2348
2031
26430
30521
15235
22563
13118
1710
14088
23337
28589
3610
17114
18610
3660
11723
23900
18347
29734
26928
9364
17680
17685
21577
7633
11521
2185
13660
8337
14871
2949
28394
26785
20216
9194
17889
4998
3625
14584
22547
3356
9252
13586
22247
12157
30635
17601
23118
6692
13403
1788
24569
1107
25476
4775
19146
3761
1848
30041
30344
22584
27554
3938
13270
23118
8857
28941
16486
20530
23925
7458
3946
11674
6434
21679
30283
26779
20595
20488
4510
6856
10424
2317
30292
15774
19602
31403
816
1568
26886
31142
26239
9150
209
2709
11267
26235
2555
22830
26416
4175
2479
13507
19867
21962
8778
13837
21935
20987
18354
29225
11681
29072
3561
24288
7847
6462
17890
19499
12389
2916
23699
5878
8360
20715
12363
31013
855
10608
20550
6869
7847
18085
23167
18660
22413
22260
27589
29875
17017
9062
22033
24874
11329
17604
4375
8445
12123
13308
6427
18990
10576
14789
12294
724
9325
390
13497
19226
2492
21364
1185
10378
12083
14843
7051
5772
5674
5728
26042
24617
28179
26788
30775
18197
12133
20139
9065
7149
25305
32414
5093
11197
26841
16525
30087
9925
21813
11097
19650
25725
13081
10449
31284
10454
17724
1307
7294
20163
5721
3414
17490
31736
28131
381
11982
16881
31989
23950
31240
20535
22408
15852
2026
7135
3560
25346
832
8275
31337
6186
15119
7509
5973
461
18472
30272
28970
5835
12542
5777
2306
18717
32693
32679
15187
8633
32379
25543
32472
21429
3611
29283
4047
2736
19151
14748
23397
30830
29526
16645
16239
26050
17991
16810
29274
19121
18853
8017
10085
12756
12467
1791
17165
27390
21514
22206
13257
20767
28648
12958
17144
10088
7371
27386
29208
20912
13887
6140
14392
27671
9204
3683
13232
1513
14611
4484
9231
965
7634
26255
16469
27902
30535
11540
15715
10305
16761
8390
6319
27512
4029
10366
31548
25327
10048
22147
18634
21429
10208
15880
12106
15686
14144
16886
19092
15974
25115
16620
12380
16720
10200
17028
30818
13072
25695
2521
5354
18990
3116
12614
3948
8332
28321
13168
32140
9361
29345
1414
16972
9607
346
9927
28545
32578
4962
18757
23428
10499
5126
30697
16169
11164
3807
23992
28661
17108
23462
4692
2699
11788
15432
4038
8552
29731
8509
13690
17360
7832
2070
31883
28936
12270
10326
16706
19398
22869
25219
17881
8678
13190
9597
21124
7262
32495
15886
5810
11124
12048
17601
12175
815
17701
7672
30670
15371
15877
16441
1191
27632
5962
13513
29723
19301
12210
1660
28799
15106
1733
4811
3384
15651
8120
28967
24772
14308
2962
25741
32762
4937
24205
2907
16018
1980
5311
16738
22759
12477
10745
26684
27388
14293
26864
2527
22717
11211
13722
2419
2952
22555
22235
22113
10476
12452
865
21933
9905
9633
13773
30085
24600
29658
3091
7962
4195
17692
13859
31406
22168
13542
14281
14830
9859
3429
465
23683
19194
20642
9840
8932
23909
25083
11487
9070
22141
25552
18505
13750
7251
7550
30183
10270
12692
32145
18026
29606
27148
3125
22169
25093
18538
25070
15163
23033
26947
30345
25655
17883
8025
23635
15098
18550
9500
15240
25
13337
1905
8718
11319
30699
11699
31587
22570
30591
8951
17621
28761
168
1173
20977
14184
21391
14820
13629
23576
28930
22852
8490
9832
8975
24162
21828
1
29650
5559
27564
23504
1675
24914
6856
16629
1779
15064
16185
31964
8913
5833
16909
16553
16840
3332
12086
11738
28531
27278
4155
5671
11188
4239
24366
29357
5448
17565
9694
22092
8863
22077
7501
24398
23787
15783
24933
27721
20856
6090
3302
6214
11579
9104
20899
16930
13997
9315
24814
9013
6618
19952
14417
14642
15028
7467
9855
1870
430
17043
7305
29349
22150
439
8021
15833
15714
10745
27981
26620
18975
3218
11348
29360
24038
5078
13310
21388
25344
24505
18432
5314
31467
2963
22245
26879
21165
288
4355
13971
4456
31947
27566
24018
5423
10028
25771
16058
29208
26575
6631
16854
26514
21815
2409
26721
16377
26146
3462
10159
20072
18447
26964
5065
32463
32510
31073
7512
11333
12919
23716
26308
12703
19405
10675
29852
26689
18852
1079
15673
2356
27825
9885
23454
9337
8641
13327
27043
8861
19709
26275
17747
1166
23148
28114
17810
21933
14265
4395
8707
1060
6967
27464
4648
4986
15394
20738
26571
23909
24616
14561
10397
21727
25127
14038
27422
32635
5689
24621
31420
6394
12014
11197
1855
5401
2008
8802
25444
29614
31053
29613
5832
6899
6504
17113
18184
11298
3665
16385
15399
1602
21950
24977
1072
27456
9658
20987
31260
31553
19110
26027
13301
31287
9853
11580
7228
5042
13660
30700
14985
4346
15169
23117
28529
13658
32530
3390
10156
13502
14050
14618
19063
30849
2417
303
26424
9856
18673
25458
26209
7795
19216
16496
16790
24957
562
8072
1810
6145
15358
856
11335
10680
10525
25205
29636
7168
4670
6239
27228
10871
24158
25268
16261
19913
20038
16035
31998
9414
4437
15012
25013
29624
6015
4198
25575
11763
17558
6921
7817
15789
26824
32142
11751
32272
8810
3468
16267
7054
3316
22052
22880
20085
24908
18230
7191
9155
27463
25813
1226
18491
30829
2809
29151
2488
9212
6516
28464
706
9264
7208
3432
9311
31938
17270
18608
4651
15022
16634
17036
1195
7482
23669
21247
9695
20532
21770
13558
7190
7035
25262
20964
14086
11201
27610
28841
29468
22670
17282
19384
18193
2952
843
21113
28606
11507
22009
6636
11825
14708
17958
16528
11264
25882
25914
18819
31197
28574
24215
13034
23659
3562
19220
19347
23377
3289
22701
3033
18060
4414
6777
30152
9737
6439
5340
16514
18291
8803
23037
21217
24138
6721
19066
20830
27189
31387
20059
17202
22425
14355
6725
4795
3690
26013
21744
27936
25409
12606
12507
17720
7855
7699
20031
32168
3794
8084
31041
32332
22309
31258
6251
14553
29340
3231
24413
24768
7153
26565
6592
23125
4152
22042
8828
9520
24506
14747
23339
17875
16640
25207
14285
29326
6702
17173
12989
1952
13459
9559
15588
1695
20093
17697
32300
9498
32594
29717
31287
11900
8668
10913
27986
15667
14565
10812
30116
3858
516
5356
23723
30964
10934
7692
5354
15779
23472
14412
16347
19448
3700
25849
20523
10307
24867
2175
7206
1260
23698
26668
29809
20059
24735
13622
4855
11798
10950
18688
30245
18729
10991
30361
31834
15819
6794
5509
21401
9278
2526
10689
4482
5879
22430
19713
1920
1535
18110
15676
10051
22937
9860
13418
2929
10277
16610
28045
30872
836
771
31470
27240
8253
5156
20905
287
24480
20133
11883
25412
30761
20320
14203
26520
18662
3897
32759
6986
5788
15094
20577
30826
14440
15698
22618
24736
30626
12108
11692
12318
9990
8901
15502
31955
13590
31562
3364
21985
15802
18735
582
5970
24362
23261
30082
9734
22029
30828
21604
10224
9443
32117
8948
3203
19104
17697
1921
31078
19609
7302
17309
28527
6052
12084
15977
15311
31867
8714
1043
2442
19298
20559
24220
10027
21258
24318
27615
21685
18100
6752
21711
11740
20377
20960
2560
1141
19850
9756
10601
16172
2772
32056
29032
4213
26470
4471
25862
6597
16182
19980
1405
20225
4064
28205
17655
11831
8592
4714
5785
8076
14115
16445
16320
4469
2441
32738
20106
9514
4718
3176
22937
32600
27161
18953
27923
4374
15508
30391
18669
27931
6669
18679
21610
32046
9852
28914
27358
11229
27782
12233
26040
22130
22433
31018
1983
6947
6522
21281
11676
22409
32404
26672
26521
27476
30257
32673
24744
4924
20853
20507
13991
28731
32201
24692
10210
3833
15998
27334
14810
904
10674
30149
15685
27985
27768
6223
21333
30542
6707
6981
22589
10362
2883
28058
22258
6278
3812
7849
27182
23758
29778
21196
11963
16779
12082
26154
10990
9034
6957
12752
20338
31901
8926
9988
30022
31760
19950
13525
32009
13918
31357
11255
29558
18661
17860
5326
24363
88
26617
11209
7086
22452
1907
30705
26033
25461
18191
12226
31893
32009
5074
24633
32046
17029
30160
2606
22982
16023
26700
10724
4964
19643
32032
23775
6222
3506
20320
6645
27596
49
2362
12200
31535
4566
288
31923
17426
15455
12842
5859
12256
798
5045
21544
18582
25768
5201
27116
10954
5326
15322
5795
22765
4814
14564
2468
21453
28618
23900
32055
7261
22904
20077
14063
697
15644
27553
25146
26213
5811
12617
31030
19413
16497
6686
12230
27443
22126
17448
5350
7260
669
23775
24123
17452
17661
6289
4590
9979
3091
14595
699
17511
12695
26459
21061
8276
12142
25917
28077
7474
8408
22837
14434
19327
25579
14933
22843
21132
28480
7967
24003
22147
12268
29605
10196
32681
945
23278
22887
1761
9078
16284
12970
27506
4597
22476
5715
13833
25268
8254
10292
27906
27958
4790
14864
7651
16498
7073
31406
8233
27268
4860
6955
30024
26787
15474
24212
27117
21331
4804
18357
23686
6875
25198
22827
19716
26618
30600
7105
6623
29910
25322
24313
3675
29237
6803
26600
9739
19695
31052
583
10643
26532
24968
10184
2225
7338
1935
12710
5503
7241
9947
18560
1266
31531
9922
1639
22695
1294
29270
32566
5599
10172
1930
8993
28104
2621
406
12177
15102
9291
8860
8752
30801
27142
8331
25151
5321
24553
14660
5168
18663
11005
20987
19313
20782
29004
9696
3718
12770
7833
18431
24922
26640
24910
31845
18903
11214
29622
11397
692
10180
1388
31450
20622
18923
22804
14797
11579
4501
27208
18904
15707
32430
12245
8940
17455
1601
20008
3344
2479
12349
19971
19532
26326
17018
11125
17349
27713
7415
20744
21545
22264
11110
21308
31053
18316
4074
52
27413
28514
27423
6064
17813
10318
25947
16187
31861
10851
23859
1702
7578
21514
24385
4276
9986
14418
19237
13335
29680
26503
18890
10395
1354
9734
30955
5282
10559
1359
28629
3792
17964
4956
366
26631
19649
5170
24438
20886
5472
31157
781
13229
11461
3520
32373
18453
21484
629
7194
19741
14127
23762
28367
25816
8368
28037
14171
29829
10742
19458
17204
6223
12507
2002
10378
32567
5029
1070
903
17230
30835
12748
6358
4647
9179
6905
354
14732
8913
30184
17248
27760
19402
12618
31887
21541
23330
12062
446
16847
11963
8651
6032
5145
25832
16236
10364
9510
25225
16235
7191
21707
1143
22097
13206
763
34
9180
3982
3714
14200
18259
17151
11254
1033
3606
6033
10475
15721
28793
26397
28519
32470
20690
11887
23958
28699
12497
15691
17854
5556
20752
10157
10868
27699
28395
23637
2833
21219
5266
1155
21600
2474
12124
4352
18841
17972
24671
6237
31123
9293
15165
27263
5173
30095
26432
32092
13358
13374
22186
5887
28901
7536
2118
22738
19635
13937
1859
4124
21329
16741
7490
28617
31884
25903
27310
5994
10048
3218
22860
2940
16515
16534
7443
749
27425
558
14141
11740
15177
26391
12190
22945
23173
32259
30773
5645
10223
15863
12033
16370
10403
1266
12821
5350
23664
27087
14831
13381
19155
25964
28166
12661
23589
5900
10146
7022
21267
10234
22256
7545
31311
4720
15958
7479
23173
20406
30724
31206
3217
12686
31180
20704
31727
27344
2867
27492
11634
2898
25032
14745
24121
29450
22452
32464
3808
119
28819
4874
20211
32316
8322
23994
23720
5135
2425
28108
27853
16081
8924
21221
12031
5118
32588
7149
25117
21576
9411
7883
3324
4479
10976
28015
12124
27572
4991
7190
32539
10654
4493
15561
1449
12349
12827
13351
12732
7612
7088
19301
12613
2972
22500
9107
10146
15375
23338
28193
5141
13986
16110
3745
31861
6175
25056
2510
12323
6578
25231
26062
14144
4938
10297
24500
16925
32066
28129
6729
11507
13633
931
10764
27605
2655
14917
8823
29410
21641
11534
2180
28351
6950
24027
20080
24901
3834
22383
15551
30326
23371
18955
27776
9654
4675
22078
14034
29496
14486
31231
15783
26038
13413
21497
29128
1125
9057
12582
14874
28968
23603
6303
8223
29443
7964
18867
9663
1235
14808
24630
10313
15421
8905
4891
29877
7397
20305
16710
28972
11232
18816
16539
32714
22379
18671
9051
32418
1757
21227
26544
2306
26330
9686
17798
24057
17866
29643
3741
4119
5257
12417
21724
25204
24416
30322
19177
30451
21301
18236
4854
12744
8958
11079
28638
30264
24956
29864
3184
8352
8997
10565
19722
25017
31842
22586
24427
24346
12282
24188
31938
15615
8654
24252
4618
30024
25032
28815
17050
8133
25358
19147
30968
4016
13179
27956
31215
27259
18255
3416
11745
7117
11557
19127
5214
19143
15910
28199
5620
13451
7805
14455
10313
4095
8714
1107
30824
24270
26971
16231
3929
20400
19160
32456
9460
5612
23613
12943
5366
23067
12366
15559
10837
10286
7366
28553
13521
32434
7312
13925
7372
25427
8761
28420
26971
8351
28326
13580
27805
4365
16386
9540
2636
6974
27899
23545
19601
17282
16430
12960
15133
30366
10207
188
10357
29133
3566
25602
27021
27652
27654
21435
11161
25722
28696
875
23584
14952
17672
22704
22354
29197
21414
30828
20635
19190
4063
12070
10616
2940
9781
14510
10890
9614
7532
11008
21225
6321
16518
2155
12730
13636
25842
15603
32260
9481
24833
2803
24767
23777
18073
11015
9518
23511
13869
9000
17263
23392
24044
6425
31057
21729
31033
9219
25957
114
25692
24924
22616
12514
6263
20748
20607
12539
9147
15571
21428
1543
29147
12005
7009
15251
30913
15320
18138
7282
7553
9152
2032
32005
25995
3737
32195
31418
18468
26597
12759
21715
13335
7573
27498
17001
7591
17965
19717
27056
10441
29220
28754
23676
17296
11401
29741
15876
17641
28397
12541
30182
25480
3196
1861
5228
6434
22637
31862
19470
17885
2973
6664
9272
10245
11638
17096
18765
31744
1046
29300
7659
22660
20397
7045
29041
6919
21799
5964
32702
30839
31756
23616
7740
1580
932
28311
14878
20251
4958
16147
3045
18764
10866
27679
9257
16270
12998
6426
13718
873
15119
20467
16437
31572
7224
8438
492
24872
3591
29925
20553
17621
28414
17739
16251
10067
17279
12045
15009
16860
12340
4930
29000
19801
29614
14916
15918
24090
9036
11527
27468
10185
12127
14506
30484
15777
29323
20556
16120
8923
20593
16673
13099
16233
10122
27845
30635
3303
6742
32208
5759
4047
29623
19114
10045
28908
10903
23201
4048
19217
18641
16696
17016
266
14671
17346
7442
12243
16752
32048
19866
4360
10668
29736
24558
24989
22906
22359
22741
8399
27249
21511
575
15194
30382
15092
19663
30445
9847
26459
27286
12763
16669
7253
1826
19219
17703
19555
16567
18002
19372
32586
18140
151
15105
18977
16921
2264
3221
3496
26880
28915
10776
28379
26218
10983
9699
15815
29955
17988
21140
16029
21513
8672
32248
2309
31056
26060
21295
29108
9354
22918
10250
12865
14277
27248
14776
17204
31029
30337
7330
7265
8756
12091
25491
20340
24455
10461
16924
12492
9955
27097
11831
653
1455
3720
17706
22000
19724
21789
30638
5854
16147
9688
16721
30142
8541
27516
28441
9099
22729
20482
14698
5161
29305
12687
13609
15097
15902
25508
24610
30123
23926
4244
19623
6483
27923
20284
12410
21951
10845
16622
23278
25352
15066
19374
22088
11624
30893
17569
14443
29515
26717
7874
26293
2473
15320
29143
20772
14994
1720
28068
26813
29195
1988
3422
21806
11544
11194
8034
11698
24346
11596
29991
14645
16731
30312
20337
31161
16616
9916
23240
1784
32415
25466
20521
31818
5512
21592
3579
32202
7017
29148
15684
6324
3988
2262
22301
786
11268
5934
7780
32408
19624
26079
25008
25292
24831
1092
6538
4714
7141
2195
14042
24582
21933
14759
13727
9715
21615
1538
18403
5476
28323
27666
11503
209
15343
14259
2235
9628
18494
14582
20392
14581
32018
22560
6769
15355
13595
10998
30303
23331
11784
28472
1469
23774
19613
3692
1164
25462
26374
3804
1400
1593
2411
5602
31498
1498
26820
24419
24862
8212
30703
20122
6808
18064
21247
31767
22355
15625
29912
25863
5722
25262
27385
8117
6235
10952
31640
14673
22104
2204
29172
8433
20640
21139
1255
17365
18942
24728
3002
16111
17200
27074
30014
18850
19098
25907
13592
15819
29756
29248
7005
24830
3554
3026
19039
21266
25498
2827
16070
17887
10347
15661
7650
25158
22340
4280
15935
32370
8243
7635
7802
2398
13783
3565
15956
20375
3864
9892
3589
32068
28949
31718
26579
355
21854
3414
18402
13909
100
21233
13902
29597
23598
31985
6007
27877
27469
27377
22172
577
26641
7763
7852
26040
25597
11231
5464
14849
31609
28844
19565
3722
29127
3652
23905
23743
18744
29187
25387
27272
11168
27584
18008
13843
14087
6064
3932
20181
673
8070
13094
16331
28673
5855
3575
28422
7305
30430
115
5734
1829
32019
25337
14758
15929
29090
17200
15768
10711
6305
8162
1202
17974
21185
5902
13514
25183
12593
14904
2590
14122
191
32004
23447
27241
4161
29187
13391
21091
13875
18893
9808
3460
22945
18512
15007
16978
584
9319
8825
7075
13304
1455
3548
21773
6460
5270
19273
27551
16701
20660
5321
18126
29924
8543
11822
28082
26431
21625
14491
7283
17702
32653
24390
19966
26654
30490
16765
3580
12413
20527
15847
9988
19151
8248
781
271
25721
28440
2328
17453
5020
3960
22748
4983
30268
20830
17430
29765
19618
17153
29426
13729
4862
29660
27345
27643
24145
28161
29256
21790
138
22960
30316
14434
14319
32552
21837
5923
28095
6845
12736
16755
18454
14123
13410
8972
4880
554
24025
23688
17713
20290
20061
31957
8965
15585
9848
28387
17923
12203
25865
28575
2743
6161
26255
8229
10785
13861
27044
2097
600
20396
15560
7383
21106
3189
31072
8053
28072
27882
28670
26853
10678
3813
10723
29943
3201
13509
9155
16926
31996
17088
9672
22889
31564
9851
23769
4789
9259
23767
6427
26914
906
2574
21944
29635
31354
22528
28128
22170
15436
3783
8974
16323
9975
7057
22669
17647
31419
31151
10298
13588
13572
12777
13451
12899
4753
25621
23504
10363
31957
3816
12473
29404
26270
2571
23577
18334
23540
26225
19433
14947
18756
10473
21392
27530
15806
4847
8546
14245
11515
28104
11622
31533
29667
3022
1372
15989
9422
29704
6654
24029
24297
27645
29063
584
13532
21450
25458
32208
26281
2163
16772
24760
29399
16503
4620
23201
17105
5799
16234
15361
30345
14135
24782
11218
4960
25366
66
25991
6730
15739
491
4932
18733
6081
4235
6222
2955
12148
13131
24513
24161
4780
28856
897
11087
7833
8971
24434
24312
19552
25005
25836
16044
16421
9210
17001
16709
20073
326
13185
28494
27543
12829
3353
3691
14809
14031
22999
7156
10544
18220
6873
23268
24004
28557
166
30962
20601
32532
12388
3837
24002
11060
26956
173
14010
3187
7772
32600
26737
22638
22603
13346
28035
32030
29634
21865
32240
347
4041
11104
4391
20126
16512
18425
18020
18443
23055
30217
10044
21167
26591
9127
30839
13062
9227
19412
3357
25536
785
9058
20435
18884
10190
3342
30312
26998
21417
6384
5036
309
9998
4885
31617
11560
17950
25962
11572
30779
13732
20699
14349
32356
1099
16829
20004
1067
5135
17257
31095
10089
6130
22314
10042
3408
6640
12890
32110
12715
7476
10183
11957
15207
12428
16476
16485
31315
1307
18173
30427
29220
23886
19378
23570
5820
26641
25096
5236
7596
23618
7860
30191
2295
26725
6266
5452
20249
19098
28749
15804
17479
9421
9400
1716
10489
24877
13436
31739
422
15071
21627
3074
7118
16115
15572
12403
25662
22935
20816
1292
29328
17290
10493
16558
28145
25556
14616
17585
12071
31157
10032
13947
17362
8923
1673
22353
14065
4567
1215
3692
17065
2258
18859
22864
20290
27772
3722
5721
25459
838
12380
23959
27103
13521
16779
23516
28639
23974
24269
25618
16770
2855
19275
10962
1746
13254
6147
24627
18009
16244
23147
7136
28900
29788
13911
20334
23175
7122
16156
13036
17633
29574
29686
24507
24225
16126
23463
3488
23625
3395
865
9751
3635
1754
25830
8682
6097
22517
30702
25859
11320
2795
29385
3198
29664
26342
32325
25347
32677
9947
24786
28499
27922
7360
25828
20768
8159
5369
32409
24610
13496
3603
29852
16743
4417
6324
4169
26347
13654
29650
6418
11624
12695
14628
7969
3183
26404
11734
22846
3256
29861
2945
6644
30903
29838
21850
8175
31599
28833
3498
17833
8587
11956
24446
21574
28843
15028
4255
32188
2300
20970
20420
16950
1291
4989
13063
17595
3035
6712
31382
21258
18741
25486
27563
9417
16447
10203
22462
5599
11344
2029
9209
24607
25603
13251
25836
6182
29322
28308
25218
29062
23365
5140
6195
3620
15251
754
1404
23774
16105
4261
25228
19313
6433
27240
3393
20378
31508
1923
16978
2940
13674
4301
30414
4418
32177
24943
26053
2565
2477
1258
9796
17392
29935
22108
23943
27554
9385
9471
24939
29907
7617
498
24354
30267
292
6972
23082
31919
8797
18446
6016
6542
27750
10824
18705
12379
2238
2367
3441
18347
31931
18877
6095
24898
12578
10058
5161
7545
6133
4778
7100
11747
25740
22951
19903
23343
2535
31761
24656
8784
29507
20994
15791
11484
10987
26470
426
10418
25425
12475
27480
17120
5725
32022
5898
18884
12037
18791
5247
14961
28958
22781
11607
15699
4978
14157
28618
22039
16402
1775
20890
19141
28398
16873
32582
1583
20130
20272
11137
31119
12179
4460
29410
16748
9531
21244
10205
4541
20929
13114
6898
11601
4045
30976
13092
27758
28314
28267
27309
5817
13389
10718
1008
5205
23173
26698
2735
14927
14643
23725
30078
13882
21420
6361
31608
23830
31740
29559
29232
24951
16509
3915
18411
13539
22441
26554
28172
6267
32301
1673
18383
8413
31550
18151
28986
12618
16176
18862
29265
12804
20549
32486
12938
1530
31171
26763
16512
935
29001
31375
16875
30008
26210
15395
8144
25581
12379
3635
17141
12993
3666
15151
29848
19533
11664
13329
14176
26602
27161
7836
11412
10774
32128
6369
22923
9241
4096
22024
24932
30440
24521
30797
1783
7497
29336
19529
2826
8504
1418
18803
15049
16521
12082
31718
17008
17616
26601
15205
6219
4734
27749
21404
5088
13132
11918
424
1387
24541
18572
27354
24970
19614
9765
28856
21818
15858
22598
1605
22018
10124
18143
27267
622
23323
13556
27701
26303
2605
19186
6889
31201
8013
6975
2358
26269
12911
21780
1091
29968
7311
6543
25736
10332
28308
9988
23513
25757
20346
20117
25760
12575
1456
26626
13930
27342
12223
14274
25509
31469
28717
31570
1191
26123
4257
4045
5107
18227
24647
26301
24504
2916
20854
15664
13467
320
6801
18703
9654
4360
24107
20652
5601
12488
7790
24730
26160
26831
32701
5057
28093
31842
7832
8625
7847
2738
31936
10039
31834
15371
18844
23854
18193
20301
2524
12696
154
7072
25180
30446
11865
23140
2635
7604
31888
19815
10380
11343
9950
5467
8284
26907
18949
19591
4406
27321
752
14780
3571
678
32500
12171
20278
13842
24918
27573
25863
14575
8717
2787
11198
8008
18890
25751
2083
14548
12086
25443
11987
19147
6522
11609
31462
7160
27653
12482
6094
1808
16265
26899
642
1858
3143
28700
9693
29455
18829
12163
5696
22876
9853
18033
12415
13509
16399
30603
8187
26933
30810
13092
4107
16307
21263
4528
3233
21631
31558
21116
22058
11102
22141
12957
11445
24114
18653
12327
22104
6605
3776
3487
25807
23815
20337
10674
32359
11790
19762
32550
11803
14846
22148
24850
32508
4786
23714
18250
26326
32473
21327
16158
17424
4172
15825
21572
29396
29855
3390
1554
15728
13301
13302
7408
11260
21017
4721
29710
30525
1483
8507
2898
8906
31320
31804
30101
621
20334
13117
30478
11980
19245
936
26638
11593
29313
24463
12270
20262
31664
26096
27718
3053
20271
12344
6240
23311
2746
6405
18669
20683
15011
24624
20470
593
15723
20491
23829
29992
1423
18407
28132
7629
11684
20442
8886
12701
4774
6591
19333
20468
26766
4989
16684
18071
32034
28301
24278
30031
7441
16566
12215
5335
20287
8731
9466
25848
23134
27768
26618
1523
18622
32681
7348
287
24166
12140
10365
17619
13667
15975
20720
6022
29792
2669
18219
17973
21367
19965
29499
4614
25415
6923
5076
8490
19015
29443
1605
30471
27737
8204
19116
14231
12451
13194
6246
14859
22938
19942
5834
11957
9055
5009
3607
23588
7247
29510
9386
14225
27606
8592
31861
23674
31619
28045
17580
10124
13922
21233
5057
30918
21126
27981
7571
24796
22757
12434
6627
15833
24425
2769
28423
2825
10563
21316
29922
26646
8579
10898
25619
7025
25573
12367
17773
5107
18414
12738
30119
11717
8760
13804
4437
15997
12299
2757
23831
11401
24876
14281
32273
5585
29690
31155
5787
18840
6070
11145
6969
6563
2339
16600
29645
18078
23887
13633
15627
3003
28336
5428
15918
3484
8306
1020
26345
12403
27664
25340
27041
6504
27938
32312
17881
24379
24438
25111
22254
11818
17249
15975
15108
25365
7255
31393
9792
25056
32186
24430
30264
11033
23024
31083
6567
29914
18360
6441
8294
19185
12734
5241
1943
31295
9325
11494
5667
19294
11780
16258
23912
20615
1260
8678
12843
19122
26697
20596
12756
27134
28367
20959
10202
27988
14294
29678
26492
25927
12977
17788
28082
7743
28732
29124
24419
30167
12981
24795
14296
8067
12237
16766
15217
7286
14590
24590
662
27331
15902
28377
12529
12226
24117
9115
11482
25013
31372
20037
27411
13483
6
19708
8886
20133
23219
357
32107
1784
18339
11040
6110
13554
30968
19346
26225
20928
16447
30440
21038
29071
13057
13912
8703
22514
32148
24490
1057
11140
22583
1528
19414
3278
21087
26546
14170
5227
26699
32228
21017
31849
5854
4284
18207
30963
25006
30023
14288
1069
32601
22651
27353
8544
8216
15226
26470
23383
662
1301
20630
521
19202
19599
5419
27512
20578
16804
18311
15320
21547
21962
12756
30964
22543
2743
31362
27854
1559
2595
27894
7045
24305
27343
14976
20604
8843
18118
18318
1721
9953
1763
22816
12427
4371
1939
13948
8816
9402
31452
4899
9525
7548
11167
21763
29535
18142
1562
2798
9674
18010
2480
10059
21392
19378
2029
21260
26924
7043
21701
27872
31456
10269
19484
2217
5716
11410
20620
816
22399
32269
10082
32279
17610
1893
21993
22544
13939
8946
25580
30029
19760
18080
10102
27704
15382
13889
32220
27235
27064
12328
5629
26050
11411
18419
12233
28184
9898
25512
29952
12975
1133
3844
20284
4172
8927
6415
24370
15202
24824
12276
31029
23174
8264
28432
19196
9507
14558
4937
3748
23151
25704
18849
28408
9373
25756
19466
241
15445
26838
16509
30329
24673
30466
3654
28276
30121
23484
7586
1537
25441
26038
13707
3837
32641
28762
27603
4042
8053
433
23408
28750
8470
32644
5399
30782
32730
16321
32268
668
19015
30751
4408
2686
2990
20741
13948
29970
32277
8105
9285
15583
6261
2933
32608
25165
19750
8878
11536
17768
3223
8791
2910
19681
24642
30035
945
32341
12767
11979
11166
27602
4824
975
26625
6808
6142
2112
17997
18204
7546
13037
32
10835
1798
27900
23835
9260
20573
12428
26352
28511
495
31384
9148
16997
24026
5150
19096
455
22806
30337
9834
26524
13551
20269
6914
17485
19641
26233
98
15516
27583
28113
18524
10469
16252
30996
8803
31139
14862
10043
4507
17717
30951
15932
10546
25315
966
15917
25331
14108
30693
12205
17432
5377
29556
12672
17504
22824
21831
2425
11106
8601
9420
15517
22561
18205
13887
29317
9952
31673
24353
10244
26936
12917
20198
29962
9319
13409
24558
27080
2539
1754
29878
18197
24144
1802
13648
5649
16966
24238
16656
25352
4598
13852
10377
8089
20118
18308
17335
28695
17979
14198
14462
26671
28143
22180
17747
31435
8708
12522
9274
8503
16552
3467
6640
32130
21177
17598
1385
31784
14042
3689
893
14573
710
11820
31454
11020
3812
8353
9293
23697
24604
11746
25357
12548
25578
1356
408
32583
12976
18051
9874
705
19537
7094
5627
26557
763
18725
4776
30476
2116
21984
29684
9458
20601
12753
17331
1856
16434
31996
30823
30397
22570
21510
8119
24522
21326
17908
3356
1606
27412
22326
24798
16560
13838
13796
31551
28299
21695
839
12277
11783
24749
22171
19934
5341
20919
23827
20208
28795
19881
15134
17519
20833
5646
4841
21346
26059
2118
21541
21831
26512
25560
14602
28934
8522
19209
5276
16420
20151
12717
22061
21561
23647
11837
26147
12452
19063
24874
16379
3197
14086
26225
28046
28875
21318
1392
18323
1783
18509
4855
8038
11137
20204
14755
13832
6386
32472
7271
9318
16146
6407
1900
6366
6746
20829
8987
3583
8108
23432
23928
24208
4162
16169
32177
23252
18917
14132
5622
17165
26463
8345
18316
19263
17714
15396
3357
3126
16010
18337
32595
1482
13937
12869
18341
5730
16706
28745
13680
2999
608
12760
10569
12507
4647
299
19090
32121
35
3059
15179
19038
17792
7159
15915
12088
15298
766
751
28062
27575
32239
3315
3409
18601
21303
26623
3522
11223
12395
8035
20692
9255
2862
11078
8930
28181
2390
18491
1028
10223
13386
27925
5774
5700
31662
21245
22234
3226
19267
17345
72
20063
14344
8815
17282
31778
2214
25123
12805
24835
7434
24349
733
13416
31060
19990
5295
9202
30704
13780
20733
14768
26370
9981
21670
29330
5384
9769
428
6432
4283
31802
24122
14443
8245
24816
25830
15172
13145
13240
10803
2989
21872
14021
31578
18061
25104
98
23114
22440
322
5767
31469
4557
12003
26794
9645
5969
20811
7127
9015
9917
9005
23811
5502
8132
29886
11678
25091
21624
2074
24167
4437
31421
3299
11396
18387
20989
32555
13522
15289
20765
28052
12666
19547
28848
27317
13765
7851
25963
11712
23601
25345
24281
9826
6852
10268
7760
2027
12704
24420
31268
4015
26584
30321
8474
2732
2690
10705
12832
24173
25101
29958
31803
6446
4565
17359
31424
19776
5621
18601
25031
15279
21340
7316
20189
4643
28196
3098
29177
16388
23071
13710
17074
9953
22962
23698
5550
10771
24294
5851
9822
24989
700
13881
26856
29783
1729
5073
14437
23884
5347
8365
13645
8288
12675
24440
26671
12854
5067
11138
31910
5968
22594
28939
10376
32376
16797
15037
4960
23135
31705
14458
21023
16005
5510
9048
19214
856
9062
8938
5639
30112
16950
6082
11493
5402
27340
28467
57
9827
19554
25692
17471
7192
8498
21089
2576
6972
12611
31740
31000
7898
30594
27701
15563
32491
7444
21613
31380
24185
16107
2977
25614
17669
12695
4845
14711
26407
14175
17231
20578
25204
23697
2222
29355
28836
28182
19995
10672
22005
15945
32598
18878
3786
11274
17300
20938
152
8205
21887
29538
12802
29816
7295
22243
20035
31406
27448
28651
30669
4965
1876
30225
11823
3327
24194
21972
19260
15383
3262
11730
23402
602
6100
11323
21880
14232
1055
24708
30036
10522
9879
21856
15931
9015
22539
1772
26658
14626
28074
2345
15445
16134
6856
29360
9566
10837
8159
24481
30248
19549
27348
8413
11364
6940
3196
27509
12844
31829
10079
7266
25318
18147
15292
25718
22380
28238
29901
28818
15722
3228
23371
25114
15879
15977
4405
11174
14279
1338
31438
9722
20399
9231
30949
28985
7595
10807
6232
30293
30766
8296
23259
7370
8984
3087
31990
2188
26076
15589
23885
29757
19682
6339
26916
31652
6698
22967
12834
27227
10547
29271
4437
25287
18971
3157
31607
29005
22535
21844
27248
24515
3781
3578
27
23845
25520
3911
17997
19850
26068
14885
12308
22102
26963
1344
16444
31408
520
7447
31000
23607
4457
19028
31103
29680
27570
4696
27412
22403
22592
17947
9674
24232
28986
29491
11432
15580
9847
27442
26570
25432
26524
21813
16297
16195
14725
32186
32156
10279
15079
22706
5534
4770
23603
27096
15697
23390
20157
1856
29763
15938
28445
10803
24944
19946
11989
16954
10761
32597
16693
15993
9588
7646
3964
16702
4756
15214
14400
12762
12874
28911
7696
8368
27452
772
18775
12683
23253
16119
8579
53
30605
9203
16743
13125
10346
11379
27358
12600
30150
19450
23986
11203
14164
29957
5564
30056
25438
15165
13388
21832
25424
26098
6347
19768
4474
1733
27806
1558
17426
26788
9806
22110
2424
27388
18406
5880
31166
7465
23709
14932
16744
11826
31157
22969
18800
1203
18083
11482
8334
4890
20592
8107
2486
15382
11359
31346
21473
23373
11728
20513
24336
17998
13156
9955
29326
22982
20322
3829
18550
26358
20314
7095
29302
5476
26376
29443
31698
3281
634
26301
27820
31596
885
19627
4738
19525
28182
2183
12792
8708
18613
31827
1496
27099
13070
21229
12119
6841
30883
22755
31642
29889
8796
22408
8824
21754
19313
9800
25218
29000
15753
26168
7744
4251
6180
7153
24254
4966
1846
7071
24391
24659
19732
31573
1649
2357
9108
32676
28762
15421
14448
13931
28208
21874
18668
13296
7927
9307
8377
9776
1414
14846
24
12916
16339
21263
11587
20773
17265
12897
13576
7137
17239
32672
7863
16846
8931
32322
5950
5679
6687
12475
22419
27957
28482
15344
19026
15127
27002
7919
13480
10597
24808
4829
26223
5785
4076
10031
13722
13295
2468
28190
18644
13686
31151
19796
30052
18535
4407
18156
13396
17334
17710
20121
29394
18152
16855
32549
16854
15140
14217
17438
10501
27276
25776
19404
8406
8654
276
21861
30707
4085
28254
12164
10210
22662
20952
31448
23780
3016
31604
1305
13597
31075
15888
20545
31478
4396
7416
6648
24256
17984
29356
30544
29594
10320
29924
22706
29588
10043
14802
2585
3860
13538
8871
893
19321
14648
20312
7571
13567
3224
32674
32435
26594
27740
1356
21529
13511
7595
11180
11089
25687
12946
14444
32749
24109
9558
27022
20857
14066
15881
5294
21937
27078
30300
19335
6897
16610
20404
10681
12012
12668
20352
12234
7585
12011
5577
20330
23691
14604
16906
3323
30232
10724
6723
23120
2397
1671
10313
3765
29192
22328
16736
8240
11414
19153
11275
519
19142
10598
22563
19586
3149
23077
23847
4594
28619
128
13011
1266
20478
29839
22516
21485
24885
6831
23418
24033
8968
24176
31695
9314
6727
21678
20583
7905
26416
18685
12697
21294
3045
14923
21165
22332
30493
2752
16950
8229
10009
26345
17570
17005
30938
10262
15631
1931
30609
13824
6240
31909
16471
11183
28304
24220
19998
17307
20039
1864
16871
20242
26283
16389
31542
15577
889
7534
5315
29462
3924
18536
6515
109
4189
22627
1414
26730
21251
8924
26642
3871
14109
9254
14512
2062
21302
25963
13685
19529
25127
1006
23844
7127
12012
15762
22945
3674
29360
9888
28329
5871
22826
27845
16577
32598
7980
19290
2156
7763
32633
5352
1441
19795
25048
30188
18300
24915
102
21719
7220
11006
30512
29529
15693
16917
29185
13535
3087
8212
27769
11867
29238
19987
14431
25411
15083
10730
15928
21468
30707
1688
11289
16568
18215
11238
1721
18301
3108
31047
20682
15593
29251
12291
15498
26643
19148
10388
7061
756
7014
30544
253
9253
28882
17481
18844
30186
18905
23154
32425
24176
11907
12803
18058
32083
18314
31262
22505
8803
2574
26034
8970
8616
19338
16288
9564
10404
20999
2588
6990
30935
13456
11606
1123
11145
8165
31066
11657
25283
21364
32565
13735
2975
27268
1370
16501
5569
17844
6980
19344
17446
10404
4188
22990
31517
24562
21020
26830
12178
872
30069
25812
23442
10355
28526
3796
7180
6359
16655
2253
23509
24994
6781
31833
12271
20062
14694
3969
18699
9355
1695
7125
7756
13133
14092
23485
13646
2913
29633
522
11111
29525
19814
28624
25645
27641
32480
31864
312
22801
17198
1041
1833
8780
17040
12263
21482
24698
23279
11607
19000
27385
18297
18145
22111
22896
27532
4991
12357
19904
17621
12341
32426
6712
18617
14314
16302
6153
12531
28022
6804
16889
31615
19452
32453
26459
8631
29050
13336
2878
19133
6046
16464
17381
32024
3804
17895
11895
5026
28605
16394
19192
31137
30330
16356
21624
29236
15561
3871
27018
28401
17911
23464
6392
14796
4407
20659
9909
30266
9786
16640
7443
15767
20479
18012
32310
23237
31213
31338
10697
26903
25375
11427
19183
23149
7167
14748
25213
10400
534
26503
16742
13856
11810
27645
1911
8667
2153
32507
31300
4705
30542
7978
18530
15430
23586
27491
3286
10184
21052
13682
9934
31154
25676
12826
14735
17281
11244
27226
26799
7876
3960
20975
9348
6089
4640
10010
6876
11125
27195
32675
8174
23668
20958
10014
9105
9107
17838
12909
1708
16233
9714
27782
25838
10045
28141
119
9919
9508
30058
1191
28534
23402
28824
19294
15308
14643
8728
7303
17552
8802
29525
15541
31133
20154
26388
25957
10506
9283
6732
4739
9888
4336
18231
18735
1937
10110
32425
15296
18022
927
2977
28425
25402
14680
13597
17628
21542
21416
21043
4045
23036
9834
25694
5176
3384
30588
11286
6790
14131
17185
27555
30379
19354
8100
19506
10483
5663
1087
6441
31743
28782
30522
17848
17418
5219
26455
28848
9074
24186
13422
23193
30835
5255
11093
511
22581
1191
30978
23052
15113
4214
22772
20316
15855
30850
719
3852
7517
31744
6982
17428
19771
8382
11325
16087
21042
14169
26671
15097
16422
28592
15566
14193
513
4504
30954
5343
20147
11730
2452
28191
28535
23354
4739
24350
15191
21568
26039
11756
27634
2204
7771
2579
12157
30526
25328
22056
7176
25732
4776
12191
26626
16560
25104
10467
3072
21145
10994
27047
12730
31393
29562
10614
5206
8678
28823
14482
13802
10685
1956
2811
3644
28508
4936
31182
5836
14294
28571
11984
22548
6221
4490
28235
23566
11874
11644
13081
10743
15601
12598
20734
12115
252
5371
4411
14897
21220
18424
32095
26800
26591
15328
19553
12738
18342
21460
9708
27440
19054
14981
12282
28894
13082
25500
6820
20817
14767
15450
7736
9070
6664
20347
8077
27012
31435
24673
28307
9613
16539
16750
21294
689
8591
27058
23621
14348
3299
3526
9494
2225
15086
16375
1228
1263
31060
23463
23635
28883
1917
16369
30315
29677
5958
7564
11771
30295
17910
23538
20136
20212
8563
22977
25511
9974
3510
3169
26831
13987
7804
17127
4595
16216
14654
4153
7278
26318
4964
8307
24319
22428
24758
32138
3032
19197
17939
1840
22769
24532
25701
8695
674
25325
4052
25016
23665
27782
1850
13110
25641
30478
16343
18687
2860
21292
6471
20371
10761
7427
3504
11464
21073
5813
12864
20077
29351
3109
7127
19502
279
9218
31744
24759
8105
16897
2598
32285
28469
24169
3333
377
1144
30421
6238
18902
13160
31797
21231
13901
9413
25111
22690
20334
27121
13093
3333
8162
769
20206
29178
79
2836
13545
22192
23164
32483
182
29393
10166
20890
31656
16893
11890
17383
26497
13176
17203
12624
26236
543
4270
18377
9361
18593
11052
23942
9716
9707
29489
22798
24287
1508
2907
24465
30865
25179
25996
15739
26519
4157
11084
15689
14154
27916
1384
24731
11929
140
1759
12171
12808
26304
16127
4670
1785
5652
14028
26808
23594
21980
23969
21749
15232
30973
10522
27445
18691
12522
27696
15511
29481
3283
10662
28649
30807
31001
26021
23743
26021
21252
15011
23746
29410
25784
13705
18251
24536
23909
15636
19249
14032
6591
2171
6879
6233
20654
26963
7849
29766
30790
27824
8544
21494
30457
6030
11043
6616
29963
17007
32377
23085
25159
22597
27549
12560
1009
31889
28185
14772
7931
23757
18582
2798
4731
12552
4851
23795
30301
12240
28308
15458
4693
31060
21757
28293
16664
15818
13471
27348
5068
8975
20465
3514
18877
11661
4803
26780
28753
12386
20944
21272
16190
2239
10386
8586
1274
10381
26970
9429
14196
13399
21407
22368
32001
14436
1174
23390
16793
14627
22020
11859
11331
8909
8017
13779
2254
23621
3293
2445
31170
323
407
7817
1686
1969
14027
14254
23075
21589
3643
16263
17753
689
19058
28487
23089
25639
8533
26378
13026
31329
23803
7005
14680
28912
32446
15361
738
23091
6290
30700
5163
13179
20630
17041
8555
29804
17129
32353
7902
11687
13759
12434
13686
31398
21428
8735
28621
19174
24672
4624
13149
17996
6955
23803
23027
20674
17506
15819
32609
28961
30859
3008
22387
8019
22006
6583
8229
15801
8341
6828
1043
16842
22541
12157
305
20477
29709
496
10172
20201
15071
4344
17777
13739
26173
4660
20732
6537
2661
3257
10675
16085
29552
4369
32644
12563
27871
12931
30508
9822
10103
9621
24234
12807
12623
10192
1524
2688
13351
5315
4072
26232
28155
19531
20357
13640
6104
19985
1371
13966
12015
11859
4416
13591
21480
18408
27717
26883
13432
20350
32489
17699
13110
11303
10124
13222
16810
14612
1318
1525
8359
21663
23096
7131
31451
24719
7171
1513
3493
6040
505
10009
21542
23586
10609
6577
26779
25676
8606
23402
4074
26415
29634
1234
9082
12135
31647
4079
19784
14032
9262
29221
19000
12173
23700
3417
9897
7759
22866
15447
10571
27091
30140
32369
24629
941
18860
1641
1074
3653
18295
12434
9820
9247
30240
9265
23533
9311
7116
9257
23633
10380
27766
21208
17792
1940
4324
27964
31370
2576
6618
16730
20595
13258
13197
25568
32066
18044
11610
26889
32085
25051
10680
9409
25335
25812
2668
13834
17461
29718
27900
24990
15085
18896
19301
32725
11047
12988
5392
458
17320
23644
21507
20921
27845
22660
12885
4780
6518
31256
29668
855
11947
28439
14410
2112
29923
15320
6412
8483
18426
31636
30741
19860
31042
2597
4707
9446
6102
31501
11009
9548
4907
442
25141
32318
27624
12041
3322
23070
26360
10248
8368
27420
30429
14848
1811
16215
20295
28595
28266
8260
22245
3042
27136
340
27515
3346
30424
16849
11317
7824
14493
17929
15931
6835
728
11183
16261
609
614
7550
23537
3540
6952
2591
14482
15006
19964
16973
10571
31467
15084
16951
25757
27143
5030
10790
10686
10784
4652
10847
3307
20300
18381
26187
24062
31694
22612
4821
23875
4501
30079
21524
12936
7429
11955
7722
23155
23802
26861
7532
32281
3082
4860
27075
26827
20235
27118
2385
4147
27861
25032
1624
25249
13129
1658
7256
20383
11667
26897
16504
16075
4011
27951
2343
26854
31522
2744
14595
18216
283
22479
28922
3286
1432
28417
19887
24343
26615
1471
29727
16132
5308
18194
20868
23038
25744
18058
4730
13380
27786
8056
5472
25028
9134
5212
23553
16690
435
17057
16499
27992
31498
16008
28992
22701
32283
11107
30916
18216
21970
9219
21462
6742
5466
1907
23467
9131
28968
32231
1782
28950
10556
18927
18004
18391
26787
14832
32744
16789
15937
19925
28226
16299
4813
25858
26246
10436
16413
2185
18890
9383
11684
9633
9663
19028
5689
19540
18580
29775
23321
18039
19479
12092
2096
6879
23582
30380
28052
20690
15397
13367
29267
1980
20536
13515
1134
14115
11540
2115
18981
10973
29577
32571
30837
3969
31522
15139
29408
8987
4104
1171
6252
24100
18468
23518
25070
10417
13188
30698
13704
28650
27648
10047
4977
12222
18461
18269
32756
17621
13617
18003
20156
6854
31944
25229
13134
2699
31047
7406
15063
32050
32207
4383
4904
9940
30052
10278
17151
28107
32079
22842
14216
21024
32448
27861
19235
26947
3000
30220
10600
16895
806
30236
13416
17580
16465
24133
20278
25511
22901
25563
12711
12287
12721
23194
10581
9841
25120
2362
27626
18583
15943
11331
24219
22108
30639
6947
30450
15283
9426
17277
6353
1673
12092
28357
5556
30967
27882
1546
12598
3005
26870
18450
20183
29932
8054
9644
11516
1762
12449
14402
20791
31611
20275
1710
2505
32646
28179
3150
10341
4726
28979
13915
23095
3674
26040
19318
16677
27664
1372
29060
12885
6069
2320
17852
15855
26975
3813
15102
25636
5647
5932
12903
7023
11489
23772
546
3098
29830
3381
24193
9477
15604
8867
22860
28067
31068
26341
27481
14661
13917
24686
15452
8091
16503
12044
7425
24183
3778
7111
26424
2261
17888
24588
14544
10009
26416
26635
15432
11415
68
5213
29666
26200
28310
16106
15096
18203
2934
1802
29075
13467
21575
10474
1594
14864
25323
25650
21000
17400
19068
13796
31490
18711
11325
27015
20647
1213
6352
17798
22216
9799
4521
22227
29337
6632
16066
8143
28169
20138
11408
11886
17743
7599
9783
23958
29381
14013
32762
17865
11514
13818
26101
8452
19202
18163
782
9703
17169
30947
5161
7701
30537
10291
15259
15326
17615
8509
10465
29468
2340
24661
26771
22874
4531
4874
28819
20796
10662
16041
15498
1307
14846
12291
3733
29935
12259
6256
10299
7026
7480
31764
4003
28290
18291
21857
13571
16071
6316
4573
3164
14999
9971
19494
28517
6166
17895
26419
23492
10914
22149
28380
24964
26478
18749
24989
21956
7532
1611
18327
7596
25713
12356
15063
9638
1940
29935
17627
22730
28375
24663
13650
11417
19465
26142
22052
5359
3818
5396
8370
29747
25745
10504
22623
23505
17931
28383
11855
12522
23109
12003
21103
2378
12075
4445
5557
21658
3602
12645
425
9686
28499
20985
2340
12546
20793
26957
13911
20761
30238
30306
31248
10823
19920
21722
57
15447
3642
779
11681
31087
16192
3666
11008
13563
15850
6569
8501
32487
31429
12924
2769
16145
30598
26553
16089
9470
18417
22311
6344
16332
6649
9464
25044
21095
2345
4513
24434
14336
16706
8681
11036
27835
13350
3392
14162
3752
26356
26195
9695
27381
6773
12765
21341
27490
21175
24512
15355
30708
503
23124
7550
8430
23236
8191
31366
9469
3426
6918
25363
10163
29805
11170
9799
11318
29886
6231
20846
10298
5267
22657
8251
17196
3561
27952
16980
5552
24621
15413
6674
32078
9492
8573
22657
22632
11464
10910
6831
15984
9540
12464
27683
2136
20737
17502
21163
15689
4306
8252
18267
14231
17676
5468
16594
5621
18923
9756
12991
19685
4913
17217
9892
27763
11024
24394
20954
28195
6218
19454
19670
7976
28567
5704
20394
31446
5191
21572
6094
2394
27688
6554
23329
5801
2730
1547
27691
21942
5953
8777
29605
17384
29451
32524
25403
24779
25011
19042
1424
3590
14741
20294
20355
11149
24355
4981
22193
17431
3975
1917
4410
24019
16010
32023
17097
17238
2996
22454
15054
22744
4788
11104
18446
20897
6915
15805
1374
22974
27333
7534
25515
2040
16624
17311
5438
11271
15023
29664
15934
19714
10249
20016
3703
27674
5054
18267
10329
24456
625
31623
31044
22980
11532
3849
26371
28920
14945
4477
30358
15028
15373
5909
20532
20451
29346
31793
17552
19710
7429
1840
14172
8831
22292
23686
4875
18841
19340
30991
10716
12582
15658
9892
10260
30433
11025
7915
31626
16597
5228
20595
21609
19221
8020
31232
9010
32174
9972
4131
14336
7898
29931
8462
26384
30070
10737
10919
22144
28598
6590
5851
22871
8728
7720
21045
31686
12950
9611
12463
9390
1056
109
5320
28769
13897
12898
3286
10413
19777
18990
23198
32279
5635
1322
6434
26212
6863
16873
29882
17502
15323
1562
10598
15572
16454
7088
15203
23779
29517
2369
7676
30068
8641
27052
15523
20486
3000
26367
6720
8366
7812
23704
31433
22875
2785
25738
19219
16991
2930
21570
15080
31787
28527
27754
15705
20058
15768
16397
25429
26610
877
5884
17531
29926
9376
20337
27181
11487
16075
755
28902
16187
30047
29305
21453
16470
14812
32210
5770
31753
25672
10820
16728
20849
12250
31860
25435
31730
28662
10629
3893
28027
4446
25476
1492
7691
15270
17668
909
29812
9960
8197
25455
11359
31162
13339
3281
23952
17245
4044
24366
2155
26167
8505
4147
19383
1667
14849
12309
10147
20808
2658
18472
29190
12167
22433
18350
24555
14777
29100
13036
18509
32633
11263
18564
1055
30589
24004
4350
3984
11210
11582
3240
20620
30248
10855
29600
9862
24788
31960
15407
10101
32630
10474
23384
11804
21586
12315
29617
7567
5570
4275
26226
32243
26596
26791
31436
22149
24208
16317
3964
26846
23437
15601
2719
12661
7428
19223
31688
20837
4148
28867
9296
17776
15464
24422
23021
3652
23078
32185
30598
11774
27306
29023
20550
7917
25491
27590
22768
10136
17115
15950
31602
12290
7948
31149
18620
31788
1969
7314
31954
28636
18955
5512
2336
16285
28166
7197
6415
13063
32619
9540
17621
23616
30551
30457
26257
26819
23020
7971
17815
28512
23622
20926
3080
24452
9905
29241
15015
30139
1817
19485
3815
22899
10178
16112
3913
18435
7737
24921
12772
28908
26250
24453
20805
26462
7859
6344
25466
19710
5721
16520
10090
6630
1722
1623
15464
9709
1763
2399
22535
22313
4130
6915
3631
6579
9919
5315
24432
1194
31463
17760
407
20603
5609
14657
5759
607
26533
25110
17706
28965
18496
25019
26896
1841
16925
31839
19383
26053
14345
30181
7300
19839
15286
24202
6865
28707
10347
4809
9792
3995
22009
29308
10574
3644
30705
4931
4651
21579
32020
29225
19913
11968
779
26757
31026
2889
12889
26655
15648
13714
5773
17044
1991
31172
18108
32764
6390
20556
29230
2249
5214
30429
9560
9970
3633
6840
23306
8786
17904
30763
11754
31819
894
4951
15905
3758
19064
28215
8020
4575
22473
24542
25302
20020
7544
28928
4636
31903
12485
25012
11633
6797
24181
15480
746
13581
22890
6774
29085
28469
14198
32006
27918
18369
12401
24691
21738
25086
21385
27650
29944
21991
9946
25392
16716
19341
25919
15420
8894
26044
20071
32741
26522
16347
15659
22133
11417
788
30750
26110
21008
22197
28774
26084
20840
12246
25291
2971
1742
17469
3854
13490
17195
9342
31100
29201
14935
16742
27330
22655
8586
24730
8707
14951
4627
17532
27944
11995
1100
2894
7032
2521
30413
2458
32360
10701
5600
9169
27828
15960
30517
27442
31662
27728
15831
493
25302
29448
14943
2697
15788
14033
23400
9859
8130
21696
578
18488
12053
9138
4075
23556
14493
18062
15930
3244
29475
13258
6494
9977
25683
22065
11655
24742
7186
10979
15587
1661
14866
157
4556
21948
29091
15418
16704
1213
32716
18042
29073
16086
18330
1795
31069
6015
2232
4261
27329
14514
25664
25314
24266
20632
9169
25774
5420
609
30434
31859
15415
24179
6741
26968
29958
9672
7759
16835
26618
23697
15944
15132
32103
28704
32606
7893
3724
29700
2287
4263
8905
14966
27494
2590
3340
19444
18773
12119
32141
555
5829
24841
23483
18970
25290
12226
31861
20853
24410
5235
2174
9031
7006
4655
10027
30684
8970
9520
16735
15326
31338
8987
28857
4798
9790
28804
28428
22613
14088
12213
6672
26060
2659
19627
24407
7609
13974
2658
9346
906
21609
30035
32692
25127
6968
24378
21575
17875
837
18460
10174
19795
25170
22665
17147
5715
13936
20767
29619
18693
4882
4943
542
1803
25701
10084
12019
16791
31972
25536
19859
15057
8487
6505
20100
13945
1531
27077
20002
7629
29880
10658
31633
6829
2511
30073
27638
28157
16803
23284
11751
1355
18330
15277
12576
5041
15219
19769
22135
12797
24794
23141
15378
18960
27961
10687
6615
20868
26578
11609
16932
6034
20491
24521
6848
10802
32264
29300
8722
5763
29055
12557
21649
2158
712
15960
1660
3462
10804
3636
1483
32563
20896
16600
6245
22544
25674
17245
10899
30865
4323
22909
16821
7913
29157
29850
1844
5675
4134
31745
32695
24751
29614
27249
17050
25015
14021
25815
17820
19026
20305
11868
4311
19841
607
7585
28406
24473
13824
30537
28066
1256
5462
20921
16957
29595
15086
26139
26323
3295
21840
29353
845
28999
31189
4648
30440
13422
6585
11442
5606
29661
19825
26041
28548
21807
27199
11081
12331
12147
5635
19085
29674
25553
19796
11669
7460
10609
4047
9814
902
20632
9903
27379
3900
16660
14751
10043
5221
14299
9676
18290
708
2031
19261
24660
15800
25220
17511
22615
12398
27237
15356
13873
29269
5780
21765
14490
4050
10288
22832
6995
19254
14236
8555
11623
27117
7390
27825
7345
25079
14149
6436
6814
31645
22607
29533
15924
15196
21961
4096
18259
10278
1848
25491
10043
16842
12920
3216
29263
15280
11171
952
7961
20425
11317
9899
13965
15814
9581
20662
22930
19080
4598
30188
16318
21464
2758
29816
4961
19545
9031
4145
20166
13242
20660
19567
32437
24368
24774
6173
3644
9764
17297
16
32688
18217
11432
23447
14062
6448
20360
10068
14566
23807
15156
586
1115
17119
6428
310
26596
30869
21315
19491
31031
21396
26017
14905
4518
27505
24263
24534
29674
14487
21441
17120
32544
2876
19264
10585
4881
28308
25593
13875
2486
19524
14920
18534
27132
25625
20761
20545
14276
27642
520
3837
1326
27675
14535
29848
10519
11124
32192
4065
16096
16498
5116
17615
21361
6636
11844
15638
25470
5208
32646
18172
3849
28479
10874
5737
9769
14062
21636
7230
29449
30319
24541
26600
25907
17847
4334
18229
527
2081
8956
6246
16038
28443
4106
645
9900
5407
4091
2041
29886
17638
4856
10071
32744
16600
15121
32379
8810
7878
6439
9176
32188
3035
12553
10764
16335
3280
2269
439
19862
3680
18370
11662
30405
23036
10163
31915
5849
17087
16046
16167
18264
7844
25366
10475
1882
24567
12119
22211
31816
25353
26824
10677
12260
17448
19925
27792
28553
20942
3933
30663
12468
28441
31065
18304
7876
31355
3775
14313
13822
3251
7334
23499
4052
9212
2218
8545
17511
3972
24210
14698
1354
12063
24880
29821
21897
23357
8841
2717
746
2330
26422
269
17522
32564
22794
8805
8747
11778
19701
15590
2597
227
8232
6923
14011
15189
28794
27232
18967
13927
13323
1175
17145
4721
29735
20185
11955
12546
12141
9050
15481
2842
10032
31024
5591
14233
7197
15973
8323
13816
15902
6219
3413
20791
21375
32271
22676
12054
23376
24977
8051
24456
12042
23155
28379
101
26485
1905
28523
18783
2248
6640
4798
5175
14866
16345
9708
13617
3034
24487
27987
14277
4610
23231
11671
21399
21746
18944
17895
11689
24050
26780
16258
14799
25302
8486
30330
20580
21729
28908
16312
19516
22244
5510
12353
17625
24230
14511
27064
14562
1416
3668
4131
15568
19561
6379
19698
491
22216
2054
829
18805
24872
25896
6477
6181
30393
727
31582
15831
10804
25074
15267
1409
22023
325
29579
8553
10162
19291
19011
10133
31345
5779
17532
12931
17691
27510
16750
31259
8010
1352
18716
30946
8636
16605
4058
29040
9721
28079
21261
26660
10550
13613
29491
25878
22138
3157
28451
4685
31743
25476
9365
2611
28635
2189
31204
27205
10207
28425
21779
32271
2240
21231
1039
5720
12404
26981
31283
24730
16351
5077
1809
21173
26543
18754
27248
32483
15493
10717
27025
25583
5717
28883
18871
3490
32527
14442
21477
6527
29823
17484
17898
29616
370
17954
21659
24639
29210
20581
9056
9353
10163
27505
21746
25840
20327
220
6498
2769
111
4357
23902
18102
1404
26352
32432
716
21845
15953
10759
22935
32449
4070
17914
25828
2983
30730
3914
30975
8052
27528
19047
8231
21693
11949
11830
27199
7718
17057
27666
25798
11906
15607
30993
20233
11323
15746
31880
24215
13300
30314
2001
10230
28270
31360
31563
32660
15784
17871
15523
26368
17739
13427
8786
23130
21060
23471
14439
4617
26035
31033
17031
3243
26372
27864
7986
30034
16731
28721
28743
14829
28726
222
11467
26116
16206
12481
32742
5545
16830
20632
6446
5291
17510
10449
21033
32268
16274
13471
19724
28597
3031
4941
28873
9833
24126
9171
26185
5624
20389
32423
31478
20917
29537
16853
3197
22825
16680
25426
25042
7433
22063
32141
5492
20582
20879
19016
29938
23076
20461
16294
31150
31405
19034
901
16097
31206
23672
10509
6367
29027
13790
27785
12701
1751
15038
24950
20080
10958
6085
18138
8983
12190
19779
30168
22012
19610
30092
7808
6583
24970
19102
18156
32724
3672
12036
16520
26838
29452
15866
1969
13691
11258
9937
16770
7490
24122
22421
19434
20011
26713
15086
5122
14782
2894
3396
9886
13134
8112
3366
12067
17279
11046
2797
22680
21766
27166
7068
17663
7856
8642
29451
3813
28326
20007
10565
2360
15087
200
28462
12633
6966
820
30313
1906
4046
4611
4216
16650
14835
17422
18725
2518
26963
29152
33
18130
8909
12647
17900
3985
1144
14831
32756
20945
10983
17490
6145
21331
31659
15208
15056
1514
31002
20677
27134
25041
847
18852
25897
14913
10866
6174
11857
16451
30266
5280
11652
10180
18095
27547
14266
8935
12853
4989
31998
10143
1222
24289
8654
13180
17535
32514
1989
453
24414
2678
2423
26568
26186
23577
11677
19310
31059
24135
5490
26642
18748
5710
10844
21907
21046
1058
20175
1448
13295
10835
5742
11124
19147
21053
18804
16731
28273
24703
14163
8467
31114
19886
7323
25086
32453
5962
8220
29111
20255
15600
11087
6891
13665
7634
8690
28266
2794
19045
15603
17021
2478
7769
3215
15483
32639
14030
26043
6295
18060
6341
16067
9212
10023
7124
16177
7452
1739
27935
1776
28228
2141
16003
28849
30324
434
30228
21390
21615
27218
29130
2029
26638
10107
13175
13224
32217
22889
2300
8555
22744
3541
1213
10077
3751
31676
23122
24834
27081
11361
29568
16480
17982
13717
20839
14944
7256
26934
3580
4728
11722
7670
4538
2439
2306
30045
20885
29696
22201
17170
10544
31563
9672
31062
9551
3688
10557
16081
21135
17878
7342
4497
25685
16051
17101
6992
18436
12580
12861
6901
30835
17911
25764
1886
9630
28551
15362
20317
1179
18912
29249
23296
23504
17956
9997
12822
8036
9518
32741
27630
12787
1396
3698
19554
7558
2098
28952
12820
22722
20933
25036
14840
27743
26964
10021
15379
3292
15286
7093
1410
31857
17808
16281
29629
18758
10430
2127
21789
15330
12533
25288
12956
2534
2982
7102
26333
8443
14117
8776
9836
7689
27914
22700
23878
17578
3032
26484
1436
2782
17372
18116
23508
3328
2904
29162
5073
32248
7649
31031
29556
26547
2822
26125
30306
20432
6194
9530
24328
5276
31188
27524
22749
5697
10172
18565
4071
58
20680
23482
24961
18186
12737
24534
2651
11822
21376
92
30146
27216
29781
11628
4642
13245
8361
25053
20169
23833
16097
3981
9965
16978
4742
9717
24049
9170
31395
26369
20708
16889
28527
32286
331
19658
812
3476
15648
31716
27215
9750
2074
25268
20193
23703
10799
21738
29477
29280
1880
28457
26491
17248
9364
6147
22404
28355
32303
3364
12935
28102
4932
20685
13076
3273
19073
2949
2535
31397
5162
13835
12302
25153
28000
8078
9295
16992
10404
9248
6084
30653
8087
10089
19912
11610
12803
10136
13079
10005
13855
31903
28720
6780
15887
6048
31486
2530
22187
22178
27576
21939
9089
16521
6406
30724
31773
15685
16229
7790
28296
7753
14284
5661
19214
2879
400
15908
7492
9978
9093
29715
13898
172
10342
11980
11342
9561
14966
15250
29521
25995
8808
20835
29486
9032
11644
28296
16088
15425
16108
13418
20707
25676
4230
13735
28998
1044
26266
27237
10335
28687
15126
16103
25399
2993
9200
28766
11528
11488
30916
11265
8700
21415
31679
9311
32568
2606
2491
4340
29721
234
5547
19451
6333
15121
29498
644
11718
24401
13487
10950
2394
193
8212
13494
21870
29720
32663
10457
837
1309
20784
10582
6195
8286
6532
2383
14247
17701
24074
28273
3689
21416
2668
12490
799
2944
17712
27867
20502
20060
30615
31727
27199
31479
3269
18091
22904
29767
11299
9701
26125
10488
29442
17850
16255
12056
29057
16090
132
18452
28336
23079
13390
24803
14325
12927
16656
25217
32687
10453
23487
26271
3866
24199
26902
9369
20339
10731
28636
10920
28252
14635
105
14169
8577
22356
13671
18237
19836
1961
12758
10978
5110
27453
16466
14595
3343
9409
30617
28924
12288
11930
2120
8576
12031
22327
6117
26510
19044
22433
19746
6561
24329
14419
29024
29480
13302
30797
19315
5173
19262
10852
6053
10617
14884
31964
16637
20592
19586
24376
16321
3033
30572
14929
16697
23657
24336
28326
31926
20928
29664
3315
22995
10140
27380
32005
19451
17229
5545
1740
1835
9577
23695
29106
29177
9152
24962
11819
30934
32658
3350
15757
9872
11264
2873
19491
9755
22721
31507
12668
4496
5398
22065
19209
12918
7936
21219
25832
5953
12976
17890
9466
8728
28223
18230
11323
29915
7583
7767
25171
24165
722
14739
8040
11534
28249
13487
10295
2676
15344
13009
12387
17532
1912
3998
22284
10131
11829
11167
20900
20026
28729
22505
14590
2497
17952
9469
11432
18514
16126
6381
16507
7218
31382
4288
26736
18500
5069
20760
22198
30159
3934
2578
1
30592
8910
21102
14884
15795
26531
24048
10466
24558
20177
29445
27905
24494
26741
25514
18849
2151
21445
3466
13260
4294
27463
9574
78
24889
322
20922
9159
9137
16499
22686
14590
167
1280
25834
16760
11613
16818
9885
21578
12134
17758
21120
12075
31080
29860
17670
24013
17697
19420
19575
27502
20136
15694
24141
21162
21749
16289
15327
8083
932
8343
19004
30723
10742
28663
8538
32305
25369
5834
5744
16771
5033
28361
17824
12707
24694
28183
24281
18389
648
15148
14844
23176
7264
15633
30269
20266
29825
31699
10445
7745
14639
25906
24246
23992
12663
18841
30214
17782
32623
9555
4655
25142
22463
2555
12206
27282
21088
15412
6891
27232
14500
22939
20064
14402
29815
6906
31742
27001
1252
1727
17868
14330
7131
10156
27090
3780
18737
7119
25909
12400
22248
4021
21155
11274
15025
31195
2033
5151
16559
10853
14083
11287
21374
786
5613
32709
1396
27504
21079
6461
16166
21836
21542
18662
14126
25965
4953
13264
5932
5250
1328
7239
29195
23640
25748
6312
28550
17744
22963
11379
20714
26641
17643
30626
13085
14202
12521
28729
12767
9946
12306
23071
20560
100
10529
28972
19122
32733
22290
31107
13681
1432
64
10786
3424
30116
10442
9655
7494
5956
17466
30133
23705
2207
10857
15272
11145
6841
21405
3270
4161
10658
8181
11206
22889
17646
11783
5365
18927
15460
1223
4230
12807
25851
5291
16169
6512
10754
21516
21728
24313
16030
31440
30222
28997
889
8518
27345
1227
29881
18001
7314
27424
13359
201
4571
28537
977
24606
23656
23660
17515
16446
11648
3830
19601
5305
1158
15042
11224
28451
11211
17320
11846
17595
30630
20597
13318
14153
31687
31466
12640
25933
10952
16647
27369
1365
5125
7049
16887
20655
13230
23985
9560
320
2330
16967
31300
26292
26462
18911
4495
22232
13343
20059
32035
32067
2212
28593
22958
20028
26927
15854
24728
8408
1678
17531
22072
13411
15853
23199
10311
9473
19182
23878
20629
5013
24572
13825
20474
1250
6364
21325
21904
15345
31620
30232
26143
5042
31537
30849
6105
7141
12724
29152
13896
32059
17164
23558
25220
26809
7994
7622
937
5726
5713
7860
7048
5893
29389
18476
21405
32141
3621
6038
22082
9014
5028
9705
18465
2894
25972
18542
30191
10766
22524
11975
2648
4799
14188
8751
24629
20768
19349
18947
17669
29196
19967
6530
16283
32600
1589
19153
12052
29435
100
2881
22028
25969
4644
15573
9746
31585
8598
28927
24408
22141
25263
171
22703
3497
32467
25982
947
28768
23206
14432
323
6484
28191
31032
23093
5205
25310
1014
12359
7028
27839
22231
31576
12136
4271
3556
9944
3889
19902
14269
9085
21243
23670
26516
16695
11844
30827
10364
25959
7489
26644
13796
29004
382
14041
7518
27837
29126
21869
11686
18718
16706
5214
22239
20621
484
11499
24607
5468
1543
19477
5678
30148
9551
21497
22411
2007
18647
18268
8624
439
651
5000
919
29190
13266
11351
6525
23709
1905
11917
30182
3969
17068
31850
7137
17426
12717
2176
28301
24710
13098
17091
14812
28054
10051
23519
14487
5239
17833
21198
15267
14604
7941
169
22146
1114
19864
5822
13596
29500
6430
17124
32448
15704
4601
28171
27238
10321
26507
18711
26679
6975
32228
7151
1103
1628
1693
2768
26305
29439
8451
17896
5339
20431
17785
22304
22444
19760
23
569
27588
24066
16023
27418
24123
12427
13682
30312
15093
13233
8262
6232
28707
31853
24955
1473
2829
8060
17702
31606
12816
21336
27437
4050
32738
28262
7341
17044
9246
5489
4248
16109
27900
11863
25507
984
7775
27394
18271
26282
14870
154
11429
9194
7515
24313
27960
29282
6048
31840
14502
19574
24204
2408
18543
25525
832
8507
8041
29358
19678
18947
22627
24837
7244
22947
18441
28102
15669
4774
30216
21496
18513
3444
12658
7542
31463
16844
17507
6138
10128
17518
2789
8315
9277
3352
28945
14521
22907
22708
7287
6934
22262
31696
17600
16551
4412
14670
32658
3467
11460
29021
948
6011
31279
15528
10099
15011
1997
18381
7748
28848
27747
784
14762
7723
12076
31313
12634
18949
28957
26939
13982
29555
15213
24511
22263
31228
5973
2752
29190
19407
21269
29968
18092
20059
6199
21660
23409
13594
14103
14307
17954
15021
19363
10157
5822
28718
8032
4345
27028
5826
27822
2871
25765
14189
26444
20151
9295
27947
11806
28514
23341
5436
2606
12200
10553
22975
7922
32697
28211
19074
28621
31992
6983
30745
24279
1452
18410
17709
2273
13561
3589
25111
8884
23312
29013
9901
15258
17826
22033
15964
2336
27802
19150
23160
8217
22283
10657
24271
16102
19559
21635
15492
3317
9715
4345
28443
29576
21623
18164
20432
29624
28218
9973
13101
7609
22829
31606
1243
3423
25959
10630
21945
4065
27601
9395
4139
22238
17699
23084
18101
23709
11535
22311
20680
23961
26043
11905
10715
2877
12149
24996
18110
23532
26787
20654
21803
7236
27128
30160
6559
9636
29422
28659
24423
24043
14960
8354
12030
25731
30678
24868
16022
4255
30743
4840
20725
9408
4922
3879
30338
23422
5646
14788
25760
12677
29723
15223
22330
4318
21976
10026
12447
16752
22303
3747
19345
17094
2525
19044
13208
29458
4366
30927
14237
10098
26601
30862
2739
6515
10583
25138
26424
19924
27562
17690
26653
22668
1164
11159
3202
8717
18741
10829
6534
4555
7906
32477
20061
16888
28546
449
7843
8338
22194
28535
26351
8608
6891
19681
20396
26297
18170
27372
21028
32709
30641
19824
5086
10504
12765
31063
3114
10844
21624
28162
10234
15293
31519
19944
24563
4875
25798
31360
29892
32524
12970
10082
17847
13233
4999
10409
30085
11162
12043
155
20847
17115
25995
28812
11914
28417
14326
4351
12635
14416
27655
13583
13219
22607
16574
7437
15484
8583
18192
15467
16037
5255
13022
5848
4379
17963
14372
30893
21993
31518
18547
3720
17216
7326
17569
8246
714
27263
30399
29399
6972
3699
26699
5692
6187
29832
26791
8596
25632
3314
22474
9032
2286
23307
2358
18467
19011
30104
21289
32182
20094
23630
7704
5115
18880
18069
2137
8760
24390
20363
29216
13094
11510
9036
1452
31827
13623
4465
4034
9413
6918
10454
15451
24288
25671
16545
2970
22922
13912
4735
4864
19596
16620
18993
24291
9275
19223
11848
2076
4185
5797
17964
20993
31286
3504
8547
25747
9754
28274
9232
30456
999
26967
31930
32299
29435
25942
10063
13298
32084
24194
8553
2576
19959
4828
13263
23996
26258
29036
30015
32595
22624
32656
27243
25162
1101
10387
26433
2406
9819
11137
5487
815
12356
6970
17447
2722
14177
9414
25887
8230
31178
4072
23261
11969
16063
11766
31793
4492
5702
10983
28931
3428
15382
29870
19534
4835
8628
11463
1901
23694
25564
22543
17046
15696
12066
16600
28324
13096
22489
16189
17433
4638
10548
23475
11107
23419
12203
32737
31326
5433
672
10674
11035
13753
20803
21672
28640
30644
14003
3443
18543
10868
6502
25538
31883
21060
6602
11865
8121
11557
21548
21859
580
28610
31194
5898
13187
20134
1412
31302
31070
10157
3816
25586
24847
24504
431
549
19750
18597
15249
447
9424
9087
21952
16962
2136
4849
7556
31716
12014
4609
34
3042
20904
17147
28163
23318
18374
10922
30994
4812
14394
11214
12902
5074
1128
22219
2849
25550
20522
24991
15512
1236
19223
23574
31668
27448
7941
29761
31640
1441
10188
24356
899
2911
22605
14767
7160
1279
28851
30192
5917
17180
27129
10374
30818
14200
15021
19033
32610
25675
22771
17032
23054
21978
7628
19619
16904
23116
28056
3867
2381
27577
18906
30198
23063
133
12348
9671
11778
13804
27347
6878
16493
2269
13731
18620
35
4364
23910
19914
17467
29251
15241
3914
18492
30712
13176
20877
13189
3877
5403
8294
12268
4692
2208
7136
21414
7161
26492
32044
25191
21253
9900
26589
10697
26040
13889
23384
31986
9911
31259
22661
4977
94
16373
4043
20330
12887
22178
11068
12019
3436
10901
2316
27837
8601
2983
31304
5111
4710
21
22980
2927
1396
18632
3926
23547
24405
31450
21313
13847
17056
21077
17908
31439
1349
8766
12277
19424
4127
1490
32280
26394
23752
14095
19956
20744
1457
11894
7831
4819
7282
28688
31097
3940
14942
10671
10159
13257
32603
1654
18273
1754
29425
23451
21886
23580
31648
4716
32686
11749
24695
29584
21129
25281
2274
14224
6150
533
28356
150
31286
7170
30405
8564
15922
26764
8942
21991
11090
25084
21363
20509
29343
24194
2511
16246
10891
27935
25110
13448
13024
31170
13959
1637
5367
31922
8545
7456
13354
14635
20729
17805
25227
20300
25096
29257
11735
9521
13385
3578
30885
27484
27972
17112
13283
16473
7524
23405
19587
14241
15184
8344
8562
18368
27000
22744
5578
25523
14830
19655
4936
17300
25720
29925
4352
8313
8931
13463
29263
26521
10138
18032
21010
10416
25207
15790
3605
17317
2008
16648
9935
6506
3574
25255
18252
17445
5234
14706
2410
6797
27185
8078
19016
662
9578
14885
8956
22352
509
11879
22916
26124
31239
10191
24063
18114
19635
5032
10270
5039
26451
13775
2261
17474
25775
31418
17494
12089
5788
10937
2111
30728
19921
25212
4626
27514
21495
29910
6631
3994
19455
6592
21853
27348
27832
3745
9942
18008
18849
3021
19684
28607
7676
13131
9726
15857
20003
23771
23672
23878
4895
25399
3762
9963
1143
22170
18319
1928
29766
14463
23336
14623
20880
9387
31682
21560
1238
2925
6910
31803
31464
24869
27472
11037
20987
26371
5554
24638
23803
28945
30618
13970
28963
19828
32041
9728
12746
12527
27557
29703
20096
19624
12329
6055
26457
28975
1691
5247
2953
25276
3295
4403
1585
17080
5706
11536
28025
12927
21338
22771
10207
4965
8612
14182
23503
2039
6157
18445
32115
6787
9021
25153
28364
11482
18001
17146
26114
5460
21456
12786
3576
3349
13025
519
5412
21391
1211
28897
7838
11080
15964
10710
18806
5085
2686
28682
16971
25928
1991
13275
4889
12382
14144
6012
9555
2203
12040
9951
10802
6946
25930
18137
23884
14080
10092
8065
21864
10929
4489
1497
22417
6885
6690
10416
24681
13956
1552
1222
22464
27631
22717
25650
8805
905
5268
27905
1596
17270
24502
800
5265
162
24815
380
3756
16645
26856
3687
30886
21286
15262
3902
20091
32478
3602
32584
3935
13151
3139
11746
4950
22132
31577
10201
24319
6411
19491
20504
27056
29936
12739
27523
2504
14299
4264
9250
31553
16301
22973
18306
13445
19447
9696
17496
32131
2236
9622
11112
32001
13944
14589
14245
12340
4960
17410
8602
142
27116
4819
16904
27607
26771
25240
18385
29311
9941
25182
1300
16435
31615
16467
6042
17070
2091
5945
28785
8914
7686
20501
32470
21495
24534
19495
601
11651
17723
27423
18491
17082
25396
16782
22555
27864
7654
5019
21457
15197
10137
26615
3739
16041
28932
18195
8055
24776
28362
31376
29391
16527
22596
24823
8027
17128
17281
10666
580
20074
17035
3354
26245
25901
26092
21819
15255
4316
18545
18997
8013
21771
2094
22365
16125
7115
20674
31843
21472
20604
23261
24268
16059
7395
1279
4003
1727
31869
27010
22892
16302
6674
5594
10842
6976
11148
18204
28354
10693
16394
20413
28622
3595
13361
2716
2678
10370
16578
32579
21164
32158
22386
7018
30423
23421
16886
9661
30595
714
14173
19936
1879
22241
23458
32175
10055
22836
23938
20426
21259
29677
9867
20305
20943
22485
20854
25836
32556
29044
23222
5391
8279
14714
16209
29564
6552
25693
32239
28681
6142
13636
11824
24739
850
30756
8771
27795
19529
26408
18101
15616
27389
32599
13446
5813
8606
2161
10626
16677
22373
21529
23246
24236
8138
30777
21954
6680
16887
2211
25334
19816
21628
5108
8096
1492
16708
26558
16669
2317
17864
24550
14029
16325
17282
17738
7716
10610
29861
32679
15614
15695
22795
7867
30259
23716
28527
32422
27756
14920
3804
2966
18229
23396
29797
26787
20051
5497
22807
32248
20311
11685
9260
12852
371
32034
3457
21264
23437
16143
17483
28993
4242
27507
28165
13216
9741
17279
4525
25992
22776
29459
17199
17535
17617
27524
8994
20761
241
23453
1714
10010
10266
26851
23517
8411
32335
3613
7651
18927
10472
17172
28151
25861
11493
20888
9275
2320
10115
31683
27883
6566
29965
22402
17880
7846
14837
848
28697
16158
547
6213
10749
25452
27277
32080
17732
17059
2312
32705
28046
24368
1629
21770
13075
14013
7840
27078
11669
10581
31677
8698
19347
23497
7764
28315
8640
6483
18631
23633
20147
30842
8337
32635
18144
18229
31193
24947
7367
595
326
21267
6507
23578
14358
18552
14598
5679
30314
8709
24571
12982
26596
1707
23564
16569
13940
13160
1485
18382
22383
25614
5720
5876
12002
14662
1347
31423
32037
16340
719
7861
19123
32029
25186
7671
17976
9446
2360
1828
18668
23646
13653
22394
29984
11871
12478
12606
8982
5361
17640
20830
4118
15376
625
2134
958
25007
12558
14928
24474
30460
31685
10895
19701
26342
11612
5645
31982
9692
4369
24931
11982
28376
19339
24042
28824
20893
16401
27168
19938
30269
22010
29005
24804
14813
12900
3686
31183
2236
14889
22065
20576
6514
28687
3242
29620
28022
831
18854
27742
15075
8697
20662
17591
9084
25733
8270
27509
23789
25709
31782
9343
11860
21481
30433
31744
26367
10651
16109
28602
12919
13436
12970
17054
28094
11287
32718
11929
25046
4341
21000
26800
1922
29016
21731
11087
14417
26156
3310
15070
28887
23610
19482
6294
2110
32159
17763
22419
254
20348
946
18474
22248
22512
18434
28028
28265
24643
4802
29003
2317
10084
23675
2573
25410
6294
16819
1855
24415
23142
9745
30716
25060
18912
4802
8142
17155
13826
21530
11716
31072
28529
6783
27077
25110
107
8835
19491
18938
8445
10320
13171
7203
15222
10825
11421
22954
5403
16110
303
16046
28444
512
32759
14491
13255
23782
13264
4524
1020
11856
31932
30127
14561
5402
16179
13321
11734
25203
7611
25337
26284
30526
28857
18465
26129
4280
28807
10818
18511
18524
17862
28743
30263
19204
29686
12677
1111
2896
21060
6977
4724
29515
1698
20338
16180
22860
14109
8393
1050
15387
25963
20463
3511
2645
10436
11790
25631
30994
14836
18578
30619
11716
1453
561
26013
16227
14625
15656
2553
21191
31952
31432
12369
22101
20895
5170
31185
8413
17451
28767
19229
30659
27228
23395
22152
16477
24381
25330
5767
24733
12555
23587
19557
4848
30092
30324
22328
12645
30881
14
30483
15378
14623
16203
20605
7860
10203
1398
17442
31125
23812
24274
28361
29107
14262
989
25990
19486
7115
28629
561
22690
16885
16508
21526
28582
19978
17177
2286
1876
8094
21183
25103
9210
4311
27601
2527
10160
6013
6342
23950
17724
31825
7210
32517
6706
7328
31717
17177
13408
27159
20928
20485
1640
7385
1317
23
4015
19407
21030
23721
15222
24383
16834
17747
15175
4513
30563
5983
24723
29358
30634
27005
14745
8377
19567
12216
30089
11330
10756
23465
21482
22985
31162
19691
9017
13792
28071
9679
4819
12164
422
22608
23573
11437
3486
32585
1729
19748
19720
22501
19619
20373
32683
28503
24693
19685
1962
22732
7169
15813
10433
32670
22917
32392
19660
27083
31835
17713
29065
32421
27865
15825
9118
9675
2935
16656
10974
21079
24367
22793
19400
20057
810
2139
16976
23173
6040
1916
23011
30248
14816
27729
18085
25441
18425
28668
9213
15245
29463
18166
15443
10243
25995
16221
32280
4866
32740
6543
16903
25831
29019
20215
18091
8611
12142
15143
1314
31341
4298
23335
17184
10164
3950
5901
1591
8024
30222
18894
19541
31513
31925
31572
11662
9040
6319
209
19227
4573
934
30546
12195
16736
15883
19607
1210
7340
4280
18978
16808
632
20947
22158
14187
12632
28917
24866
7679
12268
3723
11174
1756
1367
8829
26229
22721
22003
30222
21204
14512
14404
29956
24450
1081
22058
6664
29585
16636
11866
31311
23411
9578
2574
13434
3160
7883
31484
18107
12728
30853
30085
4154
14635
2203
23344
439
20609
1396
2390
16752
2575
26846
16415
17989
6983
1106
30125
11802
27020
10874
27030
21373
22852
4592
3224
26248
4910
21833
4232
3337
13301
13394
13452
19937
6662
31385
8586
19370
17823
12079
27360
4765
32553
29101
1878
32178
14280
10357
22096
30472
22576
25658
1353
6024
29114
7363
27004
27078
1463
10987
8676
21543
22276
9197
5479
28233
31199
31198
8527
17823
5624
1403
3065
21852
3787
23845
4049
13715
1582
7466
4734
17820
27942
1350
23641
21945
5887
3946
25636
5113
668
25531
761
16477
19979
19934
9344
27706
2140
6003
18277
18654
21940
27615
25097
18806
6557
10575
32632
7216
7072
17146
10396
16028
23062
6310
28080
12632
32571
26477
9206
3820
11396
14273
11181
2547
4147
27822
21054
5756
31016
22623
9398
17071
23802
31204
18040
692
1094
18482
8244
29648
20807
11883
31507
23249
21671
7520
23604
25005
9365
22101
13404
22630
10776
21252
14313
32048
22691
28388
29448
4054
1001
13738
28200
13402
18418
31504
30383
26844
14191
8150
24555
4796
17483
10247
20555
26371
5762
1662
28367
12799
17718
16808
1213
16942
9728
21900
26518
31326
9860
30472
16200
20241
25672
7261
31909
13094
30406
28398
5140
14262
8127
2628
20614
25405
21971
11350
21164
1018
23887
15111
4200
408
25414
17137
26753
29197
20195
21345
7834
30147
15613
23458
21349
7925
23020
28031
19732
26717
3483
2307
9232
32524
11743
21891
10222
25497
11015
27615
4255
9853
27317
5636
20454
17342
17644
10165
5903
25035
22377
21644
25823
30631
9015
10043
12231
7754
10366
32280
92
4421
29852
12505
4108
8868
22134
17307
16393
9752
11536
19242
31882
5974
1116
26236
24627
32698
29776
29054
11217
24368
30267
21780
26187
7252
9305
6234
14550
16344
6053
5937
23399
32550
22510
503
9582
23111
4653
2709
5825
20740
2326
25279
27862
29515
29677
28535
6198
20692
16283
21971
9774
3075
26113
17665
29384
5137
20364
8584
14074
19047
29450
30160
18204
5962
10172
19429
5535
12733
23980
21624
19965
7843
12352
32551
7148
11045
1808
26622
29399
26195
14581
15933
27022
24078
25954
2139
32317
8997
30712
26956
22171
22718
2644
19200
20579
21240
6188
4652
30216
2254
14746
16204
11173
23871
22455
8425
10290
939
3948
31511
3838
897
13957
18499
15705
7959
14087
30507
8337
8665
13508
18990
10273
22950
12588
15302
10276
16247
8550
3155
16400
4930
10912
23834
6560
28446
30883
31885
5138
5543
25258
18381
12179
32676
21108
17773
19704
27879
8600
23929
5550
31861
24857
21174
8180
4071
16186
24876
9031
32272
32659
9698
20766
22752
14693
13289
9688
19080
20523
31387
17907
19935
23153
24869
15230
17925
27369
15171
10193
14662
28604
31563
15739
13121
7198
17773
5756
4681
4133
18489
15029
17419
13019
32353
27292
13681
29330
15809
564
31175
24439
14236
2109
27933
21610
20009
15783
21996
8717
25422
16717
18940
28699
1195
7136
23172
18684
6362
18465
19348
918
29173
2900
23216
32613
26969
12785
22717
26318
26794
1180
6946
27568
1048
2391
2087
12861
2528
25847
17056
24072
11029
28884
14544
30046
8608
22725
6792
3802
30598
21836
31375
32052
21353
22029
8006
27994
28242
12421
18060
10946
5805
9976
24800
32254
25749
23467
1989
22929
850
1108
13163
18689
13344
29135
29579
22061
28210
16402
12179
22753
16375
16995
12803
25768
21916
32713
791
18657
18642
21440
22182
22293
7633
1840
4426
25480
4509
30112
10433
13326
7560
4775
25491
20768
21496
25508
15349
27951
31338
16815
27118
22072
1207
30672
22712
9625
21910
4462
2921
8739
26723
27914
13523
2160
18463
26413
1704
11639
30647
12702
31714
12125
12169
10969
8801
10383
5156
18877
10198
6413
19023
29061
11745
31241
3150
16889
10614
12208
9312
14309
20869
19784
28812
12747
24794
24443
21405
11477
12098
12530
14188
19981
26095
15654
1117
3024
21277
17779
12844
2944
8438
15471
21994
1914
29619
31609
20802
20808
13061
30357
1793
17431
691
25207
14550
15211
11908
221
29269
25105
3423
1826
9538
27990
8113
21264
23309
6262
27919
25079
8089
29783
25885
15867
2369
24439
18350
21938
541
14883
22572
29167
13953
10987
24635
15832
19655
1874
17817
5439
19023
13514
14152
3375
18883
5599
13808
27332
26272
22450
31615
31808
498
13225
1554
2140
17503
31077
18968
18396
358
29940
20404
7526
24553
1352
16228
32660
27625
30440
8673
18760
30098
30438
22342
25664
24951
12817
2419
490
19998
29803
7604
22137
12991
23774
27038
2616
23369
31018
12090
21790
26022
24098
9318
30883
9280
4120
2423
3027
2500
20374
4899
19873
550
7759
11167
29053
23781
4180
20228
6697
11408
15755
1783
30408
16265
26462
18825
13880
5641
9904
16220
17569
31076
13845
13576
1870
6286
11330
15292
2748
19934
15042
15657
22257
29203
17643
1691
24079
24725
25361
3945
14633
4349
9721
32400
10069
27094
11920
13211
771
12453
28125
22214
8589
15144
8501
13410
20751
17884
24238
26491
26744
5057
17878
6073
7649
15201
10404
20100
5918
17679
16558
10091
26771
32365
17565
24519
30281
10033
29150
2459
27458
23336
24219
26047
15113
23931
10218
10558
24972
10545
20548
12796
21806
27381
25144
28316
24345
18457
11104
32160
19921
5852
9109
18386
13839
27624
21599
6627
13772
8479
21679
339
28060
14743
11473
28816
9277
18147
13980
28258
18544
13205
19948
21638
17671
5888
25938
24986
23360
30275
21257
8761
30545
5763
27180
30054
13124
17527
13351
12334
31749
13610
24172
9353
3258
25596
12391
3970
13394
4586
7603
12951
6497
18960
18574
7267
28715
3948
2186
25722
22270
6117
18822
24213
19654
14476
22237
2287
30171
26401
26333
14830
8989
29913
31355
20742
20291
26206
25924
28379
1648
3352
4503
30885
27655
17835
21778
27353
21185
32705
26954
16134
6909
29449
23743
26876
19287
9600
4111
12084
6011
9967
4969
25196
18748
9652
30789
14482
16352
16582
27474
20195
31166
15092
10928
5972
23564
29549
11360
13617
11506
18309
2297
3332
29666
16822
32412
3000
13356
14821
8233
26878
13773
19175
1203
26864
20616
16708
2866
24820
27961
26427
1656
996
12645
20998
25959
14700
2325
5215
11104
1203
741
31298
19710
15933
12888
12789
17669
9488
3182
1606
30101
2837
29305
3604
10660
8386
24364
29968
19115
9206
27125
16837
7838
30244
5261
15574
8738
23988
5837
23943
21243
30374
7363
24447
32451
5753
11013
26061
27106
10059
7493
20264
25274
15937
29478
8059
5410
28969
24398
8865
12822
12126
19644
11372
16300
8684
20060
6637
9546
22261
11481
30703
18455
15444
1715
29381
19375
11647
13969
29510
19227
6322
29656
3349
7680
32586
24956
8742
32278
21871
32535
24445
8412
1269
12344
30521
6539
6020
19965
15314
5960
19447
30436
159
21405
6915
4318
25499
17706
28441
12709
25704
27288
5005
24912
27796
16847
7927
27429
11548
16233
23770
12462
29998
23142
31363
13071
26163
33
31540
18070
10509
1154
14210
9364
2205
25206
27644
20331
5513
24732
6925
31977
14140
28226
17956
31444
20014
19599
16913
16838
19301
22529
10931
10811
24892
1563
14800
30697
12643
27479
1348
12112
7207
23906
26718
27025
5363
1416
7303
6787
8215
30573
17700
32004
24009
8191
29374
6541
18025
8360
24928
6922
31754
27336
30273
26088
21805
12130
16547
9583
1231
30486
507
17234
935
30287
338
32132
7849
29117
11755
3662
20174
18182
21798
6815
15895
28088
28580
23203
7632
1155
18860
12438
12818
16037
2766
8667
13963
17829
24774
26184
129
25412
20899
453
533
1969
31016
7189
4805
32764
13682
2803
8501
28877
1755
16993
12847
26966
10015
7997
20712
8838
7101
16405
21637
15999
18336
24636
7901
7243
16383
26909
14465
5066
26754
11728
28154
11759
6822
1259
21073
11564
23650
13467
19157
31275
27147
25843
2072
18623
6005
3203
4155
2330
19547
2861
15979
31040
8192
26420
23468
27324
22551
24726
13525
4241
20192
20124
20956
26995
1173
31663
12884
6711
24580
29549
13108
19593
25213
30460
474
26077
21230
2974
16464
10920
9293
22406
16077
8655
6966
16619
28287
19551
30422
858
29063
1408
8455
12112
27718
7844
10684
18440
31703
3076
4512
29586
30172
13645
10234
28965
21886
16022
32724
18870
31151
23958
16476
28361
6322
3860
21642
15240
3294
16542
15875
3090
24223
17022
3902
24341
12221
5610
20709
13727
27617
27515
22142
9521
25173
26081
17994
20502
11531
29908
22637
14322
2273
23629
4432
7838
803
15351
31556
26931
8273
10976
9064
14693
24611
15221
24012
12563
17099
31661
5334
5147
13178
17796
10213
15475
31781
29611
7477
5238
9865
20094
11011
2939
28269
17718
23537
14508
10535
18272
21163
8214
18017
21134
28875
19964
19997
2124
25850
15473
32759
24661
25688
14118
30634
19207
4895
12672
31446
22549
24707
17133
21505
13692
23004
15737
24283
6840
14598
4764
10694
29751
12808
31318
20629
25358
17397
4222
29844
25835
4368
23640
30153
14410
563
30309
20858
20716
14706
16511
18928
28805
6139
25637
15226
14262
23360
2835
17076
17210
5465
1557
6152
10596
1187
22046
17526
27593
3758
19348
5009
12602
25174
12271
26314
23541
1327
11650
19953
20507
20519
27032
2297
32357
8038
1219
22268
1811
14713
30065
13950
2342
12720
28864
31478
29135
18884
21908
23435
24615
5821
19942
24347
28960
27923
6751
18817
1980
22548
15397
28184
25981
8325
28917
2939
10012
9868
13682
5263
31102
4814
16828
2756
6883
8916
13381
19863
31841
5299
24288
860
6033
30188
27163
32570
19592
22929
17103
18551
23560
14761
1525
9973
20984
2006
24251
22781
29714
12597
2776
22076
2268
6534
31004
17419
2777
20877
13899
32500
7168
3255
7211
23921
19821
6657
30428
4086
3927
25622
5224
16946
23874
15543
29339
24979
31349
30560
32533
11528
21167
5929
7581
29194
21270
5098
26808
6877
20336
31394
24698
29203
18325
27930
31645
16211
8484
17605
20176
8536
10614
23787
15953
18748
29648
18438
28094
31479
26589
29805
25129
30499
5211
1071
2666
12802
6676
23618
8633
31681
17168
11997
8316
32254
6665
1314
12125
12937
5663
3072
20640
14183
11981
10328
13235
9245
27676
5726
26375
17451
18198
6211
23583
23254
28286
30737
29159
21546
17342
24790
31046
1856
9249
21252
26614
28093
21058
14360
11668
29851
5061
22906
24307
18988
22340
16036
11190
19803
30348
13959
21022
566
26890
4138
1312
12201
31360
18069
30907
2700
23036
9197
2184
4577
5387
8160
11411
86
21290
32068
12393
30482
25981
27386
24690
17837
32452
11289
8577
29568
10122
2888
9898
28192
17055
7532
14676
293
13769
6020
18318
31536
2743
15312
11431
9260
7222
8761
26616
26835
9128
24557
13829
24436
15025
21066
16325
2548
9523
4349
21565
30996
30589
19307
24660
13553
27839
5456
6370
3793
449
26277
2826
16412
10197
21192
1738
31401
9227
15063
6096
20027
28323
32604
143
1868
9928
30000
27539
27401
28283
8601
18193
29853
17101
438
32451
30642
9297
24861
2034
19509
9169
962
29653
26458
10048
10011
31769
1505
31472
7809
15809
19351
773
3802
5680
31775
8490
3445
22148
12530
8834
9781
16678
12453
18913
3314
1439
19307
19005
32284
11950
24794
17759
4769
13975
29426
8926
2833
13757
27227
21326
22017
24435
28654
21429
21933
16656
32631
1342
10465
30529
6073
11570
31513
19876
11187
12579
8167
31890
14626
25451
32149
31036
10311
29653
2827
3065
22762
22681
25844
8414
159
17294
15901
1680
15944
30619
12061
3926
1755
4718
10555
18546
20326
7793
4236
15282
6224
250
16732
28482
15841
6339
1231
6084
12804
8345
14536
12450
844
10840
12042
28323
21814
17942
1950
16573
11694
10655
2676
21291
15316
27682
17485
18623
31743
10793
27351
7800
23810
9678
19482
27991
19119
14124
19732
32367
16794
8469
15264
25916
20512
7683
30621
5173
10407
14672
14155
8100
10534
18601
27384
8886
31721
6592
989
31438
13710
10305
8771
19743
5204
28680
28394
2682
17557
12177
9130
25956
20112
11951
1883
28268
4460
23937
24819
19132
28538
24482
9710
14573
4027
22433
26611
22560
22690
1713
17844
25930
2074
5281
25366
25295
3275
5134
11410
24147
1177
5847
27098
18636
1134
26321
25536
5340
3386
14012
8532
3935
21048
24438
77
9792
13426
32111
11435
4496
6023
605
15258
4825
29612
3889
28056
16047
18673
10825
23514
1161
22470
9703
5356
26831
17085
19170
27801
9524
32145
7067
778
9030
11624
17203
18226
1347
24149
1275
30825
12591
12833
16428
27478
4643
27723
23513
5651
1000
32589
12065
10124
7365
32545
14761
11816
18836
7428
16458
4524
28699
4218
8710
25692
2970
4498
31041
20323
30625
18539
23853
7796
23844
22007
22407
11954
30161
23039
25217
17613
6561
6759
767
3694
19118
12212
21253
21206
13124
23243
4208
5826
19002
26619
997
14225
4483
17214
21512
16808
8960
8636
6382
1558
32664
25745
17364
13172
21643
6352
12049
30223
11011
14536
27209
25418
13805
4742
5860
13373
12806
30619
26814
5026
3129
6687
7968
754
16936
15093
2544
6859
12553
3409
28452
10901
18099
29560
25724
31589
18680
30919
29041
14881
10038
11511
3433
19686
2601
17567
20012
6054
5635
8954
23195
29718
4799
12523
30112
24775
28338
9534
13665
11154
20323
8753
15033
6970
9372
19507
31976
23629
29121
15851
32137
13643
16737
32124
30917
17930
30475
22280
26055
22105
29539
16499
23407
30692
15988
10857
11595
32600
11336
25250
21699
6343
12214
27492
31379
31565
20348
27722
13439
32756
29070
8261
19265
8149
28845
25824
7367
7552
12346
20168
28315
23966
8781
26507
17571
13013
29698
30880
4106
8428
21523
1960
19070
23344
1964
26611
20892
534
16762
1350
5800
25633
28422
19419
30338
17926
28737
20906
19925
30223
27999
9447
7570
11965
16105
25548
21405
3249
7182
408
3014
7116
827
23768
23802
16278
4331
2789
1722
31452
14527
31918
4813
23198
5329
24759
16178
2088
16198
26210
17497
18046
27170
18030
19347
24317
10592
13501
10694
16704
9027
8026
12901
23105
6887
24250
13983
26304
2331
15170
1239
17641
14195
27658
31829
2353
4504
29409
2363
23169
8419
31121
7354
22934
26154
5220
30085
6056
1498
3558
19590
24649
31302
8173
14801
23185
16447
15831
26070
17784
12773
21523
23258
21379
956
8419
2728
27043
6147
2655
23683
17754
7233
5566
22368
19999
9504
25553
15442
5636
15486
22224
9542
19862
5570
17753
31728
12036
23660
24246
23813
9348
20721
9311
15275
11763
10181
7359
22830
18875
24249
9019
25844
25850
31879
31089
22707
5857
28331
32189
25825
11098
31093
11010
364
16621
28253
17831
30380
32228
7318
23007
29334
8365
12262
28462
32306
28545
29108
5417
26447
19267
8291
11645
29301
27051
20702
5938
26907
31395
3700
7985
22554
15601
11495
23044
4706
17943
191
19166
19435
375
29156
31707
24815
10939
7276
27528
7511
18292
29618
29606
6259
25601
7080
3371
30957
6067
27758
5514
13568
5167
21539
31028
8933
17427
2811
26463
28046
15580
19857
29446
16791
2055
4479
17713
18042
1910
26669
17526
14338
30998
998
21952
13314
23999
4913
6735
4166
18267
26206
20224
19658
21067
4959
12495
30250
19974
3033
2714
3162
22787
22907
20520
16791
29658
29839
27241
9629
20390
26830
6399
4379
23469
15481
3326
25956
22083
19877
8432
29799
25835
6615
21021
9441
30656
9168
24329
9937
31763
27562
12093
19501
8790
11556
26698
22995
15160
22587
21516
25794
28690
30714
31788
3978
23170
31634
7912
15361
16213
5549
24855
1336
28843
9728
24935
5549
6997
24863
4330
11714
898
10902
29905
28270
29851
21813
13687
15411
26731
15787
7841
20048
10627
29527
29956
15927
29917
25434
17671
11073
24255
14833
3787
18081
32482
28162
29544
23447
10196
10996
18298
10214
11675
3268
11997
6279
32667
25173
9652
16031
6586
27144
6832
4271
4289
15501
32399
19466
15877
23033
27874
2701
20040
3352
21012
24714
14298
6404
12968
5893
23555
25846
30658
22051
22438
6749
25833
21471
18206
26925
6923
23295
364
26234
19649
15942
3732
14661
2005
3052
23876
2454
14338
5451
31671
26059
18170
7899
22489
4655
32174
19552
19116
30414
2761
7522
29418
8072
21117
3550
8940
613
27523
12091
26058
40
27997
19839
24516
21287
29663
29891
3552
24665
31725
27365
10453
7857
32134
29052
12072
2218
26370
25617
23189
19492
23959
1676
1200
11374
26402
6124
16076
19108
24868
32059
8476
18491
26891
6337
5400
30682
6580
8569
7970
4203
16941
3777
27498
5747
31167
27733
8719
28574
13612
10878
18055
21663
16693
16007
9792
5430
18015
10097
6791
25234
14839
10984
8618
5082
24660
24181
4953
6407
17500
20724
29778
4084
18506
26697
11582
12216
13230
18255
10453
32307
25268
20497
7497
999
31402
5693
1250
29193
18365
21973
2533
28376
10243
16936
27067
31790
10175
16641
4943
11349
13024
26142
1208
6427
32714
17123
11288
20777
5977
24144
20420
12176
7715
26929
16805
20901
17150
660
25054
7951
30403
8320
13486
6174
20817
28900
3992
24159
18388
18126
8642
11117
6215
26589
23452
10761
3639
19961
31169
25965
1226
12609
14114
17118
18945
28229
27233
14721
18234
7286
4731
15471
4857
26843
5802
2827
20455
2309
15754
23444
32027
23108
8058
5110
7065
283
6213
1254
19736
7410
31746
23341
20489
25611
4920
15172
31956
15287
8774
15138
10341
8394
2
11858
4071
29772
32673
30792
12751
113
12759
22773
14365
18891
16702
26521
22494
191
28156
12249
18934
10038
27809
9489
16668
16020
11342
24555
294
4590
18460
23089
31623
28792
10171
7391
5398
27708
4954
5245
30993
28946
16071
32683
7521
18380
4056
11262
23583
22961
9225
29962
18008
18477
22886
14784
5133
11462
24236
15355
21886
5458
3755
7765
18857
4199
6894
29759
32269
24084
18846
6225
7091
6350
19108
15582
1391
27309
26638
27340
11108
8921
5556
25250
14278
16191
9243
5091
30948
16008
6809
7835
11365
20043
31930
4919
4049
10625
32483
25753
23124
15162
28213
16492
959
22927
20404
16821
31952
11480
31401
12715
15539
5919
12869
19145
18376
12244
646
12833
5031
10177
25695
6899
27746
10561
27923
18558
16138
2221
3298
25110
28020
22808
8423
19831
3900
14652
23617
857
17419
27827
19569
4677
31510
5483
32003
17318
21479
8532
32369
5923
31840
16475
21572
2092
12285
30364
3708
20947
15449
7891
4658
9438
12020
28948
21884
1050
4147
25021
4753
15090
20392
27816
13869
8767
17812
8357
3383
10082
28074
32551
30114
18833
16150
1085
5777
366
17854
27332
25534
18142
24776
220
28700
10520
19036
8344
21435
11516
19627
8442
10476
26023
18480
21278
25767
31556
28469
24501
3625
5156
23194
6325
6625
21522
23506
4943
27533
26080
12334
7714
17313
17222
31070
26542
7144
12013
7989
26891
14189
5318
32428
26842
27036
17568
2602
10877
22693
15098
16130
7555
16161
27669
5181
8550
28920
17742
18075
12665
10114
22699
9684
3356
22764
26292
18211
12338
7902
14980
16645
12245
28762
3103
21567
20296
13032
23814
9758
24876
26352
777
28674
18679
29543
21853
18462
12451
21677
12270
26489
18083
12982
16630
4408
6171
8809
21711
32544
23376
5701
5126
30551
15966
16970
26544
28522
3625
30487
30721
24724
18837
14416
31002
12606
29946
4674
14883
22466
16850
29386
10906
6772
24245
2418
18922
4323
904
29406
13632
19036
3569
13159
18330
15792
16909
17669
33
26167
870
15474
8888
12821
6687
18828
18133
9660
22642
5884
18575
22707
13405
19733
20473
12181
10647
15358
25263
30556
30665
28948
13230
17887
4347
15242
9577
17306
19532
25682
12825
17070
12519
7489
11860
18216
27954
27502
6625
25734
20041
4315
29387
5240
19370
14679
16052
27363
31538
28322
15980
19243
328
6099
32706
690
20824
2039
16794
27804
21123
24571
24128
726
15508
18380
12284
86
16694
17084
9191
30884
21861
9000
28412
2201
12067
24919
6514
1126
19308
22950
21578
18137
4203
13794
19748
1500
24558
1526
29782
20543
11800
19398
26943
6327
28757
32346
217
29222
30867
18495
6798
24860
4272
1322
14157
26270
27182
17119
1756
10279
13870
18769
24432
22765
31132
28171
21371
18533
29095
14030
22981
14857
7284
3964
15294
27225
14867
5940
15891
25888
22962
18623
14207
4344
18192
555
2532
5136
27701
12213
12698
30253
31585
7661
24326
9199
30018
14100
20079
14166
24425
12233
21006
10628
16127
26341
16996
20933
11188
31907
18641
21964
3833
25860
14433
28480
25455
31089
26857
10871
2207
19874
18515
641
32491
19392
5686
32360
8132
23494
32170
13238
9758
6701
346
21048
6945
25032
28122
7426
31522
11501
17979
29875
9937
4565
24285
22266
29876
24133
6789
30553
30420
5742
32175
21801
18614
23315
3110
29407
31116
31465
9425
4749
26285
13123
20432
7084
6723
25582
13000
3608
579
14938
8058
9820
5027
6139
28827
5936
11719
14319
10463
31808
21052
22497
2136
27183
1192
26669
3070
16348
26369
1861
2959
7396
26110
19539
27033
8552
2507
9504
2516
23312
16129
19252
438
847
11221
5183
14146
29417
26000
8631
25121
28339
6719
13251
8947
12698
683
9048
9447
22503
12427
18337
32137
4034
3321
19109
16092
13044
6947
12580
28585
11761
21315
6593
24086
22549
10705
30567
122
8494
5878
19173
22640
14395
12869
8155
3115
3955
13990
20698
10761
24969
658
22215
19050
7215
26758
10112
962
21465
25521
26562
25837
9411
1264
29771
27075
9525
11261
1595
7661
19718
24804
30400
25079
30303
25014
26098
1701
23489
14464
18684
12939
14153
28030
9085
17880
26419
10637
28718
12403
15262
23775
31940
28233
20878
15858
15640
7653
7991
13507
22917
25921
5497
1599
31889
6363
31399
21498
9168
22796
25228
17443
30726
6549
26544
26040
28812
18299
2519
9462
17909
278
21963
25620
30704
5220
14939
3120
27248
14243
11940
10890
24075
12318
3471
28144
18336
23367
19099
6265
19261
19974
25565
14710
24128
32337
13637
17318
21692
11005
4386
21417
24094
30163
16872
15031
13584
25575
22833
8594
1693
14373
28675
22457
21654
23597
15441
8927
22325
19297
8132
8859
8705
13371
5051
7265
4081
17381
5776
17329
15060
20483
32285
21134
496
21203
21374
1586
25578
28025
7193
21504
12262
25748
13276
27322
20974
19221
7366
21492
16024
20305
26537
18889
16867
24149
6702
5324
13667
4473
13849
1601
24990
6712
17870
25230
3765
8254
4628
20460
2119
17859
25882
7522
6290
17944
32440
30196
16091
25215
7670
21528
9488
4416
17362
18793
6317
8953
4926
28319
2780
21046
29289
4031
23520
28993
20799
26767
30131
10812
14643
1357
31214
1388
2620
7072
1770
10712
2333
28623
22565
3091
8938
6705
17895
32598
2504
16613
26661
23761
3828
6594
24741
13635
24071
18577
4195
16585
32120
28026
15412
243
14434
30653
25769
18717
21895
4259
21814
8445
16278
12979
11923
13688
681
16680
28771
19386
17170
13219
17940
27269
4439
10782
6918
11721
16251
32033
14831
30838
7039
7736
31614
30862
13097
23716
18494
12670
1284
25169
29118
174
17064
32008
9967
20567
2107
2022
1997
27797
11576
2317
7233
11965
4719
22425
12870
29424
4430
24022
26444
3056
28766
19376
24793
10547
272
19818
30838
25398
19130
6803
24265
25108
26333
28982
31231
21079
29353
20818
877
7182
14787
3209
10358
4128
32325
32284
12975
32735
519
32535
31553
29408
13597
27337
11663
28427
11680
18295
7449
1774
19634
26450
12960
8790
13500
5541
13452
13601
29946
9299
28298
22606
3642
28033
31865
31062
13536
7568
15495
5055
29742
22862
11415
10478
5826
5229
14055
27197
30816
11316
12783
18765
9458
6772
6028
25246
26829
21694
14173
30300
13878
11219
26733
25468
1061
16220
32275
22792
2633
23003
1047
12727
32331
18658
1558
11713
13911
1411
26152
32497
21721
16647
1727
23292
24964
10722
19411
2065
29593
31975
14140
6065
20838
14009
9311
17345
10509
31106
26380
8670
18054
31463
20903
8432
27367
3643
26246
1282
10467
7922
14491
21841
27281
12121
16211
28834
1135
12165
8637
15321
31143
16521
15599
7880
21905
14317
27046
17221
15992
30555
17708
19071
9633
27802
383
27794
14473
19905
175
13912
30575
26020
16264
22914
5394
1171
21361
17128
956
26948
32660
27422
21375
13837
9535
5448
17855
18006
5002
28719
14833
30799
31291
19860
22433
16094
998
25540
6586
4060
23385
19820
7938
640
8247
15279
25572
12827
3810
3702
18802
14598
24478
18183
3498
22489
8436
2266
6392
7390
4437
7335
17661
8134
15360
10692
143
9626
23846
6574
29953
16628
20811
23014
4260
17006
5103
28670
6797
3419
4462
5107
13209
9397
20517
17597
26799
1111
13526
2853
14917
6764
26189
24279
15654
29992
5188
25016
14450
30902
9605
25977
25830
12657
4430
28525
12637
5718
26617
11927
12439
20409
20188
6152
5178
22072
29551
7528
22806
32238
14764
12754
2221
16873
10684
4325
13299
25565
24783
31767
2898
13337
2380
25165
14321
5563
7722
9641
23094
4896
32157
29603
20874
5791
3830
25436
12636
7031
32708
20014
1896
27397
23616
5768
22329
14907
1768
20729
28396
15181
21353
906
31032
30637
18626
28497
28843
1594
20135
6211
22582
29109
18979
32586
23788
25460
28034
17048
17671
26202
16238
6202
20524
22022
7512
22256
27888
20043
15642
316
26522
12000
29146
1721
30250
1881
14385
12206
17819
32598
19852
26339
27750
3835
22227
21939
26183
7072
23113
1635
32067
19657
4276
178
17386
11608
20925
5297
1242
27905
8089
18389
19332
22015
5609
6219
27187
19205
16351
2699
8522
24952
6563
13616
19404
27611
16629
16135
13602
2187
6419
870
31769
2220
26077
20671
10027
17251
8759
30068
19967
10565
5551
3821
31795
11280
28000
20201
12632
20121
23573
11025
8766
28934
1458
10963
8050
11581
14800
18285
17670
22429
16808
4680
22416
30699
17714
5512
29301
20111
2958
8929
27496
14848
6818
1196
3885
4221
31237
17722
7075
16894
7451
104
6913
22122
14466
29555
1120
7178
1709
16142
17786
6718
16335
4018
6577
7278
18683
8246
21075
26948
24201
19103
29724
31256
15803
6969
19964
18092
4513
6631
27931
31002
10041
15799
4635
7690
11483
16057
2973
9512
212
14866
6662
17878
21330
23628
16515
7197
8064
1520
10058
4586
16369
7767
29475
26743
8770
2237
13863
30215
24059
28567
24008
27606
12983
23078
16914
14416
12677
16461
14897
22913
5517
4256
23090
13261
4087
23741
15886
16609
2824
8159
1508
10985
10382
21424
26502
10243
32639
18271
31031
10740
23773
27891
6579
13851
3036
4319
6512
31139
26951
12246
2340
28156
17952
24288
20871
8587
23943
31150
30810
30880
25052
2858
13992
31401
25896
9299
17484
32678
8377
5448
31923
20957
24589
15522
16611
6095
4850
24839
15036
6762
19178
18685
25982
15232
10196
1275
32652
12408
30665
8134
18800
21828
3653
10491
13854
11155
5767
19943
28797
23111
25914
29855
23075
16681
3412
3405
26464
29915
15423
3529
31871
14095
8503
19305
12360
16119
25587
10009
6090
26108
28295
16302
32599
3251
3721
7799
13519
19469
12658
4629
18210
18126
16456
11149
24336
12096
24186
4508
5427
21800
4108
7755
26944
20473
2803
31426
16010
6472
14275
11617
455
11136
9607
19981
23575
30935
29936
21704
5954
20096
32435
13957
5953
30754
14636
17466
3329
14218
8519
54
18019
25757
10912
23989
16263
18832
31465
7858
22858
3931
29837
17404
22797
20074
21650
17292
5561
6038
26564
30998
30207
2389
6928
1246
9189
17709
27438
3277
6526
22895
30595
5060
27384
29473
15429
23344
29149
27708
14304
735
15762
2584
32664
23314
27940
36
1904
7379
22083
2778
8523
31880
7567
14066
30546
19145
9235
10454
1429
5999
28175
30807
22261
2797
26363
29854
2369
27108
9928
25701
23711
30449
7273
5735
21038
9930
16786
22036
7657
23177
15296
6282
28623
5191
3705
30145
22593
23021
17109
16901
19371
14919
10301
23466
2406
10330
4723
251
27101
8440
14546
17011
22511
20113
6872
25904
31125
8012
3553
18852
19397
342
22581
10894
13718
14714
32069
18472
22180
2035
7986
21410
5302
3966
6543
11984
11422
12979
14696
21536
19041
23444
13955
31438
27800
24935
20965
19291
5910
193
15768
14395
6347
6628
12716
20174
26856
10570
21116
5265
24388
11906
19507
17558
19455
30011
18318
305
12901
29855
7139
19957
11029
14562
25186
26078
12642
2842
20123
16848
24569
19281
28736
25408
24772
12504
16940
14129
5135
25823
10917
9571
13034
11075
20702
8135
28878
3495
27584
17973
24707
15558
28138
29281
8256
7175
13047
16396
4373
11091
4607
25975
7558
17187
31072
28701
21369
22237
30654
14753
21842
12640
22088
10502
26204
24541
10301
5150
5739
16106
29615
21829
20671
24017
22408
26959
21036
11310
21194
10686
19064
9657
4379
30520
11525
28768
24704
26681
29871
8345
13417
20486
24312
6134
23022
12770
25187
12793
16728
29827
25629
13099
227
27079
28898
11880
29890
32420
32031
21629
8292
10077
28756
25077
13558
23548
32701
7983
24873
14588
7217
9908
20021
6214
30538
26056
28190
13919
25542
2879
32565
14303
5421
22674
26851
8997
692
2354
21922
8777
29026
17436
11852
8530
26993
19374
23192
7337
6903
24505
27361
13262
30150
1495
3882
21578
30864
11263
32608
4325
31567
22870
14558
31000
30947
24904
13623
1221
7165
19672
32303
26662
4925
28212
17162
25604
28823
21133
21258
26153
6139
1573
8499
3607
309
24234
13649
27130
20754
16322
11836
32732
3524
3559
14683
30488
29319
17269
9063
30225
9861
23553
26225
2083
23287
2541
22823
8154
5262
27193
25427
2402
9233
10908
23460
24895
4679
21972
29361
25406
791
14906
20283
9644
21486
7833
16306
5317
31073
14656
9467
17007
24596
7510
31345
24105
21722
4718
7978
26942
14365
2651
17531
31550
129
10566
9662
10926
20676
5118
27986
28159
9449
30862
27364
2237
23189
1301
32493
22793
6329
16594
24444
6473
23153
31615
6710
27166
8492
18144
30619
14487
4622
11931
9099
21668
658
8778
16136
19405
14452
17871
16189
23587
24782
7143
15807
4983
641
16131
7700
28363
28630
7251
11378
3590
31589
25891
6600
20460
29750
10858
30979
27212
11559
22176
8586
21115
5005
31185
6922
2562
6430
7152
30329
9108
29967
2413
14421
5187
121
19977
14381
9459
12801
20970
6499
6158
31928
19690
16688
22393
5696
1077
28136
16071
26673
1555
21376
21933
12474
22530
24909
3766
5772
19208
5390
24120
13299
27207
32557
15751
23878
14290
23618
28264
9858
11199
26585
4809
27698
10622
19573
27823
25490
24425
21717
23151
30195
17563
17013
25377
27489
10502
27992
26450
10372
3008
4357
18937
964
11166
27344
9644
30128
1540
3418
25108
10401
14331
3419
15775
11162
30084
27551
8052
19571
2861
24655
17836
23863
7649
27506
9151
26826
7428
20147
1340
6863
6848
21605
18622
24264
32409
1988
18203
31359
17992
17022
15070
10150
18630
13170
15352
28858
12199
17079
9138
21805
6825
30432
27878
30915
8589
16254
25711
25149
10277
18663
15838
3381
14511
15670
24686
21321
22625
5779
59
28795
2629
26293
22446
9944
29767
14244
5436
17752
23181
27076
20816
5638
25862
13071
8325
30560
25414
9122
5657
9473
657
21371
19103
29565
10805
7553
15091
909
29213
3012
4979
12396
26532
22791
15212
15744
5287
11132
13523
1853
31966
27854
9270
15175
1388
25444
5361
23510
31412
28901
19877
4703
10351
6647
18662
5489
14331
15181
9780
9693
18678
4064
10029
26393
30732
27772
3328
5862
18445
21631
27173
26673
8515
19422
15436
1335
23298
2664
25235
31981
896
29775
17403
8095
23015
31716
14877
3799
11945
20642
5145
1152
7700
32622
17872
5451
22822
26653
5971
29266
28834
11319
26778
28156
22115
31482
23930
18464
2289
24226
1489
1389
7506
28392
22020
22025
6947
3273
939
20344
24295
2952
6794
32192
30366
27382
24004
4042
11418
1777
18763
8972
13454
24619
18331
29285
12008
25133
28584
27720
30304
19099
24340
29725
27601
5561
1190
21220
13384
5166
28408
6940
7515
3592
29551
995
7101
5889
16752
32606
6159
30720
13777
4187
32248
20963
654
9013
16759
23932
32446
28152
20088
27865
12997
7110
5798
4553
29898
18298
12673
3483
10604
2442
17072
28201
31920
7474
6808
31766
10046
24783
17709
24147
5070
13705
31496
5864
30941
564
10427
15601
15012
23928
97
6118
10570
9008
18809
32
28505
30993
25332
10393
17519
1676
11148
13812
14390
25589
17496
18109
10645
1252
24989
20721
15912
8668
7656
30913
28142
25898
857
17555
30530
24336
16194
21066
20237
1315
13297
29127
24889
16626
23753
18607
13673
20968
14488
25455
19431
1652
11812
22398
18141
4198
7943
23266
13257
30877
7357
29942
2347
30175
29692
11370
11392
11016
579
22155
5236
4199
2486
27589
23380
3173
30505
1382
21954
32615
20091
26788
428
18166
12581
17122
24959
31774
13074
31535
6039
28947
29106
15632
22011
12827
8522
8319
30279
3495
1166
4915
19945
26563
625
26402
4752
23729
20028
10821
25314
30417
21981
11163
18286
31685
27266
20848
16353
5329
22375
9439
12412
22152
23276
13974
17349
27557
13803
16601
5245
26423
17736
10954
13267
513
22986
20711
24535
18208
16937
14036
32305
29678
15208
1627
12051
3879
15204
32689
3180
31562
18862
16122
26975
2114
23190
31504
9715
18502
24712
8576
27404
11262
1948
29654
25242
10727
20328
2587
16400
29944
30489
24219
11544
1670
28610
18156
28292
32613
18675
32299
21896
9296
19342
9353
20775
31114
14038
22534
13292
16838
21449
19069
474
25669
21168
30945
23205
32318
9972
26566
21539
9090
21811
2339
22781
4704
26515
12118
24490
24262
31830
12648
3486
22698
8879
9363
6846
12712
31188
20225
2328
9709
18005
14295
1233
11347
29100
30834
94
29133
10261
13040
24823
9222
2208
20979
20297
20293
7044
30113
108
21396
694
12784
2836
13601
6330
544
7435
19428
29114
5513
9439
5762
29397
22934
17368
13426
29625
25874
7212
19294
7796
10402
20342
23500
391
2195
16741
18685
2108
17366
29361
6165
19770
19529
2132
10877
31575
29753
21238
30598
12461
5412
27305
2383
6128
5059
13014
16616
11263
25927
23159
9655
22968
31204
11399
17435
29713
12428
17591
24400
11876
14333
31843
31379
4363
253
9156
32134
7213
9700
23399
30677
3287
27484
8670
18458
30799
15973
27061
10750
12709
21404
19368
28577
11658
19388
10514
27197
22629
357
21161
17926
4772
25628
1897
23892
18256
1172
24526
18179
20709
13867
31046
9242
8288
27064
30182
28844
23193
9604
9308
23548
24531
16022
25637
27620
29074
14132
6656
28536
27309
26278
18594
1254
15779
20029
8619
13985
11570
16276
8921
29630
29478
14358
4987
26526
18800
5568
30249
29901
2423
2344
17075
22314
21939
26815
31831
12616
375
18771
30775
2325
11022
32728
26634
30649
15370
28775
32017
4289
17369
20103
14156
17533
24729
12972
13551
16806
10797
10493
5648
6724
21393
7514
18594
12239
30314
18590
20646
10901
15586
801
24736
91
23986
8322
22088
20039
7808
14499
28547
2558
20588
500
19345
19977
31462
8437
3208
17789
10434
4342
11521
31451
2958
2593
24081
3637
26915
2235
379
5778
1914
22951
5155
12948
2753
20524
7366
3160
31150
2296
29417
21662
23572
24164
29199
31018
10164
29177
27951
6762
28501
28467
30309
1112
2071
27526
20200
11938
6404
1951
4924
2056
18664
13804
30633
4358
32354
19038
10475
2484
26172
14190
9515
14058
13304
7262
8494
679
20651
2241
19917
31668
27663
6461
4517
30852
9171
20880
2831
24927
13621
22481
28243
26048
27859
29944
5144
8443
18622
32417
19487
29218
209
3597
18481
2858
26945
10346
13142
31562
25460
15444
18760
14500
20759
6299
551
27943
15723
16455
9838
2740
12511
16345
24358
27263
25316
26580
5722
31673
15869
4220
15306
17772
27157
19166
16867
16294
20758
8976
26351
18393
20919
22458
7818
13442
5270
10965
12117
19465
14214
12211
22766
8936
17194
14912
5663
9488
7875
21383
20309
20104
30278
22392
4436
22360
18098
8168
7210
22181
1184
24793
24161
8477
4379
6652
12409
26262
28851
16756
25750
21233
30925
3037
32373
13893
26429
30093
10148
30778
6167
28953
13299
23218
19905
24347
18982
20399
16205
13107
1260
26225
24838
27212
8213
5086
6985
13857
1535
23079
25495
511
20817
5033
27623
13516
5868
25873
23617
21576
3103
6852
19080
28051
23834
30078
25752
26352
18342
10808
145
7880
19987
6480
1905
31730
5745
228
28137
21297
18947
11902
12137
17918
2288
29687
32638
32392
17980
25493
9565
27898
8183
6007
13760
27132
1972
2099
7920
25212
20285
14013
15139
28846
28037
11659
23817
1617
4062
7414
2722
3125
19308
5860
23122
6906
730
11684
9783
12570
21579
31257
2490
2602
9108
19739
23908
31580
5288
4122
9460
31049
2643
6404
9134
10989
32044
30057
2805
11763
16069
28894
30492
28723
32036
23199
11898
17018
6775
20088
22204
2185
11523
1253
5247
10848
15198
28280
18719
10940
2270
7803
25289
1758
1617
18647
29400
17294
15086
22324
32350
19296
14732
22882
15616
566
30226
21751
14856
12806
3887
14394
2997
13533
24651
29760
5333
36
28605
597
1174
29987
3390
22686
2202
6851
13469
4604
25929
9368
2229
19762
26731
27422
31389
1867
27126
14659
28958
30006
20260
4902
1130
8372
17353
23071
8714
19572
7652
29183
11545
25467
8052
19353
28336
30666
2701
30849
27297
5179
15274
11283
27752
26029
15941
19895
24670
32608
4005
100
19760
16034
1016
17251
400
4524
417
4182
18986
9671
1747
6776
17370
16563
11615
4902
7708
18760
8394
6047
25028
17246
15011
11272
4079
17131
14611
26547
11577
6763
17334
13984
3376
18565
12969
21572
29193
26859
19429
25482
21650
11394
27339
18456
26728
7363
17919
9427
12394
11873
18298
9125
14189
26411
10971
27262
16690
6965
22014
24984
1941
1330
8144
12032
22534
15909
31074
2898
9533
22585
11580
21443
24874
8428
10483
32101
13099
20083
1278
19879
24194
7258
16069
31771
27910
7020
22779
8573
29208
14546
22062
6128
31193
16511
16796
12426
30875
24267
14921
25107
20117
25949
13390
21770
13274
22351
25716
28905
8332
141
2561
20139
1356
7294
2770
13450
26614
20455
5546
32525
14475
31244
16074
6978
29295
8472
19138
30280
24021
32190
7046
1553
1399
27169
29636
20326
13450
14321
1141
3372
4337
12759
30899
23781
9649
19476
29642
5242
29093
18533
13713
9527
20083
20777
22779
12311
17342
20421
24809
12098
6813
584
1858
22740
17740
5195
582
7904
28450
16156
13343
28853
18627
13595
30905
8543
25751
23651
1492
6001
14203
7341
4440
10754
4534
17522
12776
20214
9262
18768
11705
32383
26076
26543
11173
28642
28029
26020
31355
4991
5002
32022
25242
28172
28779
12575
13758
14625
2792
4788
4377
27897
19168
14473
1446
6007
1085
28207
6842
9319
11815
24191
24284
31495
6776
15676
31446
5317
16752
13300
31500
29003
30123
5671
17165
3001
5199
8364
24424
13617
1418
18511
10689
30873
8508
23487
29475
27548
19440
31912
10392
4338
24593
13340
9719
12258
14171
9783
11006
17669
26767
10499
9888
28748
3435
17049
19616
1092
9433
21129
10591
6809
25959
27260
10227
20954
5111
6680
15992
6267
12983
12836
13483
10528
7252
17133
14517
7193
24427
23016
13892
12840
28225
17048
9184
15499
30387
20146
14973
17974
30320
27008
19276
25185
24421
31363
10199
17474
24697
23388
20557
1052
9851
25837
23578
13688
10584
22459
20667
12978
22930
9110
23249
16824
16877
21117
7540
30223
29036
6844
3017
29719
16763
23639
215
31119
19566
3499
2454
20315
10282
23379
5449
2181
14626
32585
14
12931
12678
4941
11188
23224
4278
25227
6860
3389
14077
32376
16899
12512
24956
6909
943
25709
8804
30167
2471
16685
10601
19774
29016
9901
28787
10692
32277
29632
8342
32641
17839
20679
17220
27245
2886
28464
5057
2573
15454
25149
1240
16466
17461
29959
20173
22462
10581
8642
6546
21704
10597
3650
5949
30338
18244
12734
8890
10873
32601
2005
14013
30684
5668
29902
20731
9697
13593
16164
5530
8549
18863
16962
18150
26067
23220
16011
25925
27974
18403
27293
2925
27634
10168
10711
23252
23232
14211
3097
3176
5432
4540
31434
31105
3748
7830
14112
12564
25202
29398
3483
27945
17371
4326
25299
31887
4290
16421
32116
29902
3039
28290
12679
16477
540
20553
20723
23829
24383
12860
1347
24294
30154
12774
30377
2761
32287
20524
25667
7669
4328
4645
4510
5462
8374
9260
11641
2363
14056
13107
5579
29007
30671
28762
7431
25802
12816
29376
13470
10984
32073
27544
8389
12187
11255
24704
6522
12412
5271
24591
31937
13832
30219
25773
30260
11529
31552
22952
16314
13394
8718
30340
24471
29359
2399
25746
1957
2332
27284
25284
31200
30005
16932
23487
5672
30702
27526
8754
30019
21636
13394
18278
13602
31668
10915
16407
23141
30506
10943
19331
27425
10556
28666
20672
9952
13528
11479
9810
32745
8635
28273
30717
14786
4324
20249
16088
20724
5449
15425
32675
4110
1224
21401
17242
30188
21856
7031
32266
20793
23201
6780
22500
13619
30561
4725
3216
11182
6065
25215
21700
18524
1808
21615
3604
331
30430
22896
5388
28847
18707
31214
1404
25570
29488
31923
21779
23465
3446
2384
31791
25017
25174
18879
8436
22394
4650
20294
30876
8714
7970
16030
21261
22405
30081
1877
1201
20868
17417
10865
8834
18659
14515
21590
17508
24264
30116
19946
16824
14048
21085
2294
7214
1772
15666
19408
3290
16253
20733
16439
26507
12795
29459
27006
18520
22508
3447
17901
16251
8051
14670
8036
28515
24855
28051
20289
20740
25286
1548
31108
4722
3098
13949
817
17326
12251
15899
18422
17855
3780
28483
21262
12293
30602
24428
8037
8139
10266
21339
8957
9755
21538
15254
10640
18390
29908
21786
17015
17412
17895
16976
17866
5224
5086
12350
13513
23639
16268
23546
31098
14795
6872
3173
18836
11444
702
21525
12444
2190
23190
12179
1358
9272
19609
21447
20030
15364
29601
16560
22975
14859
21040
27737
3332
22723
15028
6664
11909
21459
3337
12728
12196
6949
27968
11209
14737
15421
22431
25847
363
30154
13800
28297
10152
10619
23007
11978
9910
8212
262
26045
5346
21441
17835
27149
15738
13482
8484
12867
21806
7111
25434
32315
19900
24566
17284
13529
3277
16715
28213
18936
2585
7847
13465
16547
6354
10636
16635
7560
24640
3119
29835
23977
18345
13775
21087
17749
22899
16710
7095
6999
24972
10718
389
9325
19210
16997
3885
29436
271
8836
12937
24321
22256
32332
1328
14923
15254
7186
15096
5352
15396
23677
22969
9693
6617
2269
7764
11290
30521
23486
13044
23468
24679
30654
6804
11061
13014
16539
30146
5529
10272
19088
1186
9211
2102
21474
2613
21480
18106
31926
29915
11729
4009
12581
28695
8127
1853
31122
17299
28738
16658
9531
9060
23978
12935
783
21902
15738
9319
7360
20683
12314
26569
10264
14472
15564
21044
8848
23089
27105
17671
19231
4014
9517
17432
28240
11054
4280
24476
14487
20515
1974
30023
741
23949
28602
3252
19834
19836
10790
21254
23803
11728
14822
31184
11716
5700
29022
32050
12671
16299
15520
5445
2805
8313
23523
22201
15397
12932
8753
18109
31379
17932
3167
26143
7651
1529
17474
30645
23718
4453
25632
1531
19316
20058
3685
27645
21051
23005
11671
25976
3030
14635
28812
27196
17378
12354
22235
22740
1741
24995
24976
13417
30767
6999
15396
31204
25438
30000
29100
20563
14909
9297
592
6286
30292
10224
27903
8218
4134
13147
353
31565
190
31033
3597
19123
396
15379
16125
28593
32367
18451
16446
29800
28179
14859
30956
10972
1149
14264
29278
18262
29668
32073
16286
31239
12227
25627
31004
19437
26156
18119
8355
17147
9055
26206
395
4468
21403
13555
24881
21656
5940
10586
5028
9858
7398
48
18593
1873
30313
3611
9410
24966
6981
1875
31474
11693
3560
24674
14884
31040
22262
11304
25413
21704
19168
6945
7022
27973
19896
32747
11871
21712
2372
32002
5417
15999
18769
16335
21802
12681
29257
27873
19262
30634
17928
8570
14132
19145
27372
11853
7039
1497
26923
28550
17710
23805
4714
26123
4127
24815
1931
30209
15215
20898
20678
28307
25140
1062
15355
16110
27759
24525
30022
31888
3132
13964
3541
7875
6988
31907
25846
4964
27797
9088
10100
4329
26184
7137
22820
18851
30724
17210
7355
25663
16713
16470
11746
23955
31791
4928
16781
14232
88
23652
16520
6578
29219
7922
4178
17976
29218
643
24111
2352
24783
22527
8313
1114
2682
26046
16951
31857
20358
16109
11505
2989
7381
10804
9410
23948
18561
23445
10926
22482
9933
1432
22838
21710
27483
1445
28458
21216
10911
12209
31935
15672
3987
32029
26337
12768
6572
8922
13514
26877
30477
21202
23508
8530
20220
11395
32139
13829
4242
8429
19463
16806
6582
19887
2169
29293
19020
4973
20483
29635
22441
27508
10957
4356
29770
16545
4437
30084
8134
20351
23558
11728
13058
20911
20749
20022
31908
30861
17512
25223
458
31504
32319
2843
14075
15090
23416
27414
17758
17681
23686
19434
12329
12566
5761
6685
28253
9300
14972
8013
19633
31731
10003
7537
11211
25165
14403
12129
28342
21400
18815
4761
11665
21958
7679
15929
132
26537
9052
27473
30457
27483
16986
29276
3848
4061
12804
8714
16690
32254
255
29507
29779
19582
18712
15976
28114
32628
16671
21980
4635
5869
8440
10691
2383
28886
3055
22793
7225
540
30028
21414
23941
11025
13095
29217
29484
11026
13182
9811
5171
30567
1925
10606
3733
31082
14653
19262
27006
30699
8008
18094
30649
12244
8956
16269
28268
24585
11446
19858
21507
19602
10865
14494
23402
31996
25751
19010
32639
14844
5398
22657
29383
3670
29879
28119
14175
20221
12972
12922
29494
28284
2663
31455
21626
8084
27571
8064
6736
2855
26877
477
5576
7509
24562
25280
14096
11748
4176
28102
31464
2021
5365
7707
19541
5268
29501
24709
11930
11649
13450
5796
17252
23021
15908
24440
325
31607
23364
18723
11875
11768
11627
20464
29554
24235
30456
20117
6879
24209
29690
17333
20558
29715
13635
4265
29767
12266
12734
5504
22572
2364
514
20036
30319
1287
31270
21887
31489
27843
5591
28670
12302
22595
27305
1493
8935
3805
5291
11428
5440
970
20798
10008
3739
29135
15399
32180
8708
23069
25314
5329
15359
27255
8761
25571
3263
3730
534
12799
25240
12481
918
31642
2231
28114
5470
26004
32273
16434
8754
24949
6297
26200
28100
26358
26806
2145
13257
26307
28916
24824
15698
23167
1530
28025
24666
5640
27324
26966
7579
15869
31985
6329
20647
1918
1480
9835
9779
9523
726
6388
19638
1424
31571
8964
4915
18007
13703
21265
27218
350
24703
26178
31670
22162
1540
17036
19339
22332
22734
23579
6238
13955
13044
2547
27954
25394
22695
3543
6608
28348
21280
21353
1374
25982
30679
10900
3891
31811
28662
295
29162
14093
21517
24514
23733
27923
12295
11766
14068
19974
861
424
16903
19608
4489
32182
3424
4671
5822
990
28892
24630
13526
15835
339
454
11404
16848
13166
13251
14059
21994
8376
9561
4870
5953
8952
30217
7146
2048
14783
21742
31441
18630
28221
9541
18840
332
10584
19500
14707
15431
12288
2986
4576
14992
14780
3824
7129
386
21897
3038
19790
10403
4325
7625
18642
10887
5415
15740
1429
15602
12049
31356
13202
29757
29864
22929
12297
13819
32067
31873
7728
16092
24547
30495
30758
16337
27586
30084
11304
22128
20271
6045
6663
25755
8344
9702
1241
2908
32233
884
19695
19732
13845
313
1544
6869
12529
30340
15812
20748
2377
17095
1628
26467
3374
7325
6543
22501
6285
21003
10208
355
32262
24070
10238
2327
29178
30518
14980
32648
11238
31738
30178
19629
12784
24492
11931
10069
704
32038
4018
7111
4497
29317
5982
26021
18568
27181
19461
8470
1348
29965
15720
5923
17334
23076
9756
10594
27443
32579
16697
8402
29127
20245
10326
25607
18893
16478
19892
22663
19900
25216
26297
29555
7748
4931
23200
15722
9882
16853
2416
19882
15120
25360
32554
120
1512
31484
26439
27843
13930
24469
21601
23812
9780
6350
12337
20328
26834
469
26553
16689
31118
3993
10178
18777
31625
24714
15753
18041
16395
31135
28598
9194
1816
21662
25485
31274
11844
9112
25192
3713
16840
28082
4965
30180
9172
26924
32092
24345
15911
13979
25876
18460
29150
24953
23478
8898
14729
18912
4481
11420
12676
23443
16576
32286
31365
13886
17657
5376
10865
11007
12904
24037
16244
13092
427
315
18768
17463
9151
30562
15605
9528
4651
10256
9811
10537
12155
6388
11372
29392
3056
28569
7085
9656
25206
19086
27262
10361
25046
13764
27672
23609
5677
15927
9622
28019
1693
26832
31055
8695
23362
4234
7268
18482
8040
28629
2709
11184
29691
22840
27737
13023
17982
25401
9005
2582
24256
2945
28716
32725
23693
5436
26848
30287
28833
9919
11864
3621
28066
27245
6778
28277
32718
14043
22427
19987
8498
562
5709
8726
7708
9429
21880
5527
15828
12100
28845
11957
25479
22337
26806
17628
15236
16433
6770
11336
18603
8900
22496
15044
26145
6104
6009
2488
4425
2715
11715
6498
4080
5616
17699
14692
18120
20757
2034
23167
21528
20354
12500
11678
17073
22548
30021
13334
26916
5994
32373
9516
18738
20880
25686
19672
900
22234
24307
18376
13213
16403
8707
16552
18444
13783
5822
4769
10982
18238
26607
29983
20083
5051
5195
5336
29224
19523
31489
15882
13269
20401
5778
31747
16672
26217
23011
20967
15666
24891
25489
28846
11952
8075
31620
3692
2541
16559
3783
17109
11102
1177
7574
3328
22094
8118
20409
26219
3026
1557
8977
1856
19968
29132
26737
16342
9052
10392
687
2939
28307
17603
7162
16497
28268
1355
17773
310
31227
26944
13541
21256
19736
6766
5392
32169
30991
27452
7111
6240
19865
27604
23198
26688
19979
23172
32185
29612
1742
29540
27873
28443
22287
25402
726
26393
695
24986
20199
19343
8350
13906
5313
16451
14587
11781
32389
22178
10272
16917
13597
5310
6500
30662
21199
28051
11872
15009
25618
3726
9822
13847
27297
9808
6670
29287
5839
2223
8059
14530
11034
21501
27198
684
15874
31629
15345
30885
19996
23412
14567
17417
23650
14733
29978
14389
205
22464
19813
5867
11558
31619
24820
29688
4633
3744
16120
31763
23179
15673
7327
8969
12589
13578
10051
32023
17489
27119
18146
18327
15357
934
25806
25824
22078
22741
2725
20327
7615
6991
28036
18474
28314
6547
14712
17486
15726
14742
12597
24070
21682
4290
30219
19640
31817
15678
3093
10331
16214
25712
28340
31780
17489
31424
18747
27745
27483
14495
10220
29605
9934
24776
13604
31525
16921
15302
22226
21090
2763
27831
16429
18952
4077
847
19367
30230
27541
28448
12572
23360
19128
14360
27728
2962
10048
8267
26520
30293
26718
4850
16087
28470
23842
1204
11948
12453
17737
10533
1002
23932
23638
8589
8009
17889
6884
2282
24923
29549
8762
312
4801
16526
1568
9711
7326
32553
26865
1998
9548
29316
7666
5591
25934
8292
17890
6043
18566
15730
6610
7351
12200
14563
22583
1439
26095
11096
2110
2458
7951
11523
1887
24078
4458
22284
5429
25342
134
29747
20877
30929
19391
9398
24765
25429
21817
31093
10807
24067
21785
19028
25949
17797
27893
19425
26775
31349
3976
10295
28323
24936
4267
7970
17965
9259
29057
29059
8096
6220
15601
7158
27963
28380
2137
9395
2407
4468
27776
178
5960
20598
2765
21523
20882
18069
29367
4540
15262
5528
31613
15940
26813
24666
26135
23056
19916
9750
23404
14011
20744
25313
6853
15291
3108
6520
27778
24130
29849
10812
11532
20579
24126
7035
1034
11126
3096
14065
7128
6589
17267
8335
27956
17224
5425
19067
29499
533
20835
27223
23445
8572
22806
21446
1772
11466
17007
23596
28066
4397
763
11190
15555
5840
5184
8091
16184
30022
18072
8609
26430
1836
13887
6370
3095
24842
5802
22480
12287
20347
18458
11127
25186
142
27506
28674
4684
23659
26693
20097
25889
20794
6452
2025
25998
5696
4727
29020
7871
10827
14009
1451
30675
4433
3625
12314
25485
5460
5070
13411
14412
3720
27930
22525
17469
30392
16323
12445
29135
19430
6606
15358
4199
1586
8173
9438
5462
9469
30218
22857
26888
5965
5668
22041
5245
883
2394
19390
25341
12780
14149
59
19464
8070
16267
4721
14733
31427
4529
672
32348
4226
14129
9259
4316
27612
973
23707
24065
11597
8226
21479
18553
23828
8832
31219
10278
15580
10745
1366
24017
23707
12216
20320
20253
30395
661
12636
24249
22392
8422
18194
13530
21385
25751
14992
27625
4610
13693
32042
30072
11641
13799
4544
19323
28775
7542
19519
16821
12498
13871
10858
2928
3881
12239
10715
18801
7280
15710
16196
13355
11164
12551
21243
13875
21057
2599
26294
2804
23658
10660
18579
13732
14280
8320
30555
25719
6672
19630
7175
5138
26270
14372
15491
1858
5982
28209
2995
26350
11500
15121
31412
7754
27130
2495
28516
18254
24051
21514
17444
15207
733
22763
29916
7276
29316
3350
7488
27091
30421
31183
11346
30245
31112
32255
28968
20655
5890
9607
25840
30587
22649
2772
22065
25982
22873
30387
22868
20755
23526
12903
8802
11944
4387
16378
11279
19383
6131
27856
20472
5625
30591
29314
13353
25302
6359
6633
12770
19231
988
5240
6555
28415
25437
32719
30789
13871
5248
18318
16851
24682
17764
22887
1273
31265
26372
24440
3123
2415
30303
29911
4106
1871
24790
2158
24211
30989
2005
25097
7224
15866
10165
32173
442
25956
9697
12588
15223
8389
2616
20470
19945
9787
10163
16690
9072
5944
14408
15373
10065
16251
28686
7762
4606
16447
19361
4412
19096
31666
7624
28808
434
21672
8277
10189
26968
5777
3149
31248
11855
6568
32073
26515
5791
30574
9244
9711
26959
25431
3254
24162
880
31683
31561
9834
15965
10031
9386
26259
2880
20909
17913
9101
26584
7825
24452
23937
4218
25198
5865
31141
4950
31041
1147
27151
10492
19691
28647
1991
30239
8165
16408
21279
6808
28719
8791
3655
12717
1673
11447
26140
10132
1510
32688
7489
2099
3870
11018
28017
11050
19683
23036
4883
24851
31734
2710
14095
1544
17306
21596
10977
7526
29258
564
10988
23249
29351
898
6928
15481
3252
30865
29054
6811
18245
24117
17355
20554
32181
7342
10820
24943
32216
32208
28034
16911
16944
20065
12862
8908
7268
11971
5990
26287
25581
22226
31343
9764
32019
20752
21998
25414
19480
28928
28258
21341
26803
2255
16724
24997
9664
8761
27299
20306
16693
16043
29721
5328
20568
25253
17217
26703
15407
28771
6525
3455
25144
5564
23123
21144
11611
20810
3080
24222
15133
21195
18032
13539
24854
15047
1028
4557
9893
32116
2357
1241
1762
27862
22016
27616
3796
11818
21955
13210
11237
7813
16719
352
16018
27321
26430
10806
17767
24184
20103
6920
13355
11964
26447
5684
19288
17253
15874
27209
974
17444
25763
1550
25287
27801
1632
3527
18958
27576
22890
21939
6252
21105
25347
26073
11875
21904
16857
27397
11039
26338
29330
14605
30122
27033
17064
16984
26207
1521
25975
10401
9377
24596
24468
19193
3277
13883
15457
29963
12908
10775
16862
5028
21166
14703
5826
4723
19220
10762
3787
18189
26732
27855
4434
3379
8706
15403
20002
30808
5397
31155
13450
15966
21640
3851
24753
16289
24794
22022
29482
20534
23640
19470
1736
9845
20369
5319
14516
4788
4619
4079
30396
25686
11060
1673
2030
8197
16283
13114
870
27451
24160
10739
10596
20743
17130
25296
21154
17422
24279
27712
27108
464
16441
2151
9168
15148
10239
14784
26880
9766
25777
775
9814
23785
17761
24150
30607
11784
14558
12174
24603
16905
27946
13816
1580
14884
814
16684
9230
11336
10925
11570
9142
8287
14967
27112
6301
29395
6367
4515
3023
16465
2158
21273
20030
16077
11481
12927
17757
10182
23601
26094
26090
6091
4186
20747
20747
1854
3262
25575
18333
16472
3138
24868
26569
30317
2938
20314
26840
25201
792
6584
18760
2236
9899
9199
8991
3082
31622
21835
6783
12742
23549
24355
6779
31624
15064
17012
21545
31196
15105
22729
13304
15429
28544
25694
16708
641
22441
27524
7208
4879
27540
25415
3476
23279
19662
27983
23967
15017
28494
11524
25630
9360
20139
30710
1909
28744
908
25979
7597
1926
19807
410
25543
20503
25678
10023
32592
30500
10094
17712
15926
436
31546
5016
2266
18034
27713
31490
14950
13489
27163
13296
21345
3245
11937
24876
14977
27923
9566
10600
32704
22980
26432
5153
21937
8150
7827
11721
13589
15068
26416
14116
24234
8040
32498
25587
12099
3790
23146
27856
31261
22570
29140
30809
23921
10916
23113
8080
17734
23794
32566
4482
4233
19999
4108
6695
3167
17291
30265
4234
14778
26676
26456
28713
4395
20787
26532
8607
14583
11146
20659
13952
24940
30492
12385
7301
15221
29437
5130
3049
15725
7916
5116
13586
10801
30238
13099
29044
3705
18238
26407
31667
10344
19889
23628
29447
28001
28702
19000
11749
8733
18478
27779
8156
14586
22416
29610
22205
27286
3649
587
21246
15517
1546
2712
16224
27359
5962
8198
19408
26278
10997
4421
12171
24646
28125
24181
5766
3829
18736
24471
32269
10973
17474
12097
17578
19824
13197
11670
29000
11260
22775
12150
30104
24703
22867
11762
28596
13500
11049
2563
12035
9102
25274
14459
92
1149
32575
27195
1390
5519
7538
1191
7007
22368
13135
32343
5299
28533
14620
29711
19056
1230
25511
2546
18559
19130
21455
27890
6486
11760
24389
2187
29908
22490
22164
17585
22124
31796
27743
24583
16006
9430
8682
14929
8994
28622
23773
9004
21439
29618
2628
253
21627
15925
29401
25639
29819
8439
9350
23169
9101
16546
5414
5895
19212
6706
25228
16847
11781
29332
21446
1087
5271
25715
32674
9598
18080
79
15474
19240
6550
13007
15629
12870
5554
25944
32534
29821
30292
3294
28289
11653
2467
6906
25170
5341
13171
1341
22184
24509
5997
22213
2043
32589
11881
13
21410
3860
19231
22793
408
1971
20991
2419
23423
2515
10333
19296
13541
21852
7889
15382
18631
16615
23262
12065
4179
17783
977
14244
30450
29283
14060
23534
3974
23959
1732
10061
12016
25597
2536
3623
4054
20021
15555
22598
25507
11660
15044
1396
29903
1324
4796
24648
15968
5008
14983
13119
7345
20539
26094
21518
31602
29098
17612
31031
9456
3975
27760
3547
5782
13599
28739
30671
32436
30742
28074
1010
18304
26457
3886
27837
21339
26197
19163
12059
20053
18535
24549
8571
14578
16531
22418
292
4143
31096
3411
27081
14016
27011
564
27486
924
14180
32631
12842
6587
17086
19580
29980
27934
9507
31717
7778
6417
16191
5111
25144
27565
9811
5698
14334
19104
1510
10884
27022
21809
18871
28875
11468
26494
9205
16090
31615
25352
17330
19662
7519
24690
20374
5377
6254
11910
30928
27439
31628
17017
14930
3799
14150
32112
6206
15588
30960
27458
29595
1165
15347
24192
17997
25466
1383
3507
23364
27944
32229
5604
22259
398
23958
1634
9220
22273
24208
22975
6218
23381
10595
28
26103
12357
28654
24230
11535
18196
10872
26721
16668
24437
11004
13349
30500
28073
31427
13286
4056
11239
13880
28984
4622
23296
23289
29457
10609
30275
15402
12497
23927
24222
4366
13953
13460
16647
20952
24152
6062
15386
22206
17284
2512
2308
27984
21031
2082
11167
22536
6303
9753
28126
27682
15882
14827
10860
16813
16905
11590
10896
10723
27077
17985
6996
24502
32304
31891
24038
9899
16270
12034
14142
19435
12851
19743
8961
15768
10382
18737
19878
11357
11878
26223
31191
27465
14692
14194
21786
477
17106
24809
32688
9315
11938
29839
19389
1666
9138
30810
30634
15376
14670
28149
26568
7207
7671
28273
9014
23163
7010
11832
6148
19178
7108
32066
27288
853
5197
6027
21585
20399
30962
22980
21867
11347
7536
11848
15907
15003
10126
18003
21275
25518
30370
29550
4351
7577
9302
13614
21353
1698
684
20254
25346
19160
15168
31482
12011
2031
29646
2846
13659
9035
7155
4413
24457
18011
18488
23894
21708
29992
15948
26852
2304
29486
5777
598
2605
27242
5850
19646
20835
2228
10868
26573
6888
1871
7011
21503
2454
20671
28909
26387
6526
14554
5981
25790
9681
31522
13569
4000
1537
29522
20597
18039
1571
17463
11299
403
16024
24769
31499
17546
3820
11098
21184
22572
16382
8054
32435
24761
4449
14700
6324
9298
13827
4228
2742
5550
1036
22353
24019
30478
23561
13889
31376
10611
2890
13426
15969
31758
11656
8903
2672
4088
20940
15676
12186
9251
26251
30326
23482
23953
12566
8607
27691
24515
21554
28272
18824
18805
10754
27535
12470
27016
29998
796
3365
16448
11582
9606
18514
8367
27207
5796
12945
1649
13258
4353
26889
29594
14041
13175
23808
27373
10107
27903
24665
23119
20818
23239
23386
2427
7035
19589
4019
24822
950
25356
3260
7494
21703
32028
14591
16991
7196
26239
5366
25438
8879
32081
6934
4729
27950
16800
24844
3382
1882
821
24134
30940
7853
8624
31669
17191
12351
4827
20689
31552
19946
9016
12766
14060
16044
9436
29550
22532
32334
128
1832
17957
24643
23766
21959
28840
22995
20505
31334
11477
14201
20456
17146
17491
16777
21332
6688
18403
5141
23352
15897
31311
11794
21705
26898
26524
31671
2669
20137
31879
24614
5841
4782
12848
590
3637
7462
8720
24848
21003
28566
5680
29344
17089
24446
27037
21295
17371
23075
19735
18119
17988
5521
17417
4726
19686
21217
28094
28846
8056
5560
28369
9452
8087
29968
3813
29336
29721
26939
24215
31532
32414
15140
31153
18329
20327
30937
14752
231
2924
4934
27689
7195
30888
2371
25175
32093
9400
17362
27576
22106
22948
1953
4553
17384
21757
8151
10158
28392
29992
9741
550
13425
20729
2969
27583
6443
28036
18451
10566
3064
1583
20754
8834
15322
6924
16183
802
1297
14694
17517
26611
14723
12954
22382
27734
18529
13608
14474
11250
2312
31754
13220
3238
11557
2117
17277
25793
7709
6333
31285
20854
18860
21581
21262
20874
8652
23063
20852
30800
21464
11289
4410
19671
31473
10242
11303
10594
20897
579
6321
12056
9918
30568
26120
8701
6545
10153
31062
16673
24888
20668
12357
28440
9033
23022
3267
16041
7608
26226
19970
14282
10235
25081
6850
26829
20331
15235
8402
6100
4846
17012
19924
10378
467
23018
1346
2581
16893
30286
30638
16710
16708
6441
32590
25363
5656
16185
9655
4936
21351
29893
14057
23417
21441
1069
1420
28219
16315
29381
17529
10900
21393
16355
6524
29615
10255
6711
19800
12500
689
32603
15628
2456
28937
31147
28757
12881
13153
28759
31092
23757
15010
15799
561
8516
15732
32734
10784
29578
10407
22385
6691
30857
28370
2234
28976
20463
31545
13048
28245
9764
19444
4601
31737
8831
30542
32235
100
1465
8300
7536
6018
3234
7983
32240
6627
27410
24410
1587
5383
29475
15096
30511
6361
15517
21496
28446
32377
24754
12571
8916
3134
7660
8720
16720
6908
30819
11997
13713
8322
10803
5760
15019
17255
30765
8406
30233
23559
16077
18365
3157
1736
19308
31605
25510
11170
21943
1613
2361
7902
11616
21371
27764
16157
28692
7499
25735
13469
23468
18044
13380
13752
4263
25318
48
29869
22744
13153
27354
6819
18012
6371
19307
29675
16079
17128
12927
12678
18111
7447
12595
25575
8545
16418
5759
4857
6275
27118
5831
5988
194
16628
4524
6413
19965
26343
27176
22235
19466
7830
9434
7105
20391
2325
16542
1273
29619
15895
32097
32141
13982
17311
1332
4892
3102
10456
11166
2011
14115
18496
14135
17882
14
29964
26994
6025
6941
6089
14523
18810
21290
32319
28866
6504
19606
25242
11542
5753
29824
28108
25077
22208
28730
14637
26467
9734
8445
4964
14969
4554
4059
3211
26880
30342
22006
3470
23358
29236
21744
32468
28688
24593
21410
16930
7993
16801
21265
956
5626
14579
12189
9933
483
30758
25212
20744
32232
18988
30567
22928
21943
6350
2707
7957
4937
5104
25315
2368
2743
24087
31836
14674
22608
25128
5849
11784
1256
13939
7424
24257
17522
12527
30580
4578
722
4295
8268
29306
13036
24854
2757
10530
5121
30959
13107
31784
24891
15521
27454
15084
8070
1081
13898
30857
32162
19272
18999
22968
31350
3558
2123
31218
17832
30454
620
11221
3690
17324
24723
6345
13463
77
14973
995
4094
566
14756
13322
16894
17184
5997
18776
17747
418
19363
450
12335
19191
32548
12540
23692
20994
5850
28567
27329
14223
27373
17773
21076
10204
32311
21310
29968
29016
18937
16283
26711
30890
29132
27395
26809
11765
29658
12109
11205
26459
10573
11845
1054
17600
11016
29594
3026
208
28309
28152
18664
21315
12127
881
56
18527
30754
17697
10880
12735
24735
1554
16307
5204
21396
22877
19604
14249
28907
15250
1668
14955
24626
27482
20888
20520
10059
13659
27887
3159
22885
14172
14659
24217
12843
24234
19901
9278
28986
9658
20238
29451
2521
21775
15547
314
31460
19294
10424
20163
25354
4337
3385
29658
9529
14921
13509
14521
12629
24071
26764
23199
17712
8717
22778
8729
14775
9184
29836
11904
12393
16464
8419
6851
13582
32348
2583
24422
10149
8528
31821
5579
670
9776
31628
177
20809
12377
3532
32250
27279
10598
27472
17841
17376
6225
2358
6731
28780
29658
12877
20013
8342
29741
8742
17007
13733
10175
22126
17120
15805
20345
2682
25418
27663
17944
4388
16887
24908
30420
214
21363
22623
10047
26084
7060
2907
6257
28447
30648
25778
17250
18599
24142
20649
13463
6400
14232
17160
19201
21608
13230
17686
24098
23144
16839
8132
3953
4522
3252
30249
19200
30218
8365
25646
15196
19695
7760
30091
13492
29660
7911
2290
23358
32066
11754
29577
2263
3993
31685
30878
13802
15022
11738
27031
27026
14143
28618
551
29955
17605
10736
21704
32294
6545
303
23397
7555
6426
1006
86
4964
17558
10336
13202
22583
6599
9
24608
3125
21528
17534
21967
2625
17384
8556
31527
8723
12326
24539
23455
15765
30238
22196
26129
30093
23442
17537
28522
22909
18189
30325
19878
28359
21108
24748
7932
11029
27614
2995
4437
28152
30885
31563
15875
15824
11966
29290
28080
19435
6213
14467
22676
1009
30044
17415
14060
10879
28726
28204
13735
20242
22383
5101
9058
5415
21151
18514
27030
6304
17710
31729
9744
29034
21354
15797
30882
6749
15830
30942
22809
16227
1733
21577
2414
14045
5672
5874
30785
10818
20389
13751
10114
12809
20201
28255
27506
26826
15934
5082
5578
14752
31584
28618
24889
28113
32396
23875
12564
15793
14299
207
31050
26819
22222
16822
25238
6434
12330
26748
32504
5663
13830
1706
8805
2604
13858
3026
13246
24569
21114
11213
2559
31452
26651
31303
10681
20086
22582
24446
30402
6548
26483
19014
11818
18515
10119
17233
15474
16776
7945
17837
17401
9054
9089
142
26551
13121
6595
26190
11821
1275
4219
11442
4252
7453
26888
8815
2678
4769
654
32236
15634
29645
6982
2378
31651
29275
23577
20386
21355
6870
17006
12173
25644
6983
23616
30442
7392
23825
2675
27611
12457
30234
15720
26385
22539
13611
24527
25418
12889
19866
25532
9751
23405
26150
9725
26083
2460
3874
7084
4401
18410
25558
32256
6949
8313
23330
26728
28998
19272
2916
7387
32386
13594
26012
25193
24435
29363
11214
12823
11232
29770
9896
9705
31111
3388
24165
24128
31769
9214
23281
20838
26247
7765
12110
14696
29052
24009
21558
5156
11050
24663
5634
27042
29770
22886
6602
19624
20062
22268
15822
18824
24378
18226
22804
14141
19906
29157
7763
7862
23541
15023
9744
11378
25131
16149
25607
24653
3994
9474
3020
28570
5151
11637
10418
3441
5948
24438
27884
3402
8285
24398
31730
5067
21599
17911
13351
18911
11346
3282
15288
17928
2430
24984
21703
8182
19109
30355
15561
25176
18056
8974
6956
20210
20396
26634
17213
10480
9566
11570
19786
31098
30197
18961
19203
648
22103
12163
6950
21496
21183
17769
8284
14046
31933
20641
24414
25371
6782
30006
18523
13105
23373
10451
12190
19029
13658
10622
14700
24774
20666
19586
15659
10846
9136
14765
25546
2918
9259
26300
1372
4015
12943
26388
2566
22494
8632
25523
21020
28936
61
20325
27015
19071
1777
11067
2666
15851
20656
28473
13061
23964
16216
27471
21209
32030
12821
13451
21260
10254
28898
29324
32272
31533
29004
8506
2688
5043
22649
6836
19786
2278
24170
32138
22291
9194
30333
17197
215
18907
24886
6819
11216
19481
2878
23423
14490
4835
23980
9489
31124
22056
25476
32218
9353
22681
26749
1858
1936
22787
29960
6542
1328
11740
19341
23564
7112
16156
19192
11664
31790
21070
23156
28964
29591
23782
17014
4860
11447
20693
5886
22952
3113
5979
5914
22413
11280
11804
9643
4246
15103
6775
16235
10279
16918
10003
4655
11091
5742
8122
6506
19278
31160
32619
25587
7205
11808
17578
26376
11180
376
24603
658
1208
5010
29007
6826
29327
23533
17886
27229
6301
12948
20150
29612
12905
24644
32690
12503
4039
31181
19823
27356
8526
2746
15707
22842
10508
21300
15374
28410
25465
7460
11742
30960
15530
27800
28077
28991
26055
3944
11782
11291
24255
20505
28777
16851
18490
20481
1762
23054
4560
19628
21472
15444
22648
21631
15429
18897
2371
11931
32698
17494
7242
31237
27461
1697
31716
18435
6685
4574
27677
13769
14525
5230
1636
18772
32311
19942
7556
5527
20427
29787
7638
27093
17080
32477
15796
4174
28754
31041
4656
24605
20565
17700
23558
9825
3449
27692
8400
10907
2118
26513
25721
21079
31786
220
5876
10255
31433
12271
2606
18764
12692
6726
1089
14
11677
6012
16874
2926
4521
24337
32061
23426
29319
17258
19607
17537
19873
7705
28117
27943
19921
20831
20931
31835
21110
751
31703
18960
27846
29685
2592
5993
18278
6743
31097
4640
11320
24379
31234
10024
7284
9929
26577
26769
12026
1330
15332
2733
10470
17649
2394
15473
1125
8785
23267
24349
22984
24623
1142
24864
24279
6657
15682
16437
28776
30487
5606
30419
23088
8993
7908
22724
20696
12274
21331
8979
21075
17539
7125
17196
24688
15675
32201
6463
18859
8557
19138
14821
29769
4643
25655
29446
24484
5658
26492
6138
20419
26381
22000
22766
22317
9270
3449
10634
13055
3603
9517
31441
11581
12134
594
19528
31078
6015
14729
22618
16203
2493
4166
24571
18464
18003
12931
22924
468
20552
28854
1790
19614
21698
6656
14139
18137
6019
18087
14017
2833
2228
9926
13200
5214
26593
10563
6215
15600
6214
3842
8842
2796
2633
15960
14502
16247
24135
27331
17016
23567
9363
25816
2443
4642
24252
9852
25728
20697
9743
28503
12723
25909
7005
1414
25883
24670
1023
28304
11634
14392
14358
13468
29846
22070
17943
3041
16176
2163
28552
27741
12179
2303
25348
29642
12263
3958
22405
9166
1926
8408
27875
20594
24486
4500
30103
21205
31545
28134
3525
21538
9745
15459
9082
17599
8008
20179
21554
21447
735
5438
17309
31419
30373
10058
20386
29044
7770
30660
17829
7772
6933
26236
32005
22238
6627
9302
31465
1051
13745
7582
829
32735
12396
24220
15095
15827
18278
9832
16287
5364
9980
7168
22542
15683
16758
22936
8822
21950
3374
16945
25506
1680
28149
21869
23423
4997
19890
30114
17116
29376
10316
21549
22126
15280
3786
30729
4887
576
26041
4768
1895
29262
25294
5856
24164
16223
3533
18066
1926
15505
18601
10727
8198
12497
8941
9556
345
15181
31834
8608
6391
23596
15058
31292
28000
30077
6005
9682
29793
22638
18185
19744
7827
12991
415
17415
15398
28790
11635
6367
7900
26067
12565
11790
7512
21894
12486
4569
23449
10016
15141
2170
31938
25032
10507
31858
8732
16175
13491
18720
23389
27334
3102
5011
27691
16686
25269
9629
2780
9199
17969
32552
31872
13678
15032
4557
12833
4377
25160
23203
19273
21477
13145
20053
8645
2298
702
19320
17065
20140
25805
1819
30868
18350
10687
10143
19253
11394
31066
457
6158
4404
20941
11285
10360
13128
28123
23629
26856
25585
22075
17243
9584
25220
8767
23388
28553
15147
11189
23541
4367
32222
14859
18666
12429
24975
26806
20204
2747
10149
19667
25267
25925
21420
7695
22093
7886
2891
26309
22710
53
12918
32615
5032
13079
6116
22815
23476
405
17860
23478
9874
17239
19116
23220
15286
7120
3794
26057
21283
28100
2430
30827
5764
10248
27327
19649
14457
20362
3422
21952
5679
27281
17680
9364
5939
12613
23791
15681
16264
10097
23083
7818
10231
904
22269
274
20646
1766
2525
4545
492
11097
19701
11113
12132
18912
14805
21417
4416
7858
11624
32530
26592
20098
18471
24713
7588
20738
16012
18412
15102
25766
3530
21497
24779
28586
26811
31595
15587
29270
28954
12645
11502
28289
4338
10516
890
26708
2134
31889
9035
25680
851
15108
25842
1682
19491
8719
31394
14166
28067
1642
17982
28859
23048
12234
21942
6598
27085
11272
31124
4776
18159
23935
10706
22084
6237
18614
11503
21740
426
25919
13634
27755
19206
30174
26765
8521
17772
11246
1493
32074
16157
6657
7537
14136
7244
14791
3938
2018
26651
2353
17378
20581
29126
725
21055
30122
18974
30101
2538
5424
13626
32635
4555
30476
25705
12264
4568
24878
3178
5358
6886
12261
11232
14330
16575
22438
5632
19894
6772
13321
5517
7469
7413
18452
15366
25137
990
21436
12574
12025
15508
25257
5740
4367
1937
14394
21348
32106
17404
15561
23942
18390
6525
20528
20693
10653
29775
9611
27787
7008
1943
3136
18443
1606
18932
19005
21527
4185
8279
27521
31811
2092
11029
10974
31913
13249
26938
22525
16351
1707
9761
24226
22822
880
25921
21297
28388
19505
16458
10354
10581
9869
27505
29329
31101
30402
21511
23401
19553
30229
3409
11265
32374
10357
32660
3927
9050
21851
3439
29277
30146
2036
9069
9538
948
23170
26075
8690
27382
4352
28887
7136
14790
18180
24234
15619
18379
13546
2136
13342
6988
20527
13429
30789
11936
19227
10297
26013
10725
14243
20183
5987
25845
20877
27403
9008
17814
13269
1778
6523
19953
32080
5663
28511
28486
10383
32235
13726
29917
6918
30732
16615
6976
12141
874
10068
10151
16231
22318
14135
5044
28770
3099
19222
8544
18366
28705
7924
27446
18993
14383
2770
17599
10858
1098
18038
32573
19188
27100
6763
26267
5982
30798
8777
2725
30873
27608
1079
10357
26785
664
16813
18477
26975
10210
1407
25324
25295
27096
4887
9466
11358
27962
15105
8262
17814
21375
30894
787
508
18212
7537
9966
11321
8772
11470
3043
25721
25449
19956
5104
15889
25762
30344
4794
24676
2261
12964
1407
12039
21335
11808
1868
15651
7610
25360
21872
4123
24550
4493
30768
30063
15979
25785
25532
28641
21270
26877
9570
32726
25539
14229
28930
19198
31601
31567
8898
26423
6556
12943
2306
19631
27591
21143
2707
13129
17752
12293
32035
24387
18856
20637
16380
8469
31835
2633
28399
3228
11245
4958
16778
11127
27278
26657
27282
11954
2352
10634
2989
25505
18654
22856
4446
28687
13903
5892
2870
6553
25531
17130
21577
7252
29933
10598
8160
21686
12698
7211
15981
16563
4593
7290
11972
7206
31091
31393
20359
7283
5125
3778
17634
3946
2371
28373
26233
24943
31256
17904
18847
20184
31883
12486
15305
17559
2524
17263
16706
13337
4816
7271
27680
24174
11849
10456
8054
23209
5657
32284
4811
23434
26136
27773
10699
30810
20853
12096
29757
32023
16969
24035
27189
1489
6002
674
14475
26964
29854
31296
12683
14087
22694
259
13806
19476
28190
4353
10762
17353
18986
30106
19269
18239
3474
14406
31183
57
7193
19089
19089
13134
24075
4451
30048
17739
16406
13701
29559
12243
25946
23905
25124
10568
16323
13321
32193
1007
663
24955
18662
2126
9035
22564
13277
20185
23707
7074
22614
23758
26586
25806
7516
2142
24710
18170
22408
26637
1567
14967
14709
20827
20537
12379
10355
10916
2257
4992
18816
5189
24797
23248
23156
11520
13094
4288
11131
30114
26970
29723
19656
6114
14173
5633
17544
5261
8417
6447
24853
7392
32054
30337
31597
6965
28003
27316
15842
12003
30837
29041
17171
8031
16919
29063
8474
2727
3939
32377
13575
21216
3576
21304
17038
3901
4429
27185
15356
1060
14917
22154
18031
26252
15619
17065
20039
28330
14591
14327
16344
32204
22361
5091
14433
23429
9070
20009
17218
19978
20906
29780
30569
4572
26781
32385
2318
29863
80
24935
9120
5994
3033
404
8191
7129
24877
27641
27371
16640
29494
30633
12221
13096
29221
13534
6996
4862
17930
19773
19283
30706
6049
14683
15754
29150
23407
28543
21425
19944
4878
28586
16220
8873
14534
20692
27179
26511
2397
13177
11841
7039
8239
15700
29432
16063
6529
619
467
9236
12050
32587
10165
23847
755
2197
30288
17965
3225
21433
14815
29895
23601
32002
30488
3623
10291
11987
1372
18549
22842
20016
6450
7025
2067
20607
21235
25689
8723
7824
9671
269
10158
10460
10959
9841
14662
4362
13476
30227
26177
3256
14081
5902
29278
25975
22204
22062
1353
14871
13819
4436
30829
25894
20644
29212
14089
11443
32021
15294
25734
8023
25878
12338
15624
17015
2827
20632
25667
30147
12143
31958
5776
12290
10877
13955
28735
30994
3632
2820
16175
17706
9326
26868
4765
5475
7552
25802
32058
375
710
12469
15744
3784
16809
19403
16453
30884
25296
11363
12689
19911
16791
27071
4013
1825
22461
10479
29820
31706
29020
20721
2318
22164
23839
18973
22387
28656
27823
19649
28365
12883
22894
776
3497
27370
24936
544
18064
11243
12423
24219
21208
9246
27142
24598
1984
3997
26151
6169
8637
9688
30761
24639
23054
10459
20596
919
31382
31188
20248
5961
25579
22223
23157
18045
14763
9669
3643
5496
10511
28885
22166
24584
32194
30673
19362
5923
30963
31484
24869
459
7849
8978
15997
1332
27990
10889
21207
14377
13232
11287
31138
17836
30908
14964
17220
25309
10795
9569
13835
23581
1258
4073
7014
32114
27637
15335
11605
23085
8556
11976
14366
14283
5608
5010
1090
8218
16911
32293
7343
24221
15974
29634
17719
27952
3431
23753
13633
5103
19412
17351
27326
16469
15178
1455
10591
22433
23321
22376
31237
2174
851
17544
15994
24546
13859
2912
11614
9527
7008
31288
19044
16825
23138
12763
11966
14111
17941
29015
13781
27005
3915
20222
25150
16489
29015
688
3817
25437
3287
9565
16540
5468
25809
2501
11168
29656
12802
4738
16827
7380
114
10569
23646
70
19276
15213
22302
24767
2797
24484
11880
18253
26939
2318
30321
28321
4152
27507
15981
26989
18135
29901
13313
2064
20494
6
6906
16757
16428
9474
27967
9016
15469
18912
14084
3339
22731
22909
833
15193
2072
17210
27747
25897
21066
10240
9537
28996
17686
22657
3665
1690
21184
2240
11036
31714
4913
23763
3055
27265
6986
13031
32724
26797
24184
20102
8896
11986
20104
18709
7182
11316
11709
27553
8492
20183
18208
21979
4245
668
280
5728
14591
11180
32314
6206
8405
8217
16482
2484
25063
25795
515
8250
28001
12665
14779
24001
19449
97
31787
15164
11885
11418
12293
23647
25133
25631
18534
12455
32340
28911
31079
9626
23773
7531
6895
20048
13332
14335
11723
9266
25674
31236
14080
17666
19917
21989
25951
21020
17176
28801
13659
21755
27462
18897
1816
19710
10445
22731
23236
19052
22632
7814
10026
15031
31829
29854
32388
18941
10177
6874
30097
32212
16001
18444
232
27975
23810
16953
15500
14876
31875
16890
20928
12121
10113
9506
28445
10502
21107
13473
1761
10547
11448
425
18314
15933
32206
7695
676
7758
25284
13299
30175
7203
32754
16547
10852
22802
31463
30397
24169
22603
20643
2964
11523
22366
23559
29653
26684
4093
8329
21355
22886
18179
11564
9375
23471
19638
11184
23172
1269
21065
28677
658
20699
14502
7174
10641
540
15466
11108
1977
11807
9008
31712
14359
9932
19986
9662
32562
13983
21869
14454
25839
25338
4581
12204
9650
10432
13993
13410
16070
26399
24824
32365
6655
27821
16613
27173
7325
23223
16215
5729
7540
21205
17747
7843
1610
8898
2174
17807
9345
25195
221
9122
27894
14406
27616
11808
14120
14309
159
10830
13213
3787
14691
24802
8577
29566
22120
9656
1937
2782
32225
1990
29751
14260
7485
15698
2294
2190
28585
8290
21769
14283
19926
20341
17223
29170
11004
18032
8010
22088
25375
987
30160
26017
16017
3661
21601
21366
20152
28197
11315
27960
2065
28539
23626
3044
15733
16471
9955
17368
24731
16160
5651
18149
11231
3415
5036
11429
6465
14981
14432
5390
19121
7025
5673
22856
18314
8599
488
16060
13148
18134
8268
24686
25070
24937
14837
17036
27779
29720
6873
17479
11357
20143
231
25569
16000
4784
24043
2311
29880
28741
28850
18786
22493
12152
31086
23401
8022
22950
3419
11129
16860
5937
19875
18215
896
5494
1408
4821
9456
2303
29600
32131
6134
8185
17101
9960
23873
30952
30157
11201
28520
29081
19079
3178
24364
25176
22632
25003
1278
6500
28165
21460
27585
10912
29186
2060
22736
26507
19250
30694
5443
4978
5119
26421
23662
10213
7437
27682
5035
15719
794
15739
12122
27753
23593
15182
26917
14970
16351
26039
11145
26552
12077
13814
22161
12426
7983
3524
16869
22417
11092
12520
8196
3035
12992
32005
9934
32602
25838
21430
8517
16789
410
27356
20116
12958
20446
30519
12881
8772
4251
25908
14847
28553
28698
5126
23511
15447
15091
18168
4808
2414
23086
16642
23484
20129
23209
16026
6173
25410
953
16844
31127
19163
16660
25741
23328
14878
25583
9549
11062
26655
32611
25035
19304
32705
25621
29741
2328
17774
32534
9808
4991
17676
8200
28509
4850
7212
27267
12189
17763
13444
30391
24206
17450
671
25938
24374
22278
7379
27300
28343
30814
15988
5376
24868
28365
2887
21094
8339
8158
10041
31072
8819
20
30289
22826
18208
17454
6372
5397
22453
14248
30728
20269
5666
23685
30282
26138
4990
14412
6308
19012
16542
29265
15273
11835
27878
10037
10499
5717
10079
5552
8479
2969
13834
2190
11559
30171
6004
8696
19761
24873
17035
27637
22198
12902
6320
21041
5957
3893
15885
26876
3960
32025
19497
9621
23080
31706
4793
27561
5085
7978
23226
5143
22152
27528
24508
20726
7541
31333
29569
4825
9595
10629
32710
21329
7542
22953
23137
26804
15095
107
8076
18205
1849
4457
1665
21172
30807
677
25671
10032
10941
28716
20683
30874
20188
8950
8754
29011
7971
32526
12910
12632
29226
7410
8975
21189
15664
4669
4956
6040
6855
11651
31907
9400
10702
10621
10445
28214
22688
7014
30517
14546
28811
8356
25531
21697
30084
4011
1044
30125
11800
12319
28516
19454
26534
15928
17422
17240
19148
15723
16330
2660
21535
24135
7673
18388
17695
31645
12342
8353
8554
29411
25902
29591
3119
23514
12721
28180
6630
25455
4105
24077
27198
19935
2442
25937
7767
25631
32362
29202
32562
20603
8147
8353
26726
11901
20535
27257
19220
21008
24036
18047
23836
2533
19416
7816
18577
24854
7382
15900
28523
9226
21689
7802
6012
11416
9225
13275
4774
14703
29132
8187
14154
21685
14238
28118
15619
3566
25604
15023
20885
2848
14078
28759
31264
13620
19675
29868
5274
928
19281
29280
3451
11075
25805
7932
7610
13456
9736
8740
9465
15599
16859
540
29693
26464
20308
14731
7008
16482
11785
23167
4746
6419
1196
25266
19165
7576
3552
9484
816
10943
10059
27752
28543
9955
22253
15259
2272
25105
15024
20146
6585
16744
5696
16764
23089
14790
29468
32585
12516
23969
1774
24560
27611
562
21528
5655
1467
16345
14479
21166
19260
20925
24300
16829
29917
6323
17856
17504
2263
17761
20776
3087
6479
28067
6818
31523
13007
4397
29471
28310
3831
20850
19290
21771
24432
24773
30311
14094
17698
27838
31375
5276
18343
2016
25691
15334
24831
22136
20463
32082
29061
712
7321
24771
12321
15461
32426
16410
27328
18142
25477
27389
11009
23454
23541
14295
4913
25364
196
9759
1914
18705
1417
30174
30551
28785
28097
22635
23371
2557
6177
7801
15059
21136
5163
1876
20121
31865
30208
5480
4842
18465
7285
3075
24170
4078
7528
31324
20743
19302
19541
30675
12075
19864
3876
30074
32054
17079
30021
18645
28459
12553
17663
21470
169
255
29445
28236
18718
20646
14411
29717
24631
5694
14871
7474
26267
22055
30811
674
1752
28677
30274
29873
669
18204
20745
1658
8235
18940
14608
29355
3078
7523
305
15752
752
28255
14416
14387
22551
12211
307
18730
11150
18044
7316
7697
25850
27156
22901
10930
18062
15159
24500
6466
11321
22116
2271
4069
19229
25990
15177
28533
1348
29908
31582
28543
9614
3830
10035
15247
6126
25705
4194
30126
29142
548
26644
16936
24304
23420
12639
16531
17935
11077
11731
5644
14949
28730
30799
27844
3318
2207
16921
3260
4684
12580
26158
29132
28781
27405
18135
746
2314
3472
10621
20137
21497
1662
1214
28928
15846
3622
29889
1613
24389
21111
18886
20377
8074
23908
25857
27678
6301
14989
22440
19462
20104
8219
30795
16502
3955
7915
25188
19659
4051
7664
5167
7460
5854
9426
7867
17952
20290
14811
7233
12777
4118
22292
24758
24177
12817
15019
6300
20731
17658
5784
18973
25310
14687
25472
27738
19333
21130
23258
2305
3003
29873
23632
7197
7717
9069
17000
9779
4368
17517
27235
9354
28014
31340
29542
25546
3866
11360
30935
24777
21092
3317
19466
11169
15049
13881
28957
262
30466
11673
25376
3542
26177
25612
25465
4338
695
1678
22663
20301
21849
13008
32646
3650
22244
25646
30131
2091
25118
11489
23728
3887
7007
3958
7721
21083
29009
3198
4792
30964
6900
14472
4102
2060
14053
28236
8756
18004
28639
28969
29817
4657
19074
5074
11532
24082
83
14148
16452
18176
3077
13819
32509
31095
19191
3941
25663
22644
22525
26519
26138
6863
867
12095
19924
21195
3119
2009
23367
5100
32423
14374
14212
11016
23571
17626
31420
7329
28612
405
18785
23922
30037
11797
19592
31048
29745
29610
2450
7187
29781
22250
23819
12605
28760
29093
7378
3386
10408
2332
9594
21857
15382
21613
22257
6650
10645
1874
17503
22168
7998
29963
6993
19625
15000
24473
1559
27723
7703
18221
3434
16225
32738
19936
15699
2790
5593
932
4424
6786
727
11899
27543
27227
10548
25319
7176
9006
1679
161
14781
7326
31946
26509
21598
22988
11349
30958
16499
13351
17328
14551
785
10374
26667
9186
8377
31348
7153
3363
21373
8650
17732
6239
27748
13956
15114
9338
25616
20173
31369
14895
24222
860
27247
21252
9934
3587
20245
3196
25700
13957
21508
7054
4558
425
20153
5206
29958
22156
7845
23051
8122
3643
20088
19249
15019
8577
23199
32271
8275
26878
16651
8548
2762
9081
15925
21846
22762
13944
23391
4267
11954
23821
12828
26171
29928
14578
2322
16037
31746
31192
11775
23106
17991
3837
12538
12119
15666
5885
25852
30863
22039
490
18846
1960
27144
6558
16932
12396
17658
25680
15803
24547
12324
5478
13567
13255
31656
138
8384
9784
19317
17152
19974
8625
11116
5943
13138
4411
11970
1694
11047
16608
7845
28088
14281
8803
31778
1651
13381
18990
22854
27830
5809
14476
19843
20793
10165
17176
2390
20121
21323
12918
19751
5292
30402
26688
18289
24082
20489
8515
7714
25612
29226
10220
10053
17553
25365
2813
5342
3743
18079
11396
6165
26832
15050
15630
16279
1581
18759
30488
5434
23878
4665
11974
16096
21891
5180
2520
9885
24245
13734
29657
28188
9968
29453
8857
12606
25245
22281
16094
23557
23243
7994
1367
6065
13766
12941
29649
4904
11755
19644
22189
10907
10938
788
19090
12903
28717
1659
1631
26937
22600
18097
356
21878
19186
23254
18897
4570
26627
21293
8046
19807
6046
22559
9869
608
29889
14979
18238
10494
17946
22812
3265
26819
31005
32611
6465
3461
21331
8583
447
17293
19957
6579
9804
24313
20409
19087
23163
12895
14572
19209
29206
14515
30145
32597
1552
5739
2793
17202
1467
13792
20579
2416
26683
760
20118
5295
4667
2562
29085
11625
17374
32225
1762
31027
8952
26989
14574
22335
13695
4118
32127
26150
24636
16843
10715
5860
15814
9754
8549
28964
25009
17048
21102
27839
23555
16515
30029
1151
4327
13734
16818
26152
14502
29821
3639
25529
7122
10138
3640
2543
24517
15431
8677
11
30538
24685
27797
5333
2969
6068
9566
7393
29065
11244
21986
1553
32513
31916
31595
17499
21679
29240
15931
31692
28669
6056
13085
3021
6465
8263
23360
24486
564
23610
22085
10304
10406
24674
31383
25391
20848
25987
18427
21231
12201
8869
26728
19566
3101
9914
13080
32203
250
30082
26079
4702
7629
27564
2236
22520
1965
11838
12206
18796
27062
10550
3784
8782
18874
24945
5256
24570
5426
7629
32357
21464
31355
11147
7079
10975
25151
16887
12923
3672
7473
18762
15175
16869
6653
2255
26171
25281
14206
69
7977
11337
1842
28805
918
26044
5100
22372
32529
23871
201
25307
451
5156
5221
8037
1352
107
1103
26025
21437
1929
5306
19289
17690
5737
24693
7002
26306
31409
23837
6437
16729
24902
28561
4973
12502
7698
9382
2562
729
8453
25116
27381
20286
15449
9169
11005
16114
8219
6453
15641
13573
12007
14078
11639
3585
4083
4381
25493
27003
8782
4336
20390
12775
13674
23481
1847
22193
10969
32079
5394
27785
25940
11027
98
10238
10497
13094
20249
26190
20726
27609
1935
14460
32249
14181
30059
9380
8841
28637
13767
4492
4131
20320
20111
4219
27070
10387
21802
31054
8088
846
26717
3272
22580
29078
364
4394
27299
12492
24706
7427
19972
27427
6226
1098
8775
11608
31999
7082
13878
25757
31289
17949
11957
30934
5290
188
13128
22279
6800
24790
17367
13
18347
14399
7086
28557
24665
21482
17864
28459
2048
2234
17997
10748
22188
662
32089
5181
29177
2492
9983
31557
11572
12887
7310
20920
29885
10835
15122
3070
2223
6512
4894
8435
19139
18325
17865
736
9074
32104
13047
9387
16986
21275
23770
24394
15843
24968
9400
19325
22050
2433
17646
25533
24318
17761
11317
623
5521
14567
7716
4190
25809
29509
15606
30568
23919
6003
24718
11640
25855
24265
24248
27572
24666
10701
10418
26103
23872
4938
25067
5761
32578
14754
21514
29165
13279
12900
25650
5988
29166
23585
28036
20753
2108
636
9446
30932
16245
2177
27139
5435
21320
3384
10643
17070
1734
15993
13533
15593
22539
19969
12922
7344
5921
15558
3163
7613
25633
28808
32526
254
22683
18345
11836
24317
24632
7998
25207
32416
1182
32614
21554
1042
12436
25051
10257
3073
11879
18118
100
1802
25996
3032
18414
26993
7046
14742
6634
790
15371
15092
27472
5028
27746
13094
22868
28428
28175
26035
16687
17970
5298
25803
1315
26597
21293
31194
8889
3605
9221
31837
32334
2880
20747
2805
1997
27694
24123
23225
7358
25054
7140
4305
19328
1984
9225
23105
23506
23077
18183
13826
16537
28915
11129
9559
22237
21149
9561
13918
5652
29522
2152
7397
5539
13429
31183
19840
2978
30798
1286
20184
10463
7679
30709
13638
30246
31161
19033
31905
5824
7471
5226
13396
5178
1099
22715
12723
5992
31264
9569
15503
12968
18977
20567
27143
8555
4496
21281
6562
8434
17721
2480
18587
18006
16223
22662
12156
30155
27127
32282
24046
24357
22804
4990
18640
9116
27043
63
32390
2252
14424
25997
30100
23808
1256
17563
10603
28847
21881
25673
31106
18759
28246
14849
32425
28970
29160
23006
19099
2294
15586
12820
17874
32266
21179
5516
8095
2630
28257
22990
1145
24849
2860
3108
3734
11681
31248
508
9400
18039
22296
18575
15178
14888
29455
14272
11179
6499
1408
11335
5578
8752
15074
11534
32755
12406
29452
32731
10472
6080
17391
28976
16436
19008
5251
21360
30908
28949
25602
31042
10647
22985
4437
12090
28959
23838
14027
30903
3656
8970
28177
5127
25649
26624
4191
2514
23545
10097
18159
19381
6356
20371
32691
9773
12894
25185
6727
2487
26927
10211
24869
28469
2479
21935
8984
23444
28971
20400
243
18092
26921
26150
17282
26983
19705
13550
19905
14118
11661
2052
32588
1632
26507
26950
6935
11404
24479
15226
1631
4418
22806
1683
29664
31901
6825
22832
20297
9443
21910
25446
31981
16232
758
11967
16827
6319
11082
6018
26480
30675
19543
27445
28939
20773
20788
20577
29569
3095
20641
23445
26291
24665
1434
30125
669
3649
13868
30548
31952
30320
31880
7624
14882
21683
9814
15582
18596
8743
7755
21061
13780
25249
5118
24078
5396
24908
22007
9324
19035
8340
4617
15545
27947
323
28643
4538
22467
25834
14817
14116
13973
20355
2088
14431
11258
19540
8689
17545
23589
6679
2341
23486
30037
25175
25643
24983
2127
29
14845
14576
17676
6604
13442
19695
28591
4682
23832
11074
8634
5472
1903
5031
11136
17252
24222
8370
10718
16405
18544
28107
9254
10438
4863
24182
18012
13759
8325
27351
2981
2784
1390
5493
27900
31623
19634
28222
26663
17844
22113
18123
29417
2155
1152
31718
11898
31066
10771
30793
28468
7612
28795
21673
27791
2685
9986
14579
11599
28575
12469
25302
1020
29404
1138
30081
12179
7565
29505
30382
29819
25034
10471
7391
16826
31443
6841
21223
13929
11438
22703
5293
7013
10002
29881
2349
9544
3972
29782
32191
4760
30400
98
9884
31294
15706
18223
18590
24121
11173
17624
12359
22163
16596
26066
6661
26772
32095
14276
28596
24119
11433
7321
32613
12762
29151
13267
3934
25145
7203
28194
29538
17053
1514
32565
1842
6993
930
8656
12883
11862
9625
25119
22802
29783
20762
25162
24262
9695
29913
19785
7509
25802
23696
27642
30201
6650
26603
4208
24388
23371
10402
19342
5218
28104
11236
8405
18847
14367
29436
11387
2600
14674
24367
28605
8982
22448
5347
14198
16296
7172
6663
20719
6864
11532
13230
249
27122
7980
18173
28985
25832
27748
16712
1988
3913
10368
19320
23788
9963
17806
19632
17241
23462
31893
48
5723
13403
11908
8825
17022
17717
20841
31153
15455
6959
15843
15690
22975
215
28890
8415
16598
81
5485
1630
25065
18078
27436
7020
12063
19487
23688
26117
1681
26196
22919
1123
672
9962
19133
9250
9355
11253
12407
29857
3393
17786
16953
6315
14451
5168
8811
23383
28142
1415
31311
11308
23848
20714
4662
9865
5912
23105
14836
10308
23115
7611
5521
15250
25909
2250
8769
22567
17093
25711
1942
16286
17724
13495
2293
31002
9022
12678
11079
12334
27433
15507
25328
31482
16551
30900
24069
19351
6271
26204
16057
4278
26289
10593
23065
18819
29377
23555
20218
4304
18003
4907
2351
25455
27128
30704
1279
9695
25672
6751
26326
11564
12081
24956
15162
20240
6030
15492
29441
15710
15099
31093
28609
12448
6120
25808
13449
9727
25581
5790
3790
13412
7261
4273
19368
15581
1310
4652
19775
31298
2488
17478
5247
13336
13483
9290
4884
6325
12550
20194
22930
677
2613
4246
30195
11597
7707
24464
5703
7374
30049
8866
17319
15661
30221
27018
18795
31920
9302
31348
7325
25995
26038
22720
22445
31419
31298
10502
7781
23603
8247
5719
32288
30262
5589
7366
7735
16388
28016
23847
21693
19896
26564
24087
29548
14705
18569
24125
24798
10160
22855
7119
20993
27393
3692
13655
14277
2782
668
1975
13591
12752
15432
11626
12563
18135
29058
782
22901
13836
15887
21791
10577
11397
32702
6918
18437
19321
19705
25426
21611
5796
14746
21829
28755
8685
24064
27538
8240
16967
21601
19557
21265
17877
8289
25252
9939
30545
13540
7284
15509
28846
3105
29440
12653
252
1529
8054
3929
10637
134
8529
19065
30294
24310
31198
7803
13719
29338
16633
24662
21183
31290
30488
6203
22666
11180
14476
30664
24172
31652
13827
128
25906
6094
5712
28280
26343
18202
9583
15186
7668
9304
29891
19823
18316
26372
20643
10081
25927
11875
12053
11167
16909
719
31705
18557
15926
334
26026
8283
9967
25962
4288
540
7392
25917
21145
17882
19980
5068
23289
25047
1784
15766
28208
19383
24335
29548
5275
31213
1093
14210
25453
6516
27131
199
17071
19391
24354
2162
21638
242
20388
5597
25013
16978
13567
15511
28514
250
31283
16565
25117
15569
22239
5480
21022
6072
26023
10709
29902
10504
31192
30752
16266
9531
30799
2762
10147
11753
14231
27710
9129
24055
11089
13478
20969
26123
24281
10755
26676
19778
806
9853
20706
10790
5106
14583
6423
26586
22555
13287
5189
27544
16714
7781
22770
11870
28370
15234
31420
7907
22491
7130
9626
24528
24767
28013
32356
13869
24500
32170
27798
15385
21676
8653
12625
11199
22649
31083
28578
22149
1845
16203
2567
7302
27105
7288
31023
30787
9036
12692
2
29333
25654
19055
24801
4839
27318
28633
30767
8097
4313
19380
24592
17127
11916
4941
368
26500
21180
27628
13896
25121
6075
32169
24860
15035
5862
10370
7625
10836
16261
4011
28541
8424
5362
28453
4103
26530
6142
28562
17489
13136
24464
27720
23082
15125
9359
24484
13129
10077
17666
27040
399
27926
630
9384
6285
26910
32672
15530
30790
20471
16708
31853
30006
17858
13910
17699
8595
12907
2910
9281
23506
9761
19745
31630
9837
25097
7805
28538
11492
22835
1429
4018
6658
15821
5166
28145
9057
28310
28505
5913
28208
22678
31315
8834
12596
8461
10409
19346
14349
11177
15263
18830
11195
20731
28371
22959
17504
22828
22558
12153
18503
3820
32443
16200
31782
32428
28075
5932
26784
13837
17751
14838
6414
6040
4216
12435
14207
5807
24628
17817
10749
28611
29577
7968
5395
12488
28143
10963
26508
9702
24889
4167
21372
32370
11965
7563
22661
15900
948
25088
17235
20074
29924
27498
18025
17509
32124
22856
4128
11922
25919
14945
492
32547
20964
26784
27874
26223
1981
22305
30583
12704
7576
1676
4235
427
10211
5026
5030
28294
7955
5141
641
27285
1350
13725
30664
31333
3878
21320
14110
5276
21521
29970
32354
15920
18808
28085
31792
14040
3461
2754
4011
18880
17665
2801
13690
5761
4212
20149
17937
26192
23694
30484
26930
24949
4549
26294
25267
14592
26432
22844
7297
6327
23796
1235
4581
30034
8461
31240
6
2795
25743
13790
32688
8112
25405
6685
27731
24283
8890
16366
15439
24548
11502
22693
11886
11764
18859
4318
28850
25502
31632
10699
9298
11978
17454
15564
25343
20721
29546
23872
10603
28560
1570
3228
19212
18646
22548
13498
21278
8352
11515
7283
30439
31144
21754
2671
32062
28409
28734
2620
16206
16807
5600
1950
9880
28348
25096
13350
19511
24949
12120
27398
7528
5551
32648
1828
10569
16028
22349
24429
31713
17850
4480
23916
10849
13830
28028
25115
29865
26477
23752
27897
8206
32387
21494
14684
28507
5239
8906
17929
23573
6983
6047
31490
29956
21040
29191
24991
1518
24169
26802
8928
27814
23568
18065
16386
16198
31589
25402
14672
10168
32310
31375
5948
6267
10650
10138
2478
16035
32738
1724
4508
21794
22221
17159
26843
15687
7675
4840
7221
132
27044
26633
3003
8052
5514
22133
17756
21020
5164
30462
28087
7538
15933
18652
11054
25115
13908
22166
18236
18553
13541
8742
31240
11749
20592
7256
5178
30521
5624
11123
31501
27794
1463
1307
10917
596
18448
24438
12964
13166
11973
15758
24824
20703
22122
23286
3830
27257
31770
31409
17581
13540
23400
7503
9844
4327
10392
25177
24774
6115
31504
6383
1616
20896
15369
17328
5191
30540
28042
5082
4351
26561
23959
8114
30906
12551
6566
22567
27838
21274
13906
434
22698
8173
16211
13440
521
23726
25518
10195
13864
2124
12841
19622
2597
27447
31234
31632
24905
21607
9184
14826
11671
10143
5898
23092
7845
8435
32471
31669
12971
29064
1126
11618
24026
6555
20622
14337
15343
9156
27160
21390
7
9596
17452
19422
5813
10462
4362
22658
11858
25514
11515
11246
6548
24463
13702
32219
16482
30634
8422
5353
4839
20298
27068
5001
13030
9718
8962
3098
18253
11441
2112
8274
11788
16508
24066
12256
39
11805
13961
23119
7178
25375
28353
22574
10782
12314
30579
28526
20377
52
16060
1803
922
10728
19902
7663
14965
15622
28309
10515
23371
29179
28300
7399
13279
7763
20625
9716
24228
21116
999
21695
20251
1229
29467
16625
30811
28102
32569
26550
16881
31130
15167
18787
16107
29418
31698
2651
23344
19156
3888
6963
29459
8748
12646
11284
2343
30729
4291
28513
3668
8580
30348
28570
28714
28348
26609
31873
24950
8478
21312
29563
4371
5859
7513
26424
17155
20441
9058
27286
32702
12135
1212
707
19914
8139
18741
1186
10636
31399
14207
24945
12126
23228
28641
9896
11234
15093
7980
13604
1685
1703
24049
29572
15015
32535
4081
32724
21002
6717
22485
9321
5833
16071
29471
5131
28315
353
4705
12634
5304
18228
428
25962
9707
29100
13644
18865
13032
30591
3762
10531
19681
3819
28082
7323
16468
19775
25071
18045
29223
24476
4243
29081
4854
16637
8771
5971
7340
4469
19794
4353
20048
29368
20532
30869
6690
3549
28726
31868
14823
9826
20589
10950
23937
24177
13548
30598
10178
4193
1594
636
28034
24960
10500
24561
27375
29200
32270
26851
25381
20111
7791
22114
24063
1596
10238
11322
30764
2774
11784
14034
31109
15783
8772
8276
9629
19905
18952
24846
31386
19336
5052
3865
21060
5488
24720
20792
6492
520
5738
30978
4399
27448
3618
2116
20331
32454
12786
9633
28720
30751
24616
17531
11882
10069
26142
1047
22111
26980
10092
2555
18052
30137
17756
23451
29333
9461
23199
31541
7396
5358
7998
19450
14834
19958
2259
366
12860
19809
15096
7697
30295
6465
23552
17727
6463
16756
8677
25685
25837
29153
11138
30485
7463
31230
31234
27468
25756
28054
7833
26545
30768
17097
28786
31249
13461
4436
24296
28841
6683
22290
13304
25300
17097
26051
23286
11494
32428
24077
32640
25431
2671
23488
6321
292
5164
14174
13462
21874
642
219
6118
29812
12776
6049
1517
12176
7232
983
17610
22717
7856
29923
12762
21808
20909
2349
31348
17207
10072
17190
19671
14181
17422
20362
5472
21743
17722
226
7169
17750
27246
9292
5614
21318
21683
4990
32665
11455
20509
10249
21217
4210
23458
29659
28038
27246
25387
25352
15329
9211
24556
10954
31698
10950
21233
10694
11257
29503
19962
7568
31529
31296
32393
20850
19481
2543
28473
10857
8541
17893
29521
13425
1429
17040
28825
5378
17381
11221
31597
1755
1189
16122
30991
17150
8793
7108
15426
31484
19171
12508
20500
18546
16631
18295
25851
13780
20944
29238
5155
17513
21281
25419
27911
5015
15695
28126
319
3425
13789
13999
25240
15406
7720
22524
18282
11724
31316
31909
18726
1972
17542
13966
28975
12432
83
5189
2027
13050
8825
14821
23065
15751
8397
314
26725
25604
15989
25893
13625
1535
26711
15426
9431
32394
13777
1737
9125
315
25003
21426
1735
18551
20298
285
23283
30960
28710
23536
5505
24173
7550
25282
23490
26058
14922
12280
21651
30783
12657
20269
14386
7141
9276
472
4688
32117
23818
14120
27239
18259
23110
15155
17997
27084
1431
24912
15114
14492
27478
11713
32743
436
1605
17046
14279
314
29566
5069
25786
22224
8873
9918
14800
24601
22130
24759
16171
7289
2363
10467
31832
32285
2573
24944
7392
19516
26069
31728
17177
31388
28877
11520
32066
6743
1080
808
4303
18399
17490
25859
4098
14912
647
15008
28091
22437
4067
17959
913
29470
5066
28608
15905
6048
15081
2224
25510
1102
21100
18885
10443
15862
9073
4341
1981
23007
8893
8770
3459
26050
18606
28641
4498
4374
9585
11674
2972
31632
1397
13170
31658
19691
14880
29576
6250
31205
23232
1853
14282
23178
4548
6039
9669
30132
18988
9448
23933
9683
20798
29098
22667
31466
16507
5294
26771
32218
17361
30326
20251
14563
4114
15839
1949
10600
7589
28674
30682
32498
31612
18269
31346
19320
20037
1582
30642
2270
20453
18464
173
6075
25378
5929
8334
7007
3999
18355
22572
22293
31246
24570
30687
28837
11425
3765
19347
15389
17345
29944
19738
29905
21251
18265
20679
1953
5720
2642
24632
21114
17284
28134
14195
32032
4049
3207
6197
20266
15876
4408
26502
10062
18576
2287
18833
30686
31754
25405
12211
27795
5597
26160
3282
7562
15167
6521
9200
29580
23651
27850
9471
8594
22512
7554
3063
22408
29363
8076
30247
4690
30608
3460
25032
11533
5055
25628
3032
6039
17205
3263
24614
22097
24927
31604
12201
12067
12822
25604
8469
10177
30416
19039
4016
14637
25619
29244
19554
23678
2864
29184
29964
21727
3117
27873
22043
23258
9219
14411
2653
3287
27402
28802
19731
18655
22449
16522
12871
21414
22898
24900
14688
28873
8197
5081
28147
20564
25300
7003
2780
30087
15536
31146
21390
31450
28610
29589
6055
22334
9668
8258
5320
2214
113
2000
10915
18374
3641
5434
5461
10522
30522
24447
8695
20267
30316
3584
4463
4622
29467
23593
7564
16429
20123
83
21587
23626
14903
31209
15763
31936
10602
2762
32448
12300
13394
24559
28925
2701
32353
11598
23931
16776
30038
16638
21506
30575
31851
20891
20429
7523
22480
3052
7835
3575
27737
9155
15875
17719
10100
27685
8968
23017
9053
15019
8173
7186
23445
6696
23627
31932
1424
4236
4960
8951
25005
31753
3242
21022
6252
19316
692
1371
30684
5613
27697
25709
9554
21954
23367
30121
5984
19089
26413
12607
27653
18093
21496
22975
28450
27587
27826
15836
25901
6846
17325
18287
28201
6887
19734
31679
5334
15441
1997
20735
24101
31092
10356
32024
27886
23576
31431
8617
3557
10613
27947
31052
16331
6552
31369
27164
3041
7688
26204
8564
17058
31658
32521
7417
28849
15330
23152
17626
8209
14587
16576
31574
14740
18889
14735
17791
6806
20620
28458
28990
13034
12568
23593
23704
16149
29235
30535
16943
29370
3647
20849
12044
10070
14105
23069
1435
25390
4416
15837
12791
19589
10810
4916
29544
23825
11827
18856
24363
27056
8424
3864
113
21080
7619
8016
14761
28236
25415
12763
19202
2198
11695
31256
8748
177
9426
28049
22367
25478
24906
17543
31647
4250
19669
26834
7230
16261
25083
18152
8098
31142
3826
13627
24393
23573
16318
26056
8969
13785
21404
5612
24989
22107
417
28794
27229
8219
28831
22028
23629
13218
1608
32662
3673
18104
12694
12097
19679
31702
13418
25462
4206
19934
12403
16440
4558
25610
31569
8888
24384
25122
32250
4899
22278
2291
9053
2239
11046
15100
6726
13366
21100
14698
28290
17458
2734
11591
15683
22569
20563
20718
2246
5499
28438
19906
28466
4794
4104
8735
18628
3400
26836
9105
28969
7464
28743
28996
16427
23310
15376
27324
30096
11448
27588
32454
7231
11137
17701
26287
10405
22836
26019
8627
22103
5918
11555
17592
2297
4967
17920
29245
13406
8354
28239
3725
4080
11170
26216
1080
6483
17295
10402
11459
10821
26682
20061
12703
9673
4782
17990
31064
132
11272
16342
29967
10343
26248
28700
25130
3982
11495
5053
21578
24168
7147
21049
7037
4377
14906
26223
23222
1052
25196
12388
25210
13357
4963
5184
9179
13670
6879
19097
20394
9640
20045
1524
30185
7740
17888
4489
14719
26810
19939
19783
27695
31530
590
11032
9931
32618
18583
4454
12709
27088
7114
18142
20807
25359
24284
19316
19300
2399
10557
17063
14350
19672
16812
21254
29480
27423
15183
7923
16927
20037
26883
15015
469
21228
6897
17270
28894
14764
23138
31828
27119
18357
6100
5017
8851
23221
32588
30209
16928
29692
26351
21239
25834
32478
3020
13843
24502
22104
4349
23009
22386
19959
29934
6116
291
16886
28924
6618
7710
29350
30530
12354
2171
12051
17071
29212
25543
4837
11612
2544
17913
23428
16669
21521
27815
6272
13911
12835
21114
15151
21777
14299
14560
18840
27725
5382
31232
14479
21400
24781
14067
12578
10976
10807
13873
17716
19590
29167
1609
22376
9652
29000
14550
14913
26865
21118
18862
19079
20210
15935
1628
2284
22963
25193
2513
30447
19911
22038
8278
15105
21997
32470
10181
20454
1251
23355
16377
17247
10623
22171
24451
18438
10491
2577
8350
7801
21393
3781
23142
6586
26439
17773
23108
17110
13581
14100
20909
24517
7173
29466
19468
24978
20258
3709
16636
32188
6388
10326
5819
30427
4546
6055
10459
22662
31706
9811
10043
10869
14885
32110
24886
24291
5374
9911
20762
54
16708
18275
31708
25058
23982
30749
30986
22667
23135
24138
14080
15722
32443
27281
20319
16625
376
24731
32699
20658
26360
3095
6804
5245
6614
18178
1160
18120
29119
13605
4550
27732
7299
22751
22470
12046
7531
25892
18232
24628
22222
28870
8762
26040
20959
28403
8909
5865
14537
4352
25994
19536
14078
30052
27793
9944
13259
18440
20163
21043
6961
14270
26417
18040
10480
25870
6355
19729
27108
11833
31358
19668
26516
31864
32528
8560
12809
30341
28142
523
15324
15452
16304
15145
15507
4163
13082
16336
3374
4360
11854
21994
13052
27018
16449
25066
3251
6522
22124
5554
21952
15203
31428
1716
29660
27624
11755
28504
17120
13902
12712
8094
21210
10810
22421
24837
19552
32443
10263
20907
28452
26250
30099
31413
24265
31121
12255
9713
12789
22443
3063
14010
30632
26795
21490
2589
9932
23967
29492
8762
11277
22358
4836
8428
2538
22047
23201
21932
16140
22228
10608
25266
26327
16663
23289
15710
18496
2780
27892
3543
18142
13608
6366
12786
27203
1559
13808
26453
28556
9252
30545
24796
6455
30373
23179
19259
12597
28565
23100
1253
28992
8854
14606
3373
17775
19766
30952
28331
7432
13426
21094
10466
15765
31609
16519
23839
19514
22450
29862
17060
325
17919
18092
9734
14855
9540
30083
30676
23779
23075
19406
11897
17316
24586
31959
32612
8211
27504
19912
13158
3786
347
24351
6747
19523
10278
10844
25100
16436
5505
2044
21588
21279
32185
20907
16514
16932
26682
29878
5119
25883
11602
2239
26161
6879
311
16052
31646
20460
12364
15362
1109
21293
28832
13829
6538
27919
27831
25027
16000
27866
27534
3035
26796
8257
14809
27832
21271
26936
14479
3338
8452
26117
13480
20087
5075
24474
27686
27789
22565
29218
25682
2556
11841
9178
30024
7682
29110
24098
11957
22054
17474
31956
31200
16425
24563
26580
7399
20538
21644
27368
843
5993
13354
16330
28591
15966
29479
32380
31453
6219
32575
26588
1034
25119
20977
15992
30299
509
552
8611
1960
23276
6427
7881
21631
2256
11890
27903
32108
6297
4010
1758
10615
4282
30394
5778
4591
24028
5111
26670
31590
30676
28469
22082
16381
21203
25647
25776
20194
28893
15913
32187
17686
10109
14035
1377
884
28086
23665
14059
26095
17980
9017
194
27
6629
9724
21124
751
5722
23049
4439
12233
25874
14927
9854
31922
20097
11713
23594
19939
7564
11519
31890
26761
22337
27442
26437
710
6853
1591
4287
5368
15757
513
8251
20541
30673
4920
8137
24119
13630
32038
29344
19980
24044
1748
1461
21169
11151
19312
28301
13929
24305
27122
27727
10120
27040
22528
32541
17021
24547
23566
2468
32015
18163
29385
12530
22247
4968
9142
28296
29519
27634
2326
2225
57
1097
3854
25874
3715
9319
11780
27009
16249
12276
9292
24347
27548
16898
29444
2960
9890
12538
8764
29890
17597
3798
4187
655
17696
31121
20669
29418
17856
20444
23969
21553
25687
7699
8515
31162
12463
22383
6725
7856
5149
12157
8019
11037
21067
10191
1543
20295
1851
9713
12554
26944
18057
9630
18813
26809
16369
23348
10135
9495
3344
23142
11919
22985
3183
5425
8124
15576
28093
18193
10491
25535
21340
8308
12881
27262
11552
18031
11985
4330
12371
31408
29888
16967
4348
32692
24824
15128
24672
3386
18826
16694
13514
26871
935
8736
32392
30603
193
27538
11830
22964
18157
4697
4159
27073
18572
31589
416
11594
24362
6944
25071
3871
28070
7934
26268
30078
28051
21845
13176
2185
27615
18288
23667
15606
14514
14815
13482
30473
20121
1808
3745
22975
13540
2084
20940
5709
24909
32763
2389
20424
23770
15505
20505
26406
12292
25230
15860
17253
23064
5912
14910
27146
22494
31724
22421
31693
32121
12717
7389
27027
10126
21627
24454
30108
1960
9928
4877
21758
4059
24167
12742
1362
16808
18406
8920
10925
25633
13342
16777
2514
25933
25608
27068
29349
27342
26323
11703
12003
21953
7731
6442
18705
15846
23803
9581
16306
10241
21486
17162
30909
31616
16594
7291
2382
31581
5063
30261
9628
17990
32471
20453
19755
8700
9166
11001
1859
5625
21580
6754
17312
6485
6168
32664
13163
22506
28087
6367
11881
21175
31038
17610
30835
24450
5476
7933
31526
19393
31451
23094
18395
9915
29153
31631
30169
30443
16914
23293
12490
24229
21632
3357
2924
29692
15365
6704
27273
20450
6104
9827
7209
6289
1119
28501
28422
2858
3652
17107
24128
18588
23499
21222
9554
27080
99
2831
20549
7907
11899
19153
7204
24091
15254
10608
15279
25981
10914
9977
21587
5142
12421
28290
18266
24152
26362
3507
7008
25024
8603
17797
6662
23478
6462
22602
30186
1973
24965
30958
3286
10411
23729
16252
6711
16803
8631
18147
28113
16801
2198
22523
31410
9933
20711
17859
21092
23764
5814
24301
24679
23180
2448
6300
31198
17111
6621
22124
5513
3273
4209
29619
16371
30477
17501
29190
8173
19076
25355
28927
7994
12336
32394
21310
2956
7761
22054
13486
17328
8397
3388
5641
17669
213
17484
24991
11570
4038
18512
11603
1048
6477
19532
24038
25094
16591
24871
3960
17964
19976
8121
26443
12627
11506
14629
13003
22731
9448
24937
30667
1444
2827
18483
23058
29729
29669
5111
31254
18281
10316
4926
12551
25984
24969
6209
19983
20342
4282
12982
14553
18910
13685
15338
7504
27010
1966
26896
1193
22613
30939
22488
32675
26281
20565
18756
17933
15522
26370
32440
28553
16363
17969
27984
10641
423
11717
15221
3767
18603
17814
15539
817
3050
32276
24517
14996
28976
25646
17138
19168
9236
27762
25245
28861
6440
31093
5655
26884
4466
8565
20151
897
29216
30525
19757
21240
17527
23113
16659
7781
29197
4651
1733
30600
4408
14637
30579
6817
21958
14904
32628
31609
31214
26100
28381
9121
13191
25393
14419
17918
2424
32390
4637
11142
7536
7479
11645
23876
15831
22364
30785
12194
21508
32064
7317
4839
688
3080
13083
19711
2218
21909
23358
123
15309
24491
11715
9432
12336
15954
15776
21508
24476
28028
6930
4382
25923
28137
3306
27773
8622
10568
29735
10485
23288
24991
3530
18005
11578
12268
1766
5428
24390
22029
5879
14318
28568
26589
5236
13545
28041
4000
14248
32285
29382
29089
32701
4563
20737
29465
28186
6316
18406
26707
3055
9446
22353
28174
28173
30427
446
29219
11004
27338
4865
12135
30535
29658
16183
8403
23579
18524
11772
12258
15376
9041
17886
8763
6727
16172
19474
2704
22453
28121
11366
16582
23230
29181
32119
9558
21766
32128
5412
13299
7044
31049
16706
10605
17624
31304
30865
16597
478
1978
6127
19426
25731
5800
32716
10899
2263
24241
9694
26134
21604
27658
28438
29417
16319
4803
26066
24127
24156
10060
8276
27301
6310
8247
27507
24549
19535
1343
3472
4650
18149
20362
13772
25702
20135
7979
27512
18929
11670
27115
4558
2931
29391
1865
21470
21251
24087
15807
3274
17296
10680
13639
54
8064
9868
29470
30459
17048
24151
17096
5147
29468
12377
12372
30202
20023
7204
30689
30667
21404
11948
3681
10056
21614
17821
10141
17062
18782
7409
23930
21192
21523
23233
23674
13747
28622
3419
14725
11586
5454
20374
21738
17946
22001
1890
28321
10977
12829
29347
20435
14251
11998
30272
11675
25013
28368
25462
10511
18262
21056
10099
4218
31794
25230
6432
17900
26033
3285
22846
28405
15280
28622
30900
20909
374
16626
22823
759
2793
3295
31692
18951
25089
22269
12922
23842
8318
23649
26372
23461
4566
32242
27845
10569
12658
5578
4220
3749
22809
15327
23131
17141
13229
15842
13914
17177
18453
20071
30417
6625
12410
12103
25926
32135
20918
23362
21891
26237
9993
29417
28396
873
30222
28860
8208
11887
32494
26767
28798
18350
31956
22066
9434
6413
2721
16208
26928
10039
16352
11416
30087
5092
6652
15899
24762
30043
1456
24309
5507
18228
7360
23600
7641
22627
27623
25317
14460
23154
21776
10660
27854
30222
25033
18710
4324
2245
6644
2017
30173
28686
12991
7628
11890
1418
10711
12836
9167
12425
8409
6494
27809
12496
3338
5629
6769
1690
3911
8375
28976
7132
2111
31699
15635
4813
15583
5589
15009
23974
7950
32605
17674
934
3739
30797
16058
14170
9843
22570
26670
8731
27160
21957
6406
2264
26446
29210
3932
11798
8216
2680
18773
5428
20706
21986
7413
2804
26368
20918
568
5943
15191
24972
17246
15368
25946
9825
1926
9692
14905
20725
27518
12568
19540
29553
7386
26836
32502
5709
11075
25311
576
5233
1042
7427
19299
666
19486
16266
23827
9728
3025
26880
29752
15926
24962
26427
27878
9809
11774
409
29583
4428
28520
14473
22135
26027
15940
7757
2921
31839
8398
11518
15785
18154
10384
15824
30761
8387
3635
1431
16383
20476
16278
14986
13079
31010
5149
18247
32549
2661
6988
12056
17630
25080
14740
1909
15208
13243
1900
10954
10255
29208
9892
2170
32313
15914
502
13859
15260
8997
10975
9764
21678
8434
18861
10076
17757
18969
21464
4661
6657
30948
31893
18145
1167
24514
5033
24804
21007
30953
18043
17363
21584
6463
30574
25947
5082
10875
8045
30852
24100
20615
28104
24119
1031
32297
6718
32511
23667
15587
7515
29196
24417
11288
17156
5501
27912
31599
19280
31711
5460
25725
3481
21232
29588
26526
20947
10153
29299
20515
21533
11132
3113
17331
9878
24283
23282
24811
25970
17657
3519
12616
29005
1236
5420
29255
9150
7027
7347
31178
12848
876
9247
14782
13037
30122
19779
9979
30844
10093
12779
1899
14125
10642
22035
27503
10482
19733
2647
22142
9072
12500
21163
23312
21590
23702
9548
11706
6126
3403
5623
29594
7666
5782
16728
20469
20640
32136
3269
29983
12816
12463
3628
15515
9158
335
12362
2692
19588
16879
26398
43
4193
11799
2206
16898
20255
32601
7592
21689
23738
21390
16187
21926
26685
18530
21479
4714
17625
28691
16770
17362
18744
885
26397
28667
14607
30010
29494
14266
27891
19056
27184
4922
11373
23627
28928
16871
28240
26405
12328
29067
29514
2755
25321
24759
28346
8154
26292
101
12737
1745
24291
22747
3228
21449
16550
13779
23089
31707
23360
24024
27111
26528
12403
22771
15291
3831
12600
2695
17041
514
12980
8826
8391
882
12136
10645
4880
6149
10408
11566
32128
12108
15438
19972
20195
18866
17071
13930
11859
16314
2254
15272
9994
3720
31440
11934
18036
19875
21168
8106
24712
12793
7988
6604
28249
16932
14112
6408
15080
8171
27817
16396
21053
2828
5420
4371
26294
313
14624
11785
8350
8032
74
25584
3073
10287
11823
1410
6335
21464
17103
22808
24800
19729
5008
7626
10535
32607
28793
27608
20458
6805
10656
29769
7713
28567
2278
25553
11964
2660
5089
27896
24634
11604
10778
15737
1143
4510
21369
25320
17093
4380
21245
25240
24639
7507
20912
2236
25178
10158
13787
13004
16317
24330
31350
6443
4947
26231
6882
23558
1438
26941
26331
22399
24654
12318
21160
779
18
7131
6036
24600
6318
10490
14498
15348
32590
24773
16253
18666
28441
23446
17838
21166
31754
14418
7697
4603
10235
11572
12938
25466
19971
5580
27124
26086
22530
8775
10842
17262
29306
3056
19306
10842
12961
29431
3366
14578
25268
18801
26333
24731
26765
28577
16986
1092
31352
25974
30555
22016
5699
13652
6981
14324
28308
31768
30997
9332
17023
12886
17818
24937
21336
6884
25570
758
27846
31389
19954
347
13081
32095
30137
26137
11230
27734
12871
21591
13488
6525
3387
28804
23633
9313
1146
27454
20985
31785
5159
13170
24301
17107
7375
5061
7764
30144
31203
16179
26438
32627
23660
4342
7463
5782
15866
938
23091
3645
32733
9134
10329
31599
2712
205
15437
21475
403
25374
26329
27143
24336
18216
12404
27206
3168
25930
21269
15755
19031
18523
1609
29953
32253
14221
20868
8990
13702
30615
22708
17887
31109
10003
22300
9813
15964
14884
15456
20832
2551
22877
8156
3515
8634
10206
32314
29496
21687
13504
30020
1869
13861
7092
29174
720
23565
6374
1240
9471
30279
5160
20619
14275
20901
26444
18081
10550
7022
25553
9906
24162
30990
23491
29611
9036
18443
12764
21354
23601
6715
13551
3208
23567
16949
19079
5750
1127
1029
11467
28620
4673
15908
16292
11997
15474
7847
16674
143
1818
14518
22812
2410
28784
3648
19479
23790
23234
25069
21865
32554
22455
25940
27807
9354
14552
5999
31259
9201
2382
26443
16130
20231
21741
28420
29781
9429
24690
23281
25949
4751
14089
20764
2381
14000
12563
27893
24611
23116
22565
9031
5839
5282
19540
8810
13975
19698
3760
699
25530
3726
21774
23369
28499
25394
19211
3793
16513
10136
25677
25837
22725
3656
9228
17288
30635
17582
32209
7317
8621
28270
13182
25600
3668
27388
21647
8677
16800
6503
17055
29953
21674
3701
24366
6502
12680
28917
18081
18290
18033
28753
15498
32513
29729
2403
11562
4834
15231
3465
26677
2184
28286
8188
30932
8194
26689
7517
16112
6190
4226
8593
11694
809
11828
8143
21302
16137
19815
16631
3513
26319
15469
31782
4530
20375
25659
7559
9580
26130
17
12140
13764
54
30814
31133
10288
30516
25822
2799
3584
7595
31237
281
7396
26139
26016
708
4271
19868
24250
8161
23130
24272
27836
3135
16460
24854
10713
26717
21464
2048
1193
3197
24584
14088
17684
2553
13721
11646
22642
22234
30790
11973
10480
22439
20810
31423
1078
15227
11040
10886
21831
24154
23181
17757
13736
9669
22752
8678
6596
2956
29561
26517
7311
19172
5256
17508
11882
25529
2327
10952
11079
26694
26699
11236
7181
18658
32742
16893
10046
4637
27153
7983
29911
20747
12377
21598
2423
4576
8183
25711
23748
11453
13140
6071
12042
21706
13516
9139
25126
7557
32434
31482
22947
27226
31893
22897
9762
31859
20930
24766
32767
4817
18698
22783
21809
20636
29126
27067
28274
23991
3608
24344
28577
30104
13939
20303
14180
22615
22109
13406
25105
20996
26227
19965
29647
19518
1966
24530
28152
7681
25574
8168
21442
3520
30612
26974
25119
14772
10460
1884
32481
23155
20427
11339
8994
5060
5085
26950
17635
18354
17090
14795
1011
8159
1121
30647
7699
16667
4126
19313
28247
23861
18264
27749
31695
5905
22838
17844
23399
27899
21412
21289
26892
7483
17816
19056
7184
14570
22170
25730
31440
22788
30595
23396
29076
10686
4229
28689
4278
16409
20587
3253
30215
28087
290
22299
25966
1773
1401
18281
21714
20251
25637
5899
28474
32568
1032
7149
21299
6833
32179
25581
4211
1652
9769
9360
10427
5703
14053
21235
6146
1119
14111
30725
10191
1838
2636
5364
4583
31100
18404
11237
13864
18617
16487
16616
26549
7570
21410
26411
5459
29378
31791
11886
20755
3627
13371
1206
31538
4133
6027
24646
5181
3350
26305
17867
31352
25923
20444
32471
5761
20197
8191
5264
15153
18048
17011
25258
15555
22896
12526
22162
824
32452
14614
12012
7161
29264
15169
20288
3775
17918
18047
31728
31152
7525
13786
4718
14539
18333
13020
4523
7301
11089
16722
1747
29620
14613
14416
12855
27821
22522
19573
30859
4521
96
3952
29777
25710
30988
2243
15253
23851
27259
19399
11739
20643
15477
12017
24150
397
29157
2131
28250
24891
30439
4966
27668
17275
5411
25606
2425
2491
602
2750
16252
2416
15678
20038
12676
12728
11399
7754
25885
13373
13379
9069
8685
13661
13677
4238
3563
18313
11202
6474
22987
13803
24016
12738
4540
25164
21328
31646
26198
14900
1461
1106
462
1875
32517
14495
15725
7967
23272
12637
19264
13759
24063
15737
10256
22568
6006
19770
27028
20870
16605
8904
15590
32733
20531
27630
10548
23536
28740
10527
27320
14434
21302
1463
31210
31771
4958
1412
4852
23533
5720
11141
20838
22391
9814
32241
13355
32074
13752
2939
7612
14923
221
21973
9363
14425
569
17779
18403
4143
27816
2705
23686
21131
8194
3959
17974
11408
19440
24572
20737
11112
13566
10825
16119
25391
20465
15583
24102
32012
10074
9692
15048
28833
16235
22393
16826
27814
27658
30168
26416
13008
19748
12797
9640
27384
25924
22042
26908
12665
32356
26383
14972
25818
20739
32561
16219
30381
8567
17994
25065
17334
18309
10978
13601
14160
21551
16573
26947
15885
18893
26789
25733
19357
6751
9578
21509
30705
24610
16934
18691
30623
1121
11717
13901
29577
18574
12229
25082
954
26001
23099
8027
20880
13664
23831
25903
9504
6864
7848
5142
25046
7083
15715
329
13916
24834
24288
6535
957
4548
28709
12371
16331
15248
15143
20316
22206
15816
30094
6717
20509
27367
11449
6758
15074
21524
13058
1882
9433
29431
29251
24348
8521
9675
18329
25315
8918
12724
19559
19477
11430
16211
12446
19827
7875
1432
2620
13457
8640
5848
15891
16266
30112
1056
26060
31473
10227
19144
22315
15371
30018
16459
12437
2875
22957
28758
3791
4797
5331
8478
20488
26007
9458
29175
2074
13005
32079
18467
2573
14549
31705
32231
10972
3402
25097
2020
8572
3301
21772
1189
10267
1960
10532
27253
17062
32092
31820
18291
20109
32318
25627
18408
16330
1014
13034
30423
12064
22216
6201
27862
7584
21262
8271
24861
4466
8934
22305
20701
28626
16424
4725
12499
14425
21147
10055
23836
1406
15976
3692
15179
30300
30414
15477
17081
26038
26904
12502
24348
4664
5068
72
24923
7167
7718
24171
29345
31580
964
27312
15793
21717
10403
17526
17017
20077
26954
10867
2025
18982
31557
10582
8197
10691
12757
7594
12857
32722
31462
3326
32749
20970
10305
6723
5978
20530
22787
6517
10396
9762
5966
1662
12552
18574
32318
25431
28863
25824
31775
16752
24195
21925
1245
31314
3530
16459
18619
23427
15121
16424
17224
18857
29299
17087
13968
7923
1146
31039
26255
18613
15669
845
10475
26706
4491
14083
7394
31583
14030
10809
8064
20229
22676
24835
20502
17063
24770
17786
14569
7621
1513
19648
28711
32033
5078
27966
17695
6944
8804
18992
19888
30578
11925
14436
26626
8693
18913
62
1141
11479
21454
256
19415
2556
29121
6472
30170
22431
14612
30939
25541
24635
16232
16288
21353
20908
1341
3568
15959
28561
28352
27149
14672
17654
16099
7919
26621
6448
18611
30791
22752
11271
19175
32702
23947
32027
10676
8061
13072
8832
31465
19955
3768
29356
6199
9938
25336
1427
11216
5467
28832
20752
27445
29660
30806
25735
29768
17527
8259
1993
169
26404
25100
16695
25407
28921
5380
1835
1045
2218
26784
8339
20072
27724
25387
30943
17662
1118
14522
27422
12473
10249
3683
18531
7531
30375
32170
7534
6380
27267
27708
31624
26730
2271
3040
18607
10241
21308
5802
23283
2187
24021
7025
25376
8122
12141
28292
27293
32356
20042
4761
26772
285
7810
11782
12883
3851
30069
24628
19187
15094
1691
2896
22071
31391
3456
26179
12982
26707
22796
27365
32573
17087
7176
29805
3951
7942
9950
8749
5038
273
28320
21116
30783
20007
1356
18931
16296
19901
26447
23260
23645
11407
16967
8423
19868
13807
6413
9503
918
14173
26867
32285
20175
16985
13386
16507
24263
16501
5672
21388
5082
3502
17256
32330
10341
3324
7409
16528
29994
27432
14140
19594
21750
990
31504
13417
27521
7427
17296
8283
21397
27720
7544
8378
30834
6912
2980
28803
7794
15407
29906
15371
24297
26851
7848
16365
6991
30407
23033
21575
11169
31989
17476
14374
19460
6924
17021
12606
3500
13954
6416
21471
20220
8764
17700
1828
32494
25692
31516
6510
12214
3675
28260
30992
15522
23383
18026
25932
1861
2222
25834
11135
4052
7371
24943
17560
27856
4160
24087
26318
26085
3349
6550
24467
13843
14432
25213
18883
14603
14870
20413
29730
2012
30497
25190
3077
18638
12723
29877
24655
13966
985
6734
20639
8844
26707
21958
15560
30370
17827
18276
2178
31222
12132
14633
1887
23841
20957
11277
25856
20881
15318
19084
23944
12331
31402
25697
23121
29493
15518
22418
18142
1908
28017
2732
12817
14481
309
23632
3998
15554
24925
11246
11712
9126
12310
24529
13099
11376
21979
3164
14657
18247
3395
8339
22152
17901
24862
15325
11612
32671
20673
4359
21217
27709
3742
31373
8764
31403
3352
9237
20483
9847
19861
27965
20977
4284
9684
27030
28383
8262
28545
8688
2799
27894
22022
31449
1035
31336
13989
25696
12942
1492
18115
14111
25152
27442
29831
25208
22408
26018
13732
20510
13533
12042
14451
8407
21630
17153
11077
9857
27235
18668
3575
16211
627
26982
16839
30310
12023
4838
19301
3444
31567
29083
31566
21471
30435
7835
28757
28405
27741
19005
10370
30578
6422
26051
5152
4166
30925
4157
24338
23193
31135
19114
25702
27405
11315
14175
45
9283
17462
26797
13193
6816
32007
702
20231
25937
14003
13504
5935
140
24355
19781
5978
9497
31636
28138
5828
14610
26184
8759
25570
15847
5243
24007
27126
24484
30873
9641
17632
2423
21678
26885
18231
9069
4382
19715
9880
23932
27542
28648
16958
11206
4674
26499
14291
22556
32577
32455
14982
19649
10326
30393
24670
31857
22240
20109
22990
2978
15372
22283
18313
7946
5449
5432
8855
29537
29948
14387
27305
8808
885
9821
3754
14634
19490
26044
17302
898
27395
25506
15759
12509
11870
24457
32558
13889
180
32066
13079
4495
12019
16975
17360
20997
24301
653
9683
2566
18953
22
2017
3614
4153
16997
23962
9537
14124
26811
30795
3667
10692
31682
8711
32494
19402
624
28409
32607
30177
24111
14584
18417
28088
12859
31068
879
11908
23115
29968
6884
5550
13427
28393
28325
18376
16969
21558
8337
25030
25927
6041
21400
19051
14960
11797
1146
14337
22838
25191
24529
15949
31132
29338
14674
30914
17816
11222
2128
9461
22971
30841
3457
16721
14611
5224
1541
1036
14417
23464
4004
15961
9255
26408
8792
32736
9972
27617
17163
3691
12707
4129
21409
1506
27600
11044
9273
13433
28461
8933
10672
1832
21029
23603
32103
6748
17855
28935
2631
17132
19140
8469
2818
9038
16932
12449
15771
8459
23702
10644
28712
20080
11647
13007
19159
7302
25877
29119
31535
26949
30148
10802
9368
15877
10449
4201
14878
21045
26173
366
9586
9807
13292
5544
24369
19211
12294
16812
23657
10452
2718
31062
30042
23416
17041
2329
10617
30243
10673
6547
25787
17294
29731
4452
10767
22132
22278
18753
18220
32326
31317
17988
30094
29727
16911
28294
3259
21498
12949
27632
10699
13859
29779
12622
28711
31979
15010
21925
18321
10912
4589
14791
15205
21436
22803
11300
24350
349
27149
32483
23579
6133
13777
17458
3236
5699
22390
9434
18472
16514
25240
1302
17608
3040
28926
27557
12826
24113
13178
24350
28966
30181
2577
11652
3509
3639
26460
21018
23756
5032
814
28024
25715
31916
8312
991
28858
6819
27241
30154
31230
30474
11481
26309
16489
4339
27623
1666
16568
3762
7905
28714
26177
14298
4709
5105
7732
19304
13766
24301
12321
1597
22449
5416
32698
28114
5649
4596
7131
13095
1327
25214
16071
16892
21022
28326
9141
20548
25686
9230
21899
471
17055
22385
23273
29799
16177
20535
25449
18357
12057
12870
23077
30212
12510
14874
378
4302
18021
32536
31756
13751
17938
12319
26378
20415
26416
32353
27060
30907
28051
10865
24090
3846
14459
26524
30502
21364
14524
2429
2012
9095
4636
12236
20449
9190
27645
25719
28986
28426
13628
24564
29527
7227
24408
26581
30544
12987
21719
31645
366
23873
12005
17362
31725
29096
28223
30547
22272
8425
15183
10988
27158
25415
29080
16168
31324
29897
31317
24678
2691
30189
14941
19759
22467
1179
5962
22215
10272
24920
22490
20482
19948
29884
25494
24153
1165
18726
9649
24893
2688
19630
5938
25516
7326
28507
13398
19457
13982
29079
24879
15888
15580
30431
402
25458
29528
12479
18480
3614
26114
13822
259
26937
9781
23062
23276
11312
385
6374
29850
1027
5549
27307
12461
9956
26108
5165
5403
17920
21936
18230
14803
20893
11213
10056
2721
17253
1055
1679
24658
25345
20862
28437
13592
14570
21841
19509
30768
9084
12369
18514
17601
16973
28816
13001
8
11196
16569
547
8882
8397
7321
18064
12681
13108
11998
8337
10579
4527
15391
4084
25079
28313
16157
12037
11490
13501
6729
11779
12969
32360
646
8913
21488
706
1839
238
4490
27997
23388
19879
16354
21519
17505
25739
2457
16125
20888
24608
1392
30457
16737
31444
25449
3598
14182
31798
29993
22104
10276
1638
5537
15129
7591
22474
13293
12298
14740
21763
1404
10991
6253
28448
9074
23406
31249
14865
5962
5409
21378
18270
6848
8170
11755
6425
3822
25223
30434
16657
28341
7014
9706
72
16478
7098
23356
31399
19073
14542
23495
21233
4134
26521
3701
17142
22571
13972
24240
1033
17382
6600
10277
7091
14602
15659
4039
24745
8911
20780
28183
19452
20045
1421
11939
27280
26153
9841
18637
719
20852
4022
13774
17054
31184
27268
2043
2448
15573
26918
1862
9050
3251
29977
30471
1672
1048
867
26877
27502
29012
806
16783
20320
7355
6773
20824
14374
20042
9574
10211
19370
22158
11113
947
4084
7874
16088
903
26456
1080
31439
31964
7406
762
4925
7090
5443
29616
11067
12179
30542
24772
26013
18898
24998
14021
25543
4369
32754
21513
9923
28165
5280
15255
1680
30078
19162
28483
13244
13217
25781
13595
30517
15480
6572
19458
9308
9646
14670
21403
29019
19859
26163
27497
10680
4966
32052
19764
28459
25812
31963
26286
31917
17596
281
13910
8146
12085
10039
28573
23640
32466
28175
10823
28160
14117
26236
8469
7324
22657
18447
17313
5738
8452
15876
8073
17568
24277
116
25807
20040
14251
3532
2432
15694
2447
6269
20628
31192
18658
31989
14358
4053
32673
21455
4741
29401
20968
29766
20345
13352
11189
31472
14217
24337
31727
10409
8045
28541
8359
11724
22112
5831
26781
13738
21448
17102
19974
17972
26649
6985
20108
18427
29943
26971
1175
19035
28827
7528
26059
22514
14455
26406
19154
28503
30493
5111
9307
29705
8541
10102
354
11174
20141
25167
19122
7006
28879
11093
22441
22950
11949
3790
16444
10289
26248
18449
4154
27164
6993
2388
16341
19049
20823
30143
5470
9902
7715
453
21584
4622
28576
11699
23952
1129
20096
20105
9459
2512
8154
22794
8193
1596
10776
25359
4601
24959
24848
20256
22805
12154
15729
22085
8462
10385
9057
25626
7907
1628
7268
31010
14807
6303
26752
1885
17848
9853
10911
32029
12903
28648
13364
29205
21653
25436
13345
10931
11211
23501
19673
26032
18861
31454
21953
10213
15999
29523
19421
31328
12008
22473
13736
20151
30454
16804
32323
32156
32355
25674
3026
5042
8727
24719
5412
24735
22253
27759
31378
31843
27066
8963
9769
14056
140
4270
14091
9689
16687
20376
31762
17592
16630
18525
439
23339
8631
27398
14130
7575
24
29752
28387
15344
5897
4779
15857
21200
15506
222
32561
29382
7119
26377
32073
12784
20537
6484
2069
31692
17958
1606
31049
4939
1172
27008
27736
31527
17442
5803
11669
14455
30559
28847
9368
9089
10311
24869
15844
15055
20235
25616
6087
11397
1553
31687
30337
2545
16188
8502
17320
22884
24173
1094
7370
31296
23882
12442
13653
3923
23614
27260
4020
25443
17600
22551
20923
31754
24793
19174
14405
20165
3040
15724
28187
19527
24713
22822
18968
13843
2078
6334
14475
29257
3851
23169
21469
20928
25248
30483
28788
31830
23571
12385
8150
30596
31940
3288
28434
31542
16325
29397
25692
2265
9370
6236
32759
30901
22333
6924
17496
29053
6502
21586
2440
32292
20744
15838
8138
13811
24607
31315
1406
10969
10665
22083
13381
4610
26610
21850
18790
23210
14357
8153
3440
10036
32448
25670
7969
23670
2615
354
17799
15192
5532
3164
11621
14493
4461
1860
5592
1792
21838
23490
12346
1923
7945
28168
14151
5124
723
23557
382
22545
12497
15580
4810
11261
13274
29844
29026
9779
3455
28689
16878
22219
21320
23875
28395
24923
12609
13213
24400
26896
30133
8393
114
765
2618
11674
10021
8882
32237
12098
3108
13585
1279
22725
26547
23901
4465
173
28802
2196
26907
28416
16853
19199
23795
18287
27874
15367
1420
25552
14714
17482
10461
13006
23020
4590
11588
28383
5671
10037
15819
16759
12830
14162
937
9852
4977
17788
6412
9209
27209
14912
6421
10774
24963
25371
28964
12104
6674
4168
22359
23749
30110
17623
2637
24379
29809
11519
15920
12225
10900
20149
23282
26894
4149
10365
28630
31976
12620
12929
51
24032
127
30176
3445
28989
20802
11848
612
23862
15682
10695
25513
1892
30980
23262
27021
22390
23497
20696
26373
4647
7862
2649
8684
24685
5937
22074
143
22259
28814
13972
12398
4554
10475
31259
10817
14428
21848
32686
14138
32161
28988
22572
23434
28821
15604
14984
18982
12521
28604
32288
17867
23544
16595
3914
4927
17918
3034
4656
24795
21380
5245
10207
18246
1823
11606
2458
18307
5978
17934
28276
27182
8433
9414
28446
25602
18752
20149
23549
25503
25850
25618
14719
27786
30494
29492
22192
25462
7207
1784
12808
12226
13700
29795
8327
5698
26951
11144
27397
12610
18977
4012
21955
10696
15246
6825
17989
5658
26189
20368
31588
8576
20755
16530
2975
24907
29056
11297
7602
31510
18770
30034
3946
76
25561
31622
32439
8939
18347
5449
26883
10119
12440
12922
21698
14481
9696
27053
14666
32473
16548
29901
6373
9042
13979
24838
293
7701
32006
30177
25976
30377
6118
6065
2044
22914
26988
10543
25749
9927
5553
12385
21052
24153
20135
17088
20122
3344
7248
31897
10197
8008
29997
1972
30890
15516
15098
30004
10940
4337
28568
28350
29483
9911
13899
733
32105
13931
29989
4261
14409
3936
10946
5783
31065
32192
19510
26821
27250
20941
16196
4663
30093
27757
17617
25996
8920
29926
26519
228
7434
7142
17182
18686
20467
4038
14056
8094
21847
1551
23020
22834
9212
32318
16967
13748
13570
8644
29997
24786
4979
25937
4901
15693
2587
20306
5238
32671
25498
1977
10716
23520
28855
5372
5504
19178
18679
27232
4135
10940
31087
11127
3754
15900
5590
18663
31654
20353
24542
23150
14708
31535
30916
23075
92
25764
20774
9471
27909
23347
19222
25755
21296
12783
17004
17979
10406
20170
28512
8972
7279
13566
22360
32170
11845
3756
16382
30949
23113
31171
22678
11205
11508
7204
3471
30412
21327
17156
14935
15994
31591
4497
11636
12055
6395
728
13009
28076
25209
17126
6229
23123
6697
9005
24762
18352
30631
11818
6301
19392
17814
7749
465
3537
1939
15353
2297
13778
15464
26420
14678
24781
4226
20481
8925
16050
5286
8804
26253
15702
19679
10629
23807
25787
11195
11793
2879
18578
19894
5086
23002
13054
2295
31438
16952
27803
9530
26357
26156
17855
20494
13310
17866
17664
8512
22474
1913
7926
17303
14427
1609
23362
5569
6385
6790
19150
22414
25202
20621
13143
14172
19215
478
21545
21459
8485
1139
10282
1490
15713
25680
2330
1704
24616
23388
6169
18056
32310
31599
3946
1847
16517
16044
24950
3848
15216
29201
18708
2058
8472
11852
12039
24448
29447
21200
2248
14737
30483
14121
5255
19777
29573
1676
5740
15520
30331
31155
31522
15681
11403
25320
918
9454
2729
16479
24060
11930
20299
18632
20500
2967
7883
9765
22187
5386
16140
21209
24164
12699
13920
19714
31160
17265
20905
5129
14396
12893
21951
9336
802
26197
24594
26123
8963
17957
14993
16393
21212
3681
9930
18388
1110
5278
25682
15807
14666
19169
30311
19489
5764
5976
27860
15528
5063
21576
13333
6127
27922
3143
12476
25426
14626
18091
10771
28929
18744
30786
18435
30291
13852
27716
10292
23645
15970
14725
20086
32452
23020
6127
29792
19663
9904
10800
31798
192
4795
4016
2832
24933
26486
21190
3641
16874
6697
1835
12246
13297
1469
11439
32456
8164
29126
10794
19923
14218
2753
29878
3583
30425
12185
14107
10302
9996
14449
3467
6736
6133
6813
10640
23268
915
3569
29250
18688
20455
5951
29885
10914
8964
7195
14546
32424
32102
25569
19965
9709
20100
10746
9367
10165
14248
9562
1869
5451
28927
10573
18641
20712
1260
17268
31183
15319
21922
31498
15139
4055
8434
5484
73
26561
30305
985
22037
15210
21374
24182
420
21195
23155
4245
2962
29791
22233
6710
2925
21197
1233
2766
18282
32199
20048
6472
31831
23090
29370
32074
25041
25991
19635
28089
16055
18553
10802
26751
8671
31960
27350
10124
4871
2741
22654
26394
20494
8391
28180
24886
27236
3085
169
8828
22719
21173
32455
7202
20751
30269
14850
5944
32437
8408
28369
27949
26863
16915
32412
10646
7575
24248
4118
31019
29710
6130
2509
2578
31859
11699
6912
16737
28440
83
18096
27102
12342
21882
9465
16393
15327
25663
20131
32604
3637
27793
9973
21713
23514
24022
30665
23205
11943
20691
5094
347
15009
22732
29577
2565
32552
28652
32581
30143
2162
743
32013
3708
25912
24541
21392
27909
9391
3202
6085
8254
28858
18300
6342
22955
6238
14604
24033
17204
7798
5873
19180
25125
8360
16265
24282
11129
10903
4154
16524
11608
18778
31504
3561
29150
29486
8103
8497
32542
5991
27468
16526
6247
27309
1119
27629
9414
17252
1275
15627
24267
6764
18650
3539
12688
1035
21106
22759
26360
13607
2916
2173
2869
26809
25623
10092
10637
14718
5792
10374
18013
17392
4326
14377
14942
9332
18947
19473
21287
9685
1773
25968
23795
13297
21077
14657
31141
26290
11215
13017
26889
14656
12852
1215
9821
16757
19780
15293
32528
31634
6800
2103
1737
32304
8600
12732
3243
10873
4912
26843
30168
11415
6184
27448
8499
24685
29483
11743
14443
28293
31208
471
4661
13642
10608
26363
2520
21112
23007
261
28655
24784
21823
25324
30826
15888
21929
9328
18903
27938
11949
30194
4576
26772
9717
9866
17172
31048
16164
20564
24554
25965
32516
7946
30466
2989
27105
25816
13487
16040
16688
29035
11699
29858
17525
24396
18249
8056
31075
19308
24681
16601
16196
11008
8263
3762
12699
13198
3613
15338
7688
2376
22058
14672
4461
10138
24570
722
16463
14335
6633
19695
20095
19224
7651
9839
14841
10239
4973
25169
27916
9689
29417
24069
15291
17322
3605
30683
20580
29294
470
18876
19359
17765
30004
31768
7017
31918
18853
17695
19842
7703
8334
26676
24851
4148
23047
18846
23444
27566
28895
27265
9453
30430
22495
24845
28379
32666
15443
8438
11158
1871
20935
10276
22449
30032
2831
25515
6977
17262
25738
24829
1601
22729
9127
8031
27701
1766
12199
5529
8974
23809
26533
16370
10574
17828
6612
19035
30572
8824
9
10987
122
23132
25977
16523
9733
3508
22979
18931
9021
25859
5425
18645
13141
11709
29242
9559
30509
14678
8268
9671
24111
12959
29641
3722
5751
23890
30544
32342
18486
29675
8765
23202
8280
6074
22643
24666
28260
1847
5977
11478
22948
3733
29730
21261
29063
26266
20306
20742
7491
30125
24957
31120
11966
10033
1362
9779
7343
19729
25305
17766
10240
16284
24569
6402
28792
12180
31293
14583
15510
24193
28120
11838
30912
12619
19942
14863
12701
20744
29172
7507
3519
19987
23747
29788
2693
31070
73
31444
63
26633
761
19443
12692
21811
27204
29429
27169
22032
20064
24524
28771
5179
31560
5138
20183
590
8964
7233
14431
16049
1322
10534
3048
6319
12197
23955
15178
27599
15541
9301
6511
17761
12855
8805
21432
2135
26151
6499
6812
854
3171
20031
15763
11533
20913
18490
15922
31430
10244
31757
7831
1338
10235
14183
28423
28586
11179
24733
24278
17707
1694
24221
21639
16450
32539
15653
20789
12464
27816
24882
9010
29583
8142
25018
11245
12702
30492
22685
15641
22490
17775
16346
20747
32334
28016
12030
8804
12587
22109
3299
26353
20507
7693
2454
12751
30675
11310
29849
16595
10727
2770
17227
14632
9955
10282
23460
5946
11927
26000
30501
21971
6834
6091
12815
4228
1939
23695
6868
9543
32603
26948
21963
6498
23367
14088
10535
17807
20285
12279
1322
3417
21412
16810
23702
9673
24953
30973
24933
12098
13471
2838
31161
9898
2167
28579
278
29130
689
28770
10703
2808
16482
20967
4798
4083
14678
31130
25912
14350
28071
13567
3904
30097
4494
1594
28155
18012
11130
6610
31845
30669
22623
18869
23105
25060
10833
20860
16214
23973
21841
6129
11992
31422
7783
12750
32549
14442
16625
456
2482
17813
15930
6604
5956
3137
19278
16777
23651
3112
20749
17966
6667
18595
12927
30581
13990
19914
19815
30176
25399
4317
26907
13890
8408
12259
1938
24194
14950
21648
19647
24476
1659
15980
28701
28904
1436
14386
27788
20639
12468
31862
25179
28059
3009
19851
24486
24158
20686
17572
738
18774
18209
7225
11190
8800
6837
31149
11788
24970
18411
31277
15209
5917
28540
1755
30329
219
9906
13356
25839
1157
6104
12430
13196
13216
1775
1615
124
15481
3746
13498
8169
27751
10620
25731
3787
10064
23385
15205
2045
30830
3866
4873
28566
8275
31901
5930
2166
17451
10989
3831
10271
8770
25269
21944
23751
28614
9467
18101
14763
17357
31242
8275
15781
13209
11440
8833
2049
1051
17834
27730
20365
5303
23389
23787
20463
26439
2503
31648
8507
26978
9908
11098
11717
25310
1589
11580
14900
11667
25422
13958
13272
6754
16623
7609
14654
10103
22309
25340
4353
27594
24722
6078
738
23532
23579
27037
18203
19456
5856
21638
32753
21255
4721
16414
29065
29538
6975
3169
27644
11409
9040
20873
7085
23105
13623
22322
13275
1158
4932
1723
10098
1381
22264
23791
25639
10133
9403
7909
17347
8838
18385
22052
10175
6051
19083
22539
29458
29909
24250
23665
22087
24648
10857
26504
8658
4465
19660
2823
4772
15184
12147
17032
19709
27634
30659
28462
31106
1339
11431
13964
14479
13026
25731
18626
24526
445
3946
20969
13833
31807
12688
6834
8508
28735
8706
7241
31471
16890
8596
2944
32450
28764
24091
7977
1866
11899
13789
5571
3355
13925
20294
15962
7206
14619
22749
2216
13126
4061
1398
24704
16917
4776
6312
22637
14596
14334
6017
26518
24491
25061
29049
16100
25949
31794
13733
31079
24576
20487
10285
11254
11547
12443
19456
6166
26929
25913
13510
1566
29006
29836
13591
2712
8927
13593
15594
15081
19910
18189
31824
5429
3246
23353
7778
8061
30620
27483
12407
522
25799
18335
2459
8463
11178
7525
17981
31114
7767
23365
11304
17771
11534
5712
2741
11000
26638
21657
27454
31600
21419
24821
9685
17646
17057
3070
11830
15249
10920
32350
11515
15834
10057
74
14607
30805
7919
23116
17765
27772
15937
13126
5866
24280
15791
4020
22200
28777
9547
22065
5260
26440
731
32061
19834
27275
17964
17981
19167
13673
14249
10691
28056
1439
15659
22800
14705
18705
24851
30935
13536
20149
20375
31044
28916
32429
15961
12093
19848
23987
29246
4840
19900
24506
22397
18285
4262
19922
24566
20477
16964
17229
7110
5651
6325
1568
16408
9465
12713
16012
4157
16015
25623
20989
23808
11592
23086
25906
3635
30581
1933
18846
27278
22470
20406
23054
4538
7949
28864
2701
23720
25414
1613
12164
6183
8149
14524
16422
19894
11022
27808
6155
3734
9466
1648
31771
29988
17240
5760
26286
20582
7907
303
24306
11748
26067
30562
24460
13753
6054
21298
4226
3305
11808
11490
22616
12789
22417
15380
2169
1965
9814
22844
10457
582
22946
13140
9945
10924
9087
3538
27499
27673
4111
6871
7286
24551
29208
17833
3452
2979
30911
355
9082
17762
21140
28651
12303
12888
463
29989
2017
5030
17881
2662
22589
21876
15887
26156
32765
5184
10690
19468
28591
3189
27010
6379
21747
10304
9628
24433
5413
8095
15841
10427
23356
24251
26281
11600
15602
9847
5912
6743
15142
6985
11424
14087
8574
13897
26567
32350
2384
19591
9771
278
963
8354
32195
9173
12081
12950
7527
3492
15312
16854
5779
23202
9106
13723
29800
26361
6473
24443
17395
17938
29455
19517
29106
14853
5093
5868
8276
16212
6298
29226
23745
216
19439
23495
21338
18427
9720
11922
27266
15656
23237
1647
26205
3200
15426
10922
31191
17103
29532
29323
26857
30398
21605
22571
8216
4682
21178
11653
25918
20596
22435
10192
1420
17210
122
13581
9424
30151
2064
20444
4596
32487
24396
17811
17607
6077
14613
8849
26881
2744
3442
14544
6785
3779
22512
29882
14040
25276
5445
29758
26635
15656
17458
5154
19605
25637
28078
26523
24748
415
30784
19995
3269
1991
19117
7018
32090
14785
467
1528
10219
11421
15829
20338
8515
21641
19064
23443
10492
29253
9933
10557
3653
29911
12305
25032
20963
9087
29649
29338
10614
9197
27985
25847
18430
12466
12847
26651
3997
5109
21060
16774
4255
14951
28363
6040
31159
29305
19653
19037
23947
11212
26268
20138
29043
19176
16646
16233
10622
25906
1836
6449
21943
31000
12812
21530
9382
30351
16155
20431
12057
11199
14895
17892
28964
27132
7837
13930
21606
30457
21406
705
12174
7736
18424
10926
24350
30405
28890
24493
23407
12580
12295
25225
28661
392
25910
24361
30661
31302
11961
15021
17236
27272
7518
1978
2946
5446
24467
5393
5591
21618
10189
19047
28172
31859
21034
18289
22733
5077
3413
31038
25533
13119
2730
6601
14011
8613
31130
19919
2660
190
21073
21726
26584
7609
13207
32687
5569
14892
22516
24757
22162
24909
26136
27382
23565
7524
8313
29466
5128
8576
14398
18113
12912
15209
18268
19994
7310
8663
13823
27570
6537
29409
3883
3721
27693
30392
2211
10859
14826
31381
16906
2685
25376
22512
32584
12823
12442
31731
25135
16337
31320
814
26463
1761
11153
15756
10854
21156
18424
11910
13612
2170
22079
23958
24207
7127
21465
2799
31818
2199
5637
7275
27675
18322
15368
22213
14373
29041
5817
14088
23187
960
10563
71
25726
31812
10023
20879
3088
16014
4992
22554
26090
30672
25995
29125
19908
29936
22118
21444
16979
7899
15384
2453
14448
4380
5586
24626
10614
32429
11637
4491
24812
22796
29267
17459
19812
28050
28986
13146
22690
27905
3503
4859
2817
4444
24695
1110
32275
22011
24412
11937
25224
30174
12845
20475
7505
9282
22791
23201
16389
13170
2003
29284
24707
7648
23312
24155
5081
9588
18899
17109
4196
32036
30987
14225
15161
12485
21514
3634
9412
16160
3649
23789
14511
6729
29259
8581
9477
556
8750
4217
15512
28009
11485
25724
22688
29794
7425
16933
32164
29329
25848
1000
18334
21024
19486
581
24922
13747
16716
11327
2847
29833
13983
1040
29841
7363
27259
21531
28118
28675
16847
12322
13304
3641
6042
5817
23690
17082
9646
18170
9359
10131
27316
7803
9879
4892
12656
4989
15403
976
7494
8038
3691
32347
24573
11634
6646
4597
31940
24997
10762
30447
15474
19460
3821
31627
14098
23556
5003
13073
5791
10307
30304
6943
30476
24182
27032
11073
1927
28578
24181
705
20735
19600
8178
10433
17892
18043
166
4742
32558
26635
8170
25623
19104
23175
2622
7943
28238
11078
14569
13199
17757
1382
13536
10208
6666
13249
24809
18870
24813
32541
12032
7729
14719
15523
17658
993
22491
8339
21608
15135
15297
10549
10686
18596
22752
13843
14005
26196
5205
8037
7149
30299
15215
25037
30167
11387
22453
12868
28882
24996
1066
3668
26772
17862
10191
7305
5836
25571
14698
28962
5381
11368
28806
2827
13774
31165
1979
7440
31000
17179
29743
30539
8159
29086
13917
9438
8973
2971
10261
4584
4507
10803
27588
19889
6649
27944
24822
15656
17072
24816
16921
20880
5702
2824
20356
6006
18017
4235
11192
12774
2608
11011
19685
5598
15367
24447
10160
6659
31305
11238
30515
11923
20363
7818
17989
20891
9718
3072
7676
4970
2541
22320
32113
16197
32752
32680
32451
31836
29121
27190
19807
31485
30405
6069
20862
520
31660
15911
13551
28835
3413
30724
9494
2094
19179
32210
30261
4730
17237
7670
3050
14389
16845
26314
11001
7081
19918
14063
6220
2983
25140
10213
10552
25277
8095
1752
10498
26287
32280
20413
14242
15397
16887
24222
1478
17058
14339
19250
4634
27829
31964
8881
19399
26739
21398
29670
15929
11300
20391
24966
10790
15165
22019
11968
12236
14223
14725
31253
28282
4797
30353
6762
15697
29683
20984
21084
24908
9685
24347
19923
25726
8374
12628
7642
29339
1291
15505
9902
24250
6687
10562
13332
13913
9480
8054
10224
1442
11225
19776
30484
12525
31001
11360
26710
1925
29556
19231
18917
29615
7601
7291
4317
27624
21220
4996
5912
2415
4837
3590
27464
26627
29440
21096
26434
13038
1774
9428
157
834
22020
14233
1916
29539
12459
31437
18344
3013
31248
3894
16354
27895
14877
24683
25463
23265
2983
10806
6676
3402
15081
27965
29148
27037
10289
5857
14264
2540
17113
24679
27118
13621
12409
10581
14582
11492
29787
20767
2697
29594
11055
21507
13050
28973
12032
12082
22729
6128
14183
20528
13942
28468
18943
4989
11923
9998
3864
5749
26141
6491
24240
24693
22796
23554
6559
10047
7465
18553
8977
12960
18208
7307
3641
9040
9686
6232
21572
8473
18428
15773
9868
13371
32741
5173
12559
19984
22932
6112
24863
17644
14106
13124
1115
18247
1823
27697
21469
2590
18878
9513
16309
13974
22422
6176
3734
23267
7965
28288
9680
25192
19512
6768
3454
22815
3593
21846
1281
32316
28424
26522
15277
27149
29526
7598
449
19237
29006
3659
1437
32441
22620
5629
28975
2122
23058
11233
31663
11396
10616
29613
17292
13159
17572
12530
1190
5540
31883
32670
32445
6474
12055
30149
8233
8609
26490
4769
18636
13910
22721
7895
14662
1497
26284
25083
615
26372
12477
20823
2282
7677
21391
7144
29024
26717
21609
14250
2154
5266
27411
21526
31531
10370
7656
21992
29693
23408
25645
16421
28515
26404
17057
11869
23872
29766
5717
17453
25158
9740
446
13833
19888
2325
12297
20280
5940
27028
25262
6432
31027
21680
32072
1988
31540
18731
932
20363
144
23362
15896
18499
12142
20437
30742
357
17394
29384
3328
27547
9138
11433
14142
15231
17770
7059
21903
27046
16624
13138
6812
29661
7018
10439
23251
17330
9150
11406
27762
24119
29514
14559
19938
16642
26326
30386
1607
4216
9158
32295
29781
31564
32148
30244
32613
30530
20350
22336
24264
15161
7804
21984
27483
6760
6005
14239
12123
9448
15794
6132
10363
12658
23955
24591
28724
13419
6017
30211
15965
2077
5923
26410
31227
2632
19157
4549
19546
13017
12118
4580
27229
2041
960
30086
2066
4937
31166
31744
10889
15468
13817
25763
19431
11463
13523
4249
1462
8324
26456
31760
13695
18653
7281
21147
20379
9111
2651
8916
21574
27596
3160
30023
6901
2030
26789
19083
26602
6409
12971
17586
5
3912
7545
32740
11997
26555
21106
24134
29455
30551
8259
19232
17622
26431
5657
14656
10972
17986
24336
24729
4432
21412
29166
32560
5945
26401
26897
8505
17930
6703
5798
13436
26486
5764
10524
27390
28037
11736
29656
12510
8424
7916
12331
14717
2442
11211
19073
26593
17767
25935
4059
5724
16801
20456
20351
360
2512
17817
17645
22998
8602
14659
24086
16936
7301
16166
12745
15163
26632
32421
14958
17449
31720
29001
10486
12653
25794
4873
25618
32584
23779
26569
1955
9060
26464
31264
30834
8632
8548
14174
24610
26795
15812
19662
9571
14460
24281
27192
13416
6625
17038
3498
11162
10222
29880
15480
16526
12601
31654
19842
28980
29756
13049
10421
21842
31482
18614
8149
9265
23014
4250
17529
17047
22016
8622
24407
27892
13889
29211
27841
20960
17465
25918
17008
12485
16375
32767
17025
20697
19241
14175
16317
25680
3972
3409
30493
11215
9318
28619
17037
28195
30650
3612
26865
6195
15901
6272
12134
6451
11838
7666
4042
20251
2955
31809
14462
5976
17418
5734
14698
22465
9604
17685
578
5068
28137
13714
5640
25090
15088
10950
6099
21936
7422
21650
5326
12512
20809
12643
12163
29319
26429
11783
4186
5376
21791
30655
16220
4281
16368
13461
19261
30509
31380
5615
24986
14866
51
31077
15487
29395
28128
3024
2348
15936
16248
8867
11289
133
21453
16255
1591
9560
31748
29185
8057
12407
6716
3039
23187
12882
4977
23347
5634
29956
6303
24342
24140
30088
2858
10865
5513
32042
125
26896
13346
28475
10481
15096
1753
7945
7665
23035
3593
16911
23389
15753
25135
21096
26667
12489
16810
30090
29268
3816
11199
15152
25070
6578
11488
18584
10133
7775
16430
17391
18960
23727
27196
5130
30514
25657
28950
18518
7165
23551
21890
15634
18446
26695
29061
20411
24629
8870
24617
14280
25699
22622
4734
22424
19657
746
13791
6569
16958
11990
20342
11786
13793
17620
12547
15379
7168
26893
10968
23635
20025
25781
7976
28362
22751
19938
23170
8536
14240
24990
21913
14966
17764
17466
17478
31780
25463
7142
5584
13090
7147
14719
19050
18019
17208
17320
16893
23231
23846
6172
26664
24296
18669
22339
24966
5023
30874
19971
7727
25640
14260
12760
30081
8955
17696
25383
12064
32444
17474
10703
7483
17261
18789
8194
11281
15331
1373
16211
2740
18294
21610
17423
20749
30717
13408
23249
18209
19450
26117
19537
12690
22801
15803
7037
18281
31423
26463
18891
13586
22856
8560
13773
20648
23793
13172
18438
25460
24944
9111
25084
11440
15777
28566
17294
400
29562
19675
23176
11907
7233
13290
12405
32182
25852
15099
27316
1753
12074
1000
4302
11303
10672
16714
3335
26784
30230
5855
6963
21401
11763
22832
6603
32119
23718
28784
28992
2488
16711
25254
1423
10803
27870
18703
26134
24480
4306
13501
12198
9050
4516
18053
21721
24164
12764
32280
16550
20906
26948
1136
1842
21386
15445
30062
6377
1683
10223
27841
11214
28045
30029
23049
20239
185
2615
24636
23773
10330
2425
17481
15994
16499
22421
12028
13972
2515
22453
17954
9681
11343
29923
24813
32171
11855
19324
23450
21886
1420
1762
20048
21983
9495
18290
11084
28208
11422
9398
2107
2161
7403
8155
5863
12121
13741
6757
4374
23206
24699
9505
7087
21937
19734
15195
25887
29765
8942
15954
763
2481
27624
17641
21223
22044
7263
5023
25270
24089
23657
20673
9171
24700
30299
18655
28127
24171
3727
22396
5275
27064
2148
18441
5385
11630
15495
17173
7630
25769
25713
7102
30427
13227
24369
4459
3148
5933
13164
22973
8336
24051
29346
1730
27083
24739
25010
7532
7800
27607
2721
28738
13651
4209
7063
4694
23670
20015
14122
30327
27586
19583
6623
3751
22144
5524
14574
32720
24648
1977
15942
15794
6434
28901
1489
8992
25836
2192
32761
23148
4604
15302
7531
10784
17158
32634
10267
31214
12351
7452
11656
9194
962
11630
24129
26103
21811
13715
1704
1919
2211
6760
1270
1896
5300
24088
24703
26179
29694
23531
26168
24774
17841
30303
28278
11900
24955
27514
12280
6331
25260
17246
17448
32215
28312
3358
16542
5269
14908
24016
2534
994
4901
17892
17283
8901
28558
12468
307
29843
18889
25179
7541
13666
19168
1995
22857
2751
2171
3354
10551
11428
23044
11805
21394
6820
2314
30008
17406
12649
24803
7284
14384
13408
24982
1234
10741
8115
6648
14304
6774
22136
27924
10121
8890
296
18128
8241
28012
12370
974
8450
32223
6032
4241
3712
26703
29883
993
29540
24426
30555
14448
17319
15118
15457
10685
21981
23637
12825
6201
1732
4815
30810
14505
15133
26382
4352
29387
13242
28264
29851
29500
26585
3064
24425
5273
22960
17126
27266
25572
6473
32232
17747
17450
27024
28681
9037
30051
15275
29354
12766
666
29833
1222
10913
23374
12478
20346
21970
7191
31374
21444
4356
19085
9799
9611
11798
2149
18645
22495
15971
477
31888
32387
7737
7003
26712
26792
21645
8784
15588
30972
6892
1379
7255
16099
8629
22476
8212
13572
25734
9213
28884
18696
8948
20872
9462
4254
20863
8765
22806
20419
5828
2706
14048
13376
10485
26953
24102
27252
8071
25164
25649
28499
3370
24796
23893
17327
30206
1258
9416
25783
30212
32709
22197
11709
11219
9206
12427
1852
15244
11368
19355
1817
32271
32461
26082
26153
12399
27964
11555
28404
14244
15135
16442
18872
19584
26956
23212
18865
9189
3442
24194
8088
26420
14519
12376
5482
4360
12703
6577
14186
549
1328
9613
3689
25259
13140
11070
20293
9104
31358
31607
9136
13388
1680
25510
28722
16598
1789
31619
15217
3024
28714
28905
6833
14590
27675
17894
18327
7165
15947
13582
17202
24370
7899
12308
10812
5888
20719
11419
7836
5438
30806
13129
27184
4328
29289
25885
16074
30228
13877
27395
14200
29224
32732
934
32521
4171
19256
9094
16332
31257
25026
23370
16539
12443
32690
30807
21272
20854
21608
5025
30519
15458
25099
705
22525
11486
112
24393
1415
7203
1853
6228
4173
32598
25422
16993
27048
13825
6999
6497
11666
15556
1995
26894
14765
30792
16893
20351
13704
11381
3718
3577
28701
29669
18150
23561
13982
19352
1646
28879
2161
1769
7773
13981
19577
16320
5449
23745
27543
5898
13760
15262
29808
22886
28720
16130
11377
23585
5124
19123
12817
9829
9232
19787
5206
15021
18991
30022
923
5244
11818
15450
32656
11855
13276
15623
9858
9168
25748
1646
2525
17484
1979
25190
11247
10599
11959
16845
2798
9743
14350
17180
23869
8622
3535
1854
25323
13220
9006
18595
28797
4852
30062
26768
5869
11837
5124
26297
3314
32749
29689
30481
15746
29361
4752
10721
8085
27184
11049
23063
15149
17400
1125
21985
32659
25784
6283
30075
20195
9649
7466
5190
25290
13927
11776
8217
28303
18076
7963
13019
8784
3198
14910
27218
29583
31520
27526
29238
20205
15655
8525
29834
5940
18374
25423
25644
5531
6636
25867
21930
16198
31675
5997
23127
29709
21053
32169
4510
6782
23378
18794
25751
15653
26093
556
8152
3339
23168
15334
24462
28028
10165
8429
460
27917
26463
21269
4898
20446
20400
26649
26994
3869
17580
1341
24831
29131
7645
24113
28615
8899
29769
6969
787
26616
3233
27275
23372
24318
12731
16632
23056
25292
4930
3535
30341
32448
31917
26111
19437
4835
30829
27259
30331
3439
13163
28131
12901
23950
13489
7520
28987
869
15719
12496
22903
24913
25858
26147
25685
12912
17848
19460
3557
19044
19767
8124
19294
595
1430
16980
15285
30514
27276
2298
18030
32068
7904
27815
7347
27869
5664
23806
20643
11372
1686
14966
30444
7096
14200
15291
1692
17514
32607
16978
27444
29644
1786
25212
31998
8656
9220
8798
21409
18772
24691
13406
9971
5540
499
12496
12814
2369
9618
4818
19622
481
17341
31860
11930
15798
12395
1565
4552
17907
27544
7466
9766
25229
22005
13783
3087
31550
7646
21603
18650
2512
30860
12655
27057
408
31628
32168
18592
20545
10863
2213
10221
23499
3268
20242
6056
8658
24643
13327
22914
23572
15179
27091
14051
20014
13199
19861
32054
8358
23820
15020
5256
27950
13630
6389
25681
24615
20115
10869
31377
4965
20512
23615
10527
1586
7570
7832
3390
22165
15208
2138
13682
8148
17248
18838
22930
8759
32047
12669
22813
6159
28533
19329
29649
23543
31984
22455
28794
17498
25072
8832
9737
22581
9739
32616
6885
16670
22033
27470
11910
7814
6723
6598
319
7739
31935
29115
3675
32304
29759
15705
11372
23425
1795
4393
26592
29362
6668
11902
27605
13624
16523
25873
27951
22586
8089
14312
19431
16536
14888
18812
24229
28717
14650
21274
7314
22609
1105
11146
6503
13730
15910
8431
1995
22789
31133
10734
13787
487
15097
12818
14346
11721
6476
1391
13867
251
5170
8070
3788
11431
29119
24937
17606
30226
14518
29472
27410
17183
6908
21578
734
20501
25676
24583
32736
29345
16683
18454
26347
3615
29215
19259
15040
7445
16156
10980
11046
29696
16191
9227
14909
8532
18623
28510
19471
3774
7456
3230
21608
18348
9641
23877
5864
2319
21529
21099
11606
32351
31638
12778
18487
20448
13798
14017
23967
26149
10465
4278
14920
1746
16422
1856
10465
11942
12046
17315
9128
19640
20190
1629
17467
17152
11585
19393
26027
20506
24309
9186
11475
17991
27332
16818
27368
13237
24758
1387
3665
24576
29061
1582
5560
17144
6737
24298
14689
22693
14485
17024
16058
30344
6746
6949
10804
1572
24234
14599
17234
18621
14920
21555
7935
2144
29854
26038
9253
23075
12535
7170
15995
21934
22510
28308
13215
26106
13606
5332
20068
5977
7484
25661
21613
1719
12282
22973
31227
22047
2766
21087
18435
19073
32634
14119
10372
30386
8972
8253
3351
6068
18705
13135
25544
1592
16134
16688
20004
24929
23567
26309
20115
22219
14572
13601
24552
11212
9256
9455
11063
27641
9875
22800
20454
24812
11251
29830
29191
14149
9207
1937
741
29935
12140
22551
30685
9381
11699
2377
25456
23220
15987
26244
9366
30466
2955
21877
8276
18511
28491
13185
14736
29883
19171
8804
31525
19336
8475
2072
10291
25634
18757
17912
9912
11868
20080
27429
30821
22525
20191
26153
13738
11131
28602
31194
16148
19462
14594
31105
6360
29384
28106
4156
9392
4460
13477
6049
11749
32221
9307
16804
31661
2896
2272
6587
23992
13444
29830
8512
26374
15176
29041
2838
19195
24895
26443
23183
4277
7648
2362
27021
4253
30144
24591
6632
28732
22292
17601
13840
4177
8049
24345
17652
8480
11991
31918
21794
20748
11246
21524
815
18792
23951
2129
16217
28043
15750
144
5739
4130
10391
26650
481
4811
20415
27265
845
9183
20155
30
3833
3726
3023
24254
2510
20786
17600
25241
24180
28125
27938
900
28091
10548
16858
10855
24122
11137
13787
31472
3894
14339
7219
25993
12997
28297
13131
5512
21298
19263
30058
4006
18340
22727
21116
5299
23547
18571
14098
7304
12283
25938
1193
32060
4524
5138
24367
4763
22272
22277
29635
31187
31415
1791
7357
13681
128
14079
1774
19852
25697
30212
15401
16448
6488
25378
14081
22111
23363
18388
25557
12386
22525
11412
13066
8102
29642
7081
8344
8149
11509
1601
21704
1185
25271
32703
16956
12217
859
17238
25903
25333
26016
14295
2046
724
20831
26055
12519
23849
31597
5045
7441
18449
30915
31946
27853
11560
27868
21922
25884
21757
30559
4954
27249
1731
9470
10475
6328
20553
26526
11958
7318
2604
22968
10336
12787
27723
20735
23775
27574
18043
1091
29909
10447
12668
18581
21277
23163
19500
10668
23460
32707
22779
24967
7291
31302
20383
29524
3370
8249
14089
28049
22598
12204
23447
6001
25414
1807
13707
3457
2194
18164
5052
4491
14301
16663
24203
4538
28853
22683
1817
11008
19288
14230
30391
10933
970
32208
4766
21377
15140
19656
10209
27003
25391
21752
21407
18834
2097
18522
15229
4141
27911
22059
10835
4878
11636
5103
25894
12924
23225
30645
19543
17825
18022
18332
7449
9777
28527
8854
26408
8012
17794
1644
2745
17318
13976
30467
21164
28389
15051
10973
32521
30282
21095
24802
21418
19604
10819
17249
32565
7457
23122
31826
28238
8791
29301
24286
24330
15170
18835
18977
18598
1150
17132
10542
27513
30808
32170
13395
7463
23088
8889
22431
9496
28962
17625
25250
15656
21989
1778
25972
2720
22514
31911
24313
9062
15849
31021
8290
29552
25905
16478
2551
5758
1247
19977
1300
31241
6106
10125
24434
23414
12860
27558
27560
30352
17915
5254
2802
30773
6856
8232
1072
2383
32055
4833
19506
1543
26913
2104
9010
13621
13127
17911
11170
5146
30263
1410
24105
2641
18036
26472
32488
6659
29137
17720
30721
24667
19998
21910
15706
31289
23302
22157
7582
8491
15160
12839
9349
5273
18629
20795
29270
9023
18633
4231
11434
26848
590
3070
27762
5177
15469
13411
19771
18741
26550
25367
433
29535
30419
24624
4450
7324
10855
3786
9157
7194
21564
13218
31867
12676
21918
2529
3284
24696
23810
6709
16021
8250
9964
2086
23545
13226
17935
18856
14581
15731
14005
31980
448
25734
16737
20604
21139
7367
28851
12679
31918
26629
7821
13433
7323
9008
23668
27599
26038
13254
15161
8490
18157
10639
13784
9378
19653
10378
17312
9820
25757
12071
21908
20063
25911
3254
17170
1699
116
7200
27058
11115
607
5845
1137
5589
365
5125
32271
13488
25604
2067
17077
10125
24377
22599
21723
4121
21214
22211
10601
3498
9916
15032
3868
5911
3357
26841
9516
9933
20110
8208
9516
27935
738
24176
1073
31966
23418
4716
12086
9770
25284
27718
26303
29575
21762
25546
32189
32052
30285
17979
32690
1720
2521
24718
533
6845
20090
6614
9464
6433
9319
4608
1768
27467
16447
6336
12309
21179
3913
4299
14515
1509
12544
4935
11935
3904
10703
26495
32326
8858
13081
8924
25283
23726
19580
1297
8519
8440
29271
25749
5054
2504
7561
16214
18095
7830
28796
17324
11876
17557
13667
25995
14156
7562
4543
21502
13725
18655
4904
25296
30781
15091
31050
15500
739
7861
24878
28841
13178
30065
13755
12798
22214
26858
2428
22908
28745
936
15779
283
14696
17299
6734
19221
7114
15041
15370
10579
11009
12941
31381
14628
24940
1257
11497
1845
9307
8181
28277
20414
21365
26576
18862
3833
26455
27309
27590
30168
25470
6954
17851
5879
8039
1246
16020
24528
10996
12081
23272
12846
21010
8817
32159
12772
921
17186
9724
6846
8052
30613
20188
12984
28673
19388
21304
11374
21178
1852
31729
3540
21526
27076
6861
28455
17066
413
22204
9763
32148
20611
3425
12663
537
12980
28109
30838
31885
15430
12430
13071
24691
189
4328
3583
19430
30941
27490
24389
14904
31421
9605
32470
18904
30749
17120
6035
6521
30457
19279
1144
112
30815
26237
3606
9822
16765
20648
7235
15888
15102
3236
12304
26531
23191
30499
14843
32236
19164
7987
8294
21271
17753
2056
2632
8333
21214
14332
16931
11804
26138
14548
17718
29778
1131
27973
21235
15913
28917
24503
4275
3562
3570
28232
5545
18763
26696
30740
29460
28890
8545
28596
3257
26271
11063
30468
21905
2045
2734
26665
17599
7898
5159
28627
5828
28160
22098
7360
12022
23746
10051
2178
11567
1506
1993
32129
3010
11698
20731
15939
22963
25466
24595
20971
25895
21018
13440
31232
27161
1008
13366
13680
6479
7676
2633
29909
2956
22082
21434
25590
29960
10608
3729
27793
11549
5057
32555
22104
24131
20769
32726
10297
29246
26770
28315
12002
3734
1742
11611
19589
13640
27694
26654
30168
23995
29130
5543
97
6645
27106
26188
9712
7183
24445
5380
24941
12262
31055
20162
2259
32020
992
9217
18557
9503
26347
14496
25505
4591
2564
9713
24090
2182
27774
17165
29546
21483
29836
18282
32511
7271
14758
31663
14773
16116
20015
27846
28829
14579
19540
21811
6397
31773
10807
12453
26007
16060
6477
11723
16686
7195
29956
29289
21063
6459
1194
26027
27693
25031
5258
29881
4407
20810
10840
1419
27213
7328
22735
3071
22441
12203
30360
29993
32475
4935
15470
23786
31248
28543
3712
16836
3219
32257
29974
10988
148
207
2168
29857
4649
4408
21516
14013
2962
23303
29886
31114
30401
6138
30372
11478
2074
24437
13794
5450
9847
7800
18124
9207
13423
19407
10571
27698
32472
11400
19330
11170
29834
15530
8113
6295
2918
4132
18777
27293
30359
16388
9633
20818
4632
14313
13048
19828
10102
30651
7164
8254
28632
7577
27034
17653
30524
19475
8311
10430
17667
16538
19855
5298
28080
11828
17949
32308
29165
12405
7866
12674
3791
27306
7624
2699
25434
10071
11537
12289
3912
3044
3756
1198
12038
13459
22817
17163
22784
19637
32460
30479
30
30494
25735
19013
24462
6870
19331
22049
21445
26641
4727
28820
17600
10593
4605
9950
1424
13611
6200
23204
19733
4952
18363
13634
11274
11084
23974
25954
9281
3612
8978
23246
17712
12539
3504
29826
29101
11254
21420
21766
13046
20706
30424
20730
15604
11922
2822
11250
1985
21581
15285
6021
8807
27006
21745
10401
8939
28078
21364
14113
22410
13488
16401
23458
7490
29467
23123
32658
32660
28414
22113
13193
1417
10446
12836
16349
20467
4259
26028
9073
27893
7076
29392
29901
1221
19904
6165
22900
17329
2976
10962
1905
9568
18649
23697
1332
1371
26213
28599
7068
6347
21844
8040
11861
13701
20927
16037
28260
2627
18942
21175
6912
11316
17946
11473
17572
7608
25477
18161
18018
12900
14601
26631
27002
29773
14079
21337
26411
28291
22465
1830
15561
219
13410
20105
1552
8434
20892
10913
20920
11374
14601
22255
9289
12423
12950
27903
7473
19143
12854
27467
29204
1805
19923
9052
13411
24280
20362
21298
5424
15810
14359
28134
6977
12107
17806
22414
32611
6616
21069
6241
8960
11004
8238
19228
21748
22773
25601
19108
22685
7546
9529
25324
25393
19892
17893
2329
853
13194
18146
24292
9963
19489
7247
1344
13099
20387
9794
573
25333
26176
8633
15917
24421
11891
9684
23557
18089
30855
321
28934
5391
23385
3063
24476
9314
1631
16679
22918
13687
29929
13679
19767
14339
26279
15698
17020
17583
16748
22501
27232
32111
16433
12746
26189
18447
4957
21602
2675
5903
22084
21823
8045
13488
32237
6616
26402
17487
9496
897
26858
28146
22911
6042
18675
26657
20061
30726
12002
21495
6189
16351
32701
8056
21940
6247
28424
25125
27201
6722
11054
26574
11572
20195
10531
23976
12989
26181
21320
21919
4582
29915
8079
5101
19412
19913
20703
23276
14409
19796
26554
10536
7022
10135
1565
7609
18640
3960
19111
30416
30632
18907
26366
24207
11359
278
30063
31262
23377
27812
20948
28411
10450
8477
31163
21137
27246
7269
14276
14349
19829
25124
7755
20589
18104
15479
5447
20697
12173
29926
32626
4919
13337
6549
15019
9466
30414
8894
32664
14394
3378
3166
25743
11018
14818
14383
1975
6406
2007
11223
9322
11051
10985
32607
6110
6636
18833
4070
6405
5505
5107
19095
10161
2179
19484
9176
30460
26806
9096
3780
22247
2598
4583
2268
24897
10357
2336
3577
28107
6771
10903
2182
4505
25583
25004
4587
11707
6605
1924
5964
20765
19545
29707
13940
29100
27611
8249
26380
16570
23404
15765
17425
7844
9735
26360
2437
29106
2531
20116
6756
25662
19968
3380
8921
19993
5632
30405
10930
19754
10297
6166
11282
20824
23048
16860
613
8107
5736
17657
17817
4269
12995
17406
25996
3607
1544
15854
6592
5033
30205
13893
31062
14170
28375
7736
20282
31921
30984
25407
32411
30579
24920
18129
2974
382
10039
25454
7251
2037
9553
739
1512
13213
10340
10698
14876
28807
26702
31824
10487
6384
5995
24635
27320
18277
31773
43
17936
5163
18604
5151
26253
16861
9553
4924
22361
7511
8333
13002
5668
5331
31167
22144
21087
19026
31222
22017
11435
9534
20228
15270
2705
10061
7380
24702
21107
2216
14589
2451
9154
24397
17558
27247
24434
21937
6221
12511
5291
13482
14003
32247
9666
17549
14554
28758
14695
18835
26914
9132
19488
8066
80
18809
30198
14473
14560
16151
14445
875
11421
17658
26810
31968
12398
15159
2609
28728
8819
1859
11517
11073
24144
1789
9491
10603
19401
13551
11625
31274
15248
25041
19298
26268
1626
10063
1677
6764
8760
30733
18576
21494
8741
28903
31071
24491
21467
20349
11186
25271
28652
12783
28085
14562
4109
997
4609
27060
24501
15571
1227
30941
15079
21371
347
5588
12107
2739
15296
28349
4996
31592
21187
10896
10430
32739
7705
20088
31366
25675
11485
4729
28895
107
2109
26966
18578
7862
3699
16306
26053
21640
31223
13941
13519
12207
26866
23665
3403
23850
30966
11078
19307
11568
19181
19330
5008
6261
848
25613
29719
10920
6810
30917
22901
30272
4603
7269
2182
30072
24656
31147
4898
31896
11091
30650
31474
8567
8463
32189
30337
15422
1432
6605
3222
25966
18680
3861
31170
5413
14700
3891
5173
18333
9681
8930
8661
19189
1113
1494
21650
6708
29058
31208
24819
27019
6985
21875
25333
18394
27802
20734
1302
31094
3340
22555
7597
28714
2251
24974
13948
1147
13525
4786
12936
21552
9066
12825
1577
27154
15549
11635
13661
4849
20464
14001
3169
999
12351
15466
18051
13793
12924
16765
5938
6746
7867
22520
18775
3434
27214
17208
26856
10496
19956
1362
10937
23915
3149
23474
1686
29472
31889
28418
14224
22967
11650
14926
5780
26678
13471
28005
834
29330
32155
20098
20219
22643
11789
24363
24124
28984
29033
18522
29739
31035
16687
20955
23664
25686
32098
26869
26438
14758
26940
31308
27602
23694
24608
8966
17587
26367
22224
32045
31450
30967
31968
2900
4764
8520
4715
1918
12037
17307
17924
6459
32624
8116
12015
14100
11092
24056
14226
14121
12385
17708
3110
21273
26316
32127
25010
8994
8167
1227
10554
21642
4852
14360
819
7997
3131
5730
1851
16055
4698
8348
13319
29220
30173
31476
7069
18374
32526
13145
8131
14232
11790
20794
21175
20785
16677
4753
20512
234
30039
31265
8773
12355
13624
4859
1917
17795
10753
3399
11238
18079
25314
6209
11098
9053
1690
7554
28575
27321
17222
16769
16094
28552
28790
19801
3671
8283
6022
26061
27986
5798
22060
13193
7257
8482
20301
24746
9380
19823
7701
3969
981
13566
32582
11924
16358
4398
9424
19942
30559
23221
26531
22905
16844
30786
19393
23824
29806
16481
2711
13625
7985
21150
6029
20875
21982
3053
21212
27693
6546
6729
24223
23192
30319
29596
18990
23453
10641
13279
1959
1705
25411
9858
24525
16456
31091
32526
22550
22504
7780
1289
16127
13024
28579
14106
21155
10416
28988
10605
13708
29834
18733
9049
9673
24594
20251
16448
10816
2915
17476
6071
10822
30290
18357
12519
9069
12022
23229
17715
29085
18792
2465
5660
23911
1223
3217
23137
25749
16767
29915
1642
28934
11467
14943
29670
29113
17785
15683
11444
2599
7662
4072
23807
19414
32617
7452
12462
11819
21132
32401
8187
14464
28952
6029
28513
4726
17656
18404
26300
28300
22657
19236
940
753
15352
6159
11066
1175
25684
21582
7870
22665
26438
12387
14336
28542
14455
16352
12445
32686
19473
8662
30892
4324
17024
3473
24738
3797
378
6018
6771
21936
24124
17021
22010
27894
15639
12581
31899
25740
18988
2980
20519
2063
12148
28063
28927
23655
27651
28776
3965
7071
12429
9590
19599
8947
25897
5395
3493
1835
15445
5461
18382
17192
30522
3407
1565
13501
16178
30856
12114
23488
14472
16045
20150
3936
12927
13186
25671
7608
6293
21278
21
2469
2312
3672
11500
23253
13466
15229
28211
13345
27537
32580
21780
9245
31747
16899
28894
25581
17744
1314
7847
30810
9456
11472
31797
26917
8303
4598
543
666
28853
28777
2351
21865
21131
1380
16139
26802
16475
29237
19988
21087
31031
14134
15503
10678
31005
23295
18179
2094
18042
4570
14817
3202
14572
31096
3690
5125
7500
15586
20174
7733
23276
13489
1425
3730
32285
22402
15411
16561
19445
3749
19728
8844
17231
17173
3205
18716
12050
13997
3412
13098
11703
32152
1098
11874
20997
11274
3871
4777
16671
3117
25245
18352
29121
28767
9220
18633
28871
30106
29102
6906
20207
18995
24303
26960
7135
19656
26431
15222
4714
6004
7323
31366
23055
19268
5416
14367
450
12271
23578
27576
6128
31681
27092
6708
957
22489
26448
7094
912
29844
16578
29622
29905
16969
19320
28501
18673
8759
773
32237
19371
9147
8606
30701
7818
8647
6084
18404
3500
21647
10020
10715
8645
11141
9403
29928
4966
904
9789
8960
896
3416
7864
2829
7460
30798
11892
320
1164
13642
10783
20905
14175
26092
7462
18693
16945
19463
19302
16343
28489
19794
30212
23482
21160
24417
26521
31477
22343
28628
2963
32336
12703
7375
5336
25894
23406
20906
30636
28604
31929
7145
15060
15313
26125
19566
25595
3958
11
14573
854
17952
21540
12705
8836
5116
4768
32573
6840
4994
14821
32038
5657
20813
17142
9183
16489
18986
30522
6084
27365
3951
21375
4092
10093
1422
7230
10665
7909
28905
1824
31585
9947
17640
7618
31970
23146
26953
15797
5889
14942
27064
22986
28644
6296
17312
24716
18289
21173
17984
27661
30726
8170
14593
7910
28523
30258
15367
21113
13317
19116
5894
31353
19020
12606
27223
25005
3711
8063
30283
9200
22166
22228
27839
2429
28792
14809
240
10089
20590
4354
10641
26993
983
642
18715
26870
15390
16747
12389
13638
1514
14359
12148
28957
148
12744
10388
26988
10718
18315
22951
2392
4578
5218
20414
20358
2888
29857
14566
10390
11196
21657
2117
21229
12447
21108
8293
12216
7165
14176
30671
9517
7616
3056
27612
30228
7459
19390
13768
12935
30313
31830
13832
9718
16590
11087
2525
26222
12478
6075
7978
26906
27205
2754
14979
16394
22471
9097
9094
25907
22769
6745
27502
14007
24047
16125
485
2151
17119
13931
3098
28294
32646
15271
12820
9680
32578
26597
22086
15547
13632
17902
27491
25085
16623
13508
23667
31822
14005
23945
15143
28527
24800
16541
10345
12907
3295
7687
11064
6941
14514
15638
27059
754
13471
22343
30835
10481
3367
10858
13342
29944
20792
30209
22841
72
2212
26601
20030
1859
28370
15420
21487
10357
17844
5237
4073
5330
21752
18901
9596
5438
27011
16134
20666
2387
26907
29951
14286
17246
20067
26407
26256
26026
8461
29373
10326
9474
15947
19831
13324
5233
1414
20329
24199
24140
15699
5161
18198
3698
17571
14129
12890
20947
25657
12164
1880
20271
21602
3733
8909
32032
19168
9828
29889
6491
9511
23274
7263
9523
716
8887
30212
2911
25658
31450
20374
21244
8615
20993
14103
982
20038
12001
6010
8163
23486
5592
6069
22032
4572
29137
28695
21056
11908
1129
10716
20114
16878
8528
31999
18915
6927
14577
16463
1941
22612
30293
8133
15502
28822
29764
3349
3459
18507
19886
7811
17014
9977
3402
20472
21373
8433
16509
23125
12998
18745
12669
5383
30680
16330
3254
5596
20507
28667
30061
788
22683
4926
19875
19388
17673
19466
13628
14903
30723
27928
1120
5406
28820
16594
17698
16970
12543
25865
28767
8238
696
3814
29161
2410
15284
19235
14309
13982
26850
3706
20850
29308
506
10846
24716
21538
2677
31210
25391
29606
17372
23319
6079
19698
21830
18481
167
17618
3101
9612
19265
1099
6688
6003
7670
7727
29870
29793
4518
13038
14657
10100
23113
1711
15161
5918
25303
15775
7899
25630
24678
12937
9625
5294
8338
7080
3987
32766
5922
29113
13919
3554
28393
19795
17669
7879
8681
11899
12622
12268
23743
25204
23103
4047
12603
31700
28640
14053
23630
4317
2114
6285
9001
13321
1471
71
2979
23271
12932
20257
29659
10022
13645
11635
19743
17903
17264
1228
32269
22905
13341
22060
12280
8407
22756
16500
2958
21012
16247
19226
10423
23169
16562
18721
13760
31054
216
26697
6584
26712
17696
16515
5658
1858
17008
30631
11181
15559
18792
19817
18089
590
29602
9098
30235
19903
13880
22091
12938
19862
32135
31015
30683
11062
13875
19393
13938
18303
26476
31516
24474
9634
17007
778
4391
30772
19279
17383
9306
1154
32501
8326
9220
20517
6757
14444
28142
19670
26436
4668
889
30339
12695
19059
19842
6050
19150
6741
22408
10181
15873
19240
17937
30830
6521
27039
3145
9253
29042
19865
9453
29641
31
18956
21095
11812
1775
6459
10811
1473
21775
22832
28577
6402
5936
11366
371
14445
21642
21190
24394
26439
15649
20180
2533
19044
11591
27435
17098
31037
2658
13351
28463
25923
23791
14817
8730
19315
19399
11872
4552
25643
23713
13325
31820
17724
7641
28776
16248
10816
7536
14074
10240
5934
20819
24714
15325
2347
21728
8852
1008
10659
8102
31479
6376
14233
6508
1006
30565
6971
12149
17473
24413
22458
20227
20413
17088
20312
26906
19425
1879
3523
25478
11482
8178
3233
6944
16050
16578
9836
23372
20164
13060
11136
28358
2419
3039
19826
11679
24603
19088
21668
11394
2888
8644
21526
28988
32038
28741
20351
20603
22585
11481
1949
22742
15950
18792
24777
28430
2994
20828
6094
32660
21153
18253
14587
26955
11009
1502
3447
1422
10833
10210
29397
29045
6108
15300
20712
31828
12594
17957
8665
24453
4824
22470
16502
9064
6463
15017
28877
21927
19955
31347
22266
29887
13589
19477
20541
13500
3851
6315
25168
323
25206
12196
13559
24790
25188
25636
18904
7508
1224
6566
26253
21951
23847
998
25848
23874
3987
7678
24022
2931
28637
7375
24983
25045
8455
24738
13166
10913
18680
10767
15012
29894
11379
5663
7729
4398
18250
9645
16013
30019
13519
21522
452
9906
31884
257
9673
5230
5940
12719
3340
249
16345
27959
14670
25055
25950
14398
26804
22659
20528
29650
2331
10269
20529
9112
30124
19716
1781
24359
12976
6441
8753
29359
7077
31204
6768
29406
14225
19188
18952
18436
10134
23233
28749
29813
25543
995
29956
6703
14906
32744
27
956
17502
22354
14743
13402
18063
4832
17869
17242
11752
4623
20949
1734
8281
10975
17468
20806
21241
30426
26105
18244
6813
29011
6050
3919
27305
19180
26336
25021
13862
5723
6177
15253
26389
12909
30860
14508
24579
5450
3130
22797
15326
23804
27811
13726
16391
18731
27478
26625
13480
554
19694
10681
5960
20792
12353
28302
23453
11775
30170
32306
11937
17761
15274
20772
28648
23924
16634
13525
21808
15051
18084
31498
27706
27384
16259
14465
28376
6222
25896
22231
7496
19180
1230
32169
4800
15095
6288
5882
18506
6182
218
29396
14802
27268
29214
20018
24957
28785
27336
16670
32061
7658
17779
22551
21155
8459
15197
23733
25844
4050
27416
4496
20862
8998
14211
25949
17964
8984
4857
24922
18009
26728
2760
22253
12770
5963
9957
4231
17023
30571
29150
2511
29523
3376
15631
29437
1729
22590
29977
899
7810
23359
6800
24563
6644
20706
13044
5917
11957
12835
17891
31351
28529
29134
14988
21955
13560
4414
10599
18923
7572
29291
30244
20272
5785
2852
17889
8835
9277
23960
9631
8755
23466
23067
29943
24009
17234
3623
26889
23857
3459
17569
15286
25370
24891
31582
23311
11934
9533
20966
11532
38
356
21880
15234
25992
2616
20046
23631
4467
19135
29217
10711
16909
8342
8176
24501
31450
7743
2302
28586
5600
26557
27418
25305
28681
15710
16418
23351
13512
10457
1738
18749
3327
152
2202
10720
13601
13655
16694
24770
16020
7662
19170
682
89
13675
29765
9266
31470
32612
25453
191
13171
1676
27156
3510
18957
10627
28450
19949
20360
10739
4467
31072
7744
12760
26585
19750
14913
17183
613
6051
31917
17779
4322
21758
3678
9812
21155
28629
30157
16233
13183
31280
15410
30487
14873
29364
28141
20306
11109
27162
31269
22195
1895
7391
13743
12235
17214
21820
1329
8888
25698
10584
29319
27893
24874
27069
12645
17271
27281
21512
22334
15093
825
24037
19045
2695
1968
11323
11379
23666
3059
2724
17384
8514
12848
30496
10517
6426
24272
5642
14905
1865
28085
8779
6890
17437
19648
11725
17078
8444
8087
17971
24331
21168
20645
20935
3156
22019
13154
14515
10853
652
7124
11893
20505
16328
3926
12173
8761
4205
29336
1912
4512
26618
22759
29410
17565
32403
22702
12824
12185
5900
2365
8124
8442
27460
3530
8124
17479
12980
20917
31364
24716
30535
23057
30835
22016
11372
20575
20876
7909
15466
10908
17775
22448
32757
5247
28551
4714
21502
32252
11140
31062
16847
29452
7692
1236
27990
8368
13741
18565
15809
11059
14359
7088
29772
14768
12168
8420
9559
23253
19591
28895
18364
9958
4053
27823
20063
17157
20641
31511
7
10672
29435
13620
364
23691
25227
18016
17809
25440
9603
855
22611
15460
7122
31897
14146
8636
16027
4111
11441
18495
29669
15856
24841
31614
19092
17638
5731
15105
12952
18797
16981
15572
1380
3196
31243
31043
29345
30056
25754
9185
9508
29445
10130
13775
13342
30734
466
27962
13459
5831
2209
26150
32526
32736
15098
12394
32146
26781
24358
1788
5587
7220
24209
3183
934
15479
5078
12474
14263
30130
16156
9275
3706
10711
5285
31740
29540
22232
6564
27444
17498
15445
17231
13841
2410
1143
3126
16820
21689
29724
29651
25982
24252
26164
7266
24970
12971
5738
31475
7802
32563
32520
19901
6775
24428
19988
19637
10099
12298
13759
18527
24241
17623
7169
10980
28040
4705
28029
3942
8036
8175
6058
25488
18701
21946
28212
18289
31020
31578
32672
8074
4619
31359
7472
3365
12444
14817
6662
16617
1213
9338
1419
23468
32442
12530
25874
20872
30227
32091
12473
817
11648
21278
6032
389
22579
10037
20222
12133
1117
27291
29024
13764
3827
16129
12274
32253
1202
25539
23539
9834
5217
28442
2820
9522
30294
10131
23250
3426
27963
4544
6132
10816
17426
1581
19479
25820
28023
25493
30552
10215
10277
12630
30961
13768
19644
17955
27416
9453
10434
18169
30244
30303
2791
4692
24306
31386
25741
27554
21639
30875
9351
31480
16630
19258
12065
29956
8580
26810
5985
32579
10763
2207
32141
9331
14236
23487
14061
27980
22120
2716
8914
29035
24289
28145
20696
29839
28188
13707
23655
25607
15738
29018
8576
18539
7559
12488
11958
32651
6178
11337
6266
21157
32223
11572
4508
15579
25257
10193
27919
30179
19884
15283
27885
5377
8306
3656
698
24626
31051
13230
25837
7082
5363
6600
7596
28033
29551
10642
30424
10666
17464
4785
26441
6692
23963
30031
25947
6004
17248
24101
17065
1362
170
18649
29976
1955
22814
7307
28952
935
5447
22187
31014
16756
28217
22541
1685
16803
23669
2111
12175
6985
19981
17178
11863
30249
2057
17559
28112
29991
14088
1764
16195
9472
29483
18103
7517
17209
15150
8675
8311
29013
10968
1065
2075
10315
28822
22096
32195
55
18019
9079
29923
8272
29162
10411
19498
27418
4079
693
5125
15069
12011
28213
7782
16981
31990
19957
15299
26027
3306
27511
18785
8100
30406
9680
29906
18201
22352
697
22717
18599
29439
21988
22237
10407
23
29324
21324
24928
23574
6992
13570
29052
12367
9281
20376
11961
18901
31546
6738
12513
10394
2672
22621
26876
2520
10569
5717
14532
29104
3954
8459
7769
30738
32300
22916
18486
23772
5094
2629
9572
10054
32273
8653
17901
21629
32048
30308
8084
22926
28462
30483
2755
31878
21493
28148
3013
18647
60
14252
15413
8958
29344
5173
26807
16227
32503
29921
14054
129
17377
27547
26509
70
7839
8048
2329
18621
4393
27215
11854
32746
20090
1037
32058
2806
24879
24236
10855
27788
8272
6109
13397
25218
26222
9155
29479
1724
16110
5370
20637
30541
32164
9688
15426
18912
29860
26355
12263
20055
15444
14051
22607
25777
16838
26441
13868
27185
3909
13072
19274
444
814
27122
10251
15236
26882
30014
27923
24547
10424
6617
5444
24969
88
7043
7149
15066
31685
9564
21310
14994
7898
7079
32512
939
30137
15053
1923
17536
32608
10149
22743
26930
9854
21746
16958
19787
15492
25134
27106
12449
11006
22406
10436
29566
20260
25381
25333
24061
13228
31669
12296
30391
7395
3107
26567
11423
6908
3235
26405
22571
5800
11509
8564
22453
3047
29670
20952
19232
26397
30745
24828
12990
14440
5639
21251
30065
12593
18245
20930
4625
8193
32518
10028
14
24214
12256
15373
855
26167
24275
28412
30586
32324
26503
22410
22028
14609
21973
18880
31819
13044
30857
11721
29698
18333
4454
32747
17325
12710
18027
3260
2526
18539
14421
15762
26591
20508
25189
2363
32665
4113
10083
23790
2228
9053
12259
4482
16640
14245
32199
16606
15380
11827
22789
4017
22069
21318
31147
16227
20089
8108
4896
7243
19499
14483
9388
7202
21362
8605
13114
16567
27950
21810
20573
4837
1571
14106
4754
18882
18777
5451
25285
29210
31170
11007
17174
10780
3870
23050
29404
17746
6684
3691
5098
27863
13250
33
13586
4036
31758
18240
26088
14315
27614
30275
14280
5832
32269
11940
20507
24244
29663
25514
28629
15452
14495
16259
5186
1138
10374
24210
5379
27042
16095
21770
25428
20168
28521
12988
20112
2400
12029
31021
29174
10301
28528
14316
12205
4735
4795
17186
23814
4799
6489
14443
1026
8844
4081
17892
24084
2587
53
26502
27687
10298
26890
3762
20451
30342
489
26636
18988
7646
19845
13197
748
12055
16302
25300
32275
21489
31349
29117
25052
3146
26257
11573
29265
19346
11009
23629
26129
2687
18419
32653
30801
8450
22757
6794
23585
31865
16906
15290
29936
1574
19695
13960
30803
19936
30814
17316
23810
19720
32643
31645
15139
21951
23629
24497
460
598
18711
25828
9667
14598
1416
13647
11656
6114
25271
7099
16021
23817
23187
19822
4068
7968
13955
1605
26034
27136
2377
11011
31363
5035
44
26089
31078
23941
20310
29063
28026
13761
15739
1489
19121
11545
4795
7029
29652
29890
28362
31084
25031
30879
19022
16591
20495
27061
10120
27373
4753
19679
13879
28058
30876
25026
28345
31178
24874
30212
26740
2142
25699
30905
28532
10557
13923
25118
7509
18599
10045
17290
31076
24262
25664
5025
25601
15750
24185
2763
20808
28839
31352
9189
5872
25617
27991
5430
20850
17511
27385
21924
9326
19934
2448
551
23115
32080
32354
14207
10015
22412
6092
13346
4814
15089
6279
22137
20085
28475
22570
19275
30985
26524
19696
122
5947
27407
25276
12269
17055
5865
17242
5837
21518
28592
29704
11508
3401
29745
27701
28834
1502
26317
2440
6770
24400
16660
1316
19853
1138
1429
20011
6174
30740
25587
28032
22534
30433
25404
22226
22480
28808
1655
19158
14311
7194
8060
11987
30726
11187
17417
32100
13553
25437
6417
13434
28259
5937
26711
25760
26951
21696
13372
17795
554
15281
15829
29617
1009
18859
12609
15265
22215
7541
27706
5620
7002
30043
4841
14586
1607
27860
26367
25464
4050
15715
5377
17576
19419
1723
27619
9602
32270
25126
13017
14138
15961
17703
4458
11018
16803
30558
15814
30513
6843
8109
25945
27964
1934
11417
928
1412
7838
7155
6972
1016
28847
26039
1349
23068
29379
3636
19168
27218
17481
9069
15636
4185
9618
10688
16089
4883
12932
15301
30066
25483
13714
24953
21245
19766
9964
25244
12105
31609
11250
6231
25319
30828
10991
546
6276
2270
18180
8677
18550
2457
22626
25437
4756
12774
13500
4802
27211
24404
23549
9895
18670
20150
23862
24865
23118
26219
2010
3115
22411
30178
15661
21833
1065
3676
30202
3180
358
22772
20612
18966
27595
3549
15040
16574
30466
28908
3265
15734
31719
30550
10100
7115
11489
31418
27533
12525
25715
7522
7361
29200
16910
17350
1334
23057
2346
18257
27960
21085
30357
18024
15149
8975
10
13737
20427
11864
12805
5744
29320
31524
8150
30368
25170
21242
6644
7584
24193
30500
7829
2723
15370
12561
14459
10285
23285
16887
16401
22739
4113
30140
12982
16706
22246
23831
5209
29570
24555
29427
3910
24444
20217
12564
17983
11450
15872
22524
3279
24943
22521
28176
31195
31415
8219
14839
2170
23071
14674
15427
15111
11368
16877
27731
29812
11656
6038
15479
31712
28146
6024
10582
24172
32023
12028
22669
9035
7469
20452
2713
1561
25647
7644
25591
11118
28197
26462
20873
946
1189
16181
3132
20531
24474
18996
32744
32372
25412
5415
6520
19913
32640
1802
16458
29472
5194
17273
32473
12066
32640
4456
7833
2683
14312
6676
15138
11381
6517
5177
4241
32716
18118
12166
2347
6590
17392
21582
20036
5985
11901
2944
24672
25913
14005
8921
31383
9482
15900
24920
17726
9707
16187
24563
7107
8860
25251
23176
27097
14873
25904
3350
25557
22127
13195
28973
7768
30159
24306
28579
18735
2529
20284
23177
4471
24922
22039
17245
28421
20433
1941
385
24837
1999
31719
31980
24032
23333
24168
4384
31332
21890
28125
7260
3103
25924
20986
3858
19211
1679
27177
3995
13937
9372
31112
1578
16647
9556
21552
9471
2139
21278
29117
16605
7029
6389
2315
3517
5304
17597
6461
5060
2826
17367
1028
28787
7733
3571
7454
14366
8844
12837
21276
2975
12241
14908
21865
13899
5974
22607
23432
26661
1379
4760
29085
24658
20952
24965
28207
7117
17427
29709
29996
23644
19988
3649
11309
7107
735
13859
1020
16183
19490
8890
15188
7957
8984
8550
32487
14036
20653
25970
19109
4409
30947
30184
28732
17609
30068
11689
26331
5252
17337
444
18492
2256
2506
487
7905
5300
30439
18300
27038
6982
791
18038
30807
26983
21006
13508
1547
30637
15700
31717
13329
2209
18852
26805
19106
30507
2963
3463
25240
18762
16242
2675
23669
23304
6260
12274
18599
13742
2836
12200
9483
26420
5809
20352
5039
28155
21115
21246
28380
3263
16787
3793
24148
6855
12910
23208
20952
9310
11643
21831
1261
28551
14085
11994
28640
14573
26714
28041
18952
15641
9261
24652
331
25063
27193
13313
19171
5179
3623
24252
12642
11760
21938
21854
17396
30737
16905
16233
19173
7500
2164
7442
9571
8355
32315
5016
13444
11365
31684
21461
30603
19805
31483
20243
15719
28233
29942
11808
3964
10126
17114
16037
14758
14121
1528
19123
4987
13545
23356
3743
28369
22235
24008
16656
20353
23046
15580
24918
20586
25433
26873
16381
22968
27874
7238
30114
3174
4929
16946
15366
1793
22363
603
23905
26543
10323
29359
11769
12145
18870
13520
17394
27301
27125
701
24936
17103
32025
28336
17595
23960
12210
23106
21290
11543
1552
26837
20900
5456
31670
28979
8154
2810
14092
12915
10649
3974
9556
20509
599
11868
4831
22926
24332
24424
4993
24733
25155
29397
20290
25470
28272
27160
1878
3559
29316
25137
26448
5490
25791
29485
30354
13635
24517
10480
15880
3306
5621
31025
30230
26250
3830
23238
20686
10299
25490
25122
13415
29870
27592
1820
31210
16144
4892
30706
1071
22064
18226
7565
17160
10979
13467
13574
30396
21928
17903
8810
18359
8072
6428
24762
1663
4672
24317
13110
10218
21410
22831
31707
20879
20537
27168
23339
2682
31020
27496
32044
25636
6500
15965
14259
12194
1521
19169
24034
4892
11690
24703
27888
4993
19476
11703
30248
26233
17286
16789
27189
8347
25226
19337
10652
5089
6277
3442
32394
29272
23963
13308
25552
2332
20941
2348
15660
10116
22372
13625
25802
1690
11411
414
12810
17614
18520
21101
23940
18923
32419
18918
26186
10057
12218
19016
23660
18501
1756
18919
13506
1774
3108
11647
2533
30977
3505
7368
28287
2328
9220
1354
13509
12318
21929
16243
20289
25350
7706
2535
11989
2236
23520
20247
16893
3164
27131
26901
31060
24483
26756
22439
30042
419
30865
7322
16756
23994
28505
12888
16436
5828
17561
20669
11483
4752
16438
29735
22044
22929
11043
23244
30243
7894
1925
27729
19414
1084
5141
16280
22875
28387
7878
13017
27610
32734
27305
18932
20612
1327
11533
18181
23252
30450
26090
12601
8212
21720
6016
15841
3108
30679
8507
20421
13175
11296
16858
187
1630
10066
1232
27000
18825
12013
7914
7077
30666
777
32307
566
28957
24904
4373
7159
6886
13321
2240
17511
21881
16862
6864
32458
27359
28993
1577
30586
23256
29826
24358
12158
10268
29188
26356
1629
2790
31913
29240
5684
11443
28811
8952
5639
20807
2029
31160
13909
4338
15473
483
11247
2065
18571
7533
23818
8151
23861
13239
25746
21582
24548
18355
24513
7064
17595
14664
14833
21115
22783
13816
27310
21021
4556
7360
23056
4875
13062
22847
24391
384
25233
31259
3448
26341
31685
1697
17096
3220
14108
22443
11702
31713
31278
30663
15533
32603
25568
20117
11225
18767
26840
7025
9531
25486
5172
850
9976
19568
16507
13810
9207
25881
23763
28208
4778
5371
4725
20914
24108
18076
24159
29646
28045
8602
29512
32683
13674
9708
30681
19875
1984
3178
29978
26604
5633
4240
2347
17016
22888
1919
12852
10777
21898
26692
17822
12009
26927
10589
26500
3561
8543
6009
5732
24040
17088
2432
7963
935
32031
5587
3344
12602
32076
11477
27311
29873
20779
15530
26137
6648
21000
16959
11801
25596
2347
27530
7003
24847
17068
12051
31192
24206
17033
31923
1685
16321
20470
27547
30093
15362
2804
2457
5099
18466
16421
12183
23165
12040
11999
32613
1126
7579
30079
28344
32275
9699
6144
882
16496
32106
21708
9507
27739
31465
15313
10192
14937
5920
15320
29684
4743
29958
6674
28613
24788
13602
2036
3512
31086
6201
19269
9287
8570
13609
11382
29426
4104
17941
7985
30852
31558
20674
22836
32407
1523
11841
19296
32346
8471
13775
12557
17042
13810
3833
10657
27359
11314
28420
4193
13377
8297
17803
1671
10970
24253
7274
25492
10486
30178
11995
32743
18248
30277
31711
3471
8822
12682
22496
29534
6617
3641
16788
24126
27518
17332
32292
31944
20848
4717
16526
6419
1081
19541
24648
1226
18086
16792
25382
2946
24267
25991
24189
24394
8263
16341
29577
13187
27593
32263
27404
31218
18387
14630
13368
30227
30398
17335
19151
6832
11775
5101
18569
26035
21160
7708
9654
11833
24370
13169
27940
6375
22137
14561
26435
9857
26632
19039
135
4280
10647
7762
28430
26948
2514
15686
23427
12083
24668
25057
4418
20097
16148
5401
31164
15848
26775
23205
26397
12025
4102
433
29229
1132
17929
28118
28532
693
14099
27721
16290
28376
7912
26963
32558
3965
5469
6657
22844
17479
6239
28188
452
10082
30519
24155
6897
27995
780
27352
2503
30517
10410
24001
32265
19129
22402
9808
12634
25869
23025
24573
8610
7048
709
23026
19123
32453
21501
12991
9005
29686
720
23631
24734
30843
31985
7194
18158
17332
21266
23453
1787
15123
11431
23815
28800
27765
10476
10294
31547
690
20777
17377
27471
26738
52
3863
5351
3395
25400
20200
796
233
30646
17506
1561
22773
10953
24255
27772
5274
32174
24028
27648
29371
21379
30957
32089
28232
19535
23920
12128
21707
20803
6751
13680
11070
13888
19370
13584
21792
5273
6628
5842
12744
17177
25148
24187
9208
3912
6832
20067
14261
7146
18045
23071
23126
2249
3802
11358
22748
18356
21477
17425
6273
17096
18910
27855
15764
14318
30355
5751
13443
28069
8987
20503
20794
9474
5575
27148
30891
27892
10326
875
2222
15053
3688
1696
29196
27646
24630
22869
14550
5410
15743
17302
20220
16959
7366
21042
32026
3144
6842
14436
19861
10214
24054
29874
11751
20855
25322
15638
14903
14936
17433
30300
26413
23391
21126
15051
32260
20652
4712
13319
7905
8866
28709
19510
15715
8240
16766
31330
19323
11861
26375
11806
1662
12515
8667
7789
6776
28803
29069
32735
4036
8697
3682
26109
14041
29353
21437
21479
1639
15962
11994
16444
8099
21051
26047
4154
27870
24867
19056
20007
3677
3357
11875
7919
2405
10788
10803
15118
28053
7723
3480
28336
25721
609
2967
25879
24411
27058
30454
17214
22364
28817
8947
21948
21444
31221
15414
21994
10903
15777
11779
2632
12137
2985
26548
17949
17522
26930
5735
3166
485
27257
9972
22993
26494
28183
9250
23154
19546
7555
17690
3606
268
22232
16411
8270
22509
25560
13680
30606
1971
8753
18079
16271
7238
256
11748
29425
27087
30612
27101
10277
13841
22900
20871
9610
3068
11171
9321
214
28031
24354
27407
19896
22431
5303
15290
8124
19654
19949
14166
25454
22877
12124
21164
21186
18076
14378
16345
2227
28577
4818
3071
30763
27840
25380
17722
18979
2331
13710
15574
26379
13938
29593
14783
12140
29500
438
12088
10188
22262
27195
19408
7122
14523
14761
29842
31914
9237
28720
125
32427
4115
11381
18484
14903
3227
29586
24054
21475
23042
14942
463
28632
7898
5104
9744
29818
12299
10590
6142
24647
7974
24266
8391
14081
757
18848
12986
18959
11863
23577
30390
24609
18762
27140
19939
19
74
27333
7073
25364
15834
7326
27582
20999
8800
27949
18668
29225
11829
19254
22386
17652
20989
17827
2081
24388
22836
7113
30602
7097
25354
8941
19822
19548
23921
9479
12406
12165
13940
7365
8740
11260
14282
29395
22282
6238
16555
8282
24378
4546
20962
23239
13053
9629
8228
11469
30664
21219
8352
8365
4459
9839
17367
24501
21388
30373
21166
27398
26452
598
8641
20891
14696
30435
3835
1927
1051
8614
32100
17022
18914
20621
17209
32663
21512
9736
15938
5712
2466
25638
608
31955
12998
29435
22118
8568
31736
9796
29481
32138
19941
1614
14555
17742
19796
8211
20116
22849
5977
8358
24626
23714
3531
16338
28259
5424
18425
15870
25856
30773
31641
31060
27549
2243
29185
24099
9310
27454
23962
13953
19724
21018
9105
7476
30311
10214
28111
6099
17854
6794
6444
7208
29886
27597
21471
1241
904
11034
57
14663
20742
15491
12180
3255
3454
20742
18822
6320
15207
13327
13146
5795
12924
4671
3008
31954
22800
7532
20163
25194
1953
12777
30204
28402
19119
24839
26885
22761
30414
1243
21041
14251
17147
16706
11130
11413
23852
5667
6075
10089
11563
26356
23584
18932
14755
7040
3546
12014
25467
15847
18455
6177
27492
14822
32305
18382
30126
8536
15909
2380
96
6653
30536
11506
32647
22651
6453
31543
5070
19618
7946
25368
3919
25332
23252
26554
15529
32613
5447
4433
7251
5471
21939
25920
3120
265
26163
10626
3427
1481
26664
30536
7268
5640
3301
24803
20307
18485
18092
12005
11917
7436
1498
30851
31614
31512
22110
6974
22966
886
29039
21955
3646
9181
6015
2575
18732
2523
18026
27350
11637
23393
8180
6182
2819
22658
5234
28488
32519
19064
9671
4583
28305
25576
22162
26739
3934
30311
6566
9160
29424
8508
21947
523
18404
23911
20835
23253
17793
2787
6975
13972
30093
25385
17010
29998
20580
29941
29526
18407
24395
3404
19566
644
22785
12734
32668
1968
27799
4073
5012
21664
11906
1598
22929
28659
23535
10760
27463
16348
26710
28329
17688
2946
2386
21031
20618
11175
13488
13032
29433
11912
17605
12986
29833
29445
14085
19223
21343
32514
14546
30374
22289
5389
30354
5124
30810
19777
24836
26053
28947
13674
23764
21430
2142
15466
4205
20837
28453
27867
17422
3556
16579
15093
2080
20681
31744
27058
5575
10361
2115
19249
7607
19879
6915
24664
31049
24599
4479
7102
29133
24744
4783
19400
4642
3217
3450
28690
13957
32235
26409
32272
20135
13680
28188
22773
1538
29058
25787
211
18028
30319
14512
15620
18669
11251
14932
17866
10446
13310
26726
12594
11506
24248
9219
10046
15210
8130
24786
8514
11075
26815
9600
14479
26786
3348
28780
18511
7956
4843
21667
26288
24095
5502
25358
31045
27677
7314
13290
26793
15178
3393
9337
14181
13595
6141
7415
19
20433
18386
29392
7876
8783
5867
15120
2464
27176
11352
8475
7372
14333
9999
5534
23953
13830
6704
27077
30906
15598
7821
10927
61
10980
7529
20767
11294
12527
14464
6516
8849
2689
29512
6107
2911
21328
375
23747
29322
28513
24261
15761
15924
14693
5107
5525
15293
27465
19724
4925
2092
29961
9451
25993
22480
13765
18941
23999
24871
19222
24648
22880
28414
27298
17580
2138
24026
31214
5481
25471
2199
22644
9186
26422
26703
4086
13217
26225
27517
24337
10906
2527
18530
21013
5812
20322
20136
24084
11397
7619
31814
12857
9053
16549
22947
13147
4743
24759
24830
21970
13259
19502
29965
18826
12087
9075
10980
11350
21536
15896
27417
13958
25443
23569
11814
5563
20208
30497
22542
27130
4746
18578
30532
6400
2504
22313
27336
27605
26464
8537
13203
10916
12708
14263
30005
10954
26701
23470
27069
813
14200
30324
19673
23247
23534
31804
574
1443
7336
4014
31562
25503
32147
31124
8168
13842
3984
18646
16053
24376
447
11944
18529
16395
22525
27394
23127
10333
27307
23888
23712
3364
5042
3436
14084
30997
11459
16585
24947
27508
17124
28657
21412
6442
9000
12337
6140
17432
9405
26002
1457
7339
21548
20748
26159
25008
25565
20215
2491
12906
1498
22978
3926
18146
4820
9447
25572
639
8811
25630
15501
5334
30890
4818
4196
7363
27857
20433
21830
441
11608
8519
1029
30550
1328
13549
10182
24379
1612
28798
31912
32026
15712
26219
24999
12560
21225
719
8639
11318
15725
1189
22612
21363
26884
5945
29905
17556
30743
8156
8592
12702
360
5084
4602
1634
28498
27315
31727
3155
25683
127
16488
149
18631
31922
1882
20566
26102
4363
21214
28513
12881
9413
19856
31984
13049
16398
22580
10946
5761
19386
6816
6766
27893
31033
7126
9463
8475
26310
9584
16544
5880
21474
30273
30978
5014
31233
2105
11611
20997
23939
28041
2345
27040
10981
2312
27384
27025
29753
9685
11640
19864
25299
12862
1746
12296
12614
8673
29244
23826
399
15121
22476
11077
25487
21372
26249
15702
8127
16394
21704
4381
6687
31752
31414
32737
24943
19333
31537
5077
16034
23804
28380
22242
22672
11828
17778
32423
16363
14437
20826
6591
30580
10140
12668
8770
19566
8544
3412
6542
4947
24214
22340
4423
7367
7330
2351
17820
30410
10703
3907
11468
20017
4337
21782
8169
1111
10313
10485
221
19728
1960
27001
426
26846
10711
12634
28918
20328
15671
30088
12230
24103
26533
18808
13450
24419
416
15804
16218
32094
3246
3287
9087
30159
26875
2639
18997
8593
3652
2052
21167
9373
19443
9663
29532
23094
21644
16142
105
20835
6215
27472
15239
28066
13055
17420
20718
32731
29002
25991
9633
27539
12522
23957
23284
11362
8292
31919
11084
20391
8686
15686
1063
13946
21902
13655
348
13282
3713
17984
11683
23368
14298
32466
11351
4908
27755
25511
12411
16407
17896
4533
25852
7121
10058
28452
10805
3283
1650
24157
19640
4607
30991
10084
6476
5775
2241
2919
29234
16972
4735
13975
18861
6656
13622
1078
9665
1069
5042
18673
4410
1535
28098
6001
7664
19584
21655
13101
23626
22027
32366
9602
27649
20483
32111
10501
2598
31940
24020
24344
16487
13786
28493
955
6542
24178
15779
5029
32586
23053
31900
6292
9522
23420
27424
4065
9479
8200
29081
8023
12345
27377
32672
3141
31405
21786
27861
10450
17086
17666
24846
11153
6786
8950
1973
9557
22094
7557
4715
2375
17532
4661
20209
31541
4715
28276
21577
22573
712
7377
2840
11595
22796
21100
5455
4303
7750
20651
22794
4466
8987
28463
12985
12283
25355
519
4733
5901
11510
28707
2261
1347
13534
3595
1657
7551
29422
4305
21382
4478
29627
11587
476
23216
32203
14182
24260
30023
12372
22048
10199
20878
32581
7989
1819
28541
12426
12149
6766
22666
16012
4915
2600
27585
17400
4856
29436
12311
21698
14457
10015
8444
26729
8135
2732
10543
14716
26822
3912
16342
15965
23776
4866
23502
8005
7418
9852
12608
19848
27559
32336
28021
8219
26524
5037
25835
6483
19045
14401
26536
14831
32598
8540
12238
1369
9923
11858
7792
6953
22900
28193
15012
2539
16467
10323
9945
16162
21608
27942
107
14477
23303
28907
23925
23208
29256
13996
23783
4214
16824
19985
31960
6270
9038
10372
11037
8979
22689
18836
17434
9689
8279
22167
29656
2181
16353
18836
11608
3812
21862
19296
11303
9247
1532
30982
13363
27453
23582
6252
989
14569
27227
52
11343
23158
1611
14049
17424
20000
12231
3387
10197
20629
30809
14324
15771
25524
32498
11403
28146
12948
21467
17777
18332
30408
22766
29035
342
17121
29190
29239
19958
22069
6580
28274
14006
24031
11828
23225
28624
18183
2719
32271
23371
1636
16481
5502
11796
30974
1262
23297
27472
16953
10161
29602
10737
19215
9285
2272
22663
18077
9448
4435
29529
24545
2349
3219
24757
29890
17649
13909
26500
592
11151
29911
29729
9806
31576
1663
8044
23022
15677
12991
11290
18907
19663
571
28239
28540
7274
16942
20846
20344
2476
22281
28720
373
22060
8798
29427
25894
6249
32765
10325
10372
14593
7773
3074
859
20516
13885
12234
19465
30535
25994
15095
18818
25373
12676
29661
26264
22979
29725
1970
10874
22843
14497
1184
6778
539
19356
14873
26899
6790
505
29547
5674
15708
31591
16532
25748
2478
25601
16727
18649
26229
31021
9871
13623
11907
21956
24004
26346
22713
18804
6908
6315
28795
16227
13523
15991
29281
30741
1742
11921
24879
6800
19949
23498
9992
24766
13183
1280
5854
25362
31290
32229
8749
18286
395
29953
5865
22341
4907
23291
31157
16637
12019
20244
20565
2199
18673
13556
28774
27537
11707
22441
9804
15371
259
15853
18541
30506
2668
5031
2717
6842
17564
19637
9688
32279
25235
25833
10295
12877
16187
24913
285
11646
27456
30396
7601
17796
19745
31097
10642
15832
1928
31330
18374
27826
6615
13594
22515
15218
28419
13202
7121
1599
20133
19154
20703
7918
25678
21750
4693
30501
20763
19574
5978
13760
31626
11435
8568
15219
4492
15247
12109
23217
28892
8389
18307
18125
27022
28121
28674
32352
3819
31688
9571
13546
2684
16835
26280
32700
9573
2352
10539
18965
31733
8946
18645
21643
3962
490
18576
17324
10842
24253
30463
486
19039
18648
19308
30884
1363
18610
3842
25786
7117
30545
9788
18947
11850
12048
3741
19016
18559
14751
25762
25444
14062
8011
1525
22694
23224
31616
9187
19319
28594
31372
23056
18237
30906
25765
7529
17535
17996
23086
5979
26441
19280
9526
16706
31954
13366
17474
21541
31836
29765
4684
24736
3932
15664
12299
8993
25819
5355
4725
26712
21532
32188
23171
5608
4735
25749
23092
11107
165
18849
27348
20341
21205
22301
30846
15711
6302
23145
26336
9895
26558
21343
13118
23822
11843
3555
30649
22723
28656
31163
13266
28374
29410
13474
32298
19439
8052
31383
907
1856
5983
28795
30508
25016
18470
31963
22577
1402
31921
8971
12402
22925
12855
5236
12413
15829
13410
27694
19678
17218
17582
18642
16542
13383
20755
14473
6409
398
32227
11113
11956
26346
1781
24578
12223
23693
15363
32307
8024
10363
7249
21571
28288
9278
21903
27180
4626
2779
10753
24378
14849
25350
477
17877
3553
22930
11253
29083
4777
8235
4501
27571
7607
9287
25007
349
30996
12890
30517
8397
7418
22857
32455
30777
8851
8738
8078
2865
21508
28682
11112
12847
32170
7287
6725
14447
25763
9119
21713
3072
1681
30000
4691
13340
1690
15681
19924
437
27572
14728
5765
11856
5151
28366
16219
23830
562
21153
12796
12840
26203
15689
26846
29748
2658
14333
21677
27718
493
31574
12526
30688
17481
12803
3043
332
4967
21439
1454
21041
21541
11392
2744
29797
15311
25585
3412
5378
30438
6435
672
7612
11552
26239
9900
30833
1711
25088
19423
12546
5830
28063
14742
26978
20314
27662
24077
21484
25126
11688
22403
10234
13041
10665
6297
17587
16147
22426
11260
30244
7734
15632
23363
4243
90
918
15643
22031
19740
10984
28321
23116
18487
11106
31759
22702
24395
7351
15515
12452
1245
13542
9628
31799
15519
13162
22767
29923
15602
3249
29337
6821
18858
27088
22957
20821
11281
20597
6257
26678
27694
1821
32700
16332
12103
2439
6562
493
24484
8552
12115
8219
406
30560
26177
3089
22968
12333
14465
24220
18549
27167
19572
24748
32458
11979
28582
10923
28749
11524
14582
19981
9839
20231
5624
15657
22782
246
18327
25927
28654
15240
4607
12026
21080
9982
9146
22704
9923
27225
30744
24455
26787
31434
14549
27234
30495
32618
25334
27453
279
7467
13044
27325
29286
16142
7196
12811
18020
11927
20278
18147
25519
4223
5221
28136
25900
6568
31822
10043
29768
4182
11388
22859
6276
28059
19203
7663
8240
13075
19812
26034
1654
18642
11953
25965
31387
30619
20722
540
27778
21330
3526
12010
17010
10676
14926
29070
7192
18758
8774
218
18128
13451
15989
12689
18208
5498
10824
9594
7045
1327
7354
28850
7283
31713
26742
10566
7575
32020
18240
5377
13407
21520
29841
27011
18364
29841
23425
21139
19751
21440
23530
12983
22242
19810
27339
20993
22400
26960
4586
28459
16039
5415
4798
26343
21269
9792
12427
25968
28129
14307
26063
22117
31491
14775
2269
1751
25367
17021
9160
11681
16990
31486
898
19959
4358
13634
16965
10306
8363
1027
20786
11563
4893
26209
17721
9974
11876
23512
27448
3346
12801
29806
26471
13806
4471
12593
25587
23310
14346
18656
4841
9053
14791
9449
1878
10181
5572
10899
10669
9725
28073
9341
19304
21922
22127
24647
7666
5002
9832
21647
4293
22357
25728
25375
23247
10052
15554
2916
13083
32335
7710
8483
31917
22641
25961
23399
27054
22855
14757
20414
22985
16601
32131
11684
30676
8888
31270
20032
23219
4937
10026
27726
11641
16224
13285
6237
8913
8720
13804
15674
14237
19650
8409
18604
2268
30085
27468
19553
16593
16293
1328
11049
24418
29311
832
9826
25022
4755
9161
24499
3394
4315
4273
8958
24990
1116
696
3215
30259
8698
10750
24474
18112
26256
32710
8420
13118
10048
25977
18880
14088
31752
13550
10045
6975
14486
9704
14750
10349
26462
11488
10250
7016
31465
14085
7301
24954
10608
26498
7199
24510
9897
14847
12139
18893
12257
11882
28467
19354
7755
25079
18794
2715
29592
14693
4706
16938
5319
132
13888
32554
10047
8948
7852
16109
17435
25135
8397
30037
30149
11465
1908
15930
13254
31479
3479
15884
20700
21583
23810
30138
3917
25294
25929
3538
20348
14111
7937
23785
3258
8730
3887
11581
7262
18316
7937
1433
25368
20022
7100
31097
29826
20760
29430
17519
20728
30191
32517
13509
13738
19708
30647
10596
13039
24071
23364
9972
31965
1700
25472
18501
10774
3509
23381
3566
21732
4144
26737
20788
21129
11042
7484
24109
29904
1780
26381
31013
2536
10221
11421
21312
3698
10233
12476
12897
17881
15785
3394
20555
11490
13434
23113
13574
31364
14938
21913
4229
8953
9832
7780
22405
4373
7420
22836
10168
2519
13543
20513
14115
28222
508
25415
21188
20317
10447
23927
12409
2226
24508
301
6173
21684
299
25026
10228
4011
4883
23779
14409
7364
26557
18498
8789
8549
15307
10123
28259
2750
30072
32410
11570
4513
26913
5099
155
12435
18181
14162
6003
16419
5705
24812
8371
11642
24895
15445
31190
32564
30439
29723
7299
7278
26038
20851
3948
2592
5015
1067
24182
4782
5936
9952
24090
3001
13926
21361
15883
11835
11811
23475
12057
13523
10070
31335
8277
13405
32060
4201
22390
25286
14559
16938
26747
16414
26076
2399
20626
21999
9320
3835
14393
206
7317
24923
8355
30767
14034
23233
93
2174
15793
19460
4913
13163
19694
16262
24907
10885
12716
26725
16794
22538
8193
4598
23417
27133
25013
9071
27535
4986
25159
3043
20467
30791
15409
10868
8084
30379
11117
1732
20697
17283
2360
28076
13188
3218
13590
17969
16860
5401
3862
12979
3339
167
26455
21096
18629
16435
1739
14089
14890
21864
13627
25291
3566
24640
24716
25233
22967
10964
18752
22624
19654
10099
22592
2579
21466
5361
472
18512
13393
15681
23043
16826
25233
582
15849
5736
6054
11495
13990
16279
27180
12898
31053
8091
28272
25570
10284
19996
8658
15443
14674
29822
9582
16501
9807
20129
3067
9519
18747
9163
16114
12327
2810
19426
16115
1679
18109
5343
17254
24130
1740
7295
32094
17679
32388
29243
450
29268
26011
5499
7854
22223
6316
9223
8215
24242
8943
19646
18350
6645
5447
23178
31751
16112
20099
27539
29435
15145
6365
10419
23371
18027
16583
4395
18821
11288
2280
11924
27692
16063
8033
17688
19219
10737
30804
21473
5642
5713
12711
31186
18108
21483
25605
4725
6616
32455
1318
7989
9071
20925
16209
20686
670
7050
25119
17665
30828
2596
20609
19596
26101
16459
4100
19801
30153
26977
23892
5366
29839
16251
27135
12101
7406
14264
10108
5493
23213
18642
17260
18736
18712
32754
14623
12310
28838
22473
7258
17259
2010
1500
344
26636
15207
12831
9742
680
16791
19654
16564
7212
15597
30296
6016
10879
12810
11781
17845
20848
5325
14905
20956
12269
12478
32625
31057
3445
28845
14670
21762
31695
18838
18919
15220
16637
19656
4964
1031
7532
9542
4041
3962
17005
1134
6927
14769
3305
16856
9081
6326
22607
12929
13349
11519
32210
31529
3554
26351
21458
25081
16961
9630
16791
25449
1263
4829
15173
3681
10049
117
14860
27550
29201
10928
1184
29784
20937
1051
23529
23586
2237
28297
24571
12817
23486
1371
16712
7456
27883
23807
4628
14291
14539
23479
19498
20251
27033
3996
24270
2170
29919
9698
22770
13159
14151
26461
941
18932
685
24132
232
25774
21112
2358
16987
9669
6699
16250
27832
24429
25143
10891
31525
31107
10004
30932
14064
23156
11919
11704
22398
22363
18278
13013
24197
28521
10002
3722
1147
22154
23012
25526
18767
4933
31059
7875
32086
13284
7317
29668
22152
24278
14188
4762
26092
16977
23363
12925
337
10044
3705
23865
30015
11083
11773
6615
4909
26220
3355
23870
28660
32610
18325
25593
26244
29615
31222
22842
13014
5816
21539
28447
14626
3108
14899
19509
19793
16773
26496
29243
3765
11066
18430
552
11256
18580
31692
367
9042
13111
14601
1153
21247
15811
32745
25235
28145
26036
21768
22178
10434
7303
30206
12725
13036
11295
15411
611
20540
14950
8693
21908
9860
12343
7623
29836
5009
1916
18428
17445
8028
17555
32389
10587
24196
7927
31496
5902
22780
7452
3890
10500
18689
10138
31565
28718
18000
22414
4885
21548
12693
1085
9415
11794
29734
21499
22140
109
26609
21580
28085
28801
31668
23880
13623
25813
26476
17476
29977
27890
1295
8622
12571
22119
8573
11833
8505
4880
22964
31546
6272
21656
22596
2642
20001
317
1796
2126
15556
26067
2306
12107
3102
18700
4288
5150
14534
17398
26269
25331
28228
965
13201
20275
18283
22739
25629
15020
26858
14053
14210
22508
10781
2736
20274
19437
16425
2204
21124
4856
8007
22727
31403
11459
1632
17485
6889
21469
26843
18375
30976
17483
10931
12049
2538
21876
25292
7761
26313
27450
6023
11316
3617
618
10644
29051
17733
23638
24839
12727
11791
3520
20654
336
25812
29946
930
3276
14999
23372
10525
25934
24445
17814
12939
30301
4481
14390
6116
2279
9065
29228
13880
30598
28665
25468
31884
30721
3430
25300
23268
7702
21774
26223
10145
31607
4965
17465
28429
274
29747
15668
24885
1429
32509
22554
20983
5426
14272
20292
32603
28320
14310
5578
4647
20834
21362
14316
3245
331
7806
6833
7144
9026
26343
24269
32455
22339
30279
27336
30665
13222
12323
24669
31946
1444
24678
289
6429
31511
19982
18021
13786
6529
26150
12380
15481
9808
4852
4225
18336
25696
4979
21299
22074
19138
26372
3234
13513
6332
8544
19695
4349
27408
15057
32655
27525
13953
12450
23025
23589
19348
2515
7520
23561
18324
5138
12330
2649
5848
27879
20994
7949
27721
11055
28579
3
21022
15563
22966
11342
14314
19609
25334
29138
8665
17571
10642
8462
23862
16535
4050
13112
24113
1144
10238
5775
10976
19346
6012
5357
30595
947
13624
2203
22540
18584
26441
21354
10975
13222
977
19455
8406
21467
14628
5487
1672
25091
16685
5388
13003
1327
25614
31358
15991
15203
3591
3605
26989
14991
31897
14685
20696
24000
18155
32243
23219
29336
17772
20120
31372
31484
7354
32388
13191
14092
28611
15100
31653
2904
32042
17191
25670
5968
11244
21022
11245
4093
19267
28482
7492
13039
2506
6354
24416
25975
26594
31933
6981
21526
10581
13236
6829
9780
2618
12932
17413
6677
15129
26019
6073
7434
26703
11016
4785
13284
20659
7744
6684
18350
12153
27327
21612
10908
32087
6260
5025
26942
19687
1696
13515
15353
17997
2279
6346
11448
1561
23208
6745
17631
25455
23690
9547
22401
24933
20567
21267
15314
20396
1806
12426
3039
24179
13619
4333
15228
10632
24938
4645
7038
32448
8516
13900
7467
25498
6233
13932
27119
7711
28055
29322
9041
17676
10969
8931
24356
6963
15035
11893
13314
14879
30893
19137
27126
20471
1863
18640
9081
29860
24797
13172
4768
23094
22098
8912
3731
23684
28721
26906
7489
13331
26105
31904
17746
20538
8121
17161
15453
7299
30173
8670
17756
13651
9032
30793
21341
20430
7587
26140
17530
22773
18420
1044
18698
4113
13170
29024
19225
8277
25240
23133
27158
32191
17016
23716
24268
2367
20050
27718
23444
16411
4453
7766
15560
31378
31493
31912
7546
32192
14574
18137
9318
25793
3032
17551
7462
9497
19019
3330
12709
12883
1461
26556
22486
1257
1466
10909
18342
2148
3531
14625
3375
13508
8442
2278
2862
22306
14348
20328
439
19860
7632
15631
27943
14929
26032
26989
20827
29206
12422
21696
17695
10696
13233
8895
20969
10074
13927
29331
31688
31217
31052
30755
1431
32070
15428
14996
17782
11340
22150
7184
7547
1812
5363
3783
27812
4077
21157
6964
3088
9167
32714
7074
11375
12794
2739
20718
10168
5850
24360
13454
6938
7726
28671
11218
23860
28777
32493
106
9352
28504
5787
16937
29229
17926
27388
30217
5317
12253
5087
13934
22447
15117
21952
10415
12926
2610
27876
27602
3241
22833
3749
25751
27011
18786
5386
2745
4206
14581
2202
7024
1356
10638
31858
21818
25911
31283
28822
8411
31602
30824
11909
19362
8863
3224
21520
14063
17970
1463
107
8434
6181
18470
22405
27317
20206
25559
20373
32605
32686
21937
31989
16557
26795
30774
20532
7371
16384
26467
31335
12615
23187
23511
27583
8025
16200
16696
8289
30058
31348
3027
12145
20950
17813
4482
20592
8945
22336
27091
19145
10312
28506
6502
934
6441
29579
3223
7688
5221
12272
9565
24855
15700
4112
24690
22711
10778
25618
21941
25691
1833
1581
6092
10270
5127
29791
14093
5136
23890
12898
27551
30157
22529
2012
10972
18517
16876
28374
11258
13847
27535
18031
8171
335
20234
7633
8321
18066
6253
11109
6870
19879
819
17475
14571
23705
12556
26605
3727
16650
24032
13372
3459
970
5392
21914
1243
31401
19455
18290
12199
11401
1489
30949
5843
15287
25714
10687
19020
19067
19162
5033
13668
3565
29840
13216
4728
779
9837
18341
16848
31241
23715
21686
1990
27624
6654
18686
30251
20042
15465
3657
1254
22917
31411
8378
7646
29942
28563
32192
8219
15768
21994
32582
7720
23252
23113
30506
23483
5531
9651
7921
20119
26035
1444
12217
9906
26958
21841
13934
8595
31457
3122
30785
11519
22835
5566
31574
7380
5557
22134
1981
30773
15633
548
13476
8679
28165
10085
21963
24571
21106
5221
23864
1710
11952
30954
1323
19085
31525
27028
22100
32221
15382
10339
24132
15673
3004
22137
10786
20349
2715
29473
22943
15587
10767
19473
24107
24940
1320
17132
14954
32386
15287
3083
21985
4059
937
19069
14582
26528
25748
11596
17687
21967
20880
29186
15673
24286
5448
28780
12932
17825
17489
5022
10572
27757
10682
25655
2628
20862
25060
2023
13294
10902
6035
23086
16470
25575
5958
614
21248
1587
11460
11011
799
18482
32504
15898
13831
20276
24062
19232
32229
25351
14206
31221
20654
6427
9529
12064
11093
15076
18913
17757
30017
27520
28718
85
14334
20634
8238
7340
32563
17038
7901
8512
29908
18381
3061
21936
3480
24452
4615
540
22958
24440
23755
23596
19884
26932
18869
17748
6088
14951
1736
15958
21834
23688
5039
13320
15425
30651
22794
2391
3445
19704
18950
652
25246
7018
17456
30158
11475
29973
8587
25832
30533
18108
12511
25677
16941
5890
2133
29529
2563
16591
26177
10714
20209
11509
5183
24271
12423
20244
129
11376
29104
27067
359
30062
30949
24015
30544
20347
8352
2353
16561
30477
27668
30875
13412
12383
29723
28875
5698
14777
8304
4836
14835
13042
286
8209
18437
7731
23608
8299
22844
24061
17355
28957
23593
21614
18449
32197
30974
1984
6631
10526
26529
28690
12673
10461
27647
21099
19805
22744
27811
19708
23925
18797
22407
30885
11961
3362
18730
17339
27324
2441
10722
27145
16302
20327
13684
11796
17546
15892
8418
14244
28048
30245
21124
15231
9462
24393
24666
20600
23515
17777
18593
5544
10108
20788
6308
3580
16042
24433
30165
21744
27516
31798
15644
4249
17729
1248
11375
17641
18104
13700
19107
27695
5252
9614
386
30941
2010
30632
7709
9358
20861
16606
11108
12359
18668
27391
23283
31229
15321
5702
28719
2904
20958
15929
24978
1463
22636
9682
9283
3956
2820
20189
21994
9833
11177
161
14530
31667
32661
8642
13808
15541
1067
26982
23059
28000
28717
11159
28
14258
21807
17641
7776
21629
30027
26972
27115
29034
8471
23171
17431
14397
12756
18662
9822
23387
29672
25766
109
19337
5519
24927
15481
31478
28109
29010
24022
20860
12199
31684
28102
13859
23954
4769
10895
20967
4396
27493
11472
28603
27434
24380
30484
7629
16273
13928
9128
29708
21034
17124
9386
9192
14127
3655
19043
13656
11339
7914
983
5410
32194
6221
3481
22615
19435
15031
740
22812
17639
1565
1256
4272
9869
1093
27746
21163
7332
32300
14703
19844
20309
8356
13730
29782
13791
21569
31828
13796
397
19574
23867
9434
13542
4604
19775
30038
15139
3187
22920
29606
5094
20300
20700
22612
26408
11750
5928
7519
5491
23287
22364
14540
6226
5934
1916
24669
18183
13079
29428
15009
21371
26686
16173
8493
4987
19863
7773
22568
27168
27421
9379
24333
25999
12474
29523
16044
25827
21607
11919
30834
23144
23444
28951
31467
32266
21450
12897
16261
1037
32399
21229
30103
11262
29834
17107
24225
15337
999
30366
16342
15308
19965
7772
3287
1356
26670
21238
12226
31655
1039
11710
4715
32746
25289
32327
19689
30052
6080
4729
7509
27226
24178
17636
3278
14588
1953
17749
26048
13464
16820
20391
24422
14094
16475
17628
8846
8836
1906
23149
2973
11098
23848
21469
19922
32352
10080
31380
23503
5959
14423
18411
14677
23382
20103
30084
6735
19550
19404
26588
29458
26608
26566
10019
24035
1741
24958
23115
31161
20638
29772
30815
9797
6118
5112
9238
16688
12852
13343
26024
18596
8349
7896
14048
1805
7273
7832
5490
11297
23565
32595
3984
30494
9306
10980
32440
22098
31219
25775
25808
8161
1796
26757
8052
18371
2353
28872
25999
14092
23501
26575
17192
10352
29261
18571
1919
11782
22268
29291
22873
17484
496
29822
26008
5740
7228
5080
23566
22461
871
4406
11923
22157
8477
29157
18005
11294
27429
20447
9072
11758
8083
30008
6847
1083
4415
18104
9713
2503
6261
16842
31199
22745
31726
4500
22300
10628
26111
32616
18638
25899
14865
16987
17853
4933
24145
29235
26538
862
19881
8583
11490
22622
1518
25377
30739
22798
9819
16039
16989
10712
21054
22651
13228
21455
11249
20703
5446
15599
31756
7773
21152
30117
22745
26470
31862
32658
25096
7993
538
29068
25764
27142
5389
7397
31558
3155
27340
6128
32393
27040
20716
20930
22973
22086
18281
4918
6112
16549
5436
4404
15562
30078
2859
29746
16039
926
26853
30970
13226
701
6222
3758
2048
16805
13080
5642
20483
8087
1683
9706
2737
5354
2502
30988
26716
12021
31166
26902
27042
815
4134
6875
27296
23957
2072
16346
28259
11852
25907
4359
16031
31368
12526
26319
13220
21676
8747
4694
14477
8115
25360
23555
24507
8654
26898
19262
7042
10830
4946
7032
28449
20165
813
620
11256
872
25358
11173
3829
4792
3975
3393
21072
14434
22177
31220
1912
25443
16752
5200
19789
25455
7146
1859
13967
1428
12025
10209
29846
25627
24782
25699
6724
28079
12153
9328
2873
26561
14774
32412
27461
28714
18954
26415
8739
16914
6159
15399
18276
16913
13324
21120
2729
5525
20681
26802
27669
18820
24482
8828
22786
19490
13017
29152
243
15924
6705
4463
30410
24422
11704
29638
29244
6634
15076
19545
17793
29026
2017
5487
23376
22784
24874
14190
20746
13547
9559
13657
310
2789
17205
663
4653
9772
24092
26102
23830
12957
3197
3567
16661
4895
25787
14892
14016
30527
19516
7751
14291
29720
15551
25045
20260
9334
29680
24995
25817
5179
16697
5695
6872
31489
26076
17338
19839
2560
15167
22189
3222
20786
4998
4730
8321
32694
2151
29908
28602
883
11322
29314
22655
19453
20816
29023
21192
13500
23430
9126
28284
23115
20506
10348
484
24350
6077
5486
7264
25448
9961
19981
4441
13371
116
19351
12150
30193
18022
15048
30739
19916
19720
4753
27375
20185
25661
2071
14884
11802
19221
1023
31325
483
416
31977
9027
4229
27904
23354
29752
29226
450
18975
4424
2560
26735
6607
27740
6810
20573
5904
20145
31123
25803
31740
5769
9844
6189
24069
32033
18647
14789
15671
30946
22989
2419
6333
4059
31870
15822
11431
11887
18959
12403
15594
22091
5321
9374
4520
14748
26231
23543
2226
5758
15887
28078
24652
26295
20629
5065
7984
14245
20797
25277
15829
15989
1232
7996
29936
31894
9296
9807
21820
2157
21215
7076
3190
20043
10973
21033
31660
23964
9809
8922
696
5729
26250
9686
9480
19168
7942
441
27552
10649
10130
17702
10337
893
31155
32419
32395
16987
7493
1706
21633
9115
18530
12284
4812
2862
13957
21049
21603
709
31471
25262
27689
14657
21066
3950
25528
5739
14221
4260
22365
14054
16415
9255
21347
25698
831
26447
5781
24081
4259
776
24062
1375
14943
24100
7667
17118
13833
18934
19540
14207
22811
23836
8206
3592
29848
28828
27108
194
5107
29491
27248
26482
9004
1769
18788
24971
16444
7401
4630
28834
15283
912
22844
5922
3232
6852
28659
20289
15281
8839
18439
28211
2459
22475
28014
18333
21692
21384
14613
9548
511
24589
8416
26407
27905
14484
18668
24418
9074
26392
14871
16117
28605
13419
25026
9805
30443
24195
16085
11841
28100
2324
24580
32071
10552
7269
5969
15592
3582
1628
1746
881
9083
4570
27317
1516
19941
18511
17537
9806
29608
4485
19358
12786
4617
1472
18200
25670
1289
9737
13472
453
1676
28359
24788
7973
10426
30863
21696
26833
20390
6973
15524
32409
28205
18244
11255
14248
2594
2370
25261
25271
19368
27608
30646
22145
7134
11192
3271
26231
5826
29183
28508
4020
21583
2246
19198
29235
19689
15859
20673
27200
23803
26709
30738
24108
11231
17137
15535
5189
31230
4758
32247
9477
6712
18872
25444
23946
6790
7803
27222
9798
24541
18189
274
16888
14678
20537
21258
30939
11917
16953
10847
1053
3398
1996
2724
19858
31319
19337
26853
22442
2498
16243
9447
24993
8737
717
10162
7157
12103
6704
19277
285
26660
11738
28617
9848
11241
585
24960
6532
14957
24329
29855
7504
19407
22474
31202
23604
19294
11189
28831
25023
14773
12032
6662
28913
31274
29376
20903
2730
3946
7935
20277
14435
2909
13071
13705
28444
13904
8221
4841
7829
12626
29193
13963
16577
6110
31350
32597
32120
25787
12829
2023
13932
7713
17510
21467
3934
3357
31033
25163
18066
1078
28945
18836
29056
31057
26451
16474
29132
30418
28383
14285
13944
10244
23780
27434
7513
1211
22008
2180
2247
24632
12648
22212
32153
24396
9932
31983
23889
6593
31199
20135
4243
27381
6286
16885
13788
13768
24399
29253
10352
8120
30644
21682
29588
1867
1344
388
1534
14766
5241
14071
14730
11163
62
31039
814
14719
16731
29640
24368
13021
23643
32706
19862
13549
24990
29661
29407
6282
13227
8529
12528
30539
1990
8738
19537
3055
21702
23714
29081
29182
9249
24631
12071
2221
31049
32606
14099
32002
17211
19184
32100
16186
3156
21157
1668
26472
23655
20182
31217
19806
270
6023
19764
22480
12349
3236
6935
18103
14621
21387
31507
31988
14103
3531
27912
3382
31534
27947
11569
3613
8083
18671
1110
31136
31091
6230
26691
7084
23828
30311
122
21517
26656
4845
25381
12178
17985
13505
7758
7276
9197
12615
24914
15832
17284
32059
23187
8958
26776
15022
7534
25880
3467
26699
9325
28886
5984
5599
17341
32513
31691
16921
8162
96
3466
17806
31913
216
25336
28415
30814
17878
2784
13535
1856
11250
911
8208
17202
1996
10285
21486
25523
3642
2125
22414
29200
1958
24002
1095
3544
21169
5300
15730
21905
31260
6644
21871
18345
25065
25485
17385
12208
20413
26524
4442
29636
21129
30049
7121
22092
19817
9365
6387
32745
10701
20222
31039
26025
29910
18498
4247
24446
27651
18425
10236
751
15628
14853
23706
5646
32014
26918
28676
11946
6889
14281
28096
20933
20710
23329
18950
10056
22942
19577
24005
5622
27671
25801
25575
23455
17199
22151
23510
30102
13374
31167
30015
28005
6391
7782
26902
23998
4239
22764
25562
17333
23586
32016
25882
28717
23122
15096
14392
11664
26161
4737
27245
28100
7521
4308
25101
5210
20857
3130
31500
12552
10411
21041
19650
15961
12708
31679
31979
14499
28340
23558
17394
8506
7215
15641
1647
16867
13843
24334
10222
17547
234
27988
31474
29497
6642
24135
29241
13378
21116
28930
30530
5820
23186
15732
2573
820
32476
2743
3618
25764
32197
24476
26836
23967
14297
395
21703
24015
16241
21898
3760
11169
2963
22427
16220
13887
21012
7243
18164
17343
19711
4232
19839
20377
28475
27571
15528
11615
19559
2038
1729
17320
14345
5336
24329
29518
24552
22542
18218
32473
26038
28820
5638
1594
15346
20477
23475
27325
18957
24072
18116
12089
7116
31347
28363
10377
8173
20756
10268
4672
14861
13349
17619
23449
11209
28896
26392
16557
6436
21068
18593
1001
11304
18006
7033
23486
7121
22819
26624
26778
6694
31397
3124
18200
28073
17004
16430
4724
14833
9663
17391
27457
15254
21484
6749
22110
31565
11484
30089
2086
15444
1514
14387
28647
10769
12533
12432
6037
2294
31156
28747
11200
28327
3402
26057
16324
17759
27
6833
8768
7824
26077
15276
21961
6345
12274
19817
479
23773
17909
13029
28703
30274
3219
26857
27067
2743
20124
6868
2344
13609
15449
29850
21526
2008
29985
22029
12709
31158
20263
19291
4310
17167
20886
28376
21311
28015
5344
6142
20484
6849
32082
31666
770
18356
1005
8649
15437
3427
369
21451
25565
9780
12218
26871
9604
14848
21839
4999
6435
13685
20281
4917
15134
12473
27921
28925
18701
10576
21341
10277
22197
4928
22557
24699
12086
1395
3488
7646
22149
1372
28572
2303
16157
13790
26238
13673
2034
28009
5375
2239
22183
30566
9208
10053
8704
1237
119
2466
154
4148
16402
8165
20442
14499
8059
9669
18211
22599
20309
3117
19276
23020
838
7160
5713
4590
30542
13817
1864
7769
24407
21566
11927
4687
29965
12437
27237
28842
6127
13392
10062
14819
13222
5446
6491
4403
24726
17434
305
15607
29364
4032
20872
1625
27287
8764
18655
15405
31953
15021
21358
23833
9087
18571
18781
11513
28191
19501
23859
14721
930
8334
20113
4644
2754
4688
13600
14133
27798
26625
30664
1101
9572
16286
17443
6636
6070
25941
6705
2659
5552
1935
16461
19953
5280
27694
13151
16940
16087
2835
26452
14498
22456
12772
27595
22721
9742
5388
18705
22772
22691
29187
10576
21263
6414
9935
8707
14317
16588
25291
12717
9815
25746
21671
17867
10536
10722
31152
23815
8367
6877
29265
6574
23381
27736
32730
22628
8576
27185
3969
7959
14519
32227
30375
30769
8710
857
17500
3602
6052
24576
19492
6845
3539
4128
19963
32721
15112
7788
24472
6844
27468
14808
31471
10539
8930
23978
22009
20932
21546
16340
26551
9496
11461
31105
15989
10963
15866
7662
2892
20278
1112
13179
1770
17608
4765
17154
5014
11848
25559
29031
16494
9445
6345
22384
4595
28338
9360
3031
13256
31060
11399
5022
30647
27901
8039
11427
17909
27551
18355
9844
25255
20569
23891
15716
11428
822
23166
11231
14717
13590
6110
26106
29371
6124
29679
13134
6247
26410
2473
6919
19664
21626
14942
22072
3464
11439
3813
15474
15792
18683
13304
24212
9589
8290
5595
17380
2779
3438
24382
32095
18362
7205
24421
846
261
29752
7046
4378
25426
13181
3955
29537
2199
19615
24952
31817
27442
15893
3463
4629
2605
13648
19346
3062
8895
29241
13625
20771
8982
32474
28325
28203
14931
3931
22196
5258
10711
7729
598
14459
15293
6290
1847
16654
679
12076
22942
32378
18110
7958
16789
23220
17396
1799
11082
30785
7565
7366
22197
13128
10973
22241
10875
14571
339
24226
11794
10455
24502
24127
28454
29978
24239
32593
22076
29750
2696
11655
11926
22899
18995
29084
25942
1913
14222
30854
17382
28957
19685
6897
10646
31868
3000
30955
2183
7238
191
32225
10697
4957
18732
24778
31936
5791
32048
29858
30156
16639
9152
23834
16424
3547
5017
31630
18195
19850
25986
10295
23086
18484
23505
2978
28966
742
25392
11360
21138
23269
4257
1280
8735
27459
16576
13882
6634
28849
15432
10605
29485
8084
1497
14156
16926
8283
13561
9939
18708
9743
600
6273
1772
21291
26968
12737
1195
24751
716
7337
9828
15216
32000
12262
861
2994
21755
21239
2413
23288
13568
29338
28584
19483
7259
6532
15423
6554
13402
341
24993
20017
30361
12235
14054
27565
2178
29750
20334
29694
28693
22828
30149
2190
1509
24189
19914
5073
18531
3945
25105
12574
29791
18705
8325
18109
1740
17708
2642
1601
3012
15611
6914
18199
24268
14463
10981
28512
16472
24041
20663
24316
25746
21842
1661
4327
24407
5292
5552
26313
4482
10233
3741
21192
31598
18875
20236
21409
6326
24491
23584
30455
10559
12205
4990
21995
2937
24836
30641
16364
3041
7618
7118
2000
19915
26755
29267
10020
12638
31323
853
11201
23264
15629
19931
9120
16180
13694
22661
31472
22944
29289
13681
101
28372
21331
32094
978
296
15298
1554
17146
23078
1706
22522
6308
19784
20008
10001
8685
6146
23410
21250
19938
771
21263
12945
2894
10425
28995
11831
2257
1299
27342
28172
15154
12938
17878
7915
7670
30818
16161
4816
25138
3629
3975
16516
32669
14482
9639
26237
23529
9036
10202
21759
31828
7285
21093
9096
30074
5381
1523
21867
3437
2710
6722
12731
17415
15978
18716
21098
13695
23982
17801
11954
2875
32512
21315
9396
28389
6448
29290
18016
13249
22339
29561
28052
10814
28094
1913
23432
20939
21793
8308
26473
23787
3505
13869
68
15244
20602
17166
1574
8085
20885
3426
16002
12222
30631
4292
26578
23716
11434
7127
12417
3101
11248
30264
5385
3784
29028
8881
26969
5097
11796
4528
4473
3956
26092
22519
11632
18024
6852
15764
15462
30046
10398
14612
31494
17762
14120
10996
294
769
25737
27992
25258
19363
3417
3071
22437
9500
22001
14455
12226
13181
22758
20109
5347
304
7888
32008
24839
3396
17232
26263
2929
5125
27473
20231
28935
17872
28813
10425
31736
24613
26195
5716
28321
23806
23432
13495
21938
11359
32237
16690
25996
11311
671
28661
18158
21062
30692
1736
5841
15559
25636
4093
7568
7344
22070
14755
332
11951
19166
13565
30607
13880
2963
10803
14895
11988
27269
5190
17270
10172
32734
6473
5503
32166
19528
13007
4323
26335
25776
15008
7830
1434
2890
12208
12555
29832
22998
18257
24735
424
24865
7847
10036
2913
25038
8284
32540
13262
598
29334
26938
24153
9806
294
7779
11147
19177
30723
28682
26402
3261
16886
7197
7268
15050
24470
6186
17588
6840
10871
6086
17507
16992
22687
21039
10696
10894
21561
19248
25235
24325
15246
9029
23390
28612
7472
13056
15749
1928
17528
30123
16184
19346
10803
1839
14798
26794
23961
14645
31324
29028
31103
906
135
29090
31181
21448
8086
23386
1329
51
13772
12442
32533
25057
28148
3785
30159
23070
16189
32559
16664
18190
8008
12472
25792
11156
6784
32500
2976
3699
18090
27235
11983
21683
17340
26096
15641
6983
16115
7611
22188
21484
11296
6939
28949
10580
10563
27108
30571
28292
16474
8933
15050
7547
31611
32693
18179
10516
32545
23472
28562
9773
7876
17980
10449
4105
8108
2641
363
11251
7686
20280
20498
20516
18488
13970
26997
4583
25714
7069
29292
7931
21637
22451
8822
17977
3065
12307
2662
29558
11353
20708
13145
8875
15314
31095
10731
3668
10749
15821
18859
7445
5880
345
23756
21155
4283
3846
25629
18402
15017
29308
6971
28235
4966
30367
3332
8849
19689
27993
19536
21124
27346
9370
9436
14901
6909
11421
22663
31835
31831
21356
15553
6645
18416
31142
19520
3377
4178
9344
244
2957
2834
28938
2622
13116
6308
19636
13149
10187
32371
5904
3625
25092
1841
4313
13827
14099
32108
15413
16140
23271
13411
4663
9621
25051
4887
12712
20951
1430
21925
27399
996
12591
30930
19918
15326
6293
1000
6903
29287
24367
9409
16575
13656
4543
21025
17322
31926
30604
26697
14535
19426
32448
29640
13621
29455
18447
7829
22246
1273
5529
29531
19107
21717
8466
27412
29520
4227
7456
30937
5746
19211
26116
2040
12782
2887
9597
8264
24339
13021
28137
9401
26331
20849
4270
24623
27502
14360
13272
21649
19176
24847
27396
28
8028
32685
22396
3326
25
19606
5027
7968
26668
25138
28052
13379
26150
15709
13574
19022
31007
13920
8307
16358
16122
1568
3449
9024
22507
11158
8320
25395
9015
17791
1949
5778
14651
13397
25782
19896
18096
6269
8935
8804
11565
194
15141
31176
3309
23810
11297
11484
7123
2343
10607
2808
28075
1113
17896
27298
4531
10355
7501
15525
10586
30131
16685
21859
23623
18101
27912
24683
19869
162
17844
12878
30334
5029
10240
27823
2510
24478
19096
10394
17721
20763
14120
6935
21367
19076
24260
26622
9166
11669
19848
5900
23257
6417
16763
24375
16521
11957
10425
15423
20329
30059
19154
646
18726
11201
8557
25889
29774
7833
9265
8751
26456
22562
3045
18793
1253
15111
20693
20731
3397
24038
26744
27795
26941
15107
1617
23223
4615
2110
25619
7259
15003
19266
21768
19123
7725
32256
10419
32582
6135
22364
8373
580
26680
3109
32237
13081
19069
7243
26851
24386
16671
76
14695
31583
14861
19184
24949
29322
28875
4918
32604
32744
12731
14990
23327
18045
25244
25416
21276
6981
29776
11085
31723
13696
8674
32525
30601
14669
8391
6328
18358
20602
9828
32689
8091
17819
26321
7232
30896
21849
28893
13191
28381
10765
2898
24503
10208
13710
30586
22659
18926
23878
15585
8149
17821
11404
25181
26304
30465
302
14412
16055
25109
26188
6173
27388
3677
4461
15634
26202
17866
13772
6723
28951
15070
8691
20967
15141
23056
23435
12751
32408
19058
11635
22835
7773
24977
23567
27569
7464
3741
29667
30099
174
202
26208
25937
29973
3317
26877
15958
17576
5771
19082
26887
30672
32679
12993
17410
12607
25722
31
23203
6767
9712
14322
25805
29771
1936
15538
29671
8236
25765
16020
28964
13574
16539
6749
20744
29924
13995
6772
8232
13969
3259
20028
19761
6040
28031
27552
21547
2671
3557
28400
12031
5360
16816
27883
12087
21256
17250
19229
9478
4531
13152
21099
30600
5672
4689
20460
4682
25936
15047
14330
19469
8061
7713
32649
10951
17497
18608
8120
10475
29469
28952
30630
24554
31491
5881
135
15354
20477
29903
2039
7446
14247
18711
25741
2374
17018
15028
22708
21536
25923
23696
6070
24463
18132
5254
8474
22995
5626
27008
26160
7369
31663
31964
28138
4717
32144
13077
27373
17053
25745
20383
30696
28192
31727
2066
28197
23270
15462
21131
2654
13713
14245
29519
21457
11317
22527
3506
31126
9820
18531
15416
6705
15950
6286
29689
10596
24463
29055
14154
26695
11944
28203
23449
9114
7722
27763
26265
11353
21745
27219
18080
16017
18854
17244
27213
19059
14215
25188
31597
21414
20587
15228
16671
23266
20480
8738
27959
1467
21592
20408
22753
30906
8100
11829
29831
6066
10047
15131
28404
8273
5102
5801
22457
21238
5990
4945
16591
7618
15118
22892
9087
32242
3079
29485
3199
2924
18538
21715
21342
25239
29136
13603
24865
24688
26904
18966
18991
25819
30564
15823
16234
3894
26725
28623
6815
10548
6617
22124
2592
13289
9297
5247
8111
19233
312
5982
18078
21238
21009
20746
25909
9122
11520
25257
11604
10129
4748
19254
24665
8123
28835
28279
2628
560
22238
2095
30746
9972
16391
24470
28039
14094
5337
20230
24006
4572
19462
29687
11206
7337
19327
6957
13701
12417
28399
15664
11968
6724
22408
7933
3791
24826
26883
27387
5579
18022
6114
22064
11505
13790
27897
9653
9803
5466
25132
10343
8077
11466
31866
30944
3133
6061
18235
7078
11030
29919
5285
19873
27311
18610
10133
5843
344
17729
10893
30019
15428
27905
6136
13370
18926
17305
30646
17330
949
244
5588
9228
31433
31380
5787
14849
19531
14121
3021
7899
176
24674
28459
16613
31335
1795
9786
26656
14267
27960
29511
29495
27642
19240
30633
24757
13271
16846
11078
30838
26893
28676
27993
10587
22853
24033
4722
28482
25658
12869
5054
21814
17691
26290
17288
26594
2865
27998
11008
11340
1473
32134
30011
28352
10036
31236
2940
32265
9077
9764
18098
9960
19867
7348
23105
958
30920
15706
23557
29836
24656
1067
3476
21277
23326
32632
19140
14210
24148
22507
16750
24767
4914
7891
22129
5572
1081
22205
23545
4767
9616
27204
32001
21999
15526
1322
534
25244
27417
935
21342
18885
24791
27648
23514
4346
31107
9820
12776
18604
18714
26324
10508
26337
23510
32201
12527
14892
11602
634
9640
2269
6896
3029
30011
12405
21880
27534
15967
22877
5633
8047
19589
4823
6677
27887
5397
27444
11024
23301
6651
22600
13513
32318
21858
1051
12148
19214
4799
20961
24775
25187
22802
12076
14428
3200
19049
1377
19287
22025
7333
24424
13128
858
3968
6056
21587
19997
975
8755
20110
8476
6149
18237
7850
18003
28153
25043
12758
15178
32233
30410
28896
8098
6846
14325
1693
29165
2961
18331
25996
3779
24175
20519
20662
9746
22617
17442
27608
6837
9871
23135
5828
72
13583
6773
6149
11067
20056
3442
23234
1830
26739
26318
17381
10076
17204
14750
25211
17859
15294
3594
32606
9187
31045
27393
20498
572
22296
10284
20718
8669
12254
7200
2684
1074
28191
31447
17954
23838
1543
30817
30209
27465
15463
983
21533
10940
24317
11921
31934
5547
20981
5016
2071
26513
5807
21342
26406
5763
12227
30637
2011
30397
1603
21470
1148
15490
13376
13643
25160
20515
22671
30727
9051
10333
22476
21452
12241
7911
11936
30004
23086
29516
14656
14124
766
28663
5174
4262
8120
25996
31332
2703
10472
28799
17478
20993
13197
15583
27767
15033
14784
15474
15735
17867
22167
775
3243
148
31049
15624
9893
20465
21395
29775
20646
31662
1882
5946
865
3650
22417
30210
17154
23737
24669
10824
14447
19185
6775
7409
28622
8201
11731
7732
24647
32535
22399
17393
8459
22553
26317
581
28565
25903
5556
12891
27440
2055
16500
31621
10681
7064
16505
21131
2470
3603
28290
835
25927
22294
4098
30817
2892
7715
13254
13713
8328
9554
16857
14275
20212
19522
17061
12230
26103
16213
8538
19225
20452
10013
28052
32510
197
27665
24632
2511
16983
25221
10142
7829
341
29401
16118
28375
32761
4592
21732
1712
4545
7651
1390
12068
17519
29431
27416
19124
6739
19661
19277
24624
14796
18393
25089
18381
13837
5909
4245
11896
21789
16887
29691
25449
30497
32416
9754
9210
734
31830
11892
22970
31610
12852
26118
32445
9090
1568
21103
7223
20786
24574
15445
5961
22512
32035
1285
16411
11033
6157
32601
22315
7680
14417
20447
31973
25908
16084
6199
16243
15618
574
29117
15062
22843
4012
31593
32566
568
25510
32499
12662
794
12112
28986
6668
19798
32228
20966
5648
30066
20063
11852
7826
27913
30075
19347
23089
7701
23518
15381
27881
19310
27793
25608
31277
23181
18355
12638
3382
27286
3439
2793
23450
23702
21803
15043
5664
12552
9474
22509
15315
24223
32117
29494
9045
1599
19805
2911
11894
10316
25124
3196
23557
16168
10293
24221
11239
25335
20401
18350
2405
23206
10596
9372
12234
15915
20471
15802
15662
3598
29031
14946
26509
25640
19638
30687
2076
8619
14304
18314
28892
15970
16912
22580
16495
7482
17940
20164
10283
2562
270
21025
22637
17519
365
3667
1839
15459
540
29413
17629
25454
1529
12429
4965
14230
18313
14863
29582
27475
20714
19550
23690
20190
20489
16900
20942
24235
31509
13765
2849
6964
6451
14463
25331
3577
883
7765
32497
8133
12802
9996
26326
9266
10658
1461
32132
15983
23896
2957
4179
833
22628
31265
28841
31816
17526
16566
19403
28804
8223
10471
13554
5656
14726
13968
5538
4429
16732
16107
30775
25817
2578
31481
24769
14178
18249
6436
10257
4670
24970
4642
3348
32125
12855
17692
28768
7465
15297
7952
28173
13260
12828
20852
18886
11827
26480
23580
24863
7282
28946
28253
6185
15400
6322
25459
29765
30724
28118
24096
22837
136
2951
18326
7289
25101
26185
13719
25304
15368
13905
31707
31805
32139
20979
27826
12740
19215
3162
3306
14869
29040
27771
16115
18417
2617
20555
10561
26378
13602
20528
23538
6936
2775
30390
31153
29993
11515
8324
26586
4920
5997
6286
18910
15874
5834
17548
19434
6421
2099
30122
195
6442
18000
12673
22261
13492
26516
1862
26924
697
12739
17729
11746
15329
26290
8833
19002
20941
20047
12495
3116
4265
8672
10976
20451
32517
15504
29391
21603
28640
13607
21706
17263
31494
17689
25099
28842
20381
8386
30729
5116
5370
9456
18416
823
19897
32162
29263
12027
28940
10767
2833
26327
11859
490
6575
10416
3821
8165
27044
32615
27214
21876
16160
13494
24658
3027
17408
23131
19921
13898
16638
28281
28532
14768
30501
7995
9927
27950
11657
29114
5519
6213
18228
20513
861
4626
30051
17167
16739
26065
23027
23100
135
8353
11798
2144
19894
11398
16714
30288
10363
23732
25740
4458
26576
3851
5576
22836
24884
1758
32661
12352
1533
25848
8479
13395
27376
24801
12900
25029
28175
10077
6308
1579
28338
566
32530
17972
19417
11579
26576
15057
7361
31881
18714
27033
22453
14345
2754
7275
23335
20538
30684
23637
3327
20529
30906
5044
1075
12510
10523
7069
28824
29072
7839
14460
13560
6587
29566
18939
26468
2042
27002
12838
11211
12880
14610
14284
7372
15283
24825
26664
14025
715
2502
15296
31037
3575
20973
654
12879
30865
5614
23390
10407
17779
2252
14967
6016
15033
12481
17277
12542
10953
7216
31382
6850
20113
25307
4300
6333
5392
18262
20403
23105
3096
3260
26699
7518
18002
21664
10535
7275
25218
6470
24527
31203
6156
6163
26980
7795
27832
16451
13954
15696
30642
31194
18026
29390
21973
22749
23905
12591
13096
4289
31315
28600
3497
15396
20412
20491
5450
19643
17353
11696
19770
14220
15290
19445
21093
12637
13962
5624
27454
3948
31442
9474
17596
8288
23531
278
162
4480
23122
20426
30980
13347
9041
25942
23815
14183
13276
27627
2792
10790
8890
5446
19264
22822
21989
2692
20870
23952
10034
3640
9685
28580
15412
1211
23535
20906
5470
22211
15235
26412
6249
25143
15787
19554
6645
27970
953
494
10867
20391
11059
202
10818
18004
8988
19070
26904
9529
26229
18838
21668
23386
16388
5715
31346
32035
31572
29601
24846
18684
9981
6217
31852
23070
19493
6248
16775
32165
16199
800
7497
24038
28212
2189
21163
30722
20311
15354
1053
4028
22076
18005
27688
5511
4436
7393
2386
13027
21746
4139
16706
28906
6042
18239
16164
11558
25467
31515
4431
20646
314
1636
18981
32081
16369
7512
10299
9594
32376
16900
2491
16820
23011
18615
12038
6375
9547
182
4253
20131
3794
21809
19521
11189
5601
31350
27993
21752
14004
31589
5269
25710
28441
15140
17105
6287
116
16148
19260
3553
4871
21763
12473
14025
7792
27043
29317
1441
15219
9018
3098
32010
17146
5276
11348
6788
24154
7255
26579
20284
27864
17453
27296
31524
25196
13511
27923
7753
965
4519
28660
13410
9100
20831
992
28324
17645
26112
8174
16350
18260
18902
19347
28353
32628
17490
8131
8831
24974
31560
25433
7577
8432
9307
18105
6897
26812
27317
692
295
4586
23803
24236
24610
31376
30591
25080
27885
25185
7864
13449
28613
28788
7664
29390
22640
17992
32317
30934
27856
17412
18866
26805
17847
25091
3798
28712
3581
17295
14421
4476
14288
26349
3318
29611
7244
5787
27597
32201
14667
32725
6322
16798
383
4701
11506
31125
29374
3452
68
7637
26268
24132
7678
21677
20799
13081
6792
16949
25199
26736
23825
31538
15597
13013
12674
7995
14342
10803
14000
24090
24423
6736
31958
27765
9523
15511
26690
11182
31315
16154
11342
2311
16654
15575
29330
22538
19929
2874
600
11304
27248
228
31824
30112
3877
6571
32390
26018
18040
7138
17552
23988
28393
8922
6156
28246
20234
12968
9546
10465
12248
14633
2117
18613
29003
8260
9688
30611
19756
21871
9518
12616
15399
27253
7547
2700
12577
13174
19433
24361
7884
1583
26070
11104
31608
32379
23356
5256
14124
27674
7536
25848
22517
19890
15888
32551
12414
32019
31286
3090
25825
28863
1522
26846
12733
13994
11256
6079
10633
3134
5525
14360
23591
14242
20200
18916
7356
1596
23374
16468
22976
5237
28190
10169
15185
17084
7063
25253
31693
31693
5654
16973
11935
12339
19340
32306
26969
11019
30512
20225
772
9228
31601
12471
23987
12996
6191
4104
28255
1828
20778
26370
30446
2879
6331
3310
9877
21071
4802
15735
5216
30969
991
6926
18447
23250
16613
12428
17700
16673
12939
13849
19514
28391
16741
7501
18072
11804
15891
10390
4102
16956
6585
4570
4832
25602
687
1117
27240
10867
14713
28132
32608
1311
12793
27419
21209
11172
21731
21300
27462
9843
30066
9937
6100
21719
20313
26148
32254
5171
8445
4692
9563
27787
13793
24099
30139
26181
30049
20943
23411
27953
18852
26165
1525
25800
29388
23356
29860
20913
6767
19825
17894
15498
15179
20207
31866
12772
12597
1922
12044
911
1363
8204
22022
12057
19083
32039
11178
3473
7739
3339
21086
12432
8491
11443
13638
4219
31936
26683
22296
28674
18546
6797
812
6380
25471
12348
5331
22039
5857
4528
18666
20154
4990
30852
19887
9966
8352
13356
1235
2413
3748
8667
11216
32409
16886
23459
24188
13504
27197
25311
10206
7582
14802
18894
5441
1315
12663
8320
32648
1399
21574
10486
32449
31804
22503
5765
15357
25875
9478
23675
5470
15713
15364
20485
18545
21843
20973
8528
5822
12831
14763
28655
6302
25997
28025
32381
12877
32439
19610
18819
24384
30732
24906
1435
18361
18075
17141
18646
21656
28303
26791
25436
13684
16629
32708
11090
3306
9926
6905
16385
14133
7457
19826
2100
24319
18136
1613
28641
21623
14126
16463
10508
23204
23007
22998
29673
24313
7265
10511
12865
20265
15466
8297
18966
317
24498
5962
7050
25059
22778
2816
3581
23817
15949
27642
30838
13482
13446
19256
26948
14824
5138
31744
4325
7260
19191
32211
21542
17322
8213
17055
18828
26456
15276
9526
9715
22752
6431
9215
23669
13315
17912
13291
30093
26977
4651
16299
24956
22343
5535
10017
18924
25800
12010
21268
9940
21263
24413
12583
6811
14579
10304
11276
22912
23756
19806
29685
8249
24709
8389
11083
32218
29683
15303
19363
29945
357
18756
22254
14352
2173
17708
10479
1314
6974
21823
31987
25762
12645
7959
31676
20368
17917
16233
26046
229
29486
18056
11662
30257
86
24106
5783
25475
5723
31855
11279
7817
3647
18463
9257
17656
3572
4659
908
8750
26482
2200
5381
6167
28168
1583
2424
3917
13807
9240
21533
12931
29221
28720
5864
31011
25720
27864
13129
17718
5089
15865
21270
6277
15636
10053
32198
9469
12629
16319
3551
15448
6029
32381
6833
25338
17309
1196
10821
2585
6130
18646
16273
13601
9562
1888
6381
3671
32022
7255
13003
11964
26928
10860
25250
7476
32527
13116
7723
18663
16456
1237
17104
744
15799
8310
29026
15125
28879
32407
21002
1086
16174
21545
21634
9097
23668
15647
16516
12052
32342
28717
10883
32733
5870
24528
8346
31455
2389
27790
9154
30078
3188
3199
16711
14629
12311
3084
24701
27182
14403
19447
6319
22018
17098
8348
9048
27777
27420
13942
16021
26788
24672
8164
5083
27744
8644
28717
30437
5070
21777
1986
4337
17290
27522
30148
19500
13913
2262
4806
4971
3598
24740
14548
14875
27566
32239
15540
8315
21202
10490
3179
26633
23629
24413
5892
19513
31759
4697
24972
29549
24137
8041
28001
19490
8146
14105
21421
19047
26058
9755
14893
6548
6269
13464
1335
5688
17801
4036
27387
9299
27972
29109
19465
13766
16216
31605
29971
5383
2736
30038
11764
18457
25752
27013
14834
8124
19231
19682
11584
18145
18112
10767
15303
26208
20290
711
25895
12525
30685
23410
8696
27465
9886
9462
30293
17589
23309
30927
3483
5036
18444
23394
17262
19153
17666
30862
15869
14887
23097
3717
32135
28800
27781
31450
1311
20792
19495
7643
172
12834
10992
2080
3123
5571
15786
9828
89
21950
3251
24468
26659
20880
14315
22822
1025
30077
12752
21932
32267
11722
13800
25001
13194
6701
32352
17059
14266
5506
31986
23673
29646
26047
6924
247
2101
10282
17710
23976
21276
19914
17811
31723
16436
15387
12821
1865
17845
26118
29003
19974
12963
28943
6900
12278
12880
15057
14232
28562
10530
21159
9068
6475
20118
15277
6263
29983
10373
2791
9203
13929
19366
13759
2806
24061
1365
9397
25169
628
21138
24146
23992
29381
18509
24157
6692
26390
20705
27986
26486
13265
25310
3088
21853
13049
5387
18386
1913
22463
13227
2656
5313
8272
15104
14983
30242
23026
23310
16582
18536
27471
26785
17482
25954
6416
24465
13341
6209
30894
23109
28826
28994
1413
8822
10532
31885
3115
16181
16919
24668
24575
9264
22271
9823
3845
26161
11528
13408
2033
6375
10678
14371
26241
14825
8662
2704
23056
19704
5301
19987
23145
3460
10127
19524
7897
22898
30026
22211
2952
14621
1636
12134
2312
10395
1323
15255
31279
1601
556
1783
17442
19049
23789
22856
7347
27762
9439
25481
4845
6409
1678
18530
1516
7591
6427
963
32243
11611
8172
30153
7096
25290
5282
5345
4610
9076
3403
2863
23926
18489
21209
17201
11950
12059
15316
10143
14988
6725
8011
6806
25806
77
29712
26614
30946
12726
28709
14089
25851
30649
15473
16229
11108
4164
4279
17683
32277
11076
19401
8176
14468
19744
23545
21076
11197
14981
3025
29426
28853
20841
1796
28159
13531
29514
11171
24983
13553
25783
31636
6492
23066
17938
16961
28000
11572
2452
17037
2117
5223
2705
268
22690
3838
10750
32371
12713
25462
5168
30285
24327
29653
5094
30192
12300
11326
5770
24496
15884
16321
17844
11858
29189
10103
23024
3268
3457
6095
2753
5643
15038
24611
16358
20860
26637
26767
26587
16175
29304
16898
6051
2225
25511
31893
22469
10745
18181
14364
17045
9885
23070
8955
22452
8006
7243
23356
10458
23394
402
26078
17363
6936
19656
12399
32200
17793
21752
20701
960
18197
14857
30601
21606
13411
19610
18333
1805
1286
11569
2464
1009
31444
26261
27719
4544
2392
1912
18318
23641
20867
32601
5640
22739
1438
17065
6259
10945
18819
31277
22416
28340
25357
16803
30770
3586
20173
14760
5524
32710
3326
28889
5615
6952
15035
26681
11596
24287
19312
14035
663
20980
30351
4256
10998
25032
11652
13482
28505
24920
11754
1650
4177
3520
1023
22159
31781
15358
4437
7833
11043
5113
27595
13381
5684
31938
10428
14289
31667
7705
26742
16803
26239
6963
13806
4909
11087
27322
3762
20243
20550
28694
10014
31888
4808
14827
16083
23062
32651
2530
6501
17204
20721
2477
28500
11709
1941
20805
27454
551
28963
8822
1874
21297
4462
32158
24328
14536
8636
29618
18703
21036
6756
22913
19847
13135
31388
16445
19569
16766
17036
22327
26724
17218
21415
6890
2433
10121
11066
30011
3241
18433
11077
13055
29421
10949
25995
29374
9541
1851
7397
28854
8325
4668
28891
21539
7566
21878
26485
25022
2497
5647
18767
14212
25530
3723
1004
30136
20538
32752
1612
31019
31588
24104
19393
2747
6701
7078
2302
10266
8206
22605
12145
18897
31995
30605
15059
19076
30617
25039
31997
21367
30636
29971
23549
29265
21710
26839
13929
15392
32103
10555
25075
8606
2521
28004
30782
22707
4091
3358
26096
32570
19145
22981
28681
23304
27226
32357
9075
23338
8210
11040
25305
15983
15128
4048
1725
807
26890
27118
17349
1065
28400
10675
19286
26395
28271
29308
23140
16365
2880
31347
10889
3495
1248
3436
31060
29797
6280
14093
6627
22687
16223
22578
17588
16302
7407
11151
6584
6540
12757
32152
2217
22492
9917
7069
5022
30250
17294
15930
8157
22387
26338
29422
18672
7400
4537
18698
27131
23023
23406
17869
20812
18795
25066
25549
21044
26685
2583
8600
10517
6411
9367
25500
26045
13631
19127
11588
20466
12115
1950
30052
31310
10829
8651
6615
30542
10885
6334
13927
25765
17326
10996
25324
16598
26644
30745
7352
16129
15651
4986
24371
3325
6441
6841
12227
16296
3677
9412
8431
22907
10015
7431
4291
8034
14209
24289
9846
12234
26631
9557
21322
4091
23979
8963
23220
9128
8996
22102
9661
17092
14184
28158
26024
24984
25968
20897
18901
32531
18747
8909
19685
19809
9749
18994
23839
18623
29209
25870
25618
12429
15093
9960
29052
5796
18413
897
3435
30955
7459
13576
30114
6437
17429
29325
19006
1805
32103
27320
28058
4261
16355
22203
7023
3275
10430
14725
31552
13325
16668
7992
12789
31678
15575
28894
14022
10057
5756
12376
28506
966
11415
12438
22320
459
17457
7694
13887
8581
5270
27494
10969
25863
16476
30324
2773
15585
24480
31081
24557
8949
32659
7241
869
22406
15158
15007
7406
29842
20833
12654
2249
19298
23562
18794
26927
16479
3268
4456
26353
6439
4742
15636
25948
28896
3246
23522
11615
18125
12101
31815
21488
23326
31877
3880
24491
19981
14232
8083
29116
13606
29859
12973
30208
6886
27139
25579
7783
7304
26327
4485
11677
6684
4798
11560
21737
11481
23266
1260
10581
22452
12341
6277
29711
9778
31482
20157
25103
11642
26504
7970
22266
9134
28746
1019
26438
379
18699
18561
15776
25071
3952
1868
28554
5259
25798
27916
1353
5530
21758
4985
14590
24769
12022
2189
12563
20950
12795
22000
14808
2037
13451
7348
17006
32465
10335
6466
8421
21065
8105
9108
24993
24636
14234
32677
9730
15517
3111
4646
22084
11210
6413
19827
10915
5913
11282
27333
20419
12212
19598
17321
10832
13224
15403
24497
32225
2360
29929
2665
31523
9335
18533
1420
31027
27414
1114
11128
24139
2682
16488
5600
31649
29713
14612
7361
24716
29671
23569
16791
26857
5492
27070
23248
2749
19129
20463
4993
10012
2443
8688
4952
25161
21294
20935
25298
18206
23077
3770
24493
14766
14921
27921
21921
32042
30489
15133
3915
20737
13393
10105
29546
26955
23742
7312
589
18024
11088
30047
18316
12260
19057
28541
5111
22174
32149
32344
5068
25130
2322
25537
5421
28019
19507
12715
4816
13989
16775
6447
22265
1610
22911
10964
19109
4531
25400
27662
17672
23705
30614
26116
28474
24068
6802
4502
4142
27756
1749
17567
21731
13598
22405
1143
26846
17122
1119
25021
29399
22491
25606
16723
18867
7854
10394
13993
30130
30439
2701
21311
20970
24728
5554
3941
25076
19266
19607
12358
12261
19449
5653
20260
18047
32452
10533
26085
7081
5955
27381
1231
32541
25748
29500
5520
24929
19574
10954
20353
1784
431
14435
16683
31705
31148
12237
4875
23328
25960
14120
26514
16132
12687
5758
31856
27913
20962
26011
28946
4726
23517
19487
22121
9482
13463
2001
27630
15339
21995
11574
11747
29919
28373
22115
6363
14782
25374
13327
18044
31272
28220
13548
18308
11635
28020
14136
24330
12519
5441
30862
775
22062
5625
14339
17940
13830
29614
15982
3701
6969
5458
16647
15959
6607
20255
21044
12630
9858
27702
21663
13122
17010
31623
9356
21539
3866
25584
27498
15738
24195
937
20903
27850
5047
24287
713
30551
26489
8607
14267
15150
25907
30966
15204
8549
13360
1879
7550
21924
267
30780
1958
5861
7016
30480
26799
1399
7137
3405
27196
4681
9796
11234
25742
29541
7163
25559
17562
16827
21195
4659
6239
9248
9154
798
13686
11158
26218
20547
11755
17614
11331
32376
1867
25323
20592
7841
26622
18313
12209
30161
11991
3070
7313
28851
10474
20447
25569
26153
22942
12487
30052
27954
2307
28499
1228
18961
3173
25969
14053
13996
32033
12763
12049
2610
20919
15582
4340
1024
3361
31328
19056
15814
30819
3361
14804
2277
6756
12097
1104
15132
25084
1027
12461
11876
13902
14032
23098
30744
24920
2943
4106
7001
2248
17363
13404
15025
10513
32325
28763
3318
18111
29188
4104
6514
18951
11323
23156
32576
14499
12946
14898
19449
16861
12023
18956
9617
20713
2206
6645
19323
6519
3654
16447
13076
21129
5567
2830
17214
4994
13481
26125
29515
1920
30334
18527
20766
27372
13267
16089
12940
1872
28378
26222
5640
8552
22828
27370
30336
3451
26309
24036
5762
24043
4688
31213
1699
24588
13990
9742
27425
23346
8593
19826
17607
17934
17365
24415
16657
26170
8817
2923
21905
3602
27938
3564
10897
27846
24105
8368
6394
9389
18254
25582
16245
7132
28709
21373
29391
15096
10640
7236
3490
3656
14981
26098
25394
32014
2577
25839
22933
2840
10909
18578
28439
22674
10865
22932
11996
21534
19830
23748
22727
21287
5184
3581
16539
1137
13387
18261
10336
28917
25989
10392
6665
32493
10509
21237
1107
11051
27963
3318
7920
27822
13024
25270
23013
30327
6095
5710
23601
19353
27292
29840
21935
22928
11171
25080
10301
3283
8012
13279
11294
5037
21902
10738
5021
17224
19122
7139
12787
21259
1370
12126
10603
25125
21953
10815
17604
31594
6724
13570
32727
2911
11554
8570
890
31888
24448
2502
6307
28202
9648
23426
22225
14533
22706
9018
4519
13698
12539
11300
18906
31574
24182
18446
9550
1701
25033
21397
12924
32531
2777
19096
31511
3991
16528
236
10735
1233
30174
21329
18453
9629
28669
25765
21824
31208
16890
15192
16239
29634
8561
21280
32208
11957
30872
30446
21217
14677
22910
30496
31189
7449
13973
4088
17209
6249
1135
5197
25815
16120
10437
12416
219
29780
23229
22962
10292
29884
22636
15668
23613
24625
5530
17471
21405
31695
18374
32742
1644
7518
29546
4424
17815
29989
24193
25098
24965
10750
3141
16645
9210
31664
9789
14139
8508
24440
30327
10512
9333
19177
22291
6071
15193
8439
15105
5866
9480
30030
13322
19166
10294
6632
6677
630
5257
10974
14243
16823
29506
3198
8093
20604
11040
3999
4175
8554
7041
12337
1972
9511
29387
8728
27892
24007
17418
8251
29483
18055
8155
12759
6508
25534
13448
23066
27654
3856
14708
26093
27397
21477
10682
19473
14844
28697
4625
21357
32002
19702
30195
29606
1787
1119
4094
9201
15641
17997
29082
3109
21410
12928
17884
19477
18419
31342
15274
19740
15301
24448
23328
20985
5551
24957
18995
14557
2796
12614
17556
9155
30303
15301
19159
31488
8404
24864
19669
32283
24201
11314
21327
22238
9709
7739
27860
25261
935
25302
25060
9751
4058
44
29781
7851
18599
22376
11766
26381
30196
2411
627
24905
31340
5056
18552
23398
13767
14802
19993
25151
23628
3676
3186
13966
26516
12578
16010
6218
1168
5343
24446
23603
8910
24958
21467
32683
2295
18060
16971
11975
4765
20974
24436
28838
31539
7887
12573
28161
23133
28893
3218
1540
13675
4021
21578
9564
18975
30363
14536
5010
30391
11375
191
10903
25383
22492
7289
11424
20391
25555
2169
11315
11373
18488
17248
14978
24252
19163
23309
20473
22301
19625
21768
8979
23789
30500
30241
24945
13079
24080
11604
32557
31267
26991
9712
4204
29552
7088
17657
24882
2493
2084
5578
16251
17134
3505
27134
11143
32525
10698
12433
25205
10384
30622
18499
30483
14810
12176
20797
27893
15364
15080
16887
2500
8924
12232
17241
20697
10798
18785
6177
23818
6211
12390
4996
3268
2472
10177
25368
13403
10800
29062
12273
19101
32572
37
23306
17325
10042
18403
22759
3599
12908
17547
28793
26111
30955
1888
24898
29447
4587
24919
13498
25552
20544
32131
16112
31801
26658
32721
4724
18854
8749
31733
27509
29082
16299
22692
22055
20105
29718
29444
5223
20199
6105
5729
1698
19077
30807
7201
7155
16925
26926
18426
3467
15660
31421
13410
26966
14847
31204
25415
12252
25617
7434
18177
2405
1172
613
22405
22112
24910
25461
2011
7941
32166
8658
12242
9786
29183
4392
15858
9139
19780
8832
17842
26974
13508
21697
15851
30718
13889
3702
909
18197
67
17617
29841
17416
29874
5104
14126
19582
18852
11360
336
10249
11380
14816
29766
17672
6932
10087
24762
15564
26532
25704
1767
25337
6723
3924
9990
25647
9509
10593
30217
14314
7909
14218
19084
27047
30493
29910
5641
32073
22837
31198
32331
29370
12664
32137
11045
11477
2157
4891
7267
16260
10340
2414
7169
26917
16719
20350
8347
15155
32467
556
13349
13858
17567
1851
13020
23690
1277
22943
30332
392
26022
27383
16820
22114
9947
15960
32727
31593
177
8268
11476
6180
27309
8218
31080
16042
400
11848
32658
7760
32628
1119
6984
18820
31256
14830
15208
4857
23417
10961
16113
17925
18594
4787
12915
15943
27332
466
452
8844
20105
3842
29173
18163
19878
27381
30596
31312
14000
14521
15571
17103
10032
20354
27865
19930
19449
18858
5656
5948
31673
1270
14799
2950
24527
30747
23408
10673
8028
385
9300
26630
16541
4934
28590
24635
13432
24710
21182
1759
16468
28634
30023
29176
14894
14110
20034
29418
19177
9336
6356
1946
10982
14485
5502
26324
3285
5686
27540
11242
10955
10988
16112
26014
10644
21791
19943
3138
17994
11093
11132
8990
550
18609
27092
2322
16535
17082
18666
15485
2961
11359
15748
5725
29224
18999
25702
16567
13661
23565
13765
27705
14136
8091
3326
2334
24599
28822
22664
1874
28229
10731
1575
25046
25550
11337
32611
31079
1682
11743
19001
602
9881
14183
8720
2507
7846
29283
7407
22006
17167
11430
12524
9701
13003
13591
11752
5196
16077
30130
32633
8625
23440
28367
19240
10703
20724
30631
16093
18493
7240
26644
9111
28747
14504
3992
2144
15405
16777
7585
6529
14171
9106
24331
30706
10295
20398
29927
9492
7408
9311
26747
22178
16295
341
16521
18149
13777
14655
31701
21800
3805
21985
5345
2668
1558
25190
29435
22109
7114
12280
27769
6276
18860
18575
15940
18877
22135
1030
7315
23020
3284
29556
16633
5612
22910
5817
6562
10696
5284
4183
32218
4910
31375
19332
3022
6176
6020
18557
5015
5613
10988
796
13172
15456
17842
10157
2391
2359
10221
2558
7588
6102
8639
4789
27445
6461
31612
5862
10401
2104
10511
19941
14014
28117
19610
22873
22628
18971
19549
5010
6004
29945
32729
6173
31513
2941
14389
14997
29518
15687
10208
24507
7585
3644
28024
27849
18230
24703
17899
16644
20494
23197
10716
28049
21385
32263
23112
8073
14890
454
8297
28752
6299
17770
17626
4130
32753
28739
509
32494
9008
4308
30106
18280
30226
20613
21960
28762
10500
3992
27921
6202
9842
32094
8657
28418
30020
171
3295
572
9385
1159
25455
3932
9491
32038
14391
20563
12931
14619
22481
30305
13318
21192
17505
18219
13439
22041
5239
4109
22696
28274
14647
25521
30292
12517
28599
21985
12535
22185
25000
10649
16231
31687
14649
9569
16100
13847
11320
473
14167
6251
17018
9878
13527
30218
23422
10540
6769
31328
14157
17036
4649
26867
1700
11921
15932
6553
18005
10709
4008
1257
27115
457
26094
29935
6541
27397
23575
11812
1829
4572
26357
9372
7873
6452
10411
4482
5689
31636
7536
31938
8210
639
1423
3845
17826
18433
12466
16354
11381
30343
3681
13394
19184
15092
10182
24933
20532
7408
26291
18228
17221
12675
19942
22551
7532
23524
1675
24600
25561
4235
26370
167
1165
20109
22243
5263
31351
17193
13375
4136
31965
19358
7721
12750
15870
18752
18549
5779
31990
31691
15552
1841
28385
22007
11441
4419
17219
77
14717
16564
18344
32312
21681
3447
28295
10591
7724
20856
15724
30514
25450
23251
26198
15555
9225
28229
4190
25816
16261
19935
5018
19518
12359
6146
11329
14432
30686
4743
26896
7192
8332
13886
22764
7876
30724
3738
15304
6557
26482
16810
15049
32580
3260
21579
27560
24990
30983
32413
9049
2530
14462
9395
23530
22256
1870
18319
12717
21989
22517
589
15257
18668
3773
26526
17134
4183
5763
21368
7704
10734
12989
1292
13014
14982
12988
5369
25499
21974
27182
7103
27701
30855
4838
7286
29100
26762
31712
1984
18797
28590
10623
27388
15271
9330
19226
8124
17654
13591
10679
3961
6975
26874
29718
24454
31195
19489
3058
6467
30967
14612
14467
8851
29754
13550
25159
6800
17577
20915
15362
28285
20936
2788
32004
15099
15874
20561
4266
19840
12875
13103
24359
23046
3332
26986
4996
14592
30751
6973
742
16786
10883
12031
6416
5121
22706
1856
28200
26729
6313
26388
27070
13742
15624
28847
5898
17588
27506
29234
3701
979
29239
29893
6236
11909
8496
16870
27920
7522
10731
21248
13857
21071
19208
24384
13532
5362
19171
31652
12818
13161
1396
341
6939
15163
4467
11830
28699
16014
16575
13245
26500
31131
0
10242
27356
27744
22923
3349
20673
15508
8071
25237
30762
29664
334
30078
10479
28236
4118
25155
23948
3320
30417
32029
23074
268
26962
5282
13502
17137
3760
17049
13022
2498
27375
16141
8241
22269
3037
27040
671
27263
32059
32034
20361
12975
18461
8546
1618
3321
404
20292
21534
27262
11401
15124
9433
11529
29420
14618
17788
20549
31247
20591
31627
13102
22092
28687
13794
5574
25070
31278
15026
7945
31567
6608
30407
32546
28221
5780
21004
479
3234
6864
11600
9571
14948
8163
27978
2331
28811
29895
14043
18675
31650
4838
16532
6345
31071
13615
23928
13345
22918
25960
9475
30235
26122
29638
23659
11683
5749
3259
1317
488
12939
24847
13483
31503
2090
5170
6525
808
14453
25809
20837
29537
24626
17319
29952
377
8047
19606
31866
8568
17516
22006
24985
12190
7605
2605
8957
30361
14223
16255
3238
26107
2197
552
27062
3306
20899
1192
888
11545
13555
27231
4514
31224
18566
8281
32727
22568
10182
14443
11376
12594
18537
31359
1148
12152
5784
8236
8453
30316
7249
28298
18838
11007
14346
8772
32761
24669
9879
25070
31045
15575
25677
10905
10265
27424
10600
27301
15394
11197
1450
16087
15075
6839
24389
1451
5557
32147
22779
15596
24844
11651
25476
23937
4349
29150
32304
10634
24317
24270
27341
8364
15596
3145
22731
3752
31058
14658
19358
26675
30952
12064
16484
27138
10586
31087
22216
11812
4427
17877
294
11156
8601
72
32752
21519
11235
32639
11344
17443
8777
21926
22030
14729
1139
6486
14517
17332
7637
15044
19441
25258
31025
14649
29500
2067
11613
19650
20665
11919
26438
22568
16224
31565
21813
14114
14428
7642
22353
15562
10161
25142
6502
30286
29730
10541
31204
1512
15954
15076
25131
10768
6953
10163
29701
17648
19833
11058
12404
30744
17122
17815
31663
10355
22515
32575
8807
32377
10129
2698
17486
13991
27037
14316
18394
22060
9425
28737
15174
6118
14315
10593
18139
9612
32270
2293
5229
28973
4709
10633
20520
17113
30473
13794
9869
20126
8997
20113
25527
26294
15448
28104
6115
7678
32602
15725
25903
28330
7139
4973
23202
14647
1992
2131
109
12194
3431
23577
31088
216
6470
7485
24064
22637
2807
17944
13288
1680
3391
17516
10157
25663
14711
7996
27415
18359
2609
12000
23788
7471
24863
7000
24063
30661
9265
5345
30569
11961
13822
31430
13847
23257
19813
25721
24453
18492
28788
16610
25544
12339
5768
32759
12498
20349
13750
31373
19186
11450
16234
3181
20122
8994
20558
5291
16229
1399
5998
20531
18520
27960
14489
17061
20841
2584
11786
8547
3645
1455
27976
29928
27190
20334
21322
25691
30125
25816
7135
24419
14460
27119
26701
6718
3520
9709
6456
4109
27869
14389
32710
32626
17346
6537
10753
5469
18030
15741
20093
14883
22450
26668
6970
13521
28473
3113
27595
6335
8391
17593
10936
12648
10430
16447
25122
24696
8678
12023
16293
8743
18541
2535
3971
11206
28205
17939
29438
22679
1070
18417
22021
22754
23916
11036
26643
22341
3802
12876
7253
2124
4262
29574
29963
22594
1215
5264
7728
11078
18069
11176
7005
25505
10272
6261
3307
8790
35
26942
20568
30203
28082
8282
32747
27592
29938
28136
5531
14062
22816
12736
13614
25129
22484
22953
24990
16281
10631
28620
8640
2766
27475
28008
22567
28962
22011
9672
21063
29771
26155
23922
21206
23344
23041
24994
7032
9468
10187
13302
14746
12913
21011
7787
6814
6528
15577
17288
11065
22294
26655
32473
1562
21304
13227
10655
30157
27474
4104
6086
19934
30412
16590
24855
24385
31199
5155
19119
3057
31399
13186
25776
15832
11385
29115
12342
17647
25974
14907
24973
24742
4704
1422
4769
30854
7341
30498
31157
18453
30426
2126
30808
506
17154
25746
5781
11873
18351
23329
15979
18593
9968
2460
19325
24604
2988
9249
17161
16487
16693
32388
18462
25772
26912
15068
8202
14924
17237
16706
23314
30408
15458
25813
30055
1249
13845
23042
1109
19710
15945
25090
17340
23759
10240
20387
6084
12848
15026
18764
22221
11600
27621
27707
28581
28178
22270
13586
16382
8371
26455
20882
12063
32174
26769
16294
24793
220
28972
23971
5309
7136
23380
20430
1420
26562
16382
24351
23791
6618
10292
13636
3944
16368
26797
6633
13449
1953
23457
5431
12132
5380
27867
7066
15170
11406
11280
9928
12440
13363
22895
24575
5686
20430
8313
16269
21186
7363
29971
17814
4709
20707
18138
12306
13508
16528
32438
21013
22322
4129
31410
28755
20259
5256
31755
18147
10468
10033
15238
7235
32394
28974
6151
1437
15145
29074
4960
16456
7750
17178
4455
17554
5006
25875
3403
30141
13000
2935
14632
4935
31752
14938
15320
20335
9253
12420
269
12020
1390
25952
20380
5664
2201
7701
6684
9989
6652
24050
15792
21767
32512
13839
8993
20890
8146
14385
30256
13901
6491
4335
26410
4104
11123
3347
10940
12177
22353
3651
11273
25429
16966
13025
9466
32358
12460
13615
4309
20672
11545
17847
11538
29904
12248
25834
31850
5687
23193
7
48
5579
7271
21822
7140
11998
20955
25366
22278
452
13711
26380
28968
10127
13526
12156
31815
13085
31914
17605
29019
17237
21222
11689
29485
2733
4022
21234
13161
28655
19275
18011
11764
11326
5075
28845
11903
2644
16296
27433
21597
11021
12231
2086
2193
29481
5765
20219
6700
1613
5757
28447
29910
29516
19917
28303
9642
30117
8578
6000
8775
28749
23888
26870
1571
1454
31623
3972
14883
28911
10562
10261
14953
1142
23265
21210
28270
29099
1210
22820
18256
15871
19468
27269
6253
2350
17460
13618
24112
2240
3108
23980
26411
23766
24592
6560
4966
8739
29546
29195
7671
25913
10001
28833
9427
23302
28614
15472
25316
670
223
27073
20572
5179
3903
319
7496
24961
16517
603
14952
2823
6788
25838
25662
12052
1780
24096
25701
30118
16230
27786
32036
7609
13694
28567
13123
28613
19292
20016
27165
14729
28763
28824
1527
14087
30206
4500
2192
3280
12583
10960
23545
14209
15242
126
16295
5262
26978
4160
3015
26686
18274
26440
16081
1271
13551
9149
2400
30652
28300
9569
19521
24052
7318
12658
15562
18541
14897
3534
9069
20384
26754
22362
26765
15671
543
6051
25487
28364
707
24006
8245
22004
5959
24206
3623
14716
27085
24541
20179
7154
32319
29517
5495
27495
13048
17430
19836
24180
14784
31795
31494
8827
7422
1216
2505
16175
9513
9639
32286
21335
12928
18555
15446
3791
24315
25252
23118
3535
31873
19133
12099
31087
17243
32058
5608
4459
17641
5198
5302
804
30355
30476
24708
12776
26883
972
27991
21619
32657
14800
379
2998
15359
9767
32467
22231
29287
6098
22125
2168
31089
24358
23129
8508
10953
7281
25020
13191
18385
25056
29472
13446
5779
11424
26894
24176
19193
31044
17631
2059
4160
30567
9167
5489
18090
8338
2643
26132
18803
13920
31149
25600
20743
27615
957
6240
17778
15930
20762
26948
5400
16533
19809
25761
25510
24377
28109
15513
9544
24049
17928
22781
31261
5555
24385
8721
24040
13699
1407
26767
8
2709
32565
3822
22442
5042
25366
22499
18493
25564
42
32297
27174
6197
3106
31102
19381
25885
3049
5358
15960
32411
10875
14931
1039
24574
29178
5917
28960
14020
6911
32335
22028
29882
26158
11210
17857
19813
13325
19662
3089
8865
20246
29118
26723
9352
7178
19747
24745
10389
9353
25588
16530
31753
12256
4885
6400
13710
24098
3613
21436
18971
31098
15196
12137
26903
29119
4381
14262
25537
13897
22568
3544
9167
25091
30603
5432
30037
28098
11674
22632
10217
23765
23093
14940
19205
6110
15945
18391
2477
27104
21657
15651
26961
21400
10175
5125
28660
10513
18797
11760
30094
11635
20217
28281
9391
8475
30489
23051
28262
30193
23787
3292
30049
7670
23608
7711
13397
10269
2809
17276
25505
8028
27674
18621
25134
24578
16255
12234
9625
22347
4933
3287
30100
24882
31306
29404
30345
14470
3055
1093
18305
11584
4380
31723
14149
5396
645
16964
21698
10822
15404
25302
24242
19647
2599
30194
22137
22880
29348
21150
14925
2966
24874
7379
10906
7471
5922
1001
32421
6252
1429
17743
3183
4183
29751
18303
10204
13142
6565
24881
7444
27649
2283
8399
10794
1073
6217
10282
15356
32345
9527
28779
29274
6426
22950
2636
12138
12561
22153
11912
13898
29940
26516
12943
7416
8157
9283
13695
5487
11749
8735
6480
21011
16117
7229
7246
2383
7129
13319
9933
23677
4502
12094
8472
9734
5886
22336
26026
29386
28801
23943
9121
10946
17990
26995
17775
11491
24699
13129
12243
25158
32233
20603
27912
3207
30923
5418
6204
21355
11744
12009
7491
21957
22975
23748
8333
16794
24683
26753
9045
14211
13095
17701
14364
32083
18571
30394
23382
17402
23256
10064
17507
1193
24713
3394
17088
14647
29482
1722
31615
29636
6253
3703
6900
6556
8571
28110
20146
17757
5256
20463
7094
5213
21674
6762
25825
25414
31723
12018
13740
15875
7069
31328
9495
1760
22253
29947
25826
6380
3003
30710
20736
27042
32169
3130
4937
28105
14194
5734
12143
17817
5758
1044
2867
29727
13491
24159
18136
9699
9357
26018
31192
19143
13169
6785
10199
1842
9790
22574
469
16494
9254
25573
18343
18511
17340
5561
23976
27670
28237
32403
27308
27284
3444
12152
4661
5523
14057
1546
7914
8817
19098
8786
12612
28174
14077
27068
18059
14313
22436
15203
11265
6277
8722
14735
12893
14098
5325
19580
13690
585
7348
16990
19537
28824
25747
12449
13605
2943
17141
31349
20989
19002
14905
8330
18775
32672
16104
15896
7963
24395
14406
22307
22990
24057
28455
23549
2056
28978
24324
1548
14888
29227
7502
29133
17478
10219
19202
6681
23657
15532
17534
6312
26874
8836
915
20435
4985
11076
26587
24990
29551
22433
22861
6133
26020
8593
30990
8758
25489
17912
21642
19440
28440
20868
20164
4331
26227
29909
13290
12904
21611
25570
11053
12713
4298
17560
31440
21428
17682
28868
21118
4693
10607
3890
4064
7778
3563
18454
12655
22338
993
6316
27527
23472
15284
2588
5053
6077
27328
20384
22131
29716
19857
4072
27306
2690
6739
23998
14359
950
30602
9190
9080
581
19204
2120
29992
16113
29963
2641
3569
14890
19423
24726
24098
9941
27491
22970
21218
29261
11542
17554
11716
3495
23621
9096
31388
23611
31359
12093
6032
27487
10314
27763
882
22390
1556
22825
26189
554
8556
29959
2109
32245
17010
10493
10884
21222
11660
21032
30427
162
11611
29685
30982
25001
30958
21896
22187
21466
18997
3679
14692
19002
14520
17970
7955
11249
11400
11294
1142
9365
32118
26883
7675
18859
4740
4395
4821
14699
5529
22828
28239
5828
3961
4623
15200
1696
32755
12465
32384
4713
18013
25706
443
5068
28221
237
9988
3517
13385
16239
13515
5819
22418
6924
20690
14421
2812
19558
7484
26605
6897
10383
11239
31932
6998
26409
15355
18198
12734
5067
30147
11503
20446
11943
6332
28575
29250
16490
20460
32482
14142
25956
8309
32035
25126
5097
9834
22778
7873
8695
5089
8179
6396
19992
9802
28305
15580
20362
1535
8594
12982
12702
17436
11381
27554
32350
27280
14650
21037
31858
21108
30057
29518
1093
13468
12373
13212
12387
10348
11938
25789
27942
1261
22277
20258
11153
22560
7243
1009
15228
26771
18589
2883
4337
30001
3586
17040
30935
10078
37
32615
205
27460
23385
19043
5721
8807
15578
18010
8514
25728
12373
6103
7482
17032
13995
24779
30400
16403
10739
9343
12101
30431
8894
10189
3214
6317
17054
8592
22361
17231
2025
20313
27971
23299
3770
16996
10729
24319
25401
30922
27470
27725
18716
5879
13693
25305
7278
21855
14703
24777
12175
30317
17198
2060
19069
22716
21307
16950
12113
31114
26413
30347
18445
31594
13724
26201
24980
1336
24893
9100
6138
3410
26446
21884
22526
25861
19765
16393
6613
6214
20836
16618
14634
30115
9087
14146
3682
21113
26561
2420
11556
24422
2460
15673
27673
8449
8607
22000
6640
24777
29341
27957
934
10844
16908
14772
12292
10474
4011
30783
29801
30952
28776
27423
18121
16905
4224
25512
28918
11626
8424
2577
2334
3084
13292
22402
21397
16776
19734
30317
29141
18174
10321
32034
708
23119
31822
13982
6197
11660
15399
28068
9648
10926
7234
28176
19574
8071
24185
12391
10432
26104
10615
25522
1096
23653
28517
18829
4618
16998
10183
6267
5964
19903
24736
22652
9692
2963
27357
28130
19353
25044
9712
18016
23348
17662
11964
23652
12856
30213
30129
1190
8264
23691
56
14849
21416
20823
22865
23427
28416
27907
30074
4288
11356
12020
3540
18539
12662
4240
13953
1319
31032
22698
13392
27802
30333
17217
21916
19651
21528
20843
21105
2958
30231
21900
30705
13478
8265
4043
8950
6539
26109
28359
19961
14308
18189
18565
13875
23062
7707
8110
23553
9749
17435
18679
25229
3707
3345
1248
4779
22999
540
24993
1281
13383
31924
31073
14187
32585
1840
24746
4510
21454
9867
22810
7435
27280
29031
7259
29702
24230
6226
21333
11303
32341
17225
3489
16368
7722
26746
19777
15281
8773
78
31375
12713
12792
15015
21620
14702
18833
6503
12506
32399
7795
5169
8548
8823
2412
10611
20572
30100
27458
164
10733
19385
16271
458
9618
28609
20943
1600
17358
31350
18616
1718
5150
4273
31690
27257
22316
19650
18214
23541
4421
22289
20899
18040
8461
29190
31007
24888
11889
32039
22803
27544
1502
13184
8042
32423
13232
10568
9108
6121
29678
19649
29654
16731
18996
28256
19684
31409
22000
5166
12209
18402
14033
7278
2438
2278
5501
29568
8786
32446
9347
24837
17729
8630
11664
12356
22415
11495
32485
14285
20895
767
19720
1115
20039
20549
23738
11007
9326
3543
2346
1659
16090
18998
31336
25580
9795
23301
8220
25261
29100
23566
17528
2935
4339
8070
19307
25293
9638
29586
29208
31383
24088
24842
8838
18189
1716
18300
12185
15062
17810
31348
3393
28273
13384
17402
22769
22229
19459
28765
18003
20308
22486
18223
17466
31429
24913
5521
28120
16354
19286
11697
7217
25839
3880
32656
11215
3741
20421
12041
19127
9773
14198
19215
25245
27352
21412
2614
29524
12911
25325
12404
29064
7487
18807
553
32175
16695
8068
26718
1853
4173
3655
10826
12311
32285
28407
24603
1099
10451
24609
755
23038
2380
17730
15920
28070
28280
25749
26096
3705
18435
5930
14036
28452
1076
16184
17157
28353
1301
30900
12405
28163
28884
14370
11368
1204
24937
19372
14386
11106
14201
29297
13122
11605
5242
32287
18015
30404
16409
12996
5170
4936
31960
22753
21253
28816
4092
13761
13258
14679
166
24072
14943
23699
21056
5775
27408
5359
15898
14191
29022
1148
12373
17756
9214
14499
3073
13621
2597
10847
31362
3544
17923
3753
19000
23611
2189
2867
8287
11705
29312
9048
563
1193
1699
29011
31064
31541
4428
32688
22394
2154
10533
22273
23857
7051
11568
5074
18471
427
25609
6367
3196
18810
8300
12676
15721
6496
3830
14452
26916
11208
4400
5806
27652
26047
18889
11949
32486
15293
15907
2015
1231
22722
12562
20057
23507
15269
6880
31433
13621
16041
25236
13996
14543
15698
15475
20673
30644
19575
20936
21949
29205
14487
5601
8512
13409
15985
27738
31496
20400
12750
1182
5221
12642
1698
3754
31212
7683
28755
11540
19824
21362
2905
18508
23598
5699
17671
10019
25928
11873
30120
28809
9333
5880
24782
31387
29942
26002
4071
2781
8396
11392
15121
27587
12328
23675
13360
31607
19747
27019
2109
6102
4015
14120
19169
3003
17869
3999
16450
24961
3073
10936
22813
16067
18947
1942
13589
11622
26552
7646
8010
30170
20064
10780
14638
28316
2577
6498
18324
25856
8036
22578
22026
813
26990
2205
9321
22377
5106
25517
4778
24727
1492
18945
32507
17405
20433
18359
18962
4171
29550
3983
30146
12761
5678
12620
4556
31793
29960
3934
27383
27853
11288
22463
12387
2850
9877
1051
794
2525
19203
9523
9192
3436
14250
32131
13165
15296
9030
12066
14448
31057
13824
235
24694
30563
28317
32474
11923
30600
26614
31160
3201
26727
4776
10747
29167
16315
14092
31208
5659
13727
21354
15098
24483
17672
10857
19079
1689
5523
5578
27041
7381
12929
29014
19515
28815
13055
12821
9100
32045
14251
32193
10169
24153
24917
22138
25774
31063
9474
11963
20044
20629
8503
31117
24522
13700
22644
2811
19029
19623
29950
23749
30458
6122
31201
2905
24518
31540
1334
7934
1068
28479
1954
30035
31910
22184
5407
24312
29087
10562
13055
17803
31121
27056
18222
28118
8811
6451
3255
10822
10805
7616
12681
4511
10998
20054
380
3567
15830
6542
17039
22465
22912
31348
9843
12690
28618
12181
30030
30601
3736
26713
21945
22370
2045
23699
22026
17580
26020
599
6873
32052
11119
22028
22205
12737
11613
26817
28503
9985
31921
10437
29586
25284
12369
6257
18216
14696
3180
26441
10089
20372
19807
8516
27960
25642
6618
26727
12374
30326
24638
27800
12259
7340
9034
5554
9249
7825
31223
5077
23932
10360
18080
18944
21703
10864
26982
18145
4297
14268
29139
16363
1272
31363
5054
17066
19844
4041
25454
4179
27799
24478
7426
22432
27868
17813
31503
16602
3390
7544
24716
55
23026
2106
23019
25191
22199
32045
14729
1898
7772
31605
21320
16292
7043
28605
7034
16179
16038
8745
11522
7040
21847
16523
31413
18196
26316
22745
12295
32686
14746
22495
1251
25234
26305
24625
2266
6947
7657
3428
10624
24500
32491
30589
30739
12444
11411
2730
29278
3464
31909
1840
21213
5398
26909
15781
11298
17055
9915
23391
21367
15955
1215
23340
24261
29580
31218
28227
14773
24924
741
29051
5652
22888
13693
17083
15228
8442
11695
2738
31281
10321
14217
20168
17737
19516
23154
24404
14352
21991
10674
30223
2730
11508
32309
6345
14842
28621
32139
5210
26307
26169
4660
9180
12301
558
14619
6167
3275
25319
18528
4925
26810
3637
4954
11480
2188
21530
4061
4608
31046
4244
24760
30161
3815
16311
27010
26140
13898
6142
20375
22621
7757
7907
3165
749
31795
27565
29900
22137
28487
3210
23085
11187
18370
16861
10273
31047
13551
985
9190
9745
7821
1615
12502
19341
11637
11972
15920
31887
18301
12487
16923
25652
667
17538
26088
20760
21326
11150
18328
201
31289
30732
29854
16252
29969
18929
486
12287
30394
30369
25877
20463
10925
20160
29459
3115
18333
30276
10183
31112
13658
719
6945
1479
18933
21565
18270
13508
25125
23416
1159
15855
22761
17300
23867
7680
8815
12568
8367
28903
3637
2969
22003
10242
29806
1422
29815
28819
21159
22111
1485
24177
7082
23231
5296
12030
16035
3900
3398
14424
10625
6420
29346
22740
19103
20811
3469
31400
21924
1530
30854
32743
20392
26090
11527
10931
9880
19041
30218
21934
22491
21308
27596
4273
27189
2366
23761
30145
16108
31400
18472
19006
32298
1546
19696
16478
8867
18264
13083
27866
26743
23360
29042
17639
9050
27835
21721
14440
16370
16611
11477
15458
29824
13572
8523
22960
25795
25333
5515
5112
15642
24489
15500
15581
2280
18433
17017
1910
18492
4068
12141
28671
2226
18322
26492
19407
1428
19253
27634
5514
4933
4282
16863
18840
23008
2014
8659
26326
8988
16524
21734
26507
16243
19302
25339
18077
18051
2210
30278
25861
14004
22807
6156
25472
14363
26007
10922
17543
1694
28800
17625
27266
18265
25998
21040
17977
19777
7155
7403
18827
4359
32426
9450
29282
24640
3848
26621
486
1986
30100
32606
13297
32081
5400
13951
2755
19579
21496
32518
760
19136
4035
26134
17335
22262
28424
28369
7979
10220
1387
30235
30519
28238
32247
928
23141
19912
16310
11288
27936
29038
16511
26826
29476
16220
31248
2126
3378
28569
13661
7320
32520
2626
8231
2610
4496
4324
24783
7369
25944
22313
7277
17643
18754
20151
8989
25359
27005
19029
13977
17366
27315
31823
7949
12688
17796
13340
550
16130
30260
7999
12396
12135
21664
4459
23763
8116
10359
6122
29324
21792
19878
23616
32033
21732
32020
6667
22209
10559
3472
11309
4313
30654
16648
29997
19172
19642
29179
9947
27523
16418
13616
11571
28624
22395
17321
16516
17647
18724
16595
25298
24551
1247
12543
19576
1968
9613
13333
3089
1422
12345
22663
23961
12189
17496
6789
31952
428
8527
25456
30431
14414
9526
7568
16190
8751
10460
12297
3029
7077
23819
30475
15458
26759
3341
3146
20762
24642
27246
29614
13459
8233
17924
75
23777
14349
23085
1427
2048
1294
2648
10442
6002
11952
15303
26299
20264
31282
11155
8618
31654
26651
26096
19337
17251
20501
17074
111
10094
28414
2832
9541
30551
6973
11432
24259
15437
4946
7620
29851
24452
6833
22236
29939
4058
22737
1372
11289
10937
11904
23462
17522
11327
30073
8795
8884
27292
24120
28375
21077
8380
24589
8954
5700
3111
28528
6702
29142
8741
28308
10149
15875
8229
3135
18915
7890
31583
1240
14205
27922
29625
31170
10528
26699
19943
21224
1236
17652
30935
24217
20098
27366
8780
9111
436
30737
32457
6506
14493
23406
18608
15098
17497
7220
15019
10077
6774
8527
2379
17646
15282
3342
8175
6815
30726
284
9448
21392
13284
24241
2266
8416
4798
22281
9573
28099
10951
24598
12037
6612
9725
24946
32311
11693
29799
11671
29662
15797
29595
6994
31972
28474
12164
21365
31012
21440
8290
9933
2440
3736
2578
83
2414
30900
24720
18342
14161
14009
21946
18361
20645
30038
29783
28105
9474
16341
27735
29843
25733
9455
29788
20419
11636
7653
25722
27567
7456
27596
28219
5445
26640
24360
5607
7746
15707
15805
20738
4518
31062
15010
28181
3172
27503
13463
10674
3677
13145
11928
5298
22415
31082
14003
12225
9610
1601
12054
24605
25892
32171
11628
8602
11374
16584
25706
6634
4327
15209
19364
28955
11759
8381
31142
4961
28542
23341
25664
16406
29973
13188
31521
2559
8437
29523
20647
11473
10128
1684
17654
23539
13117
24717
26440
28294
28719
10231
388
3235
5288
28256
529
16867
14698
30414
14316
6437
5743
20389
5368
9611
30681
17354
27286
7366
32556
26377
21622
26260
1211
16820
17837
17798
11616
24461
27655
32007
2160
17894
23966
6298
18926
5383
17579
14435
29951
22736
32157
1769
2718
19616
23400
15386
4241
5749
1568
20880
1180
15700
10182
19474
4084
24299
23394
15966
3830
26741
4689
26917
16665
22238
25569
7256
13602
16935
31515
15778
17815
14349
5856
6198
14709
10725
20536
22986
23845
29131
6886
24803
10157
13051
13376
16468
16420
6527
29757
7169
30568
15627
13520
17129
2579
11045
17268
10852
16042
23688
4360
11944
13336
6603
5086
15506
29787
4926
4111
18596
8062
12309
14865
14154
17095
22728
26507
6753
12337
16569
16999
26617
27164
29464
12841
3674
30532
9987
28544
2374
13040
7922
30235
23678
28012
5971
18622
6024
28856
2161
15253
18094
15746
16282
14536
30026
5202
4993
13135
9537
7941
14305
15368
24526
20092
29795
27911
17281
16533
17090
7981
13191
16986
6189
7676
3115
17017
24045
19881
157
18421
23879
30579
1522
16666
8868
12340
28525
16054
7151
3382
8189
28550
30271
6983
29958
28655
32438
19472
20068
16878
2729
19874
22446
338
11008
82
30391
10281
12000
32455
859
30584
14728
27729
11384
22575
28537
32124
11834
18523
32474
28390
15772
10398
1818
24141
19755
32220
9175
14828
3853
31544
7935
14856
22595
26687
3637
6342
18731
14178
24438
31807
24393
24746
6396
18134
21574
21671
20578
16842
28217
7082
7434
22023
9510
30004
2492
18242
16836
2989
18831
9540
22916
4185
13325
26502
19406
21385
19602
26367
9358
11534
22773
10810
2031
18675
19306
14251
2918
11372
935
25155
8179
1801
11078
17474
29092
9263
12651
23629
24666
4297
10662
192
30159
18747
4635
7493
31960
919
17632
28326
7656
27156
6310
12511
9430
22972
29852
29560
21472
31076
23440
2065
26607
15585
12887
16191
12829
10361
17776
26518
27252
26776
20964
17159
8184
4548
5488
26221
27112
7379
10726
14178
15938
29532
12241
31831
4485
8299
3160
13028
9146
31097
15973
8284
7861
21403
3846
20645
27033
6393
8467
30534
21914
21122
9233
26306
2055
31198
11862
4645
17799
10148
622
19676
675
29134
17342
15561
23940
3690
24167
12951
25854
3730
9837
23627
20686
17821
29209
1564
3872
12439
13211
23941
19285
29167
22004
27288
20994
13680
24851
13205
30268
4210
10558
16059
23571
12882
3508
26206
19548
31007
2705
13114
30132
16022
8689
12551
16065
29009
24664
29006
3515
20027
82
12410
10539
20039
29014
20786
5619
7266
17904
8678
5775
10150
19744
8360
12186
9680
23293
12606
21908
6644
1181
31093
10210
13167
21305
22456
23830
6430
12941
10208
17521
29901
7806
19022
166
21234
21503
8503
24545
10908
2357
30784
29960
8614
28889
2635
22081
24880
3295
6544
9396
3663
5205
19951
16786
15108
28813
19844
21590
25451
5502
17277
1611
19253
14696
18728
5966
20312
12215
25936
12245
5
27434
5578
5168
5851
27444
5963
7439
7514
6307
24445
6469
22426
21887
32081
31947
18237
17461
21398
264
23202
2548
25035
6735
7259
4184
3889
26282
30434
2630
11301
31190
24711
16407
7597
10894
941
26360
26449
17677
14134
1936
1836
18126
23356
14308
22594
1942
28162
11384
28436
29620
27946
25783
9330
15239
22312
30357
17041
7234
24822
15731
2141
9708
13321
28739
30480
8875
18565
25324
7684
833
12205
30448
22725
29911
25245
32588
13163
1018
26939
7072
26919
28899
28011
20111
12571
6395
3714
21353
19823
6558
2302
30471
4257
4127
1652
30711
19740
6925
10697
12762
25357
181
11173
6153
24690
7912
6949
17279
26483
2047
5840
6131
20214
28955
4557
17476
12654
21938
31059
8730
24051
29767
20064
14539
24472
2168
1966
26491
3833
26174
20451
31368
25107
23153
29703
12325
28249
29834
5692
28740
20740
7597
30889
15290
29098
8423
29880
5789
21266
2228
29313
29169
26183
30148
29830
22660
5099
21246
2976
25367
28622
2758
18233
14270
19135
8571
30140
6282
5794
22852
18762
17764
20675
17165
13487
13628
26218
24780
5268
27236
18352
15625
30965
26166
7312
7069
8918
32765
20545
10170
2610
8979
26307
17195
53
14406
20665
23261
16811
16000
12662
25759
3511
22184
19290
27174
5320
18115
1631
17748
21449
14431
17647
29114
12184
13873
31481
5979
25786
11517
15171
12978
8013
29622
12034
32247
20285
7911
11176
32671
3259
9041
23293
25122
8427
3029
10609
30976
1757
18069
28336
5894
30911
19799
1144
6605
23889
11562
16295
20101
10649
12619
32665
5104
2775
13641
18352
23985
27835
25192
5940
31943
12246
23619
29534
20821
9295
8374
22447
18852
7383
7931
134
21098
11742
18963
17394
7245
27911
10856
27845
23203
17626
12976
19434
24444
12474
23572
29688
14562
29974
19858
21254
13151
10211
4768
7874
26048
7497
9490
18109
10777
3228
20029
24841
10249
399
9053
17670
21567
28068
8500
18553
2365
28135
10996
21214
7516
6364
28767
15104
6673
26806
32557
8902
30830
5577
942
17744
1772
30018
31920
27458
23655
12310
26275
31072
31850
26168
8699
19804
4269
4623
6358
23787
23516
16423
26591
19230
18842
28455
3698
26608
16326
11267
27137
19996
5373
15986
182
4913
20576
31139
24409
15847
5783
1323
3701
30388
26646
12867
25270
9883
5278
12592
11414
30789
2055
15106
2872
28498
21566
897
26260
2545
7306
1893
21717
8366
17939
2757
28415
30860
4516
23506
22741
15188
688
11717
32762
18988
14227
8214
22102
7787
5915
17903
3003
11436
30535
16864
2761
32290
8526
18900
15631
29739
22243
10052
23154
27175
15544
1962
18387
10634
20033
12601
18668
25648
16058
28619
2427
10481
27499
19995
16803
1654
17195
28468
31119
20554
18211
7209
12376
14900
2260
23047
27177
15813
18780
7176
27041
32301
7668
26121
6264
7763
15806
29502
25446
15652
23742
13605
3392
3114
14373
16056
15717
13409
14294
28647
19800
32071
18723
30021
6574
27187
22231
28674
23083
16871
634
23065
17704
13416
720
31434
567
4878
19363
32587
12298
20183
25282
3003
401
12544
1610
22615
13923
471
2084
12016
29279
4555
719
23709
14483
22725
19296
27565
3421
8123
17607
14815
975
26754
30803
16086
14936
2019
6009
5831
2721
9714
19153
9589
28854
6299
29281
25951
28006
19582
15134
14135
26604
12285
11696
17815
21199
21650
6774
20720
6150
14950
1738
30659
4192
31264
32646
20243
2595
16635
29894
24346
8947
21276
752
22587
30966
2082
19698
5176
30518
30206
19403
14245
16711
15877
14157
1948
553
12355
27681
18355
8815
14611
29451
13355
10657
19693
3439
27754
20192
18046
27413
25003
31944
27390
27945
7669
19611
2238
6790
30537
15515
25600
10548
800
9655
26124
16686
24085
13418
17024
23657
7134
26849
1768
26643
29568
25180
18574
2840
31683
31190
25748
13803
3044
28648
1599
24451
5259
12779
26518
5028
1276
31325
44
13919
4241
20613
5690
8412
26728
11098
26096
31575
15705
15266
21261
30825
7723
8535
22702
21897
1543
4174
11107
17618
12076
10267
16776
9223
32229
815
13779
9428
6072
16707
14377
19030
31457
4346
182
24542
10751
31937
31036
19698
16396
32506
4267
27285
146
8539
27891
15817
14364
11152
28438
15185
235
9512
15745
30907
16363
11950
18588
28318
28134
30230
32160
12321
246
19036
7081
15292
2624
4711
24332
18755
23519
11059
30442
14624
19231
28975
30981
2271
25324
30948
18387
28913
6794
15064
7889
4009
25734
14002
14618
17803
10732
20894
17976
9926
1466
29683
8506
9727
21653
10772
32262
23632
27835
19604
241
4753
4665
29597
29837
28630
31582
14738
4546
28984
31087
4339
3617
3801
6556
12673
25716
12834
21043
24739
2970
24911
4116
6409
3986
17454
14437
21903
16597
26147
29318
868
28137
22896
20039
24427
23347
8115
6745
17121
27917
31664
32515
9025
14360
4177
12566
18788
27603
28907
20771
1005
19309
1731
19179
22756
10456
28625
18711
31393
5663
15044
4394
1004
16633
9286
23475
16226
11422
14720
31943
32283
15833
993
28846
16777
19807
8731
8413
15523
13407
29295
29988
28739
1882
12843
1321
26317
29493
13937
32277
21266
28813
8761
4237
5748
16714
15769
31460
29258
27767
21061
911
26758
11345
12626
30681
3989
669
17983
728
23942
26431
23349
28831
11887
17673
29326
12725
2572
14545
22933
12998
27818
18118
22668
23705
5955
31236
9204
20546
10987
8805
29448
13209
4970
9370
24459
8682
1323
4219
29379
5358
4693
29084
966
23034
6967
3617
19188
26487
7657
2003
20165
9874
10544
4979
3525
1332
30371
14926
2524
25653
28684
23057
6355
13773
9233
22239
7700
24651
28180
13217
4529
14601
21847
1181
30888
11167
26468
28747
12902
24919
4524
12899
16265
31969
15982
21819
26090
15944
14554
5456
21979
8997
7287
8994
13485
22291
21442
14150
12406
2146
27160
11446
272
29968
13525
5483
31333
17396
6078
32046
5098
32317
26780
20139
2410
15643
13866
3783
30981
24508
30257
25139
8824
23930
24306
4417
11167
2131
28612
32247
3640
21401
27902
16483
4841
29418
21271
23853
32133
25955
1292
19059
20107
16657
14850
14032
15855
21160
28205
18110
21277
25976
23280
15391
15932
18332
14918
15382
22191
24181
22880
10011
25314
24407
16016
14159
3395
129
26213
22796
10894
13907
23576
29121
13646
20667
12582
2301
8865
3313
6207
1993
29755
28516
10079
571
11181
31220
1339
16200
743
4705
1502
29402
3580
11523
31380
24098
10790
4028
14599
18992
24074
16684
7592
4289
3901
30755
3408
10072
12550
8028
14887
24720
20582
16744
12230
22448
8533
28904
27288
14976
29007
255
32390
25947
8975
8711
4307
1414
6043
13955
10564
13760
10368
29781
7813
18714
5983
9778
8648
14345
5800
8530
11695
25530
20390
17260
23660
9125
2492
3297
26919
20837
22254
11064
24735
18119
27042
1994
17685
545
30632
11966
10598
25829
20089
8760
1911
16501
31932
28110
21973
9529
13583
3644
8349
10224
19971
344
10650
4419
872
4680
21422
11168
23756
13810
23923
9029
23870
2996
12065
11419
24664
22101
16307
25798
18556
316
21829
8314
25181
1504
9409
7440
8641
17792
5306
18393
7046
11028
10136
4018
24803
10627
20726
29912
8177
27158
14920
19198
11626
16173
15041
24989
23472
12081
1652
1676
17169
11209
22713
5840
24393
18769
7634
4533
9800
2696
24526
25118
31798
5256
31406
21017
10421
24316
23495
23734
12646
13453
20583
21018
15790
6045
10171
463
26554
24376
11248
24414
7872
8263
13977
21792
32392
14087
25681
14673
16428
1210
11169
6502
10268
13725
23332
20384
5476
8985
17128
5858
5682
9789
3352
4288
9618
28268
2520
29144
30333
12371
29297
18533
28690
16670
26542
4369
16163
29164
12166
3595
8435
16256
30202
5210
19262
10809
5441
17265
5498
19012
10531
23299
18269
29712
29091
8984
12447
258
18656
6753
28161
4203
12349
24264
32654
21687
14528
1100
5153
16615
19128
19980
11815
10817
4259
32161
1446
12869
2382
11441
19327
3300
1342
25793
12784
30445
4943
26955
24156
28872
8347
26641
10319
4454
20381
944
18877
1400
19095
27768
25738
3807
5424
31611
335
6244
8546
996
27484
12714
11155
20107
3577
1888
8706
29638
14066
11195
7013
1921
25170
17188
8401
19345
29550
26926
20185
23621
32549
25034
4602
2878
2919
27326
567
23681
26612
16723
8704
22987
1126
12366
1112
12325
26482
14882
7735
19383
11115
13156
18221
26081
9223
24959
11593
14728
4454
29097
16441
20910
1104
23574
22450
9798
22463
1899
6419
31558
25501
16501
24645
13821
19662
23067
12261
7335
5745
2449
27813
13375
22627
21199
26607
12436
16133
6466
32204
10911
14400
10433
18949
4372
29126
19138
14472
1847
3226
15310
29964
9713
10706
5426
32248
21283
13468
32504
24193
9018
3455
15893
21523
30980
31459
29412
25331
22466
724
7123
7714
7038
4611
12381
9860
2974
5133
26680
9537
31674
24832
719
17772
28331
9244
8946
28899
28644
8150
4812
21622
5894
29475
1046
28491
27054
17394
8331
12672
3985
29434
32412
28179
3276
15543
20068
9215
30325
27567
21214
25256
21878
32762
31574
19833
11163
28673
12573
716
20201
26246
11649
27146
3890
8677
27644
11539
23014
22681
3244
24800
20524
18177
15107
8551
817
19044
27840
9406
19136
11572
3358
2436
27156
2191
26699
25725
30442
24331
27419
20860
14042
21683
2814
2950
26342
10317
27184
20532
8532
20959
3119
4697
21945
27249
11890
16357
1879
16659
6488
7945
17832
16674
32095
1692
4923
3528
12438
30142
11967
30402
24661
20155
29278
10854
2859
14642
15692
18660
22296
28534
7071
15564
6140
31540
8289
31952
6736
9558
9699
6860
1556
7464
26709
17411
28168
6841
11924
5803
24351
133
30019
28845
1073
16464
20509
7078
12784
1877
30089
31281
28445
30112
10351
6760
19708
25785
29771
20904
9221
386
28544
17813
2268
15714
30702
1630
3459
23203
7622
7747
8911
6169
12445
14932
11800
16389
8896
20603
10037
7736
14024
26300
21159
8572
11118
24508
27669
11311
22944
28800
21753
22577
30932
9080
7064
12801
32156
3260
28215
12066
18042
5013
20108
25540
2806
30015
6515
15264
16623
25837
14050
14884
27695
27918
1567
1488
3138
30159
23088
17120
7303
5345
6804
299
23175
2684
23600
16715
18054
4004
1676
21758
4696
22955
22847
7884
29302
30455
26024
29930
1361
26885
20703
11103
17638
8110
29163
2405
13971
14761
8246
11794
19753
11858
17982
10295
12610
17577
3212
17801
25557
31646
12522
23806
28423
18316
24017
6266
6468
18691
5665
427
20111
24778
2324
22065
13334
17700
25205
26371
6666
31827
27405
1806
16301
24667
3423
19743
7597
4104
4757
11522
10928
28978
11193
11244
20016
10304
6952
13334
30089
10475
4676
19371
32592
17477
5994
13028
28903
22521
2084
11633
10830
724
2975
31516
3132
644
2399
17321
17519
7840
30769
31232
13376
17641
6497
31374
9594
15056
29742
26856
16748
2104
9595
4273
32317
32636
22471
19903
30336
1716
30559
16249
24328
1588
30418
19331
3838
8278
14246
13214
20016
5754
27465
17097
23980
32586
74
21932
28302
12867
28617
16951
31510
3185
32557
25223
13822
29305
18965
18185
1034
13277
10384
21473
13280
13180
17808
19853
26650
31064
31132
6341
26522
4508
15814
12710
18461
23774
19165
7696
10003
13729
14563
24397
25775
3870
12993
9971
5434
28996
4666
21259
7340
30205
30750
30066
10365
11187
13504
27264
31673
275
5289
17128
16723
7696
25998
1247
22715
20011
18304
2177
20658
24562
7779
29552
1118
7623
14241
6078
3737
17379
30752
14861
1935
6043
9841
756
16520
993
9546
8101
29186
24333
12854
21965
4099
15838
31883
3772
14509
30651
10396
7622
28947
16447
4913
17897
9291
31221
26932
17072
6341
9824
26541
22614
20442
5951
22513
12079
936
17678
7189
32324
14110
28368
24489
18749
3155
26380
16547
13701
21788
12822
1178
15016
4573
22927
11829
12800
21151
6447
1762
2448
11875
18626
28875
7728
17590
10097
5382
235
32134
27715
16907
11173
31540
16356
3692
26880
29418
932
5056
29569
24367
2498
21984
4079
16569
8939
10839
9980
24962
9470
13331
8744
19998
20242
18273
4065
31051
11962
18968
21231
15818
27272
25619
24847
12909
5583
5093
21726
1138
29101
31689
22265
19471
16201
31448
8803
3918
1882
26239
10279
26395
31465
30767
5694
31387
20823
17238
17842
17600
18337
18319
21508
22555
9443
29461
27596
5361
26651
10622
159
1424
816
8870
565
21731
18227
13801
19147
4933
26084
26005
19655
15763
11384
16030
17307
14981
23449
24724
27627
16958
16559
16851
1778
25633
29790
1018
11554
7911
25167
27806
13322
16110
32308
22079
11133
30420
18950
11642
13809
26181
4497
20097
16421
785
32563
22217
23559
6274
28129
16130
17108
20716
7274
20812
17025
32133
9728
20392
6746
4215
25588
24236
2793
32052
7361
2172
7449
29450
9292
27637
25755
9719
20842
27691
16777
6590
27811
29718
25929
9018
31798
8840
7861
5107
4444
29282
12664
17391
31441
13064
15547
28107
145
25874
29954
4362
3295
20293
13648
20140
26252
24513
11154
29698
24694
11643
9274
10178
8783
11758
14635
27991
28320
29454
26581
29306
2573
1406
21153
23302
10202
12034
12687
32520
32686
18743
13853
20246
28823
25730
26220
21219
21839
23366
13214
30224
28094
9562
20354
5956
447
32698
1395
3454
8487
15484
6781
6058
9476
20230
30914
27251
22050
26751
10780
20569
23764
14467
26116
4099
24048
9755
14003
3286
26908
5356
31110
21958
7240
2734
16039
5740
8316
18656
19434
7769
25556
11962
18165
29355
13513
30564
19108
7646
8881
10341
27564
12772
18313
17502
28798
12407
24307
5624
16494
19886
20091
10011
19988
16590
798
14433
242
5987
18445
19658
25176
16016
31406
7601
4485
13988
16356
2814
17167
9453
7824
23454
20357
14289
9048
25136
5458
4378
29095
23041
12772
10898
26100
4155
22030
26832
11592
11609
14763
20561
30202
13022
29317
4299
7613
327
12917
23229
222
31294
12491
13131
20166
4880
17135
14921
1990
27489
26697
5782
2068
15391
19807
31915
17424
12980
2621
883
6604
3200
8218
15198
23500
1670
31288
15281
30986
30053
30220
6688
26173
6539
13983
158
11355
933
18228
21876
16477
7513
20779
10640
2114
10808
26917
24864
12630
21742
14185
19040
15284
7356
32647
5808
24330
14121
19259
27114
11420
14836
15507
29682
4748
8524
19284
18575
9304
1603
29083
27001
19620
6529
3008
14003
19514
13877
28543
14618
10831
8530
32346
31551
31240
18679
14137
25714
6460
6190
2900
18975
19580
13018
31314
11102
23632
11755
14770
19141
6084
6100
27499
6784
24611
25919
10191
11940
8707
5631
24245
10689
24449
9798
21463
22455
12238
8216
14969
27338
22507
24831
13388
3832
24752
26625
14225
18313
19987
16335
8321
19177
23463
22847
29165
20659
25187
27132
2338
1550
19365
9084
18703
7228
13686
22067
170
9584
11280
21767
4239
13280
7326
11523
5098
28444
25922
1359
4248
5022
9820
15200
29321
4258
14602
3948
22121
14392
28395
29985
26495
13719
32553
23702
21717
15796
17590
1922
8601
11795
12757
16044
21699
3549
7389
31650
19448
9524
19001
23214
13742
7875
22452
26886
30354
26521
27892
9027
32294
16695
21827
14356
20143
14823
26262
25396
15438
32592
22983
29849
10093
16200
30758
22511
13916
2793
16944
12356
21052
28647
29598
23557
27421
15392
2210
29993
18275
8053
10349
8620
25198
8153
6388
18495
7802
5031
8180
32062
19907
5689
30003
15330
22253
10934
10762
16312
30884
299
10784
4689
28800
4574
14712
8507
2347
735
5038
28721
21445
3039
4221
15247
4231
19525
29061
7945
2727
18303
15691
5275
27516
31638
19330
24515
18659
17926
26249
14575
29409
2764
9780
19761
17546
20928
26575
26170
31777
20005
1888
20102
24192
1151
15917
17876
10682
676
19070
6617
6912
24086
17572
14133
3009
27792
17722
18086
27157
27359
16555
10876
4188
1523
15349
28749
16418
31286
16044
2793
17479
15645
9793
26768
32348
25852
16004
14691
25423
17182
17256
31257
11083
25621
12294
5875
14554
27215
32485
15090
31565
30442
16249
8007
20573
5321
9449
28427
10514
23016
29206
4912
30180
13036
26328
31416
7713
3327
4746
13092
1678
20954
12234
25904
27473
27171
28026
2493
4366
14842
18698
27407
4433
19407
24058
17976
17964
7542
20122
8404
6433
17277
10773
9975
14657
22205
29613
9572
31894
24623
12104
29696
28863
14081
5932
25734
24282
1257
24327
2427
18087
25786
10290
26981
5353
20277
2870
29240
6416
18977
23184
16657
32278
3486
689
4646
19111
5046
11081
27901
11396
17973
32197
24797
4905
16058
13590
25987
23982
19727
23221
13333
8171
14262
21732
11356
17119
27332
10806
6701
1107
2291
7761
28456
6586
4850
3059
17574
31324
6399
8243
14828
5299
10936
23306
677
29461
31022
30993
14735
5012
24380
10892
19316
30499
17431
15272
3676
11258
3109
4609
22785
22331
3091
9063
11907
469
12834
18914
21085
11432
22977
6387
22680
28651
32097
6173
1598
10699
14981
1700
5650
85
23576
3221
13694
14998
24324
32006
19917
13569
9472
3487
28058
29969
18857
10074
26248
8239
19925
13446
29492
22997
3364
4114
31080
19700
12760
31240
15506
25747
6886
13656
5236
30649
26700
13015
31772
27790
8614
28039
3351
5821
11004
23577
15074
21788
31711
7088
25249
12943
19636
14312
787
3626
11855
13335
12486
3733
16324
14803
6791
25781
30329
4276
12829
8584
11392
17242
19767
9041
26916
5554
21154
24054
6082
12406
18367
678
8411
9715
21045
19134
6502
13327
483
27118
31851
26506
30489
27544
8909
1156
14599
32632
28008
22592
20597
31114
21851
22567
31413
2344
22183
12816
2262
27507
26874
12734
16155
7413
31429
8106
18603
20101
8852
32003
5002
8554
31391
16628
10440
28355
23196
31525
21753
7718
25560
32644
13541
20359
4998
32581
31360
23643
20311
13095
32284
29694
8267
31482
28637
22354
4038
5726
15725
30634
23270
23245
32754
31974
28692
2780
1597
30431
27353
12989
20292
15877
499
11785
2259
18246
7081
15036
26238
28466
31835
15746
25818
93
17245
6961
19693
30981
10758
19350
3042
21493
14595
2420
13057
22697
26609
17354
13279
14003
23340
13397
11474
28766
13281
16214
22952
22672
9835
149
31897
10229
19164
10662
21369
27993
23513
5483
27955
23894
22444
13530
29554
17712
14228
14592
15521
9469
12639
7750
14870
13577
14139
31988
5770
23160
10698
17139
6349
20269
28788
15063
7863
235
27649
1053
17506
27578
30567
24752
2966
29581
27360
31666
6021
289
21824
3450
20665
26152
24454
217
1354
19623
3761
32162
22868
13725
22485
31849
7080
19173
14957
18314
21186
2141
21747
3438
5628
72
10158
26633
1793
16113
31180
32167
32643
4498
5296
7913
18225
13427
18829
1546
26083
11350
30004
7015
26136
20243
30250
25407
7075
16256
18686
30903
17057
24723
16089
14881
2734
971
599
2685
25177
22219
24213
19520
5845
21577
31884
31061
7153
15398
2717
31842
4169
22238
620
12108
20926
2083
242
8957
13861
29893
25806
5221
15420
16341
9948
12990
18658
8970
8457
6933
17543
26211
14182
11526
11489
31502
6011
7367
28384
15753
477
26216
7397
8967
20995
1624
21807
22037
14421
6956
27797
1661
23174
21660
12667
28779
20004
21454
23295
24270
8557
24792
30835
11521
26213
6528
29968
2987
29733
32069
1000
3300
21110
31396
2077
15257
926
24980
19793
16945
8314
24403
9309
25712
31437
26468
14406
20636
14808
11737
12141
3039
9515
5838
27909
32237
4538
16182
1738
24550
9523
730
17136
4734
25487
9118
12890
8027
15080
30214
15117
27071
394
14074
9956
21094
6732
28358
2693
21170
13089
1381
6291
21253
20970
27647
13606
16494
9102
32688
23928
9609
16717
2443
14305
19104
24657
32735
24581
8470
8070
27832
17228
32262
26540
7593
8594
26663
4523
201
1568
31987
18214
21244
19675
12552
20818
884
1980
28622
18953
28791
22656
24154
25370
24930
4769
17810
14308
25070
14724
26514
23843
25266
12020
17487
8969
17129
9679
4474
15761
10102
11519
27048
18192
17189
26284
30383
20748
29748
16304
6995
30546
23314
15180
24610
10563
20070
10009
10140
7535
20563
19265
28055
9061
26874
27374
5602
18376
2625
10499
3625
32422
24787
9483
18200
18438
13929
25710
18627
704
18759
23531
26182
24978
15625
11586
21672
13935
2207
27953
10502
2074
1431
1442
493
9716
1178
2083
24583
11795
2874
1174
29178
14739
7915
14378
22413
9009
16718
10378
8205
7189
438
32596
2031
752
18405
14796
14774
12615
15382
210
5655
13071
28737
15633
18267
7289
11930
15226
9222
29199
4442
30193
9398
22272
18371
21573
29005
30136
11358
31078
18770
22196
4232
28882
19349
6549
24876
20561
24850
17523
2258
8674
20248
7539
13017
10741
13483
17052
21504
24026
30502
29670
7212
7802
25125
17300
13669
2885
32417
8388
29729
363
25949
28741
23749
6991
4225
10152
8809
17465
28805
7834
731
13386
18513
2673
9191
26806
5283
22532
21974
27693
688
22464
24373
922
14862
28664
13784
4880
32209
18813
18718
20225
26869
10863
16757
3506
18940
29522
22817
19691
25047
29284
12858
16371
2570
302
19956
31164
1548
8282
2340
1882
1004
1476
16895
3769
4154
20692
2852
17808
293
22794
4061
21649
7393
19162
3489
31459
32588
1723
1758
1489
720
30331
4854
28868
12427
19669
28551
16750
31661
25413
14064
29769
19490
10779
24593
3392
7282
24271
27474
8363
12005
31892
24806
26753
7658
6959
1105
14793
19385
12298
24871
28242
30008
25988
5399
5796
27675
31884
31529
2102
15440
27758
7236
7138
16538
13548
2291
12437
27260
5777
104
17995
16728
9538
2242
17723
23768
26902
23691
17742
24205
360
20869
27094
11990
32298
7334
9597
260
25467
5985
31355
25275
2940
27175
2829
23195
23136
16430
3618
23072
30915
26737
31831
1735
2109
2040
2341
7795
1590
16729
15449
31502
20732
30079
16325
31091
786
426
13622
18316
6348
7863
10406
23991
5144
17826
29362
10095
4767
15689
8014
7976
2573
13682
11447
24954
7852
4880
13993
31618
18488
20930
25043
30854
14575
7837
7048
29399
15079
4139
439
11260
30628
8115
1821
28684
24042
18363
10169
18524
6608
27596
16768
16730
21270
28021
25939
18361
9656
4754
13358
24783
2243
8399
7330
16955
5992
21095
3205
3274
28751
2098
27368
11932
7982
23774
28233
12418
17561
32124
8970
29355
28700
27455
13858
7296
24711
2689
22547
17356
7817
8967
19484
3872
9600
13702
30639
22390
3728
19046
1573
3348
29170
7621
29873
25523
29327
19647
6802
2529
10190
26605
397
28580
22954
3883
8859
24672
17159
31391
23263
29690
20038
5367
11482
6974
23
2801
8674
19326
1166
29729
24528
3452
4730
30959
18170
29579
6386
6623
11361
15088
27440
31765
1067
7310
24227
24344
4179
4291
3903
8150
26527
2701
15896
27880
26834
28145
32303
4120
28195
17821
9099
28960
21743
31692
10380
13749
11691
6762
32125
8900
10268
22136
30312
8956
4042
27315
19246
5772
27826
1392
24022
20526
7227
19915
15142
25444
30315
17408
2416
10241
21339
281
22959
5868
1256
6602
3795
25633
6316
10393
20312
31224
30253
17217
13597
14762
11603
24409
12148
9489
2336
27185
19317
21935
15003
6141
22169
25842
12301
11829
3972
10678
27760
19771
22817
28428
29477
32063
9204
2106
7141
608
428
26115
25338
15379
5880
4392
2479
5065
24476
11822
6917
16076
30916
28258
10407
22378
26008
4635
21536
4438
528
24639
30796
3403
6154
14088
1804
4082
19098
6664
28478
8198
19361
24939
7917
20406
4001
28285
30148
13643
29647
2412
15305
22282
2666
19534
28744
3676
332
16229
1292
9772
22207
2722
22997
14481
20625
24681
3079
4013
26987
1428
28320
3541
10334
6842
15980
24817
5823
2737
26236
1318
18485
16977
26836
23219
10512
5499
16228
21273
1756
30042
18746
31103
1846
23529
6133
23124
223
4278
12669
3638
27407
10981
6641
27667
22284
29815
14817
9870
10234
4813
29886
22692
31989
6247
910
17807
349
25586
26596
20458
6001
28802
2832
27671
4384
31516
23955
4574
27419
8567
2774
29014
15919
24067
5403
28425
23250
1323
28083
11091
17148
10199
23921
6411
30264
32566
20832
26469
17402
17850
24497
17175
6195
8548
6391
12987
30243
833
31127
4725
5486
8245
3961
29397
21875
26359
10244
24319
31449
5981
6730
19977
27498
24282
383
17316
23589
7749
31664
25599
9614
15579
16561
32488
12873
11400
9560
22069
15335
866
24296
9058
18944
20086
6864
8315
10114
456
16022
6204
16968
10645
25614
16760
10479
16603
26063
27063
6885
20764
4071
13091
24258
16222
18638
27045
21212
27254
18073
13131
27669
32390
9328
8173
5880
8645
27714
23568
12037
24190
26807
2826
72
28252
21351
3175
1841
19172
13129
12428
25247
10051
32622
8346
11326
14154
23023
32149
11027
26551
30500
31430
5205
27574
1302
30557
20095
17319
10039
23387
27299
8482
23121
15279
18433
19512
21693
2463
5592
28156
14037
20842
10108
25667
8107
19500
20137
679
31228
18689
12311
25810
5471
12653
17998
13817
24514
11516
1724
4518
21271
10277
23813
25019
27467
17012
28826
23988
14456
26601
26765
3884
24923
6555
8612
32674
10760
10656
2732
29566
21212
28209
6927
22095
25524
12298
6057
15447
14172
22544
6616
7497
23371
8246
3282
11345
6029
19361
5436
29013
13056
10763
5880
1915
18371
27237
19774
9451
15340
192
10478
20438
12921
9069
26916
25783
2186
9059
8717
20952
13005
9186
9722
11288
3897
30038
1203
237
32511
6014
5390
2469
23741
9933
15552
9201
8949
14609
27250
13219
22207
27986
30232
20919
2746
13053
23422
27792
3656
3138
803
15749
7419
20410
3403
14236
8778
11597
21328
21397
25993
31315
4921
23851
12824
2297
31117
9622
20442
3814
32106
16212
24552
24351
17105
10025
29063
31528
30532
32357
25432
16237
23699
14949
25807
12000
30195
27996
11238
8674
2896
3156
13075
23655
30436
22127
4983
20309
28937
16755
20312
2350
20043
3973
8401
6639
25538
29237
8392
28216
1439
24251
23073
26028
21508
30592
7473
10395
18969
12001
10102
223
17244
1839
29573
14851
27448
5114
17731
19627
19162
8335
18008
22831
26944
8127
18145
13706
12690
18658
30309
4723
5046
1564
10507
31689
4895
6111
32010
14388
14309
4529
29792
19466
5659
5168
22215
9071
24413
26707
28645
10177
12968
24562
32195
17459
7790
8073
25472
7607
2282
13625
29767
546
29362
8463
27262
21130
18315
12937
24384
27891
12672
24406
22030
22827
8758
30558
12481
15603
1658
23042
8131
23391
22556
4261
25215
9088
512
29291
27670
4672
19058
13632
16468
27532
14266
4125
7394
3769
8944
21126
17085
27168
27922
5464
29670
21004
2644
26817
31068
16087
22455
9104
17735
13903
28381
14255
1398
25694
27676
12269
14859
9963
23249
15105
9333
4347
15351
26572
8863
10524
23288
30431
19047
26371
25794
25917
22866
13428
29982
5218
19582
30050
3645
13188
13528
23384
11924
19992
7054
2071
30955
9112
2760
17281
8880
11396
3731
18613
7312
28839
16925
28284
10569
4763
15656
12004
22201
13455
30137
21034
3387
6728
27152
16605
10548
11366
9949
16705
21225
16617
32177
9202
2196
19699
32691
9161
3766
25551
4244
32003
15022
10035
9669
32672
19339
3266
1511
8458
17695
7381
7299
20727
340
3707
13819
5520
27588
25791
14272
13011
7043
28969
10438
24886
16191
24455
7733
22413
3980
12012
24674
11309
15225
15354
23549
20818
871
16477
13196
12478
30235
27544
1303
10915
1041
30980
14373
31683
23827
26389
26600
20182
19467
13280
15797
32044
1302
17114
20407
17043
6617
20451
22499
26747
2072
4995
22318
11352
5764
31859
30974
25928
29653
8799
19167
11510
19481
21994
7288
4030
18508
29171
7101
2066
11304
21014
358
18716
1598
4726
24991
7332
9798
31930
29953
22581
19892
18006
28097
11643
20108
1036
11559
23024
3190
30386
27970
31160
5141
5429
13019
456
15509
30686
7079
9550
1923
2260
23744
10829
13026
7651
1366
29064
12667
24443
22946
13730
32116
8444
23068
17795
31012
3632
19182
15870
21030
21017
20392
1712
6828
6894
28469
5675
3350
8032
5134
16724
11716
2337
23725
6665
16168
26791
20549
8455
15391
5678
19376
20235
19585
9212
15017
14648
26614
17896
28987
21689
6924
21021
14713
7591
8839
16156
26992
9517
20729
17152
5466
19178
29330
30726
12821
9622
9016
10828
15315
24297
19162
13017
13586
1720
13314
990
4559
8546
28842
19003
25334
30058
337
18501
22046
23653
29262
19911
23923
6935
25443
28999
5107
1241
11669
28298
12766
28221
6971
20058
9575
13045
26198
15238
9136
21233
28960
10539
17909
27336
27880
11826
1800
2905
25372
14874
13565
13490
21672
1783
11046
30769
25470
27835
26690
1512
14966
31157
21745
10566
10073
29783
20075
30964
6968
10812
18802
15870
1283
12394
8581
22067
14935
30932
26711
5582
25238
24867
18815
27734
6205
7861
22129
20674
13426
11238
20141
14561
30941
6799
14390
8185
3001
28621
23622
24751
31275
27908
31808
26150
13522
27171
21222
30827
15007
9513
13772
10257
26087
10984
27404
7448
4022
15624
1852
19732
32103
22864
26525
23690
19569
17953
7317
12190
20612
18499
22624
28139
6101
26085
13826
32179
2486
23262
27776
14904
21353
8761
16975
26985
5942
14577
21773
13505
4539
32249
2415
10605
10628
21375
14203
941
7387
25970
26359
18812
16865
14658
12321
30835
3294
27367
5280
19179
20694
15140
25787
22626
28253
21261
1225
5408
25771
24775
9960
29977
30963
29071
19698
13846
26609
11517
9901
5392
21955
21898
8258
29404
28665
12881
13553
11278
30191
17938
23042
10263
7003
30588
5631
25520
31010
3756
6176
31356
112
11249
25607
29672
9223
7122
26029
22359
11223
11346
413
19324
26319
26482
30048
17670
12020
22264
7224
2179
29616
13679
27665
894
15980
12399
16052
16619
25953
8222
15166
31942
24746
22519
29648
6902
30110
29898
2953
1399
11358
19460
30897
13752
17322
24625
14135
27970
5881
32447
32606
24987
10952
27397
21683
24426
21298
14980
322
10459
10433
18028
20745
4933
16260
22114
8621
10251
21601
26752
6764
19648
25773
15005
8275
13966
25594
30927
23217
11480
1072
13615
23499
24350
17376
3292
16849
21025
14036
7747
25617
10312
15595
13469
24683
18755
6948
19640
7429
11502
11000
22267
4672
19832
5101
23205
28906
1220
17256
24149
30901
22799
5826
14799
4839
31956
27551
13565
1364
1516
2683
6196
20873
8186
8070
4537
5195
15878
13746
5252
31040
3944
26634
5187
5867
15336
15685
17058
18142
11043
24987
12746
20010
23345
13015
39
27163
2692
21166
29039
5410
14611
13135
6368
6163
17592
21051
30921
15248
9431
5463
15179
11717
2369
32319
26721
28759
24664
10206
15646
25238
2163
16956
2102
15354
12420
150
12224
2765
11256
11700
17466
2853
15838
23159
17614
27157
8012
23218
30931
18724
17662
1082
663
5630
10305
25665
3932
2666
5903
24287
18592
26748
20348
27890
27298
18188
27217
27688
9249
615
22774
13658
9063
9539
31381
27932
29830
24057
3196
17042
5346
21486
31171
4229
24559
29010
20015
5301
14652
29966
20567
12657
6065
24823
1797
28006
22037
6216
11743
9653
27858
16975
23879
9800
30973
17766
27007
7269
13457
28197
15633
6019
17403
5846
12910
3165
31964
25385
12501
3654
2570
25642
4214
12988
4312
14447
2520
21311
15255
31894
13432
8548
19804
8175
22707
16677
8964
29045
6373
23931
17782
30979
13779
27439
28968
28868
29254
3564
14053
29420
23033
21402
6605
12197
28597
14823
20125
16204
1723
12838
48
25822
19298
5981
15686
21677
16129
19097
29573
21336
11023
27013
7101
16633
20361
21307
31600
25760
20628
28506
8082
3073
10084
27481
29837
21353
6748
25115
8072
10743
119
8643
31977
26120
21478
969
26648
32243
22523
2894
12422
14583
22085
15788
24559
27761
14077
26962
13788
6482
30880
20175
31851
32209
19166
24620
6738
28509
20659
2687
1570
4310
19924
15805
32457
14588
17228
9936
11611
7464
16231
20457
5138
5178
25807
6936
28307
1490
27893
19226
26482
22979
10674
3698
18169
31684
18991
16571
32549
18281
26370
22076
14578
28754
6553
9661
18136
15011
8924
1177
8342
6067
25870
26901
19502
31497
13556
1776
22577
31620
17978
6715
19260
5337
14098
21611
11459
7491
32542
8109
2829
17269
17808
11385
8832
10452
25232
32106
2591
27619
4062
25933
2385
14078
3256
11128
31460
10060
14590
19037
24913
8175
27540
31838
4162
23933
2056
2787
3921
23988
6004
5034
6675
28521
26790
14431
24917
32450
31615
27757
29093
29093
15257
21779
25365
10352
20012
28602
13883
30443
30515
29318
636
10619
22986
6955
22923
27288
6107
24578
1068
7296
5369
14172
31806
31533
24716
26902
18424
6789
2863
7789
6771
5330
27478
9236
23912
32113
5428
4740
2108
27598
2524
20628
26681
12944
24998
9289
15903
5904
30164
17903
21723
7440
19829
10600
30102
15018
20874
29125
23793
2182
3176
17171
5519
16976
30813
26231
23509
11113
8598
29822
28397
11229
8000
31150
29457
14742
10222
18785
18694
25039
17723
29395
32486
1739
27312
3193
15907
9670
29672
18836
23241
14636
19953
3591
26627
2825
20470
29797
30177
3008
1819
31311
23640
257
31145
18173
14219
8437
9579
16410
31048
28091
15704
24789
13270
25880
27249
1845
494
22634
5101
11180
12295
222
29332
14064
2775
9187
29545
27142
30486
23519
11659
3231
13957
22816
28509
21928
32303
12053
9957
16925
16878
446
10610
19998
22834
10081
7810
17476
24830
4735
4578
5941
32563
6150
28951
31094
27409
26056
30717
10113
24315
15660
20654
6168
22394
17955
27301
1752
17285
3678
19748
3345
2560
2239
26834
15573
2178
8461
11433
29263
28507
14315
25103
20310
7894
6923
5187
5442
27067
19871
1787
20735
24856
13584
76
3424
3393
32243
27081
32693
14358
19769
3311
25247
11396
4517
28353
29475
3919
2436
3759
17406
13582
20632
3260
23352
6519
2645
31456
19964
23516
31824
23979
20135
25846
11508
8236
24863
6626
23158
32529
10598
16489
24076
12047
2159
30852
20314
17029
31536
28447
31789
4700
28664
11806
2156
11825
1539
11678
19020
6070
27468
2685
14018
19797
19618
1564
29246
26647
3070
13155
22934
20677
12564
29958
5952
20557
18472
12551
6341
32614
8995
23933
30834
22903
12518
19091
12113
30389
24286
19923
9048
12684
14552
12965
26079
15169
15127
5138
13912
25557
2724
974
7482
6444
2022
8822
13118
24943
28530
3350
26830
21678
32036
17390
25018
22986
17775
28278
14638
10898
14577
8351
16865
25388
1611
1372
5774
8375
20015
4705
3752
29486
23995
10538
27466
9871
25349
18752
20589
10045
20471
14264
24157
1443
24413
16380
32622
23835
28732
29134
15850
8718
11109
137
13903
7004
10059
10154
31159
2814
32274
14480
29848
18922
2536
13696
11693
23350
15256
7660
28980
14977
16220
20469
15450
27023
25587
9006
31988
307
30708
8355
31087
18802
4450
31770
29962
7397
29568
12952
25666
7007
1767
29223
17806
28624
6101
11991
29261
11625
20168
2307
31741
2049
5964
26837
27053
27576
26897
29452
27061
14298
10048
15101
19364
8454
2575
21976
22138
32399
18068
13101
20248
1826
26838
24239
17140
16553
5162
3895
27409
10096
7613
9996
15151
20614
13677
2401
28991
2919
4317
26911
14617
18135
19656
29925
14449
15633
30869
1101
5895
11041
44
10866
22303
6031
26633
20911
4657
27709
3982
17577
28129
26514
28062
18575
23857
10456
31591
11424
502
23523
16767
29422
17033
18420
15155
30306
26558
17885
1052
12801
22298
24933
1011
3437
15680
10733
3237
21167
15533
30292
7850
12595
29861
8217
18323
29204
29805
31167
20195
16795
28347
1142
9504
12802
16747
10487
18730
23421
9587
30640
6091
15739
6937
13345
14734
17704
26212
12166
8917
7479
12240
14006
23078
10976
7493
5963
30918
23588
30538
3
6537
11096
11895
16486
10728
31713
21800
11177
20820
13373
24953
8915
25290
14659
19310
2590
3240
11947
23409
11680
15039
8400
15618
22826
24233
31669
10666
10097
4700
29510
16432
19563
18688
16609
23568
24316
510
23061
297
26066
12890
1194
12214
11150
22594
27617
13439
7716
27879
6908
18769
15748
10379
257
6571
23930
19675
25020
32698
16082
27008
22531
3463
17345
20209
19774
13936
17280
9099
2598
11477
16698
20195
17612
18451
2600
12123
20445
1718
32507
19955
20261
234
3194
1122
5459
24371
5996
18790
3836
10590
24504
5976
24290
440
7883
8451
3957
8317
25914
18614
32154
9107
31656
3480
24748
1656
19179
25404
5056
22138
3946
10101
1070
30502
23497
10860
26957
2818
11977
31983
10621
21631
8297
30988
4203
9001
27218
14559
14992
8481
20337
28584
23035
5325
9958
22816
14417
27342
3613
13070
6674
7218
1594
29973
26397
17643
187
15056
15479
32384
8024
5153
19272
21251
11054
12229
10534
23619
1821
5164
30102
25410
8559
23176
30928
5098
10426
8229
8131
6395
2055
8696
31065
13384
28211
13946
6396
10019
25750
6583
601
32534
14563
16289
612
6868
15951
8363
6556
31598
10742
13459
23440
13770
3706
3967
26530
6226
15085
21836
24331
22761
241
30499
31775
24355
9757
28493
11986
32437
1187
28488
25212
13866
7984
13338
20697
17880
11284
29925
1620
13075
23459
8124
31621
2976
24027
22709
26616
32108
27463
28479
12848
5758
21794
15798
8427
16683
24768
10037
12712
20617
29226
10156
14439
12582
18953
10802
11440
4601
23237
6556
18390
6552
30957
24398
22653
31660
27354
17489
28506
674
7055
26790
18746
24996
29924
17626
6726
25288
9444
27099
7813
17799
21107
29450
5026
24944
1332
24209
32752
24861
17577
16375
27307
10599
12956
242
27009
16598
9406
9340
10064
19291
399
16424
18482
28226
25725
8119
20151
12386
19792
18150
26225
10903
24261
17803
14262
7282
28793
4576
10401
14638
30729
23839
12122
16614
3448
5711
6551
14854
3793
3933
28003
24320
9997
30830
18207
5184
15414
9588
22726
31329
2253
20991
28277
28833
25706
22359
7210
7058
32674
2247
30923
17427
5933
10811
2667
8831
25160
13582
18378
27172
16473
24349
21274
10487
27090
6176
21001
20357
10327
28986
1787
29997
23075
8910
3991
11405
17576
9365
27782
31802
31349
3053
13943
20404
22621
9332
9319
29849
24022
30422
18207
30744
25759
12771
7678
30889
31654
10725
26872
16379
26920
25136
23519
14638
6170
21754
5857
5955
29896
28013
2131
16337
31932
26619
7085
19961
1505
3314
22997
16795
232
31056
24224
11978
15083
27096
18326
382
25168
15461
32757
10633
21233
7039
3577
17101
28025
2092
17755
3499
32273
13832
791
19391
30269
28056
22131
21706
32256
26844
15165
30703
8263
24099
18772
32035
5765
11555
32106
23263
30618
25161
32519
29719
19961
1102
2001
29296
22794
24587
20492
4270
32205
18062
9309
26987
10945
29037
2259
7695
13060
346
3367
27132
25787
19192
13891
30217
24244
26094
8450
50
26954
12857
16951
11150
22153
18374
26608
3201
11667
1088
24572
17714
9538
11047
26538
17983
12815
19490
18644
1968
11059
25494
18460
20010
19212
26999
18550
20581
3777
16990
18407
20704
14633
18140
6540
32724
31977
21775
221
14694
4573
8306
4659
29728
14778
13305
31880
29602
30705
23134
8318
5013
214
24757
6307
16097
9217
26439
5876
26400
13812
13469
15264
4178
15615
16091
18702
17618
25953
24400
22816
1417
176
25674
30650
2657
5243
29999
18046
26364
15405
31945
3546
26535
25140
3554
24389
14985
5219
30225
11461
14624
30613
29395
31157
26095
7828
15581
2245
29296
18489
23985
11074
24912
18644
880
5528
6363
8909
18159
23829
31158
4748
6156
751
19916
4503
17475
12425
9098
5370
19324
2290
26959
2796
30503
13230
23838
23471
26507
1210
9367
29112
2907
26058
8485
3344
13707
25813
21624
26106
17761
3027
26934
25302
5327
26054
13293
25925
8448
21751
16461
29326
8497
7810
16020
15169
32706
20244
25929
17946
27021
23796
6957
16935
26486
11072
32111
17453
13891
21114
5663
29513
20655
21059
22245
26835
24505
4197
11251
18311
1346
18711
15160
19943
13527
21629
9174
26587
3788
25967
20951
923
29066
9595
14875
11726
13609
21037
4757
14580
17730
16269
23224
29697
3326
25578
18475
13386
26995
20694
27588
13989
5681
15730
8884
7116
18455
1516
10239
1027
27244
17477
23088
3579
12843
26200
2378
15605
31645
25880
24833
2602
9773
281
17194
9579
25209
10322
9841
10501
9893
26913
19786
17639
15604
5775
26922
9479
8345
470
32246
5889
7370
27936
6588
13057
25111
7058
13473
3044
1530
8841
19738
10906
8367
24611
5215
22735
32069
15106
16157
32458
4086
3916
20075
6293
9908
27894
25856
1630
2052
2883
31907
15389
29711
5511
4066
5239
15350
13617
3079
19170
25447
32008
8008
24843
110
6581
14142
29557
19853
27522
17305
16738
8718
28001
4369
27638
17560
3376
20640
12442
19457
22843
7918
8863
611
9987
8205
10275
32370
5950
870
15929
26380
6942
1011
18500
5394
24278
14511
28324
1911
15707
18763
20629
23958
8551
23331
3411
19401
30660
19056
26755
15927
5831
959
3534
7661
16155
4514
14287
27697
6591
12965
15919
10258
22354
2947
20238
12868
21647
18842
22437
9003
26644
18845
24618
18230
15719
5769
24308
13678
24890
21722
18144
13391
25326
28158
21747
24790
12119
4106
24897
19419
2239
21932
14093
417
16429
10848
14385
12204
5095
16103
20417
23762
22325
8694
30699
26517
18280
20779
22305
16048
12827
22084
14459
2032
20665
17555
25430
10565
32063
10925
5698
26649
9283
19555
10523
4832
6198
14579
6773
26865
10726
4479
3133
13460
10822
5053
29598
19292
14706
15601
34
26807
1774
6424
32282
5827
26414
4710
14399
6499
25180
21747
7321
3987
8277
6834
10400
16120
22005
29602
24738
15803
6036
24136
22116
28312
13520
17500
780
818
397
12227
30782
30890
12347
19389
11398
17007
8536
1632
26358
5976
19509
26181
3600
5360
9468
26753
24038
11537
9202
31446
18815
4532
20986
26155
2941
4871
32347
15674
10749
9152
450
9097
29119
30641
12939
155
11399
28829
28220
29543
5826
19787
23634
6665
22637
20184
20033
440
1331
18513
24758
21240
26581
19586
16927
3600
7375
28168
17005
27583
16441
17838
4120
13867
13035
13046
18020
11802
15076
2805
12516
20580
749
10596
26684
4009
15737
6133
11306
22079
28368
16355
7880
25710
8812
22989
17675
24288
4003
4036
28816
8531
29063
1443
30360
10641
5643
15262
22609
11938
26727
32542
16471
14400
31421
24013
31098
19083
21244
20204
17090
31230
32517
1773
9392
31650
13324
10558
11207
1409
32065
19555
11339
4958
15792
1095
29513
25507
2406
26324
2263
16539
6614
16065
26525
27105
24955
24747
19860
12825
702
22120
2574
9437
11801
21656
27895
18682
11133
11900
15194
21213
4849
15372
19750
23368
30845
26179
14387
28234
3910
19902
11392
1645
2042
16261
26047
18481
11886
27689
22035
4537
2694
5391
28184
12997
2134
9227
9764
24800
27526
24880
11468
15323
4603
15079
24234
30329
18867
21567
27486
30572
15857
19844
19411
1664
16283
31507
28100
23063
27872
32364
14462
6357
31773
30089
20199
9116
11778
13423
12991
15291
10993
15618
11558
22882
20390
26909
8286
18010
11549
31458
9939
20722
16304
1871
9048
11069
8577
28434
9908
19066
15383
22943
20061
23252
15692
26239
131
6988
21350
2283
10576
13811
29828
16793
23919
26716
13628
10966
1483
4177
29314
2773
30873
28869
21195
24647
9112
17162
25203
7467
11159
26692
20316
1000
9529
20254
2009
23193
19189
25019
16586
26792
21600
4080
9992
29342
21167
18864
16387
10297
13943
32199
15785
14528
25272
28875
18826
403
28954
80
2874
2822
2934
9820
28151
18287
32408
20763
27020
18558
27204
25299
21109
24269
12918
28185
30020
22456
5614
582
324
19823
3564
7205
1627
15689
23353
3822
2613
22620
25702
31096
30878
16970
18776
7082
29488
12893
20485
8243
17455
10967
3704
11898
30897
14979
30235
22744
26114
31888
9269
15110
7750
19103
7090
23761
6240
21787
19491
11541
3859
5577
2565
10472
23399
20640
23622
790
20047
5850
17157
24526
19848
75
23450
30874
14276
3826
1494
15508
21512
28878
28299
16600
20563
5106
9039
5429
4992
16604
4990
20776
26221
12035
8830
27914
14429
18351
12103
15240
667
2829
13602
5972
3937
19331
27056
6426
10231
13121
31791
27062
28191
18457
23033
1188
25777
24976
7245
32439
27523
17717
850
9486
12939
23857
8793
2117
26696
15648
8547
18408
10077
26911
14307
12845
26496
4902
17605
3042
30098
17049
10158
5284
14095
6681
16262
6994
15529
12192
12852
14017
26672
10957
25000
30385
10677
7548
12831
8448
6127
19098
1442
20254
26590
20280
4304
32705
1965
25053
27870
28890
24797
7201
2780
21959
1440
631
27706
15818
19843
15947
17546
16058
9552
15949
26759
14328
5683
12556
11863
16805
18459
3526
8973
7186
867
8062
14706
13176
30130
18000
22021
3050
15904
25346
23616
10631
1178
8411
8477
18676
8327
4536
26329
31754
4779
20572
17912
32459
22092
7432
10121
22683
19860
10315
13483
7597
19767
28
24400
25787
2902
21286
26689
17658
30114
32355
1635
28749
12996
6380
4920
15800
21245
29200
24744
14360
29705
13731
7170
1298
23626
10904
25150
14410
20770
16339
27013
26325
11425
23352
25587
3824
30304
7944
32667
10226
940
6509
10187
28287
25319
4691
27538
16639
5676
27514
11648
8270
24882
18121
173
10421
11891
26342
22268
5914
20365
32259
25761
11891
7400
24315
23777
4481
14489
17565
27673
25786
30854
9031
4866
19591
15307
14520
18227
7087
12125
19999
31976
17939
17901
24695
32257
27549
26384
8983
12878
3955
6556
4229
15625
20336
11605
32140
5028
12244
10185
25230
29126
20282
30840
20251
20112
5835
14392
15297
14116
15026
30680
11814
12904
7887
25092
25429
4615
29616
13416
29782
21689
8125
21529
10497
32197
18610
304
27923
1476
4435
28088
7042
18599
24411
15306
5134
5371
15797
9974
20249
16492
12014
23781
25528
25992
1003
18749
13322
11974
2775
22725
13257
21191
10848
30666
32030
9691
15651
20417
10170
25799
16740
2093
5666
7366
12547
3779
11594
21709
5547
10956
10854
23571
11597
24524
2813
25041
13005
25441
15167
14918
7931
10861
32408
29951
30148
20855
18053
10325
29610
25679
27559
5687
12145
18673
32022
3626
1051
20908
6647
12429
22295
14980
2385
30498
3766
5588
1052
9930
19678
27704
26011
3728
16898
5033
13804
14313
11345
490
17118
27706
22318
7716
15106
13211
12001
21965
32517
12507
15500
30925
7484
32452
7776
8420
11137
29344
20496
10310
29502
26620
22406
29577
9159
31147
10710
4801
32493
19470
23664
32234
13264
19603
30361
28806
23540
2684
30492
10374
20119
3298
25148
3182
15938
18937
27630
31925
21663
9109
4677
21610
16522
3309
15406
23838
27242
15775
12381
14845
17090
5621
30855
3646
24323
6247
1234
25278
22693
7265
9098
3815
8821
7750
8469
10455
18481
20660
9257
16574
19538
21258
6716
27528
6185
12583
18492
24765
12845
4213
21377
12197
11924
11815
22272
20399
3616
4798
22721
4115
32572
7890
13203
10935
13639
21775
18686
32336
18992
1406
3961
13257
24131
15877
20701
21224
27202
9266
11546
2607
30648
7220
13608
11776
13194
24874
12865
13061
3791
29345
27982
10191
25057
31575
2719
29117
17844
5445
19934
20768
5991
3805
23110
28828
23065
5521
17168
978
27390
27028
46
14651
15282
32484
6972
855
1741
12168
10420
32008
12983
25366
24929
27960
22206
20345
28694
11714
5733
14065
18335
31120
18175
18267
5368
26113
4989
32435
8637
2957
4741
14551
15074
8619
708
19086
28580
4594
8580
19912
15551
18047
20353
808
30690
14232
30712
27839
3936
31886
28162
1563
29224
25576
13344
15744
13303
22205
25111
4725
16844
2914
7422
32130
15005
19270
21909
1337
16456
20505
16600
9331
21708
31796
16084
26076
6073
29237
9146
22706
30693
20457
5938
17097
11617
4208
32241
13267
4011
22939
8590
24030
7205
14489
2705
22302
16582
4563
16590
10477
16144
18452
26097
20496
15170
24301
24153
4668
19406
7256
31786
19672
7437
28059
24733
8453
32050
4975
1947
8412
25725
22882
12683
25078
19889
23674
8040
6450
29383
9499
21782
9138
16868
6186
22006
8487
7817
883
4024
847
17161
18760
26480
14012
22081
28523
7404
18646
2435
5423
30789
12067
21203
5337
30133
5062
5974
21580
25512
19270
23047
2278
10006
22417
17068
29349
6671
7233
4361
21134
14488
10269
20563
8271
4021
14307
24295
17187
8903
22085
7740
20982
15128
15665
24342
7882
21941
23637
24061
4441
9084
10467
25582
5371
20341
6801
24400
7627
32614
31205
2345
2309
17057
25519
27282
23731
25377
9687
22121
10889
19669
22872
11077
6669
32572
23949
29103
24059
15666
6316
10895
6375
28426
8592
25060
29988
27356
14011
22968
29669
5920
9883
24916
14242
7036
3340
11440
19901
5083
2591
16429
15206
31167
22041
17542
20924
14296
22207
22276
3380
7125
6609
10738
1087
6778
22741
2385
10535
6643
27157
6093
25402
13928
17131
22511
17195
13521
28476
21907
22197
6156
8771
925
24449
3116
17552
8680
29002
7189
9040
16255
15167
25926
9422
11536
169
15861
9786
29597
1229
353
26282
9077
28180
30308
9054
3939
25705
1095
18760
18469
28387
10715
24523
27679
21668
27333
4292
8017
1281
10010
29127
16263
19171
4396
29355
10447
20332
13731
5448
7728
12254
18895
21119
10905
10937
13372
20603
3608
10276
903
20023
2892
8590
18289
26688
10525
11413
50
6845
15530
11559
6160
9388
20355
29415
6959
12398
13849
17874
8619
25990
27251
9762
8164
18334
32546
17266
4377
1738
15990
28452
12345
9489
18930
3584
13045
5418
19966
19741
15130
13955
7644
7685
29214
21128
19421
15892
760
32545
4565
19745
26165
2684
7628
14177
13385
21518
5878
30343
29219
14036
28390
28208
3076
26847
21246
26495
29328
29711
21034
28676
3622
11295
2766
8163
31853
17889
29948
2866
19503
29643
7403
25250
11115
11187
24996
1890
15269
31191
3071
5696
129
1312
20942
11794
7312
10408
6488
30036
20586
18041
4361
8978
28669
14232
28519
3849
16932
32066
28488
3337
32380
6005
23618
6045
23923
9394
17252
3566
28321
12034
7203
2277
10588
18999
32151
2960
27526
26484
13288
4807
23210
495
18947
18447
23367
2294
23441
23486
4716
11056
17193
19040
9605
26406
30916
4442
11381
1281
13426
5837
2533
23957
10572
18621
7643
4767
27818
14195
1678
7243
23958
12063
25465
20474
8320
5314
20142
17473
819
2635
109
13877
23815
7680
20725
21478
16216
2336
3226
4137
2616
16839
19992
25499
14689
25617
21287
7906
32109
13954
32591
12854
30026
19878
254
3617
7144
4852
19672
386
15924
13048
25422
14552
3402
14002
5234
17085
8422
19513
13833
15793
32284
675
32738
4889
30282
32041
615
25479
29258
24967
27506
2108
32236
1442
3426
19948
10147
8301
23661
19649
2174
525
22072
418
2138
5948
1956
3252
12887
15339
9451
14625
11656
8491
26605
12825
11759
19021
10436
2327
29096
25928
25758
29030
7780
604
9932
21731
4889
28405
2070
9732
504
14290
14418
4889
26272
5734
17973
32466
11409
19839
6504
25090
6627
14629
21214
31394
21048
5573
1894
27673
1519
17039
2172
13499
8602
796
12133
7311
4530
1108
24187
341
28298
10383
11461
9159
9346
24314
28618
23072
27773
2621
6055
19419
10389
14938
4448
6845
30989
15832
9076
7445
7558
20002
30900
3395
30326
23338
19796
21111
15063
14929
29251
18107
13852
15499
6840
7732
8809
28606
10254
21412
29443
3948
26577
15924
8966
26770
30745
13425
23638
13520
17942
24724
2775
12489
23277
10758
12257
29133
27330
22563
2542
16054
23062
21055
25750
28687
11604
8422
9406
7036
5798
5224
25868
3669
5645
13461
13982
23445
24497
24006
23035
243
31862
12061
1097
26446
22735
11789
1217
16974
13783
17180
24161
4937
12446
29671
10720
21347
21440
32359
21479
2298
26429
14708
2942
19521
29316
24199
29893
32554
9425
8388
29668
15498
6073
13624
9284
17016
8196
12383
20480
23541
8378
23785
31638
3539
5248
28605
23011
2767
16677
15679
15438
13057
18809
21454
21315
8822
4446
8081
21219
4891
10273
31604
20473
5596
11530
21357
26928
26382
25137
15364
4228
25098
24980
8978
2295
22555
10343
32201
27781
20123
27819
6132
20057
26712
28930
26752
19777
32317
19138
3900
10848
11054
20040
24541
14371
20275
5519
7749
13686
19929
21761
20485
26935
3029
29324
18208
4586
28651
4857
18962
32175
27406
4473
32016
24178
19401
5505
28818
11874
24797
15064
30991
14500
12076
32751
13319
6728
16085
28272
24135
20348
17313
12825
24425
8447
9374
4555
11930
1497
9993
32478
29856
19786
16497
11960
3867
9472
21530
29342
22794
20364
24480
16841
23698
7959
23260
10685
20987
2129
20235
6358
4092
25003
26925
14116
20792
8902
2988
16761
29448
14379
9022
6847
4475
16188
17164
1935
9371
15979
19476
18432
754
11689
9164
957
27981
25377
15880
15451
1984
14375
32285
14825
25578
31339
13127
9672
122
32115
13384
18365
25074
24648
24146
6468
10412
23407
31527
8999
18458
11034
21119
22864
17233
27040
27306
26843
4809
28203
15478
11376
5982
944
24147
15056
16027
3109
27317
17325
15416
25582
9658
11967
31969
6552
9741
12564
13882
19913
1290
19624
14367
20343
23075
28213
25392
18521
1410
7500
26765
3483
3567
29349
14046
26838
5621
18612
14487
27967
11328
23164
18298
11551
31562
17576
31069
25475
7223
7384
10797
26164
4349
4921
26419
29673
10695
21080
8086
12988
22940
4408
15905
29403
15931
2978
4167
2432
24394
21692
7780
22563
26800
14301
22854
21486
25664
7072
16620
8561
13975
6967
26765
6295
25415
18946
31709
17624
23605
21856
10635
13745
24639
30918
5902
13137
11554
30734
16801
11158
2203
5137
28812
27447
25805
11639
7334
30531
9187
2510
28952
6858
16118
28378
18787
31961
21553
2092
20645
21164
24627
19190
9752
544
9908
19486
10971
18535
3692
15505
23797
14591
29744
32730
25495
10469
14687
4339
12449
23046
4476
10587
23400
31478
21276
24168
6326
20196
20483
10463
29715
4558
30858
2754
11843
27889
20036
18281
25872
3972
27104
25044
26698
16293
6225
21824
24587
30612
21293
15352
10303
25375
6227
22638
1380
20829
25809
13450
5775
28319
22277
19266
10416
23204
15362
28779
20246
28428
3124
27343
25910
18959
6984
29823
23976
29039
32582
5483
626
8619
29440
3119
2697
7542
14256
14640
10389
4455
14813
16360
30453
24562
32126
21118
25859
27031
5474
23450
2457
9561
10703
31351
32468
7538
21098
1338
11031
9285
18262
1410
6995
21908
11680
25408
21126
14323
731
12745
12930
4733
27655
21289
25072
19141
27576
26042
21396
24336
17268
12278
21203
20673
1116
32394
14706
4884
4878
10411
12960
21007
8907
11949
12087
9654
27605
9938
28479
1407
8475
27744
17588
4101
26904
17654
29576
31488
24057
28703
21228
16245
22782
21800
5068
22058
3362
17199
20632
6237
13566
30589
19018
6325
22507
24086
30373
2169
27239
16525
17338
32000
19898
22301
13489
10601
29401
28662
15302
24716
9354
8405
30098
29487
15561
14039
10636
15998
18794
22671
13263
32437
25601
3670
15390
14880
16639
9442
24101
22597
14877
7707
9985
14688
22526
9257
3075
25103
7951
13010
16049
3919
9139
27395
526
18087
10653
17580
25884
13987
21116
4817
1694
31620
8158
3551
17954
7222
19534
22588
1599
21378
16320
12577
25628
31109
9008
18860
2097
8545
22405
28721
29778
16178
21435
1490
29417
27204
11841
29263
2947
3971
21920
2591
8334
10290
15454
6847
6752
18656
31778
4426
17276
7320
13336
28490
14865
8281
9879
461
6852
12997
23042
3772
18607
19485
16620
27753
30378
29293
11647
14183
21961
15876
5150
6814
3366
551
24905
23966
24288
28167
26305
11572
7779
14832
9197
21051
23530
13506
28029
19125
26947
17829
14413
31003
7122
13817
2956
24049
28633
22412
24093
3996
28919
23312
25405
25720
3054
27340
2663
806
11689
23953
13940
19747
21373
5616
28679
22431
28847
25002
5928
26252
19766
28008
22575
7669
16835
8364
26596
23953
29951
30216
19172
31384
32275
9102
11335
19413
4206
10119
1919
15357
5314
3432
10627
22079
21328
32513
19758
284
4966
30200
22241
23417
21542
8566
29552
28658
648
21536
7740
12914
20643
3657
21148
31744
4648
30821
27778
30940
16943
25025
31835
15563
5686
6002
4662
29103
16998
10124
17449
21594
21273
25748
29680
29604
16282
15671
6104
26043
6699
15419
2780
26555
333
17591
10253
7039
13883
24191
13623
22454
31928
9955
24769
15929
10250
14745
22229
3228
31047
9719
12737
23298
13007
17509
18845
15670
1306
19
10030
31224
14516
26855
7691
19605
14725
8634
20990
25787
26454
32451
11181
6282
20369
26707
122
31982
13384
21955
29095
22573
1145
29867
18110
8892
10641
20565
18224
2647
20014
3442
22332
11088
553
3595
23570
29736
24532
4538
11065
26460
5760
9753
2350
12161
32323
31611
31566
14739
6392
29146
28917
18827
9350
29201
2024
15663
8806
26443
28656
28974
30815
27836
12744
31852
3732
911
23865
13723
3777
25887
25220
14091
10434
17769
6912
21699
85
6594
17668
14544
10272
14277
30471
6621
19958
24720
19974
16388
31830
3120
23335
19428
5428
2393
5275
29684
27132
17754
19912
11286
5333
20561
31400
27504
30499
29083
17004
1143
335
24719
9574
17228
10186
30060
14885
17996
10575
26255
17890
17635
2665
26090
13339
14496
27190
12977
12669
7311
5226
29526
28167
14019
29846
27576
19053
8242
20139
25496
29882
32454
24762
20812
14394
9648
20989
7351
1175
4096
4891
3704
28738
26994
5032
16226
14868
6539
28907
7212
3638
1253
485
20842
4670
30920
25742
13244
31898
29945
28770
30790
15154
18391
12828
20832
27977
12451
21698
17294
13476
31776
7137
18098
8687
20316
21274
1920
16476
5325
22237
23859
1165
16287
6773
18302
8884
22861
20293
2246
4089
3439
4433
12430
13084
10195
15616
10803
2139
14542
21024
9177
15510
21460
2090
24997
945
7239
30663
20781
11834
5261
32148
28972
16971
25445
14882
24955
7090
891
21314
12092
22352
4410
23167
12632
3519
10977
31979
2349
8504
5849
24607
7040
8883
9286
20605
5561
4687
31196
9400
21327
32501
18163
31383
14209
18744
2782
12533
20295
3456
26233
17165
20360
31080
11266
26868
17293
4196
8490
8551
32694
9127
10091
2247
11371
324
16027
8546
32086
7827
5570
28916
26831
16854
7721
5998
29592
28444
21683
17141
25803
7270
13680
9518
30224
28937
3440
19897
21523
5203
7893
3579
822
20337
19244
18977
31875
1680
14334
23393
5860
19779
8609
26499
4246
6693
20564
20897
19675
23999
25484
10283
6639
172
26504
13357
4926
3322
26923
3541
29652
1748
31755
23088
27925
14430
26310
5684
21934
29921
27029
4867
17611
5928
21283
1902
28043
16170
22431
23224
20144
4841
24079
3229
2716
1689
14312
24211
31609
28677
30428
8784
22455
26927
21748
20876
31419
17974
25310
21256
9685
8829
28808
4303
19827
18698
25582
17340
18069
31788
29232
6204
26753
24673
28391
4181
30392
3702
9657
18152
26408
4336
29227
30771
22691
20651
2487
29593
19856
13505
11295
23206
32481
31149
11776
20814
23365
945
4522
885
1694
12405
8751
9141
28085
27632
17594
18267
16940
3211
29730
17330
29365
14980
6847
28805
29570
26257
15997
29663
27389
5063
13102
31509
5816
30905
18213
1286
31911
15332
7680
8610
15501
20299
11717
19113
5556
12126
4657
14773
29921
2336
10828
24443
7815
2953
13377
24654
18747
26665
23405
14821
15464
18191
27830
30301
18244
12777
9502
4225
9218
14957
20119
27978
6986
24567
7962
3746
31718
30835
3571
25453
15038
8317
4959
22730
20230
30407
1624
4246
7862
9915
3248
24883
3898
1634
20829
647
3691
19333
29972
3143
10175
7186
27929
10613
31164
32192
17493
9511
8115
26870
29353
13451
25514
746
16002
8744
19610
17158
23725
15974
23771
1935
17005
14673
5340
23944
24011
18842
3607
32724
10286
17630
16964
20892
18219
3371
21197
22512
12190
30657
25731
30385
32506
4373
25487
29870
32477
25116
17323
2829
1768
6853
4242
1005
12493
17864
25268
11337
4777
27038
3119
7455
29589
15056
4603
8146
11895
17269
17764
12750
14111
9206
4542
27498
30095
20757
21076
19986
27545
29486
17569
15781
22704
19132
27331
10524
20472
15902
29228
9837
29855
29852
29339
1454
20592
8869
6474
8062
30885
27482
5225
25249
29949
31569
21196
25834
7439
16530
27617
31582
24542
25574
17380
7574
10669
26450
16470
6245
23573
3550
8363
21435
3156
28826
20291
12233
31720
25827
16027
15718
32605
6115
9925
21938
18275
855
14101
21753
16419
8085
4126
31962
31443
30413
6620
16808
21896
32143
2611
1808
21836
21645
12184
4092
26225
22435
21519
9656
30501
7700
19541
14931
8262
20503
1886
2633
20599
30098
12802
350
11635
8741
17139
26317
8097
8810
754
5282
15337
3707
25922
15973
32711
26037
17501
2808
5021
6076
22247
1474
1870
7871
28896
11022
15624
3838
25885
5037
30305
16265
6905
995
14246
28746
11336
24961
30063
4421
8076
21838
16503
3871
4716
7083
25515
18653
26721
18551
10369
4847
20915
561
13707
27501
16036
30812
15180
17312
4842
6440
25418
708
11619
19022
13668
9740
6149
10556
26470
8679
29716
5746
19163
26754
30359
4140
19747
14734
2316
8257
15813
8003
25179
24907
20230
15525
11273
24328
1210
20742
1966
22016
1370
5324
2217
5736
343
21364
30226
3655
9390
26327
26864
16087
18109
30636
6828
8494
19540
10063
30662
15901
28688
1729
19143
32089
25828
32495
4983
28632
1785
3639
24143
6526
3768
32552
12337
32249
31269
31881
23127
29930
8302
9885
19082
2373
9155
3494
11156
26618
13673
13736
27127
8661
24586
1903
28895
17570
19536
21203
13142
3990
13234
17979
21943
18154
30093
32608
2917
27337
630
6484
31932
21868
4559
23490
18760
1156
21912
28535
31285
4568
8328
15393
30983
7983
12892
21335
24204
14704
7792
3290
11790
30472
140
14363
20684
21900
29696
1789
26028
6815
243
5595
14634
15383
29688
13517
31124
4955
21474
22055
31609
24591
27098
17987
8799
24052
4014
4225
16820
29193
14444
13707
2567
13047
26416
5854
22136
20651
2106
15238
28269
8005
24643
21032
3975
18737
1553
5190
21461
27795
6730
28351
18503
10217
12678
5013
18277
23020
9383
22771
27712
6326
15213
2415
12713
9258
25925
2444
4514
22417
29794
30339
14610
24193
3855
8771
9149
12547
19268
4278
13426
6900
10359
23110
7558
21164
23476
6048
11650
25310
8688
15031
21529
27583
3227
30988
29533
32619
31860
11054
20786
7556
16033
17788
15618
4636
32767
20018
15794
15317
2743
29860
23509
32070
530
11716
23584
23969
4238
31210
32286
7315
15409
14293
4901
15724
21789
10477
393
19840
12901
2762
2063
27085
12575
27130
21925
18398
10682
4607
18768
17903
20370
16024
28261
18001
11970
29250
2300
23056
15417
5629
18082
32468
11281
18003
26446
29701
540
29079
29335
27442
4287
11115
19747
6068
23043
22916
16995
24974
1769
7602
22141
16280
26878
8474
29834
31965
14896
9414
19714
27969
3808
31585
30836
21863
11832
20539
12923
2513
17599
24468
16621
2377
9514
1046
23381
5760
2934
15779
9892
5366
5683
5457
6435
11545
27171
691
23212
31665
13315
13915
29978
20603
31913
28060
26878
16404
847
13205
31380
3353
4655
13162
19189
11405
336
32725
4493
27003
23455
29662
2512
27612
23105
4326
26921
9914
10792
32234
28979
29078
12260
3078
29228
20744
15804
25656
20903
12965
28670
16999
27008
8229
9107
24996
21269
11718
15062
32175
29363
10219
9383
3517
22351
17417
22970
7288
17015
22723
17461
24904
27784
24916
17787
32465
22816
20526
20034
2749
20438
29920
15596
17083
19753
31037
30228
4807
32695
14779
27495
20653
9648
32025
1205
20680
24201
20293
8007
14352
17653
892
6004
12116
25873
8627
4207
23491
25310
17206
28259
16561
25845
8847
14018
28312
6006
25257
19162
9053
23362
20789
12457
16341
30058
10317
24050
13960
21223
4951
14736
22453
13451
31533
18187
7830
22327
23931
12393
25572
27727
13160
8774
6558
30315
11128
11815
29703
24143
15024
9996
9198
21534
18684
11332
1585
20682
31951
22149
27780
19407
27145
15164
25455
31009
10269
14882
6550
9058
4979
18704
19517
30297
15883
12820
23819
19872
21348
30660
29966
23452
29596
21458
22784
15538
18904
993
21193
19128
25062
22679
21572
17578
289
15092
14150
7839
1685
7138
16093
3579
5732
525
15829
9701
5225
10740
1665
6140
12826
27713
1976
27973
5043
24149
15133
19304
20625
24872
18595
6685
21211
4688
849
7393
23144
21343
9027
21741
9949
23410
24818
16232
3350
1799
21941
17372
31688
23055
17799
26343
13156
26693
13834
5427
13630
6077
30412
6823
11758
29120
32457
6623
24310
30167
17202
6106
19366
8998
27501
28659
11581
11259
1629
17427
29265
1959
9443
15652
19825
22157
32165
12233
5896
19576
32270
31052
1668
5426
27798
10456
1720
26450
67
18664
10623
14677
4463
23807
32419
19696
18381
26522
20989
1189
27047
3170
5341
14229
12393
8871
30380
30613
18019
19466
28879
32131
20939
25465
18895
12251
12545
22625
21431
30597
19479
18974
27070
22257
8081
30647
28966
30566
25705
22472
24932
8343
31063
27839
6017
20088
29007
10571
30912
22863
27466
30994
10369
25614
5961
16803
21861
1248
3223
28587
25011
23554
21839
25707
27387
3284
21279
22377
29945
19760
24907
102
15291
32506
22517
7569
28934
2040
21659
10746
26871
23524
27617
22601
31206
27840
10385
9648
5007
30058
31712
6430
20852
21104
755
694
3197
23845
17825
20351
12258
31989
21115
17757
21834
25333
23561
15168
27701
9150
15191
8603
28823
9084
31664
28440
29893
2114
21418
17802
661
9889
12131
25378
6081
7288
12297
13287
16781
3597
17568
5984
7082
14685
16383
11923
13913
21425
4124
17972
10196
25970
31370
12566
19689
6206
576
9957
31976
11067
23196
31511
13503
428
2984
16416
32100
32706
11163
10981
4467
10676
20899
19060
1561
14610
9697
26610
31536
7254
12981
8916
5803
5308
23357
7507
20277
26195
6936
19737
18965
20052
29552
17473
20565
13235
10551
1662
7971
17909
14512
16026
6007
32321
8754
26659
4342
14009
29737
16737
21527
19467
13917
6538
32644
32066
6775
20281
23747
32227
5569
4893
26645
28213
18477
17134
3998
11744
21657
28838
28103
15545
3665
27117
737
7645
8149
21461
12811
28925
3805
11975
1365
13816
16795
22206
32037
28335
26944
21426
28378
4885
30145
3672
14000
2949
30427
15624
16611
9561
3669
7422
11800
13752
22405
19398
5880
24239
26645
21746
13086
10883
19975
18446
26419
28998
12023
27350
32343
15529
27808
23462
4803
7697
29346
14385
27053
10989
4483
7286
18028
4934
2803
3568
30941
1687
13140
9997
11013
23264
19577
5858
12792
10742
32174
18717
26105
22813
3321
19003
17890
16088
15776
15355
27079
23296
30699
28178
2262
21780
7723
28448
5761
13520
13051
10723
15072
2305
13510
25258
10832
28823
21130
10509
8289
14844
24027
4572
495
3236
7722
19797
27278
20710
26951
28058
10540
18954
9509
29026
28657
5795
5854
26350
15210
2847
8950
15167
13543
6812
25316
2438
5153
16893
13262
32476
17440
10557
8853
9779
20316
28420
22801
12428
22307
21112
28830
3435
6714
12118
19927
26504
20167
65
27041
22984
21358
23386
11116
28779
31675
7440
14517
19079
31680
13626
24015
28597
14079
19043
29668
11786
30346
10084
26679
5193
19048
10041
18603
23638
6715
4877
31113
23022
10528
9879
30846
16790
4311
11945
20707
23505
30756
30214
9537
30870
2164
29813
29205
14081
26308
29715
28112
30025
13247
8429
10786
31986
22310
14030
23160
16196
6773
16726
25540
13819
22212
8780
6524
15424
14827
21045
19429
29656
26345
3878
2961
2716
30087
28118
17958
29737
5432
247
8290
27608
22340
2759
12636
21233
25637
27874
781
16155
8241
19034
31758
19735
890
4105
5795
2990
10483
22310
2297
4840
22740
22039
17068
7039
4671
21382
25484
10899
22563
20407
4001
9631
17761
22553
17517
25260
11309
14619
4976
2245
17591
576
26098
21674
12043
4214
11772
5577
19510
4772
10408
30569
12971
15490
5530
27177
16869
7085
1999
16809
6477
17147
13206
23175
30301
16395
24027
23693
15878
3873
20651
27944
13647
305
30965
26140
11584
18490
4494
25719
9726
7638
32632
17347
11575
14350
17252
22912
31680
114
9333
1234
5757
16746
30791
26230
30338
15815
11312
21754
31863
26269
29638
24878
13121
9045
16545
32470
9695
24574
26466
9633
19601
21988
5619
32351
21824
16996
32529
28782
19226
32766
24328
9077
24957
13740
15806
18773
26134
4210
4595
17501
7754
15159
10695
32190
5076
2259
31869
62
5296
1129
18814
11056
27192
23543
10401
4515
2958
22827
28585
23002
20281
23673
4368
12540
24595
3690
22531
9997
31074
15159
9645
1821
11845
3222
5048
32703
16466
5588
8209
12221
18813
26148
17900
27402
15675
5431
10249
19448
1256
32268
12341
25771
15206
7178
18451
9422
19464
15948
3868
18308
30894
1340
12773
23970
2865
24163
18080
18459
13825
29311
21222
14012
26636
14806
24244
32537
6114
10955
14515
24519
18967
13999
20412
971
22249
2265
17819
23123
13091
15353
7955
5796
16450
31145
13603
27732
26581
14405
19336
23481
1578
2813
28803
8865
26662
14376
2524
9539
24693
2523
13095
25462
14308
3259
20806
20001
32010
12559
32559
4339
30510
538
14320
9300
16485
26535
25072
15259
19195
9701
8055
25473
22036
3957
2160
25813
5523
7618
12654
16242
4411
25489
9198
20847
32532
3545
11228
32405
7441
26324
7768
27670
19951
3926
32185
9339
32096
25182
7890
14303
3945
14058
13173
11355
24329
29712
24118
21185
4123
11083
13169
21389
14461
11539
19343
2072
9330
19376
19076
29711
14917
16463
156
29476
16688
26198
2168
28419
3963
16629
1619
12680
25576
32509
27787
10031
28239
28918
26972
9676
19334
9580
25070
2940
30851
8073
7826
18907
197
23529
3144
12663
27632
6057
14214
4485
11959
3521
25652
32723
8958
7828
26363
23806
19264
5574
9151
26853
25903
590
21866
31581
3995
21708
748
13607
1941
14364
17792
15647
16596
22571
17456
23989
23896
2825
2203
5793
18508
4160
4342
30419
30769
23141
17233
21161
7225
5868
9755
10853
14577
26688
489
21726
30755
1556
20595
17014
12283
14323
7391
27723
25960
24095
14659
17330
19909
31896
28005
13793
5049
31867
709
6123
25436
6029
20957
3826
411
8728
13479
18583
29405
9974
608
6070
29927
2539
30860
18769
20476
9272
13626
17865
17225
3948
9865
21076
4225
4734
4971
1707
27333
25881
8617
19203
19654
15671
32039
29247
31277
23281
1130
17508
12347
1685
7767
3405
18860
13562
7485
928
23010
17936
21270
7168
831
4539
15114
7300
3283
14050
23605
1128
31543
24771
18858
7171
12472
30345
25528
16633
22712
26912
15980
17074
8786
4936
20822
25355
3645
24552
21648
20299
21491
10917
28413
9560
8722
3764
6607
22827
15874
6124
23884
3713
18136
2592
19153
15059
8058
12971
22551
9097
17412
30796
32693
3179
3691
7477
19174
10840
11873
26462
10381
11834
22648
8991
13686
31801
28809
13310
23007
25391
13143
10182
24631
26716
9072
32729
26917
31580
15700
9414
24780
9813
14041
14366
22862
3701
19918
14468
28302
22684
27103
11268
5947
18005
5560
17574
1802
7947
4974
13122
1602
14714
4122
7317
25214
14691
15047
25749
23726
21892
17038
17410
14432
14791
32767
23614
20542
22970
19907
15710
21463
18239
21632
4737
4770
24965
19965
26720
30783
28726
903
16935
7681
32498
2963
28804
5546
3325
2724
24317
20853
25908
31599
19334
19802
12870
16957
7251
23949
8992
3986
18411
17992
13225
22028
894
202
28080
22413
11128
20896
13858
3485
6742
5155
31361
28937
25016
24386
21137
25808
6584
26497
27221
18496
14971
16962
18489
29789
13317
28227
17297
10370
14418
17769
16194
10827
27554
15292
31935
7345
28436
4018
6968
21111
31094
20400
5902
8134
29276
22734
23945
28436
17263
13019
18637
7498
21512
28065
6154
24869
25342
25449
14324
16860
12988
1218
28531
24836
15254
4479
17563
7089
22621
25343
11742
18143
8496
11185
25472
2832
26774
20438
25932
9014
3786
15241
2182
722
8022
23037
8736
10078
27875
4615
8496
6377
8016
27612
11682
24065
26625
17435
7978
26325
20602
12302
24701
13211
22316
30509
4801
14896
20110
17891
1346
20222
12912
32149
21862
5411
26509
17889
19171
14800
6495
17187
17455
32494
10807
5694
18233
22792
27020
2457
2646
9317
1171
3943
2430
13684
25873
29996
31672
18542
29294
28796
15571
5174
26890
26886
32599
1156
15316
9170
23227
24386
13336
13255
2520
22838
17304
21360
28062
24034
15583
3072
10246
3752
26066
19859
25415
15666
6280
23734
6477
25873
26203
14634
28519
26788
28991
25061
31296
5436
28499
6746
32272
12925
3254
5370
32531
8456
8092
9979
13883
19543
25249
26968
15906
29671
10589
27417
3138
3997
17208
22740
2664
21347
127
15732
25702
5650
3512
16441
24072
8084
6451
1024
17738
8778
30434
3013
21704
25515
13930
18534
6774
22574
24442
13225
13969
13930
18524
7297
1750
17788
15050
2189
4593
27306
23298
20194
18232
14918
1309
20490
26265
4052
5276
28492
9425
29039
19012
12590
24543
17000
17452
9017
30649
2353
15380
28924
7997
19577
32760
19028
14698
19353
22757
32490
5840
5679
21516
29436
10053
18184
8725
20833
29658
26180
181
7879
29966
14004
25219
4672
6465
29319
18695
22269
3947
15142
1300
7000
10765
16476
20824
4376
28264
25274
31538
17137
9198
21818
3523
25419
30710
546
13128
30789
2483
14123
16551
2296
29287
23779
8007
12288
7636
15696
2341
14137
1779
7638
19237
8390
11497
12378
422
16728
21559
8104
856
20396
26673
15122
28242
3414
4273
1370
2911
27838
20492
10963
31641
22632
15685
8898
25658
32632
11905
10
3246
19317
26555
13577
8941
25421
8633
20157
6663
24473
32063
27435
22272
5155
13954
28417
8159
4773
11487
15994
258
19156
4813
32130
7348
27549
23057
6939
6402
27055
12337
11263
8138
20281
7978
22662
9492
14581
9829
25035
26533
9317
24552
522
24530
29533
1482
11341
4243
18625
27625
28488
28376
8848
16863
32641
21280
21793
12593
11444
10567
19373
11210
18037
21151
12814
32424
13335
28227
27590
31958
17357
31656
31811
22170
29967
2933
17506
28911
16959
29333
14641
20789
11661
13194
30713
28968
5400
4612
23420
3855
4693
1202
30331
20021
26805
31064
6011
15261
18306
7970
14793
2802
25354
11064
1980
8125
10496
19346
21050
14043
5151
15374
8573
17453
25360
12735
17175
22673
13966
4232
31028
9233
23240
7914
12064
26715
16391
11291
22281
28529
26256
23640
21765
23202
16844
3963
6999
23993
22182
5584
23534
14964
6453
10021
29486
4152
19867
20512
28659
21506
28717
18902
23763
1185
26836
28568
11940
28451
3506
18192
31806
6029
14601
20110
25474
6607
30297
1436
16284
5878
2761
25560
5252
676
23752
12803
21451
25789
32500
31061
24212
25444
25147
32019
26849
10534
29504
29284
8720
31604
9984
27233
18085
5463
15029
8811
32585
6751
11003
11969
12563
13789
9777
13137
8967
14929
32290
7887
7388
21798
23780
7173
25347
10909
16641
11626
13284
28168
1237
9973
10859
19000
30007
31283
10691
11832
15196
2200
13921
21052
7671
28691
24645
2260
23973
1508
8828
12389
12425
29618
23530
22746
8499
10968
17734
29079
21703
8705
2150
5038
31835
4340
23741
15446
30112
7857
19746
2969
24261
13756
2770
23372
8600
29369
29113
16964
14831
24889
8685
22471
15174
31444
21116
19265
22953
7288
16743
9272
31189
26112
25838
16002
3226
14344
16910
22198
14723
17408
3145
15072
7353
25216
29349
29561
7205
9179
15863
30870
6101
20215
9313
18271
31137
16988
30234
27587
26638
27530
1901
21098
8306
18576
31749
30443
15449
10202
22375
16960
26152
6731
30400
11639
16640
19340
22497
31913
2021
13475
20872
9776
10272
23751
8417
14869
23265
7282
28748
24008
553
5817
15201
12308
19687
23769
13361
10577
26210
28690
3535
19420
13526
5560
20496
14532
27490
12679
6286
31942
29473
6711
27891
10620
28568
7248
628
3793
25168
8000
7835
10424
12739
8362
30026
5406
6013
31234
10237
9756
14715
9303
19023
25714
29399
28271
4032
5681
4007
22809
1717
7607
34
3519
1216
17632
18180
9019
10274
18555
10036
9451
4750
14331
21668
4104
16688
32111
11385
15155
9710
8629
14445
23633
26094
8426
369
8345
24920
25380
30102
2795
26717
11620
25901
3172
16760
7878
23341
2863
25843
3579
21718
19358
4526
23289
7316
28537
7964
2289
19494
32662
12430
13442
14847
13225
11700
14892
21997
27742
9312
8455
14584
5029
30606
7605
27789
22349
32674
16789
11484
29141
32752
10809
10878
30079
5505
17691
3931
19877
788
31627
19147
27216
32356
23276
26875
18951
25257
3360
31123
21989
27745
13633
18837
17391
25168
1170
29832
29604
20422
7093
4311
30933
13344
3102
31604
18614
19345
3527
1728
15670
21795
15653
4271
25228
31224
30044
17447
17170
14806
6831
2474
9559
227
26938
27445
28783
19116
7139
28520
10894
30316
32654
12262
17878
12428
18064
12031
12140
5478
12390
12429
21713
29006
22952
6683
4976
16851
18488
7757
18035
23618
1983
14204
26331
23916
27226
13728
29136
18089
16784
25459
2357
27677
9096
1747
640
6202
4216
16488
22473
2182
3169
3720
12064
10143
250
30551
27684
10364
31721
7731
32722
26357
7481
18511
27290
12678
18953
5277
9400
24656
30593
27378
24769
23904
8715
26213
23676
564
17599
16120
13300
28283
25886
30330
27339
15389
1796
19627
8145
13435
7384
16034
7893
27384
18438
5484
17596
24760
32175
18422
27088
5544
25503
13356
18010
10942
31103
29539
1394
31106
25163
19956
31254
17613
25095
4650
10874
26320
25518
21087
9631
8281
7020
20065
22311
27986
6412
3099
19816
650
24244
25457
9663
22713
20432
363
4902
26814
3148
9878
13065
32042
3078
9383
9302
15618
3715
24418
5332
21441
13025
21690
14517
23197
19468
28730
24686
26379
17717
11683
8390
25221
10880
20183
16685
3979
10749
10485
25680
24552
8410
19654
7914
54
2263
3672
28893
15524
23033
12264
21633
8951
13443
13317
22588
1487
26402
6899
30291
17708
9576
3918
7935
48
635
17903
10436
5159
1039
5396
6910
3268
24977
1722
1725
27053
17317
27214
25042
23867
6099
10629
6186
26746
19581
25737
18267
30840
2325
6485
22653
26812
13965
23138
27707
3860
27662
22659
19753
13460
5100
17421
23641
8155
23770
18748
11305
5272
19290
11218
15710
27725
32632
17921
4727
11347
696
28299
3387
15647
12877
2600
19093
9923
6539
19496
28833
30391
20639
27225
8967
13018
13182
18475
4488
32180
1307
23826
21718
20478
21213
23084
3497
27492
11344
21284
31247
27273
795
28246
29955
4684
18226
24628
5186
18506
4940
13800
22618
21155
32152
13115
8964
17666
24747
18357
26547
16087
12477
24325
19053
24295
12566
4260
8410
4103
7619
29366
2459
4900
7565
5169
3548
27271
4140
25152
301
2647
3255
31978
5005
29280
9311
16111
18888
5394
15709
31986
20484
12237
6697
16349
23190
30812
24813
32386
2330
17343
14137
6782
32706
2605
17912
9315
10990
27737
14755
11030
24829
7669
4788
6773
22115
22900
23134
27965
6140
16661
3963
13867
32673
20765
24518
17506
22264
18275
330
26381
7312
9234
16410
5189
7981
10155
5187
30517
25440
29257
21503
10620
1883
10281
22059
7122
6404
16233
6395
29167
4680
23312
16621
21929
28594
22351
1019
1372
5436
27399
21781
8590
30053
650
25550
32211
11907
14246
17494
30959
4699
2784
21416
8251
19439
16893
11268
8778
6039
4039
15776
21707
16723
26893
24475
20913
23904
10988
27954
28562
28425
30285
17206
6477
29120
25775
12733
18672
30829
31271
13849
10713
22278
30884
4358
9755
2656
30840
3367
25379
21061
27156
2484
29083
12742
25875
7533
13454
18898
26747
26066
17357
16904
28735
22165
19858
13258
1032
7504
15204
19347
9012
28020
7738
5258
12831
18561
9699
8791
19618
5757
10149
3381
8666
8863
30757
29768
15659
20555
7302
31282
24708
7235
5845
28641
21476
15899
20901
8618
19997
32237
28406
31388
23256
4687
32348
29198
25049
6786
24157
30587
13188
2284
19738
20624
16032
4552
27698
7554
21340
29213
15331
30629
6031
8940
20850
24123
4164
19630
19661
25993
25718
3838
20848
23601
15640
28818
1669
23227
26201
2927
25167
29045
5669
18781
17608
26749
31727
17561
9609
17948
32174
8395
22763
3925
17957
28727
12396
30398
2152
31031
31316
28047
7324
28649
9368
19193
23038
30757
1790
32185
21031
946
6274
31724
20878
24761
5112
25893
18766
3193
20468
2749
1577
7741
19943
21098
22733
24203
17546
10003
4951
24223
10624
27619
22
9240
32311
9629
13713
15600
25615
20015
27595
20401
15294
1673
14021
31718
21491
6831
19013
7888
27449
3085
10966
20571
2334
5644
28688
11344
29333
24802
31769
15308
15770
22190
19564
4849
18452
20164
18393
30427
5631
837
11725
8150
23242
1268
2772
27598
12798
8516
22108
5383
19233
28342
7612
16654
3290
29537
24693
31727
29526
6610
439
29608
11753
26647
29479
2014
16377
11543
31967
463
10520
6181
18102
2184
22640
28372
1730
9559
28516
21772
31004
27780
6004
23389
1251
7740
28513
18324
12932
21454
21394
19340
22328
3354
1463
7751
6606
12869
30636
11069
13482
23986
15776
19444
6414
558
27510
16337
22424
16747
24939
22062
29196
1712
19450
32429
31316
14798
23293
13259
8901
7766
29716
29624
9124
13065
25674
15206
6633
9616
21750
14303
17218
11886
2016
8669
15195
26930
7845
30612
7773
31985
29021
2259
13493
10483
14458
2379
3094
2477
3571
7470
8641
10735
2467
5117
516
13407
31980
17819
256
22822
4511
17829
28848
15337
20512
24838
30759
32251
20677
6597
28697
14545
7296
5410
26781
31926
190
12258
15409
10175
23182
11495
21503
10498
7430
12803
351
1027
5858
1806
4252
10351
15215
19254
30971
29197
29352
5271
19961
25841
13470
11788
21973
31219
29725
26436
26958
3935
7308
11032
174
20974
10005
20507
4615
12789
2822
22387
9405
14557
3447
3560
15940
21203
13358
17211
3115
24768
24511
3001
28506
9852
20727
16399
19608
26943
7547
12128
18000
21080
22445
14229
17300
27169
28111
14325
26722
16178
1131
4597
25382
3541
20466
11345
13185
31674
12707
11355
20041
15340
7086
22931
17105
12036
154
24441
17770
21405
20964
24991
17193
6919
20969
5634
25323
30272
15621
22938
6039
12063
3581
29488
10147
25043
24986
30832
19930
10892
15767
2367
22364
23416
16062
21839
25318
20209
29261
8176
9555
10741
24222
13865
22371
8918
32519
2823
12476
8242
14080
28213
5166
17446
131
4301
20795
14271
22969
19566
7895
19121
13778
24719
13164
15180
30004
6674
7713
15019
10457
6428
17756
303
9458
10533
11909
1836
9937
24395
29454
13793
4613
29420
1712
9390
2247
1139
13047
13953
25493
18034
27648
11154
19484
15602
25218
31568
32603
1799
30475
2714
31494
26279
29324
4659
6696
31419
10264
18800
25869
24439
25577
10548
6239
10471
19364
23326
10127
27595
5085
10497
15990
18597
11998
149
1597
11536
22692
24428
12666
16211
9259
15143
5019
10294
28140
14825
18312
12053
22435
20236
10628
23602
12629
4115
10324
5455
29586
21984
12708
26749
12024
32296
15782
31023
5368
24867
15868
17298
32221
20360
29656
10785
4105
11448
29026
372
27778
31033
19034
3672
1198
24935
14334
10789
32091
9318
13358
332
17154
26459
20430
8240
13133
18652
18540
16951
32726
18597
8482
5920
11826
22412
17086
29335
22830
9143
26401
6662
5976
29964
21477
9391
10946
11753
10307
8696
24066
17429
16947
31237
12925
17911
32468
15500
17382
16390
23055
20965
1281
5761
12663
16993
14765
10080
11892
2013
21025
18570
7073
7575
2934
30280
10610
16960
31078
17914
26138
8274
23891
28937
27820
20643
28298
3100
3968
27451
30666
16015
472
6754
28160
3617
17603
25598
25685
4844
23362
7452
362
10139
2474
15309
23010
27095
9289
31539
21538
7938
12620
1499
31060
20776
25056
6733
22450
14386
9880
24034
23041
17245
25359
20950
14427
22251
1230
7838
26162
4633
368
10620
8594
12624
4
10320
1958
24735
12722
10161
21118
4713
7586
14140
9231
11867
25625
12332
636
11425
15589
18988
27028
29018
13564
29289
5531
31817
28512
6378
27469
16589
27973
26660
8480
14867
8566
6857
3530
3978
21237
25570
16387
23959
4833
7453
17292
30347
18845
12136
14192
12242
7983
27070
6538
3948
17126
14913
27463
28066
22080
32138
5037
24305
32522
22589
8860
31307
25801
20192
22868
20351
7513
4077
7224
8693
19668
9253
12754
15262
31926
31016
29462
27691
28222
31299
20715
2173
27671
11145
21223
32349
24375
31525
29530
20590
11016
15598
31887
3679
5317
1084
19278
7525
14887
20474
6821
25833
23362
15613
15593
13182
31657
12948
26103
28693
7897
15713
27327
27508
9173
3175
6660
26084
1037
17507
4701
7466
31108
7520
14720
30393
20530
32390
14527
6694
26280
3123
8915
4060
8690
23629
9945
14353
22721
17622
29850
11769
31178
30912
13839
27449
29033
26371
16933
16286
4746
4078
27837
28943
1737
17594
6135
6080
2520
1381
27312
2729
29729
28862
20553
28727
22701
31420
9642
18241
14917
23827
14215
31805
7127
30217
30178
24244
28699
2438
210
2803
11381
6251
29314
7172
798
16933
2684
14812
2175
25730
7720
22486
18397
28099
29327
14176
2875
5362
25445
756
23164
27766
31559
5451
30153
740
24897
16589
20274
1560
16275
11083
18328
7301
1973
4592
13002
26825
14232
2421
26350
27524
1071
3733
23331
14187
3374
31425
6500
11160
32274
12564
1967
10276
16481
6025
19559
28920
9011
12396
20984
13024
7153
26638
11705
24290
1117
27325
28182
20429
31186
5875
5102
28180
16845
24526
15162
17885
22445
13248
14064
17238
1975
15240
9255
2376
15197
1377
14459
5614
23232
28793
20403
10759
26483
27812
31905
9770
13442
25170
8522
21082
24499
22207
21063
17370
28683
8297
2411
21826
15764
16327
27558
25811
1630
12344
9769
19720
21700
17722
9931
19309
6896
26588
13228
18868
10146
18550
9752
15622
22572
22679
19630
3991
11202
8511
14529
18557
7152
18766
31486
26050
24172
24637
4943
7352
29710
16652
6144
29836
10525
8571
22561
28446
27340
8573
32043
13328
5636
28394
28646
29214
9060
20852
1161
27309
21639
13020
12835
23462
18053
30566
22843
15236
3516
14986
23987
31660
16080
17388
6131
17661
2288
18574
24899
25257
17755
19524
16247
20291
8227
14185
29650
6169
15921
29905
28965
2755
1162
11262
32055
24828
25809
27543
361
24241
21260
22549
20122
5720
18603
12992
22601
18307
30918
19674
11001
2997
6566
15130
8666
17780
26503
23900
8101
1439
17564
3734
20168
23298
6740
4366
11459
16424
24540
2762
25810
7024
27109
9800
15820
1379
26535
11120
8011
18757
12581
9415
29197
21482
19123
25829
24474
1228
16822
41
13607
5466
18092
3755
28091
2706
10348
19058
10128
25809
5294
24040
2236
490
16845
30346
22288
25974
26060
28644
18241
23404
7832
10941
18245
10482
12172
25743
18432
16242
14394
9018
18976
9711
18537
2296
12870
3226
30042
9364
10342
16032
21584
4567
1648
26183
32334
32324
6704
22329
291
26117
15987
21279
24996
7460
3947
31858
4921
30974
15956
27534
2203
11765
18520
6665
16859
13670
5296
6210
31655
20443
15885
16701
25545
30593
2870
24750
30448
22236
23282
32595
27571
6073
1832
18823
20179
7780
837
17429
13504
1308
14814
17226
9311
27588
28055
22606
7947
28635
8515
10420
27098
24750
19276
25679
31777
972
22613
19783
14138
32187
16671
1645
19332
13033
14249
7116
28332
13541
12188
31104
18219
4047
17893
17612
12560
3086
19364
19302
16384
14400
30789
32021
8827
20343
1772
9086
19040
20386
17175
19515
32436
21577
18559
6446
15007
2430
31295
27413
32183
19216
30007
6750
29058
17409
435
12860
2101
8762
18504
25082
30914
12926
19967
6288
15378
30877
31670
32372
28559
6122
13506
16818
16614
8174
16601
26687
18187
4446
3376
7306
27773
12107
2272
10325
20171
28825
8334
4547
14167
9650
7499
3762
4442
9851
27321
16970
296
7304
2159
30934
182
15756
10911
21971
9561
2579
19958
10311
29392
25715
17092
22869
24453
5119
29533
10509
28176
2175
27071
11657
32765
29149
22645
18485
17871
33
10939
1390
28740
24479
24546
6735
1755
17775
13814
29895
1940
8222
26527
4591
13303
16547
325
3739
12119
3989
4471
9776
21080
8859
14478
5045
22447
17955
23437
2348
17961
20311
32332
12578
15343
19020
2262
28293
32520
22653
31759
20150
30495
21369
22938
25055
29831
2008
17145
28039
26748
7283
5110
11619
29356
31189
31810
5743
26614
17900
23645
20542
13937
18436
27061
22670
19120
18679
24082
1312
23108
17309
13873
22471
14211
31114
17327
22718
4744
16377
5674
27454
19323
6403
32674
20560
14867
27925
14373
19425
3672
30880
25771
8212
11950
16914
1343
21212
14095
11270
3679
29129
32152
30647
12710
18466
16455
19387
6568
15157
24579
4846
7454
16619
19676
18348
11587
9375
1941
32579
893
3632
23647
18855
21056
32597
15080
14696
32047
15153
20372
10210
7301
19496
16906
2484
20404
7152
15603
26483
9036
20971
8958
20127
3613
27572
5416
20181
18848
17400
11834
22343
2451
31623
6035
2154
22244
30890
23335
19950
4560
28856
5832
21747
24396
12260
29861
12922
1444
4953
3344
19993
31842
27017
5508
25844
13169
11457
230
14568
21890
19457
29963
16393
2479
30220
14715
26703
30814
6843
884
17292
5993
5782
17202
12193
380
15525
22126
20210
23742
12932
17445
25879
5299
21174
26010
27605
27489
2363
8350
29772
9649
24165
5903
10353
22297
9191
28575
191
4216
30767
7126
554
30273
5110
16219
6229
476
5653
7279
24580
29257
16794
10682
30164
12295
25115
13642
7466
10292
19018
14553
21353
25333
8394
17230
9064
22808
28481
7047
19747
19704
10159
86
5552
10913
5118
10697
21365
13109
25562
28591
2713
30607
19650
14679
11704
26149
28767
6811
22235
28723
32021
16925
3239
2582
15577
7377
26580
2805
1602
21180
11489
12199
17378
251
11782
17617
1494
21766
2411
15439
20892
27958
6039
12758
9253
8837
7723
8919
23083
8086
6864
23974
29381
26869
14958
27611
24633
15007
20639
31737
23313
24261
25443
3661
27505
25037
7957
26905
7335
18330
18077
6130
3844
9741
29672
31335
23530
18635
15509
9699
39
16961
3825
7893
16513
3558
23334
11533
15506
10176
23727
20329
9175
15658
6159
4786
16643
23252
24771
20417
20377
15371
31605
5350
20409
7995
12402
16010
19514
17330
25182
786
18170
29862
32039
30215
16242
17786
20791
18036
1934
25405
12014
15504
23227
8052
22095
15005
27457
6169
3833
17680
22995
8419
31833
22002
19300
20936
543
32646
4413
24257
19694
8748
5965
7373
21336
14725
3264
22584
25353
1240
31443
24605
3650
3765
15846
27434
3466
22488
5330
14755
27040
10575
14974
6313
435
20960
15789
10941
16853
21157
2842
6528
7598
16121
24007
5308
9069
21400
2450
17064
15108
2305
21513
1384
26005
9503
20351
14804
4391
4137
27744
21370
21662
28871
13505
31206
10218
21366
26171
2849
27774
24877
24058
10103
23044
26945
2833
10877
9039
17030
23312
13651
26513
18359
21721
11815
17358
29463
21935
22778
6288
23897
9360
28071
22493
9149
20421
20257
28518
31101
2231
18428
8961
26727
29188
28719
27481
1227
5074
8216
11492
6295
27236
5312
23318
2497
17131
10593
23509
32741
23198
18981
16172
3376
29708
1073
8003
24188
22193
22242
15503
14012
27848
10838
10822
14747
29537
3887
7958
18784
28851
11155
15894
31765
25779
31095
27645
27624
26598
14878
1170
26321
11379
17116
1123
16757
5500
1824
31418
20811
22702
946
22477
20989
24087
28472
27445
14865
21048
21503
9889
17096
7772
30456
30924
10054
15144
12289
21676
24308
4466
5990
14573
22307
23895
11432
19357
28658
18311
23165
24105
16497
10468
31767
28040
26118
11340
18345
29366
25360
17074
16936
5988
20683
7540
8271
8942
26740
8936
14565
13197
10157
4408
27714
6094
5154
17265
9488
23618
25197
19670
22095
24951
1079
24186
6811
3624
24992
11022
22706
29105
16865
15607
4401
27333
10032
29348
14750
9827
8677
5406
18603
2822
24282
15584
22457
25629
29975
30954
32156
25018
13999
27665
18078
16526
2277
21657
28102
11797
1939
12805
15194
15630
30669
32046
11426
32302
19905
9875
18671
4373
18913
20208
18396
16769
28997
28178
27860
1218
25930
23529
15316
27502
24192
28639
27506
23381
20163
10856
14367
9655
28327
7386
31913
19893
14874
896
13316
4870
8260
17897
18505
5355
27314
20870
21247
8549
8116
629
12954
1189
25603
3735
6465
27844
8103
9960
30932
13748
27160
17168
28718
12663
420
19253
7591
16526
21008
5140
31453
20149
20098
24912
9653
1997
8863
25097
15004
22810
32496
23473
9235
4782
1162
30491
874
15653
5102
25557
5835
30611
814
17848
16507
29115
32593
8381
4957
22146
7417
14099
2232
15011
23619
3438
17209
25507
9199
2465
828
31496
30657
24431
12359
454
28198
16286
7127
6138
10523
32078
24928
27866
22091
7561
1935
27372
31351
1307
18130
29815
3099
14500
6426
17464
8527
25323
30432
18005
13547
5493
25958
32151
18158
30551
14911
18643
23585
22088
14353
7337
8439
19962
26778
1393
13240
31147
22513
1395
23006
25591
5390
9046
9408
10480
7053
15580
18797
32368
2735
29132
12251
5806
19874
15151
32065
4368
6402
702
7617
27968
24991
20124
4426
13442
12417
21825
32701
19781
30761
3510
22606
11511
20250
4104
46
23582
13208
23031
21607
165
15536
19438
775
25203
23672
29240
32640
7747
6040
28272
5711
31407
22025
5433
25564
5005
12573
5168
12961
20351
25280
13343
1167
21446
14845
2932
19373
27223
14532
13553
5635
3633
16106
24228
12470
4589
26225
17690
1652
5271
29962
28368
15634
14524
1752
15338
22132
20932
22135
7719
22702
31618
17981
3349
16744
20490
3775
2689
18567
12227
13975
19250
13834
20413
14181
22487
20273
580
29716
14909
7909
28085
25695
2757
7508
9616
6547
29206
31452
22991
150
29455
4650
4214
1320
4351
17827
7532
31337
9753
19458
19593
27803
32290
12355
29168
16426
2413
2241
21663
16873
15369
10651
10052
3231
27961
22107
850
26562
19236
14042
6741
898
14030
4958
4483
13834
7239
7174
15251
7682
6947
16232
9426
20056
4905
21624
9587
26432
26960
7084
28198
16505
6375
23389
17133
2258
25875
7025
22571
32494
15998
17463
1534
10052
12622
9362
17871
9065
28500
9050
11816
3730
19078
8191
24773
853
13232
18031
7917
11951
4454
23098
30723
5195
829
15604
18008
26625
25915
13276
28227
8350
10123
12474
4980
10211
20085
8718
14469
19408
11918
3686
31954
21794
14636
32528
27787
26394
27933
32241
5895
3200
16281
10933
24411
5608
4468
11049
15148
11572
1176
31460
21441
16986
17843
24109
15708
13671
7725
31769
14539
25028
25181
25588
13114
28344
4092
482
30795
2351
12506
18118
19049
27322
21967
1891
21849
20950
15861
22210
12049
20337
32276
24531
23246
3498
15454
598
609
29657
21597
14076
22985
19407
30505
32458
24839
19551
7134
25023
30766
11549
21581
16566
31162
10085
23026
32398
20258
2207
26407
17543
13233
14786
12438
26095
6545
24599
4852
9983
25897
31552
18669
27392
29353
9336
15706
3505
6626
21276
19898
27629
9308
19051
4320
24457
27042
5258
30185
12924
1505
11978
20337
19778
24241
19246
7943
9346
27187
19240
13533
10734
27740
22436
30660
17514
7824
14919
26968
4977
30067
23545
14968
437
30972
3233
1018
27398
25291
30767
30620
22901
30396
27872
7485
7609
18876
22205
28749
18130
27355
5222
29058
15596
8867
2317
204
901
15528
4037
5004
26322
3937
13309
6913
6239
13878
21319
12034
32503
12762
3167
20723
15811
25307
8040
23282
14005
4728
9080
28497
3112
32178
13655
31817
26048
5798
900
10220
31896
28697
23417
14428
12956
1877
7216
19515
14643
24628
12774
30562
2850
10106
32543
6102
15789
20327
22250
30455
27902
23181
27750
2811
18379
18656
23429
27803
32308
23308
12048
21772
6122
8203
2028
14385
30102
246
18843
20239
377
16155
28677
9857
21327
6225
29305
1581
19322
1416
22511
17334
26972
18340
24720
22068
24837
13964
26744
15841
13326
1661
26554
5140
20932
30629
13220
22388
650
9197
25925
18533
8824
24342
2349
27079
28488
23815
31860
31200
28019
4709
6910
30614
10391
869
8956
2018
21276
29918
29110
20353
2327
13219
32137
5357
14958
26127
12587
16011
62
7137
3127
294
24953
4170
11493
21148
19156
21061
10008
29911
15840
18215
19615
11519
31606
15223
19124
31470
11609
30207
16585
25829
21271
291
13445
11133
30256
7794
1801
31200
27002
6267
20343
26168
6084
26338
16053
22120
9658
22707
28782
7419
27401
14581
19802
25177
1731
8579
25280
11841
4868
28695
21305
9587
15318
4520
17590
20397
15698
6134
28612
31193
3336
19811
13327
2181
12961
15108
22053
20115
5059
21752
19069
15410
14133
16632
12728
31245
17220
27440
27174
17602
15205
23885
23180
7317
16667
3032
23077
7526
23579
3522
23014
4832
3503
29248
13062
7412
13144
10457
16062
30853
31927
12220
6990
16485
30893
31832
16960
14977
32194
21031
21488
1368
29123
31690
15436
14770
13487
6747
5337
21646
13013
32511
26615
32092
25142
17082
14693
31852
12080
4232
30727
30119
7262
21929
15591
15229
6586
19516
31611
19998
22276
5135
1830
23277
5480
19894
4608
20529
15451
27610
2266
22798
13766
11988
28797
21941
21862
32378
10291
9175
20338
5689
13705
19295
639
14181
32082
25440
6306
21964
3567
17228
17364
29329
24270
21608
6554
6456
10545
6012
20965
13053
15921
13007
27958
9322
32258
7250
1543
26920
21624
13340
20839
8726
24266
25366
4836
18840
7831
4600
1965
562
24102
3188
3320
13141
10738
9392
1442
26744
870
11002
17173
9835
12517
3512
30063
10984
20237
13725
26337
19052
1853
29219
1620
24644
3924
2613
1363
1259
22204
17707
3365
32403
1192
32764
20281
8194
11161
8879
29896
2463
22055
2579
12725
205
20734
14768
32440
20855
22055
27133
16059
28140
32137
18132
21380
16622
5807
29218
26005
26117
20427
7907
25424
15386
19963
22606
31583
1600
6860
18764
5715
3797
2813
6191
5003
202
645
10913
19800
27455
14806
26074
10334
9043
26724
16151
12862
30778
30817
12359
4978
28048
10187
25863
22648
28652
15017
13264
22066
14265
8850
14191
11661
20033
16238
7350
12897
26891
7553
30834
14744
3943
21669
14749
4755
15943
27862
3028
12233
32336
27636
15883
17073
8241
28869
383
20195
4916
32570
5356
30842
2578
25075
12288
4540
25100
17668
17168
11261
55
28154
24331
12224
6424
13593
22956
16416
5744
9192
499
28014
3929
23792
30933
31516
1682
12480
563
15577
25368
1076
25097
20222
22262
27639
6632
11817
10333
8519
6822
29223
4343
13304
15956
12312
10105
7612
7792
18381
1912
6817
6748
8309
11133
27355
8719
6265
11611
25028
6411
11428
24768
26145
25998
6791
31755
18343
13
540
17245
3518
5854
19113
27123
9092
6709
20199
7603
1301
17489
5220
28932
21002
29175
4646
5859
26943
24352
19089
9524
29146
7151
15499
20821
30088
19941
28637
23289
28682
4440
8412
6452
30705
3873
20298
24018
25765
6806
13431
8941
5548
27576
25771
14015
16169
18861
8136
22964
24483
14704
5420
707
17160
1223
7893
15871
14066
11637
14280
22889
21544
8369
12723
21513
360
16088
28113
17213
4964
2911
7438
8784
11786
6411
19308
16462
19208
1636
15013
16407
2448
7783
20498
24243
11096
29051
6603
29669
25318
31398
12048
24835
22282
9473
28647
25092
32684
17769
26631
29915
16327
23672
22773
19204
24758
13491
12141
31068
21167
12549
26627
23093
22157
24429
9994
21930
29906
9203
1973
1072
26092
4064
26236
24430
20407
14638
10945
30031
31812
9790
21428
20821
28121
8649
19572
4144
29752
2841
19319
20879
10020
30329
16683
31798
27170
12778
6621
2128
23933
535
22235
17415
24716
11147
17109
18003
2359
7202
17801
1039
13496
18621
6816
15186
5535
4922
28626
10492
25369
19620
11857
15503
3441
10150
29541
15937
7127
12102
31827
6991
5985
5584
2436
19603
10063
28687
31971
2905
17043
12483
14215
18543
6801
30800
31378
6523
8995
3252
20313
4241
23520
3515
15045
12805
16030
14710
16377
31870
30517
21737
30260
14156
18566
3332
13817
31484
17084
25557
8558
10281
11986
32251
3075
16533
21334
25694
1363
22136
30316
3613
2895
1559
16661
18120
10137
11673
26545
17616
31790
22294
15299
1083
840
2290
2805
14748
1667
28777
28508
28995
4414
6762
29948
11953
25156
11945
14479
8271
8364
24816
25474
15199
22525
3253
10561
21554
32662
12018
10676
1691
4429
12849
23817
677
29527
16614
27829
4481
14696
4610
7605
26306
282
25541
12314
4557
28051
6356
22468
9098
1634
11147
12910
23648
32171
27540
24299
30305
8580
14777
6574
24513
31902
13814
656
31117
27176
5075
28622
11929
8432
2289
29265
30395
31180
2530
28467
6710
30008
18749
29310
18809
17472
11506
7991
23818
22689
11740
24731
20925
16427
21909
16552
21801
20329
20110
2015
30300
24452
14943
2633
20174
9061
16987
17848
14228
22554
5736
13647
24278
21627
19982
32324
20867
15373
24525
23013
19779
22822
8884
24793
28334
25170
3631
7081
4027
12022
11297
31871
27259
7987
28978
9773
21511
15117
28523
9328
9143
19661
5888
31094
6804
31395
31084
9375
24336
9104
17091
1665
24821
899
23876
17966
14748
25283
29486
7097
23647
21644
17110
9206
11088
18685
30965
8578
17452
30258
1350
20227
6538
23725
7505
9905
11352
27386
24961
17174
31112
1170
22653
15633
28679
28673
13493
11041
751
28740
6203
9696
11261
3445
19157
30158
29253
20650
5712
20048
18724
30490
15639
14841
23415
24705
16132
7175
5898
15558
24693
27441
3156
15579
10147
2464
30305
19174
17455
24123
32527
3486
5374
4903
4989
15095
16455
7566
23745
32257
4586
29344
12505
29709
5124
3544
4068
1299
5568
11393
403
6992
5232
25208
26330
32307
15068
27699
5099
21626
27353
25090
18020
4505
1310
12437
19399
21083
25428
31423
27692
27851
14444
18553
27954
14165
19253
10026
16699
19241
16174
7974
14041
17888
24473
8820
15491
20066
8400
22740
3213
24839
19420
27904
21847
9980
2116
16179
12740
23785
14371
8424
1517
3280
23165
32228
5143
7993
26579
5750
24035
1932
23797
12030
9669
4030
26648
22700
9399
1839
27688
14218
18479
22739
20064
27069
3150
19601
16919
29704
18010
30696
1757
22417
29550
8664
19654
13544
24432
7680
13062
8261
14404
25348
5310
2833
24895
24625
6166
26280
6879
22116
13196
25694
21177
14375
7564
30400
12210
21790
23104
30748
11890
21666
23465
6723
25110
17323
26607
909
11557
14835
14837
15646
1734
23128
4145
22120
8240
12930
7611
25073
32353
15815
4515
12118
23571
3915
10376
26257
26604
26476
31846
26743
13045
14429
1712
6276
25421
24080
2207
29659
32543
3418
19913
6537
25553
15954
31989
10250
15742
5626
27438
5134
4775
4897
9494
23677
14373
647
8829
16312
16738
32323
22578
22050
16585
31842
7193
13791
27771
12497
3966
987
31556
18045
937
5646
19917
13240
3251
2815
14355
11743
13976
31367
32535
57
4236
9176
24280
18979
659
15549
11390
26730
8524
17956
26840
3577
29709
2521
22280
20404
24885
9620
27517
10147
13502
18230
10018
13139
29970
32336
13013
12665
31264
18149
20251
729
31406
12657
27666
12902
1009
19497
32167
18603
3931
12677
24584
28265
10932
24572
24669
8834
26220
16142
15795
1813
32304
30088
13880
2539
28603
29956
29870
27666
29679
24239
29210
27847
3620
9551
8124
7066
9664
4228
27972
5580
24071
1357
32579
13052
8245
14287
10720
25858
3018
10834
972
20252
16678
7565
9592
22600
14933
22051
26757
15600
9772
23405
15228
25548
31125
4986
23999
31237
11047
24660
6079
6806
19706
8837
17264
1272
30905
17626
14586
9982
16888
13671
29618
32254
8904
28619
840
4913
5769
31926
7489
5980
22272
2728
25256
25008
28586
1019
11777
21999
6991
17955
32127
30161
8153
24117
19831
8614
7271
28326
30483
19516
32158
8789
26443
9731
3135
20684
16913
879
18943
14275
17868
670
4243
28134
776
13371
9994
29401
15468
19362
16735
120
748
6725
7759
355
25152
23118
14184
20666
12692
3206
14179
10021
23681
28021
10931
22808
14396
17867
7774
19029
14605
6654
8460
15026
7171
32053
23133
20508
22759
2917
11392
476
28782
20153
5122
18713
27314
5176
14819
15006
6627
29602
27631
28126
30010
3738
28491
21813
8239
19210
24911
27505
29164
3268
6803
23185
4353
12901
18509
32717
30553
22911
12250
28886
29293
11767
20634
26206
29623
18603
22529
12251
17770
24920
7147
5256
30560
22460
3888
17837
6228
22519
25721
17953
3921
7735
21330
27405
10602
7572
13184
23026
12204
3641
25236
10222
6481
9925
10176
32315
11830
1265
2538
26616
11664
2418
19455
11564
19674
11041
906
24328
8978
1369
32133
31084
21540
9632
25966
15789
4263
23690
25246
10902
15815
5595
8151
13740
22914
31724
28956
10678
28440
27216
3013
20093
12220
29622
1234
15825
912
32529
2432
2508
9936
16375
1562
6235
10061
3655
12050
22521
22046
24847
8272
12734
402
28845
1738
23705
2921
17460
2133
30170
12099
11793
23994
755
3416
31726
21261
16511
19818
24022
8762
25219
28152
18586
23521
10740
5045
22388
21092
29562
27960
28907
15166
9076
32501
13046
31382
4924
27500
27236
19731
25516
2976
6523
17395
22753
27595
20960
18263
9022
80
26039
4833
14772
9969
13322
24705
10561
18498
5231
13708
32183
11613
9701
1551
10175
24024
1280
8802
1053
6644
11590
8960
26678
17687
2520
18069
22479
21629
31061
30297
18455
5674
18683
25757
5096
25635
27407
31139
1354
6109
27775
691
6201
20982
28103
22379
23208
27171
8977
26967
3525
7018
8096
29122
27775
16529
28782
12747
15173
13526
18964
30907
1297
11488
19947
25749
10662
7158
10865
4335
8470
31087
6894
10241
6278
31337
2647
2556
19509
5054
23922
32413
17083
22580
10299
9473
19855
1780
21127
5563
29388
24126
28647
27428
9269
1626
20175
9202
26486
10450
759
5132
21421
2014
28418
22429
2088
10784
4446
31847
112
28305
6251
21851
27015
7356
479
11366
23663
17706
18793
18061
8683
1565
27284
28220
25482
2177
14831
30683
28128
18719
22891
29859
26647
532
19460
1968
9383
18561
27811
4439
28513
12933
19523
9401
31922
6504
15187
31640
24102
19481
604
23658
8235
17883
3556
9900
29976
15675
4498
31097
4461
8005
26259
10331
7516
19191
10555
29281
24457
8438
23024
12146
1295
15232
1348
26592
10947
25250
14177
2624
3004
4267
16042
13178
30995
6880
415
15644
32487
21105
27649
1524
23204
12716
14135
10461
9861
26993
4593
5593
24152
25318
27403
16736
8578
2411
25524
24056
22082
28881
11471
21510
4666
11206
21401
27620
27691
26260
16781
24115
6912
6668
29573
15987
1550
27324
11297
29649
10906
2153
9580
13375
31387
8633
1469
13770
6338
16431
7132
2600
5560
8284
9830
22673
4775
23124
10867
27089
27899
28256
7541
15002
22378
2546
26212
2078
1073
6366
31256
2781
17569
30406
5878
21436
16859
21718
25550
32600
13016
10162
30212
13209
13228
12717
750
7050
8715
32060
16510
21864
8972
23466
14625
1785
13869
15373
5862
3102
31127
28280
10723
29612
932
10098
11733
15992
30111
22439
4870
5297
11211
11230
20084
25971
11942
18731
29999
9368
18798
6502
9987
6866
27109
15323
3159
31735
11602
28227
27477
14235
16072
500
6219
14308
27306
12628
17745
666
2927
27027
29997
28798
13219
23706
5491
28381
14638
28478
1009
32612
1497
22458
841
27190
20750
92
25312
22076
9951
638
24055
15292
24651
19896
30232
25902
28860
20308
19636
29259
11475
11778
16394
4454
28264
28109
20298
25343
14797
4174
2555
15254
18515
1312
3738
14269
7184
32404
23684
22129
223
32421
32022
3498
7847
12334
18450
3377
225
24666
18244
9138
14164
11356
32102
31250
29731
14177
5186
6402
19210
31939
13846
27861
30181
4736
5692
15246
17010
28650
27914
16702
3415
3232
27384
26253
28263
27580
26368
17814
31265
26446
19531
28920
15481
20490
2825
12585
20700
13629
4257
11278
15214
26886
2826
10953
26518
5314
31608
29139
28604
29128
23612
24394
4689
31319
24037
17292
30736
9932
32684
10244
12164
2840
1807
30788
459
26738
6843
16724
1177
1865
1199
31562
3456
28029
24479
4379
27246
17614
13206
6833
887
1429
17888
32062
18900
14770
8231
26063
6188
27589
4828
21028
26643
5793
14041
7103
209
10493
12868
14651
868
29037
17590
10719
30664
1681
24220
16243
16245
32652
18398
14930
4394
4280
6591
27585
25065
24729
4101
21119
24386
10511
30041
26014
24277
30927
12016
400
26387
10515
11115
11141
13636
23441
14588
7925
25806
5290
1739
22904
7092
17893
21912
6366
24669
23707
7073
32636
31895
10484
8134
21188
4571
12562
20459
2073
17107
17547
22174
5089
5657
25629
13305
11995
30274
20893
24010
1458
29467
23601
10994
1747
10290
15551
3595
17020
27800
5797
25422
4374
12262
28843
21939
29637
10366
14901
8025
25405
14099
12478
10537
215
9068
14721
19895
24036
5732
889
17256
19777
30006
1420
29146
29484
503
11524
13952
1877
25956
20542
23693
32056
1502
14758
19476
1707
20403
24291
13421
9395
21151
6222
13786
15004
22675
27817
20074
22345
22964
17678
3614
10440
29095
7461
22091
20009
14860
922
10303
31633
11848
32462
18215
9354
31880
10701
12593
8349
26627
7553
13293
32291
8319
31269
8185
30552
13078
9467
24541
15793
30778
3650
30260
3952
8951
4963
9997
19317
21880
20843
20624
30551
24269
31677
14053
27571
1515
2825
18257
6852
1524
22648
5794
9524
8121
31017
7886
12594
25726
28129
32727
14277
7677
31486
18417
15456
30637
15533
1767
8886
19779
19293
12475
5839
17017
1140
5005
15196
2063
19264
25789
4680
29200
22064
10580
21391
17239
23620
32160
9811
21073
14018
31
28717
27397
19243
25503
11969
4689
20845
27810
3989
3702
19034
24071
14883
22743
14937
6375
44
23805
31835
29630
26704
10463
16657
3275
18140
29280
3677
7097
22755
5658
21254
1662
5520
29530
25263
15748
10682
18795
28170
8966
20921
31256
19273
446
1400
21868
8917
22205
10956
21180
21571
29338
16900
23272
10116
13774
16578
2013
7771
27743
3849
32094
31252
3260
23190
16133
18804
24040
13428
10116
4844
18651
11467
25905
28433
22822
24825
8130
10065
12501
12259
11092
11486
29593
2189
27827
31727
27943
1769
21205
16168
30427
21229
2471
18262
24737
30184
18957
11104
24853
6678
27427
9339
20713
26738
6346
31388
13703
30923
21344
5427
24312
2074
7374
1046
7429
26899
30408
5307
20380
25338
5712
18347
22133
29368
28796
14899
9204
8750
1146
22621
30546
27081
1745
27423
504
20567
20969
22225
31787
15641
16334
7652
27886
12313
20785
31698
10532
21693
17840
11345
19958
8861
2391
13004
14964
146
7014
13843
19583
7695
21076
17490
25830
30389
8469
4928
30415
13345
16793
4248
9817
25097
26773
22221
14975
10375
26245
23034
26176
180
23026
24855
11516
6009
22256
8051
26146
21154
10220
606
9224
11316
2980
1830
538
22529
5239
11590
7735
26489
3295
22745
16728
24515
1340
14677
31603
30221
28371
2165
13983
26144
26646
13687
1400
5943
7718
20616
12485
785
26518
19069
18520
4933
31858
23747
15158
26838
28543
11673
15096
16903
19653
1148
28273
29296
331
8931
14225
8530
28706
5421
4233
16936
22692
4056
17456
31614
29182
11507
1446
28678
24556
7638
11063
7657
25796
9488
4226
18523
29878
27809
25562
8050
3666
3178
25324
6712
31818
21729
19106
14079
25722
12809
32328
5620
18469
15010
10734
8695
22914
16284
25613
15274
19063
28626
4717
6856
30884
25589
5701
22969
6819
9926
933
24419
21134
3465
26641
6978
18882
29878
25710
18363
14819
13553
7715
9901
1825
25660
19320
27722
20409
14188
24385
19493
5310
6105
6081
23691
24601
16730
29897
17431
3023
31857
22816
25985
3714
18626
23335
32183
28987
3018
2237
26671
21094
6093
8801
32123
6686
7952
4502
16414
17323
26441
7820
19358
24649
20820
10492
14810
14123
2343
26708
29342
9920
29192
30484
6517
11061
8958
11640
3518
11835
1925
3927
12546
1034
30853
20811
26501
14758
24965
14610
1819
6241
17948
23860
10301
673
15273
2022
3420
3555
11076
16687
5237
32256
28661
17481
26342
1455
9507
25674
23424
28748
14671
9220
16093
6360
6402
1321
30196
21056
1539
21171
12010
9442
28366
27266
5164
1357
23106
19015
13754
26696
15258
25506
7366
22551
17054
31623
15741
28409
31770
6374
15141
23285
22160
18059
12904
20182
24362
11331
32239
1141
19186
17216
10547
13366
8261
10686
1424
9685
5253
23015
5532
15971
29199
18420
17078
12171
6765
11158
4322
11290
30924
30868
17620
17855
30896
19125
12362
22542
21734
18656
6303
9419
21179
17282
27549
1382
15723
4656
13972
21954
13788
29838
5032
31802
10892
31343
367
13030
3016
14141
22716
30234
4128
17564
21685
15408
7447
22602
24876
23176
10271
29001
9004
15308
9156
24641
28625
19321
19751
12064
9565
15003
28078
11267
6793
472
25850
7001
6169
17583
3865
21829
4275
31234
23293
21061
2801
32210
9517
27410
29109
28747
10939
20423
16061
1536
10358
31300
13175
11639
31328
8149
5142
11752
20323
26127
6373
9026
17727
24315
2523
31599
199
4215
14448
22745
5709
2776
19376
32301
22107
21204
4750
10079
21156
8864
20602
29678
12089
18005
14390
18025
5120
6040
2277
15666
21091
23674
357
10370
4933
3485
7646
8621
8506
18329
21403
10151
8951
27549
16153
25799
23047
13146
30814
460
14784
15388
396
10782
27254
19770
950
9558
3310
23985
19954
10751
21013
7436
19120
19870
15090
903
24394
13809
5338
11635
27100
28533
1507
1500
20821
3370
15771
1130
23502
30106
7673
645
16155
280
28819
27580
8096
19782
31762
19816
29030
27098
3555
2444
28527
17057
19504
12544
7494
27332
25615
18639
1753
11594
26617
32477
12939
1758
29309
4557
31110
27858
24885
28705
14926
1381
15354
21155
6556
13633
7252
22020
17769
9800
10548
22468
28233
11152
31462
6737
27386
9900
31553
29811
14909
21038
5665
4071
22244
5481
19991
31563
4653
17788
2398
4922
26702
30604
11025
1719
849
18512
19612
31439
24610
15571
11121
4474
18919
8309
7932
22467
8079
1075
10968
24360
6062
17193
323
1604
30344
12373
2511
13483
27243
20894
16475
3606
579
19477
66
24768
29288
25978
4050
21263
7098
16130
0
5239
2288
11607
13401
5532
22061
20961
10044
2998
14036
22852
15943
17210
3486
810
17167
1463
19178
22338
21524
5885
1364
11145
25076
3461
136
24520
3294
2573
5721
29277
30282
4739
13837
21055
23271
5156
28155
4669
2261
20709
13145
24966
1557
15378
23631
28014
31550
2613
79
4207
13937
30777
12969
29294
23182
3535
19290
32320
3752
24337
12837
20589
16823
4453
24550
820
22157
10149
2594
31695
19468
22909
11490
7416
13717
31252
26306
683
6083
12782
23365
11054
32090
4113
3947
12623
22650
13926
29830
31725
1049
9571
5449
1721
31152
27367
6434
10302
3891
14437
4554
31007
20807
9285
18202
16544
19888
6791
29984
2664
25096
16554
12402
18822
25271
20684
25794
11441
11807
12306
8627
2004
23
17482
10731
30410
6555
19663
30825
7525
4289
17069
12313
10422
23791
1030
10662
30088
29516
20149
5008
46
1908
20016
22654
383
17520
16563
16341
23838
4581
30619
31881
17663
14731
14096
7732
13862
225
14566
6245
12978
2848
22213
21562
23835
5997
8072
49
22712
28498
23524
4667
4996
6511
17994
12306
23841
9325
31246
29133
28445
7732
24008
12978
19061
2910
3323
25675
3671
29419
1268
6076
11308
21046
6389
12627
7382
3367
29075
31329
31542
11947
7005
1352
10226
3425
26814
6102
23157
10391
11045
4049
17207
20852
1890
30163
9022
29814
26964
12888
31973
5920
23233
6422
16860
24044
16773
16013
8816
11911
18671
19422
25100
16957
31336
17632
21760
15538
18773
29809
27522
6868
5695
29450
28146
3597
27953
31639
20067
6077
866
645
13142
30951
14356
17180
8136
18987
7356
14095
23664
20468
18531
11345
1602
24306
31308
27947
26167
25803
20439
11916
30288
26893
4517
14496
14297
6760
23549
32163
16107
15386
9839
4856
5940
1962
28343
16501
26106
22233
2788
6658
27998
10710
26297
22370
21726
23985
12371
24144
23326
10002
14348
13006
21736
9515
1952
16826
7537
8427
29838
14754
23518
19572
12737
26073
16902
5840
9328
16330
10362
26591
67
10893
11203
22676
28343
3256
12010
15201
17859
15480
26430
2288
4540
29152
21841
1300
30326
13184
20292
12287
11180
28986
68
22453
6305
16721
341
24001
21256
29635
28494
1318
1313
28633
8741
23704
32550
4092
26989
6380
30693
28618
29213
29646
16558
24681
14739
25266
28783
30491
12761
14861
18974
27155
31526
4292
25175
12168
22184
30692
18503
4871
13952
23189
13768
13581
3855
6729
2765
10453
19824
15161
6145
9327
5957
13586
31915
30482
14263
15339
7125
14771
23992
5499
27821
28118
3979
20105
10795
32421
30599
25763
9716
22591
28184
14355
17023
2386
25862
23055
22646
8940
6138
2864
2911
19086
9790
32294
20859
12931
31172
12969
13038
27759
8042
31922
1057
18987
29820
3052
8037
16592
19834
1893
25049
530
31260
4490
28557
16336
19092
18514
743
19944
31251
5561
19270
5712
8846
25712
7910
4963
7618
3283
1028
17528
30582
3611
21826
20665
21760
26581
1356
19507
30218
10131
17852
21289
12950
32481
5435
28590
6720
30074
30953
32115
6339
3004
25856
32733
17343
24922
6324
7770
13754
13393
29021
15094
6756
19485
30935
22313
20511
9516
13097
15091
17086
28819
28518
4651
25485
15360
8145
29717
25234
21999
32068
2354
3347
16929
31187
17244
30041
21066
18092
23570
18355
14091
28993
3344
28861
7455
23466
14114
30945
10969
5188
27451
14623
29134
20639
2497
19722
10447
3991
27692
26131
16922
9920
19663
25610
12752
16136
24821
22242
30890
1175
22832
19893
18152
3578
15342
5895
19339
16001
20045
22095
964
10213
32561
4788
7852
12078
2195
8980
18741
30932
15132
6986
30305
24613
10226
7857
30642
32230
7378
15332
31201
573
9823
13768
14803
26063
3257
24013
1480
13861
32338
25456
24278
340
23805
15621
20118
9437
24904
3507
17693
978
2060
11456
4909
26682
32322
12814
21677
5047
32536
11238
24407
17254
22597
25077
2481
11015
2201
18836
24126
11102
11480
3917
3829
18392
11976
22938
15602
8050
27273
10479
26732
27863
15909
30971
7399
20936
14184
1836
11690
29121
21490
25201
5748
8154
1930
10307
21611
9195
31925
4838
19285
23283
17287
15596
2826
14011
25274
15868
2345
24758
32509
1233
8971
1068
3214
4741
31733
919
16139
31504
2962
7502
11142
20236
28832
17248
20695
21179
23529
10947
31286
9802
10101
21934
12297
17239
28158
7491
11002
29618
13988
32369
32077
9568
2274
11801
26224
16358
31937
14447
1236
24260
6987
12196
23036
5439
9027
11714
21716
8035
1555
11735
22083
9289
12550
85
25603
28054
30391
24249
32177
14404
11466
25195
18464
677
20953
25317
755
31652
20401
32536
31851
30543
11711
22027
30589
3218
18373
12998
14376
16453
23761
12142
10757
24938
2672
5041
21792
31407
2079
29285
5382
32059
14082
19051
17951
2214
23001
11994
23870
29769
2351
14937
7543
32185
14292
20941
24625
16526
23438
31285
9083
23401
3596
17873
21156
26165
14875
7306
32005
7596
10525
25486
28450
26653
1206
18491
25074
5997
8392
12862
13434
3165
8610
8444
25505
7946
21108
30769
13375
28858
16390
32726
17271
2773
27562
6985
28999
28466
10864
31656
22877
32148
1176
20861
20012
21109
10573
16801
2624
770
19088
8538
3022
23142
30066
15815
20112
31819
14982
12926
22479
4254
14998
4979
18626
23699
27541
28188
27414
27882
10709
26066
27598
13680
27002
28539
14413
18888
7215
28774
12721
4971
7959
17526
10851
10478
17670
28547
25068
10884
20722
32253
29451
18371
29860
22738
26628
21163
10163
4242
26938
996
27315
25554
14848
21575
19114
1230
30637
4000
14531
25170
20206
1202
2631
30682
7009
30332
13512
26872
9567
12987
6816
27638
29209
29104
31642
18364
23014
25379
24046
26869
22747
3240
883
21102
19869
23841
16144
27838
6771
6532
15987
31020
23711
1759
7174
11213
11759
30105
19743
12525
9359
4602
16504
8624
1313
7661
16606
11257
23311
30725
28717
29067
27424
5055
28283
25199
13386
18183
404
5781
29384
4349
20647
27326
22892
15864
2110
25752
30005
3275
31347
8747
28452
14664
3937
22645
8268
4099
6618
9553
11305
28505
25688
14494
5426
22960
2613
6300
32689
31999
28958
1433
5843
21394
30405
16590
18427
16903
9942
14980
18524
22173
3373
27515
6343
3502
30790
23947
31681
16249
16372
10124
4569
6949
25686
24692
4153
21251
6407
19903
17786
24084
4246
20756
24765
29387
7222
22821
12023
7955
29622
22999
17036
8596
14771
4003
14624
26674
4108
4667
5033
22487
20630
31345
21705
16755
15889
8021
22876
10305
16731
11934
8013
15691
1764
9292
28333
13360
4194
25995
6406
21797
3782
729
17132
28730
6254
25963
27606
5599
3996
27597
10284
14502
19751
14794
16801
7242
25456
16267
12739
13809
3480
15363
10960
25006
7920
16010
8908
4426
1713
27591
5328
22596
15342
2516
27813
30998
9670
6045
20626
22458
21470
29577
15729
30061
6927
21853
10504
22963
27227
8029
7831
3227
27686
19124
2478
1604
18338
29461
9025
14240
5772
17827
13566
4216
25366
22286
9950
9904
16932
9471
2811
25293
23994
18103
7073
21940
949
4339
24487
7092
3258
12562
26880
28871
12141
889
24973
23061
5091
10551
23093
2234
15193
8421
4152
22985
4134
26320
7360
6033
12782
24667
17082
24607
21017
5790
20195
21764
13443
1107
15910
30808
10357
31475
7717
23294
3541
25372
23574
42
15001
23606
30160
6689
21633
32598
16677
1088
29446
18786
15731
7744
7566
28791
9078
27832
31201
10375
10080
8931
16096
6983
8492
31140
16245
5960
3887
30663
8646
14947
9968
3978
5806
7003
26681
13660
9581
14014
26222
21476
24478
8972
15390
16709
4458
20507
23768
6561
16892
21946
14656
8924
6196
5525
26977
7586
30624
13401
20805
10155
27048
11800
29635
4925
9992
2542
26521
22515
21892
28901
8891
190
19926
11286
4074
15145
32236
19985
8839
27617
15184
2943
23722
27764
6632
1798
31599
22105
6879
5229
15760
32561
18403
14081
30777
2636
3729
24375
28183
13167
28717
11154
7347
14036
22935
12487
29694
31347
14202
3360
11308
23680
6855
19230
11718
19253
354
22370
16379
2513
5915
3533
28984
18145
735
8679
28152
26558
5167
26237
14812
11607
25810
14479
32510
5680
17095
4457
26499
8619
30334
1039
13679
22663
14664
10718
3261
16038
28683
17009
9136
4627
32314
2754
19812
31555
17668
3985
4776
4763
8908
32522
19728
24371
1754
15778
30789
13018
27984
16962
11680
1882
22367
32167
32247
16637
5050
20745
7607
31311
27467
22522
5939
15654
1574
2450
30524
19680
7355
29897
10226
26092
18767
7204
28121
5772
3501
13460
15152
5336
24856
19355
19838
13831
23173
6320
18797
27370
19207
32229
18651
26041
23691
31687
3887
19730
2245
7301
22505
8255
31850
6741
29566
12472
15008
17684
9826
21736
5299
27436
32358
14388
18953
18875
4676
27706
25688
18418
24440
8022
9238
443
14930
7275
4401
26014
1098
30688
1025
27109
7315
3560
14971
7422
16115
13831
19879
5410
17617
20434
6996
820
31888
3318
30730
27884
2843
7291
15680
21044
3009
6986
1999
16850
25156
28141
15015
8520
29484
26519
6592
11256
13921
25188
4436
28044
22521
11489
32076
15253
23375
28879
1272
29298
29781
30500
24322
31092
2859
27987
4517
21056
7664
4045
794
14196
29912
24008
28243
3725
23678
14911
4076
12552
23164
7738
8031
20679
4154
16463
26743
31671
16387
21865
6407
688
10334
20168
5851
18332
10651
14665
29167
14044
27052
8680
18143
28647
27190
9091
9631
24884
17640
481
20588
23387
524
30194
26370
24439
15707
3928
21008
11470
3350
20263
745
20916
24402
24553
23420
17324
16788
3814
21126
17105
18077
27298
10246
3188
32391
10918
15858
8455
13585
17539
26920
8505
27192
21013
20135
1635
14599
11525
8447
14883
8367
25489
20998
20806
25562
27280
3277
28140
29245
12464
3026
3302
4204
30467
8055
16995
12787
4794
30899
10700
14754
31792
3080
3308
5160
20266
8373
1620
24804
8285
24620
8958
7415
19504
31174
18224
1182
8900
11958
23203
7871
5425
23100
32741
9921
18451
18971
23292
18593
12102
31564
11084
25410
5869
3828
15547
17669
15801
2964
29714
5786
25704
15999
31398
26646
30347
20882
19769
5189
12429
26911
12827
28225
26353
24106
23188
27971
21211
26840
13191
19130
2002
20260
10575
18074
30404
27604
25325
1527
8778
8619
14437
16338
26670
3809
26725
11315
1067
5328
20776
27000
12275
2032
12442
19436
1143
7173
12221
19355
98
24727
15691
1125
22502
24995
31645
31826
29116
16528
17867
9253
13670
22884
4117
17972
3768
18488
10113
22390
19094
25322
5318
24286
12543
31505
9833
26343
75
31798
26150
11633
11696
14913
32145
1483
3851
1073
19965
8465
20957
20240
16285
12472
25492
3366
3049
5991
12045
1390
1859
7176
21334
16198
11739
21280
14264
22122
30672
12891
8437
19235
14488
620
11214
8892
3489
8979
20680
27702
8248
21887
21808
32061
16043
215
19805
31578
4266
9492
5173
1385
27379
28689
23539
4430
1583
10469
15399
20964
7446
25968
24829
14646
13786
15924
16323
27378
6851
29798
29862
13082
17942
15941
11708
21757
17724
11691
18248
18022
22304
25826
32057
11027
18905
3512
22003
9320
23433
18134
10834
18789
8837
31565
28396
23254
16566
22642
8855
1993
26175
21996
1580
22085
26463
1035
394
1081
27033
5212
23005
29875
27667
20602
7456
32082
12093
29478
26336
10238
16306
6042
25155
15574
10339
13083
11594
10346
4082
19662
339
4651
17756
26572
17634
14112
32731
21368
27296
23770
22027
22033
16804
28841
12363
25987
6898
10000
14950
25219
26689
12151
6259
2522
14338
20512
25337
4097
12957
32348
11863
6895
31998
18175
8547
3631
9296
6929
24402
23861
30472
21702
18648
22514
28454
2224
22671
9638
4535
30516
7837
25078
26527
12859
8082
4158
29589
19241
6799
22824
18799
7443
31405
18046
10912
1837
30620
28988
19455
11137
10635
21994
10442
1511
5192
17192
1770
28465
28073
5771
4216
24742
9002
15271
9857
2994
25303
8557
20742
6619
11117
6584
28743
10487
10172
22306
4930
22428
22863
32028
6006
30169
22095
30270
30188
11811
7845
1243
24952
14994
19551
16857
6717
31310
9045
32191
6767
31556
17420
14352
93
19485
1498
8408
22958
10864
15435
22660
13290
24886
27588
25078
5693
27519
12646
31449
18552
12132
25141
20018
2905
25917
9594
13624
9740
32532
3686
31334
27889
9305
30967
21198
9632
5590
11808
432
27691
3558
4900
23115
32163
28898
26691
5107
3037
25053
23192
9316
32373
3985
27970
5206
17684
19864
32194
594
7919
19936
26532
18371
31632
3673
2914
29776
22745
20208
15493
4969
16966
9153
23309
28704
21874
30600
7187
19259
28637
4697
17837
14215
27116
30866
25106
4207
817
13837
11774
16076
25581
27034
18008
16383
22483
9388
22803
9022
9743
29522
23890
28971
10887
8297
5839
12715
5217
2577
26749
1013
28101
6749
14956
31977
20708
14415
30445
16292
28217
17667
25336
1105
18446
31018
21962
321
18243
14010
5074
27199
3403
8932
20686
31261
10103
7239
7474
14995
1911
24931
17097
32330
25886
31568
21662
16691
28005
16559
30237
25373
25267
1250
7542
28807
4699
18296
21826
28082
17254
30699
16745
22523
660
8590
27459
20840
28573
5057
6397
10881
28604
23143
13375
15969
26990
6810
1035
21772
28024
10141
15849
3
28967
25617
12865
9494
32219
17260
6152
11130
31175
32680
15262
32539
28146
22328
5367
24115
28033
26432
2298
9500
569
30213
23078
3171
16960
16803
3195
3357
29475
9982
16536
24446
24093
13562
18977
18343
14743
32751
1379
9408
19435
18775
12347
30279
11117
20426
18995
19367
16300
23341
16367
21005
26613
22822
26056
29815
27417
7634
1462
16910
5232
7355
1139
3765
8734
11780
25053
482
26773
13287
6301
1964
20316
13410
8454
22566
2830
15148
6975
2284
14501
6126
25765
23803
15864
19632
7275
18118
4995
16529
23427
20614
23399
2748
9154
24273
27057
27031
19007
366
8671
14910
24828
18024
19873
1071
25544
17249
20700
27975
11363
18729
24308
10733
29156
30095
5451
15757
22360
6007
7941
8008
19884
6445
17935
5865
19661
25849
5471
26139
10253
30708
28797
4570
457
5913
17474
24616
8776
23199
13535
24065
13799
903
27938
400
13939
20337
29429
15523
983
16051
9512
4957
28663
172
18032
2858
16859
31318
14767
1528
29712
6939
21365
23973
12875
29674
25799
21427
23120
17545
25376
10563
1042
29485
20918
29505
21788
8776
20478
32476
9007
22690
29042
23097
10797
28587
17042
21864
22837
15376
7977
3991
31504
9356
15825
25733
15820
6913
5305
20026
23974
11207
31654
3830
30510
5955
12088
14183
17573
10684
6511
23838
19114
17771
877
5444
14358
21201
5246
1929
32036
2894
16981
11614
24021
20974
5785
4452
914
3718
28064
8996
21011
16128
4730
29440
897
13043
23601
27241
20439
9591
12367
21587
9102
10551
3745
18918
10617
6855
2619
22391
11246
3384
21436
28086
4390
25834
14547
29481
30438
5282
15618
2521
12639
12508
12194
23883
12628
19811
25384
3249
5498
22814
27046
1378
27428
27693
31381
24968
25119
15413
26065
7960
30683
10999
14309
17160
24012
9000
29577
15548
7952
14204
1129
7617
18770
14341
20264
31165
7406
12731
677
678
2134
3164
3709
13619
29364
14966
25297
10640
6609
12225
23881
23638
1845
4531
1880
954
24720
22095
2498
17669
5976
17726
31068
24132
15284
3872
24851
6208
30361
28452
11568
5296
28466
2774
23515
19630
8070
1081
5853
21352
23637
29206
6826
12568
5186
12947
3742
27190
2616
19463
12935
1771
3846
20493
1380
11978
32332
29912
18796
11451
667
22726
2386
28471
25816
9271
712
22715
27361
32159
6722
29814
2419
986
15356
25413
27980
17088
20030
5346
8076
22010
6367
8537
18785
11796
17928
22203
23267
11218
24634
20245
6461
1480
29074
8867
22542
11301
10316
2626
25103
7888
9351
1572
21749
27062
21319
23751
29849
15202
31424
1576
14678
18894
23506
22324
7602
31096
3280
383
28481
31417
29061
15160
9927
20818
29817
9053
2973
31304
25968
13867
9814
9203
8500
26073
18081
11345
26260
11141
8305
22944
31917
9327
17500
299
3688
3941
30529
4196
24388
15998
11566
11315
15702
20747
11137
23182
21646
18891
5709
27210
18235
21854
27903
3376
12241
21756
14913
22612
28650
359
31518
7842
28812
14878
359
22970
14250
21716
21846
5374
30445
288
23154
3816
30644
5238
15282
1186
2137
21078
25317
23504
20150
1219
32593
7856
9191
30967
24475
32358
23890
13397
8935
20369
9957
30111
1343
13602
21151
22121
19257
28014
16722
8398
4308
30082
18599
11617
32676
30390
14946
23910
12335
12933
28903
1347
14998
24731
1277
23345
14968
13104
4307
15927
18963
30101
9281
26969
14508
30988
20047
26381
49
17373
24571
22766
15902
13990
19511
26548
13213
7155
18738
28516
4337
22030
5848
15300
4116
7961
3740
26898
8863
3929
24693
15605
14059
24021
8486
2996
22646
3872
3523
32166
12168
1651
10353
18666
9238
11518
4717
13143
10214
9088
18256
28854
27636
12822
7569
12591
1301
27216
12363
29698
17370
12170
5696
29304
17335
6522
2591
14104
30052
25861
26626
13597
10372
26455
9275
29736
22661
14130
8016
9267
16583
134
31556
11718
31744
13891
22040
4717
13023
5739
3474
12649
7663
13419
28733
17574
24255
32171
32689
10733
29760
27748
10260
19547
20078
23730
4321
16914
17714
14314
27368
29230
30343
27181
24471
22267
20445
22077
1399
12389
18106
15248
32249
15023
1191
17059
8307
15720
2634
9105
22118
1691
3536
6884
3330
9799
6286
8363
24556
32270
10215
5581
24894
31025
21872
23452
8912
188
19026
2477
25782
32766
496
13800
3337
3388
8138
731
19691
2727
23713
26707
5829
21386
20189
27182
18899
18888
4651
12651
14051
22406
4714
15235
25177
14629
32200
5116
10103
9075
8744
19515
8411
6690
14792
9626
31305
2681
27424
8634
4011
32329
13
27931
32086
31523
6190
22505
1423
25032
23182
20761
28494
25057
27268
6069
16962
22000
9176
5748
1044
7047
25127
7566
23280
15288
22409
28366
14658
30668
13936
20457
30397
3639
13012
5902
31394
19404
7821
26046
23359
15662
9472
1502
5814
5255
27133
7435
18687
6012
4072
10797
816
10592
26903
335
10236
17831
22652
14766
29050
32414
9604
16911
1064
21594
18238
3926
13104
30702
27328
6485
23018
20194
14535
6626
28321
19168
7837
16940
12954
27055
7744
23119
9042
29030
27072
32549
4360
15577
19945
29279
32379
11352
12322
12501
11765
3737
9109
17179
32648
5618
22928
31829
1176
11723
28971
6988
27802
17492
27180
449
12058
23667
16167
30209
5891
31745
27370
8889
4891
18997
23832
18700
28621
29280
8723
22755
24107
7899
16927
25476
27699
8254
7109
7271
21073
5331
15734
23620
14886
9291
625
23153
25224
9135
30439
4203
17610
13721
18268
31667
7997
15011
16208
12763
2294
9760
6943
31456
29394
2826
12582
26042
14776
30012
13863
2866
11806
25313
8430
29428
13519
29229
28981
20197
25835
5963
24006
182
18223
28310
11743
7610
6774
32523
16858
25844
16768
254
3853
23413
15859
32013
4848
741
23711
22355
381
24159
30470
6878
13021
14722
28188
6498
5184
26052
16971
13102
8205
25098
27834
23392
8507
8310
24015
11349
17918
24192
17651
8292
17831
17225
1429
17100
7621
14379
32113
27882
10897
12181
18
25520
7817
19990
11157
26962
7514
10679
31409
5954
32259
5006
14324
5215
30776
8080
13903
31594
16644
24231
29397
1465
23219
32517
960
20015
7151
18103
30901
16491
12841
7293
4169
2112
9019
4825
26307
5477
4683
10598
547
1902
19442
14443
24420
5627
23965
15024
25855
18736
15412
27024
24240
5733
15866
24400
26236
13598
27573
13231
24307
16445
27918
18110
25267
30582
5178
11762
19757
13572
19674
30584
16556
27546
29216
14280
19859
16541
20532
5501
7909
5776
21718
18276
20491
7120
13124
14547
20434
12673
32606
18492
29876
16072
1032
21505
9816
17466
22736
2442
16476
17301
31441
10902
4689
20398
27862
15566
8455
22699
8899
22432
3339
2162
15409
1098
17007
17250
21081
25653
21961
8512
23859
4485
12926
29300
29663
28142
32321
9589
27715
21449
21974
8322
7670
23911
18204
25491
19548
13989
11338
1679
31763
11456
19577
26559
14222
28779
25955
7811
1792
15903
618
1603
8060
24755
17628
30121
3418
16940
373
30221
24028
32470
22309
3889
3090
11924
8980
31535
13562
22644
30180
22191
22252
17542
28214
8541
8245
8175
7279
8859
4355
10041
21436
1650
29825
19181
3155
18127
30018
612
15100
13548
20707
16602
16848
14092
28396
16580
24129
3691
24312
6499
14427
14709
534
21146
30538
17974
25454
27389
32539
10514
1064
1066
15303
27574
7817
10588
7533
18510
9311
25661
10719
1272
31904
5116
18272
9081
17486
15008
9388
14640
5789
13468
25145
840
8280
3747
24765
2865
641
28093
22768
28496
18488
15771
8339
9205
29661
6439
16561
16526
26489
8544
16677
11547
11354
13925
19804
17378
24062
18127
5724
15204
15411
10564
5637
27791
10363
13386
6039
18741
4789
2136
10613
5821
6394
16435
23593
16665
24262
31608
29351
23032
24408
30580
26582
6204
16219
10812
27980
27566
25029
5114
18265
30960
17408
14982
10824
4532
25928
822
31969
32044
15700
24310
9267
9409
1592
31899
15504
30984
23946
30068
25560
8946
195
10274
30971
21827
10473
13738
29881
21061
18795
21705
16300
31165
13901
28552
10633
29470
30084
16143
26019
18429
16292
22974
12464
709
29624
26490
976
9644
625
28741
30923
3557
5252
30994
17306
5911
28749
25303
25898
4879
25272
16355
31580
27058
12129
4978
21072
30005
19450
12159
6883
28304
27374
9433
27254
32303
6467
31097
26610
17643
29637
6419
18952
28986
14177
13291
2750
13474
12495
32746
29735
11636
20340
4081
27249
6326
24454
13677
5926
24673
12145
8236
22955
22989
9337
12399
8461
18537
673
12096
4860
30895
27596
24837
9240
1879
23075
9814
1388
10443
6582
7948
2872
1244
1382
922
28916
31411
2818
10401
7825
24842
15024
24766
21250
5788
25999
12455
22523
30425
3994
2422
8953
1759
14544
32068
1922
28326
16786
8698
24238
4730
28236
5732
18406
24751
20055
23943
26348
10128
2590
1077
17179
1944
23680
17630
11249
21989
15222
7593
18122
745
29686
3267
10734
22883
15639
26359
10446
10637
1653
31872
13707
13463
1495
27
31672
27733
18447
25696
6241
23349
18722
9041
4940
18547
22441
9268
32126
27792
18295
13214
22785
18944
14204
16849
11749
32291
28393
23367
28805
7798
5525
3983
7436
30219
19360
14936
11319
14134
25686
25292
17756
30090
18518
9503
20907
31747
17139
23143
21684
21381
16090
29358
11817
3461
13813
13637
10469
9990
22672
23388
31534
6088
12219
14544
7223
25020
16111
26436
4841
13498
26868
10099
8675
31350
7169
27844
29888
24241
2342
18208
12952
10156
27367
7936
6601
29410
7978
30666
2295
10742
6227
11357
6481
17387
27053
23018
11798
9875
29452
27911
7512
15434
28592
1278
22017
4580
27757
8555
10003
4323
26889
19974
3124
10733
10470
16573
9065
894
30432
7686
12322
219
24697
22387
20343
13639
11316
22662
16817
6008
3902
30152
27916
2380
26195
21013
32187
1977
30176
11834
18221
5890
30053
22210
19087
16177
27166
9228
1682
11457
5346
16545
29806
18843
30539
10693
22055
25156
13335
7756
14862
11092
20174
28591
22412
15146
3749
26975
10523
19422
2211
16985
26517
22903
5378
19707
19121
28766
13272
22806
13002
16403
9463
31812
8163
17951
14097
13436
6633
9546
4640
6371
28215
32013
260
3301
26208
21834
32366
10629
23592
29243
2302
20721
20179
9385
680
8282
23971
27230
8028
13314
19356
29404
9958
29079
28810
23631
3603
19647
15173
15553
11029
14836
10548
19341
2344
17298
22288
16150
8054
29998
3818
12984
28472
4394
30576
10495
19743
17542
18540
32279
23026
19705
10381
24196
28280
17729
6250
5651
32408
2999
3780
19217
14271
30502
10763
31162
24194
19933
6948
17396
12165
13059
11626
26942
18331
32299
4083
31459
22318
12584
17428
8307
9442
35
21799
115
9077
8171
15755
8532
7914
20107
7405
22178
17638
18978
9158
3710
3162
10735
22565
4942
16482
19884
6063
5555
12909
22301
31460
4796
22431
25064
32164
27225
21875
28071
4337
14866
16805
11836
31222
20472
6479
13924
8776
18908
13138
12432
15725
13504
12791
6640
26523
16523
14294
13264
8641
23553
25591
7975
20172
19697
22840
22125
5667
6320
21742
31150
20339
20679
6351
8413
23474
6121
11280
10346
3934
29480
14282
11286
4614
15208
674
9223
22284
17171
20393
22551
5033
1038
9345
7538
22065
27116
15042
4704
8857
3170
8347
19551
14390
28155
19645
11381
25799
4877
10612
19908
2230
1260
23319
16991
12443
5469
17827
4700
26626
30286
5539
12587
10606
31172
20563
23846
3998
3604
12036
7528
11278
19030
18882
20963
9921
7959
21813
2477
2878
32590
30661
5019
26329
5521
31233
32017
7219
22921
22082
29464
4100
6564
27531
14769
4888
19721
22452
11626
11672
16849
15560
814
12171
31604
30123
14945
10908
21889
32256
29997
14622
16019
4425
11030
13901
8064
17744
27093
19415
17107
9159
6243
30875
20605
1835
28756
29872
12743
16110
8550
5801
29067
16084
21338
7703
27812
23966
31234
1872
26275
26342
12188
19567
22211
1098
2398
14236
288
16844
6738
10894
12323
12665
6244
32589
8769
29257
22458
26173
32741
7751
4163
25944
28074
25585
8595
23739
3790
20194
18670
13412
3044
942
32162
5946
29128
29454
26522
24397
31960
18493
9265
5984
9313
5793
19780
13733
31320
2734
30347
29639
13131
8712
5417
26669
27286
12007
1409
17534
30426
10944
9036
23904
25259
7202
10216
24454
23945
5086
17139
21993
14610
1386
8473
25941
18037
32391
21802
24872
10282
546
22384
7511
27617
2680
3903
8625
184
30334
6861
8808
23984
26240
18756
25037
27746
19464
31510
24411
3054
12545
23697
30711
16437
31260
11955
23414
24904
10355
4671
31584
24351
24173
2320
22259
28047
11233
8622
18539
11382
25982
287
14209
8249
2922
16128
21810
3696
809
18388
17601
4831
10433
14747
22015
169
31515
28327
13514
25536
26541
10923
12756
13984
31062
7701
2214
8253
28297
13213
18148
20025
31406
23582
14546
16219
14021
19621
32535
4669
1357
25288
12737
11332
28004
9018
13450
19669
12591
1692
8281
24774
9084
2197
26124
10771
166
11556
3701
4051
20153
28725
15266
10858
2263
21363
20322
24575
6619
32350
23300
9521
27195
9373
15458
13829
1331
9877
3103
23331
6432
8250
16684
3907
22314
23077
11665
6370
30245
20712
14442
27705
23737
18078
31023
26991
14017
4806
6201
19214
31218
9297
6274
22708
7613
27129
28333
12811
2678
5333
2374
17914
949
26922
11850
18973
4605
4485
20970
18035
12187
10246
19084
2391
15569
27135
1555
6066
32564
18878
9312
28014
12371
21158
6936
8750
24473
4997
18088
17980
11125
801
3207
3010
5559
4884
29371
4158
30526
25818
20639
23088
22224
21801
31971
24341
10057
20864
7380
9625
12536
11267
30942
22537
10822
24966
31311
23303
17304
1512
13917
15489
10871
19106
10859
3812
18415
21407
3464
1164
15924
20047
23353
24448
27020
32503
31608
2396
26728
14411
11260
26510
28372
28990
3771
16325
26898
27929
430
16551
12674
10698
9172
707
24006
2175
11129
5574
26402
25716
29112
28145
12841
3081
22335
17866
14742
20504
26194
18450
24696
7557
22035
5624
12178
21783
21248
32140
513
21894
12477
29814
25887
27605
26900
10984
12200
7649
3130
19153
5147
827
1619
14164
12899
8243
24121
24696
27831
30517
20857
32545
959
17497
29087
19775
15864
5941
9908
3653
7769
16118
15108
31709
28215
15535
21541
27353
7782
12272
32052
15469
17313
29083
9826
28572
12843
20723
15791
26353
31927
9974
17654
13935
23174
13293
2346
3530
14543
31553
24287
4824
31587
4496
2060
16450
12433
4352
9999
7295
15431
10195
25329
23811
15995
30012
8428
18867
14537
10353
30506
29853
14174
5634
15568
6630
276
14185
23355
15363
4830
18658
17545
20524
27239
31101
13148
3854
25590
24945
6106
15809
12181
12979
22009
761
8562
22471
14585
7296
24965
29911
16434
2276
15987
32514
10511
31085
10163
24054
23131
8273
4847
19393
5307
12075
20653
26340
3196
6570
5166
10921
20623
28806
12950
16823
8914
26809
23886
26340
9618
25323
23463
18506
589
1838
1984
8349
28092
18667
4777
31420
11536
26396
21448
21381
125
15548
10108
3566
5877
30076
8449
27985
28470
31416
5012
2568
18950
11433
14039
29754
4541
15324
27254
30964
23301
14051
23819
15740
25310
8266
6719
9442
11749
8397
17458
13271
11477
10695
31774
26306
2638
7150
15927
11793
1493
17982
13525
1229
29
20787
18132
21874
7300
27195
25915
8445
7137
17259
23581
7238
21629
15217
10941
14224
27487
16842
9973
17503
13005
19253
28633
11658
21007
27239
29591
30096
6774
24832
3234
28463
11677
15550
31247
25651
22767
21744
14143
7821
19049
15406
30398
1956
673
31304
17515
20976
10248
8828
4825
24772
8044
6636
14326
25195
3521
8783
7402
20599
10016
31974
9538
19030
28432
14769
4430
32294
19973
1764
24519
5066
8230
5269
29365
20030
8531
24759
31632
22311
23143
32587
29350
26799
29626
13013
7612
18831
4331
26893
27128
20333
6620
28632
7423
23401
5373
30326
8538
1267
30414
12029
29214
26335
2719
9222
27084
17083
22682
5798
30838
28256
11524
30880
1315
16327
9408
22232
32373
27422
25365
18443
24201
1819
21681
13246
9759
11153
9197
1396
4859
24129
16978
8228
5515
16882
11100
9706
18889
15300
17535
26621
30563
705
32360
4833
23833
19893
7045
27358
19303
4927
16327
11440
21093
4137
11687
26240
1771
2037
21607
23827
8952
29624
5018
20802
1365
4908
22502
14762
21621
5120
29961
17572
18592
17266
24858
13944
24913
32288
13585
30669
2524
21019
5770
26724
29011
1854
28358
18950
6571
446
4851
22459
25115
13057
16813
23869
4293
3252
6596
25260
8088
10776
28224
16515
20597
9116
7074
12235
19600
16561
17005
10895
21274
31706
2789
12431
15133
3330
22039
17464
19623
28179
25
13268
13610
3524
6035
767
6947
9395
11902
2138
5370
24755
10284
4995
1833
23143
10377
12100
11681
2320
2208
21514
21609
10403
29793
7833
905
17951
5537
24319
8742
26141
28770
5062
21742
31144
21589
9582
7095
5456
1949
30235
29282
7802
3798
6538
30982
25338
13910
18761
26443
20196
16562
26920
20243
13470
24196
12267
29280
23354
21356
18497
12402
18179
27733
32250
20015
28758
11002
19316
7624
23732
19112
23382
18842
19988
581
21121
18002
31870
10129
30276
12373
3541
6060
719
6239
16373
2265
17899
873
30974
10625
20968
8657
12782
12411
23766
437
28534
17034
8184
16543
15622
20775
19317
104
24107
22145
25169
9046
10778
4803
4764
5000
17805
11925
24041
6548
11981
26341
9730
1646
20496
9703
29146
13452
3078
11610
32451
9287
30895
13838
29153
14213
15471
10403
15839
20629
16740
21395
4320
22618
13047
17011
24249
28588
31153
6773
23389
20475
10577
8242
31128
7989
5403
19110
16897
15082
32370
1916
5674
16047
4521
5260
13337
18880
9495
4771
3580
18409
28265
13698
18968
16806
8764
13609
32515
30601
12780
25685
19
19676
7078
4167
19990
17800
197
3527
67
6965
30299
5993
14705
11699
17421
24847
32135
21144
1317
1199
31540
18475
24546
11350
7648
20353
18194
7533
31714
12774
31203
2364
29939
13695
13815
18092
5346
17709
20406
22865
3722
20403
9448
27047
25346
8732
7555
4764
2323
16727
11969
10319
10479
1829
5238
23576
16415
1589
13473
25032
16830
31116
24897
31282
1765
17195
27754
1770
9062
15852
17047
2892
29373
26286
32578
16064
28995
8369
12210
5181
13733
6467
14357
23308
7829
3741
3790
23759
2239
32264
16912
7361
8447
32068
31660
7231
9937
17193
30503
18568
13065
9103
7696
30145
22212
620
16016
2876
9886
572
4163
17657
1573
29094
31558
11885
18318
15452
21906
14979
29607
25411
2696
7393
19981
16340
24780
18540
27039
5826
21079
14094
24882
15836
10952
24247
2183
22838
24571
30625
10618
29571
22749
30681
8571
30150
5759
26619
29506
16938
29545
30012
8383
30253
27952
25774
24912
6148
11339
19392
2103
13115
15906
12804
12107
10397
13672
54
31213
13651
9387
24697
1086
30032
10025
29667
21136
25836
27622
316
21786
9678
30459
259
21487
2832
3377
10930
22321
12446
32206
26436
24449
8671
16047
19699
699
21400
3735
2118
16608
29965
4551
22091
9556
23657
7375
29729
2122
4703
8611
10170
1148
16658
29425
17887
29983
2610
20914
22901
4118
2152
30976
20478
28774
32757
7207
20323
9450
662
2814
6384
5960
2730
28792
7584
24355
20886
24438
10139
21906
25961
8671
15613
31953
16828
32243
8153
4151
28637
26076
3966
20584
29228
17798
12024
24524
32452
25265
13530
17216
19806
837
18491
23307
31859
19941
12031
26643
20897
6342
12632
29009
22864
6850
22155
7554
10645
12968
24312
21791
19543
14551
8021
16528
5296
3851
8506
30365
25493
25206
11490
28453
8122
21523
8240
3602
25776
31543
14064
23180
11600
30313
10336
13933
32093
32371
15854
10741
20069
12217
18244
6080
17384
32202
3970
27892
27325
