100000
11219
24817
5633
1921
5922
14670
10063
18603
10154
29161
3112
1639
24807
18719
28422
20628
9552
8534
19267
3442
31023
2181
26252
23887
26545
22776
32403
24932
15929
22349
32516
27130
4602
29123
21435
20433
17349
1204
11060
31937
30239
18527
15682
26530
10647
19435
27140
1898
29527
8617
17685
405
504
8346
24836
6090
25755
24369
28420
6331
18485
19289
1764
22605
7978
954
11073
29433
26398
22072
24058
24689
263
1981
22756
6535
20359
18745
16063
21835
3962
32231
22633
8564
7883
14033
12882
23042
9611
1942
11824
17441
21828
6251
23796
20559
12938
6496
13564
18369
7380
31461
30858
26883
2186
3980
24693
14304
8031
31504
24350
1153
15073
4759
4006
28121
27982
4660
9566
25408
3242
19376
28543
26973
29710
12938
17692
9802
28483
26940
27988
30963
1168
13248
22476
8127
4303
29523
14685
12915
27078
3961
24841
29523
31413
28737
22836
15242
3884
28106
10512
1739
16415
22790
19034
25145
14140
446
10052
17028
15484
24022
13490
1365
16889
13779
31912
8685
25087
31386
11523
19721
869
10362
32360
5128
6174
23405
1915
13135
10763
30875
20561
11245
10771
4384
14887
23675
13686
25103
3924
8518
17758
5559
20348
16305
31928
10789
3079
8404
2113
8426
26833
8041
17636
23582
5411
27881
8259
19620
20707
20978
26516
21936
20999
19948
30894
2439
7759
23020
2403
9094
11572
21208
30993
25446
26140
20173
24692
11710
20175
25021
21438
5577
32302
5469
2794
13418
10019
6206
25677
28781
20436
26681
30062
7184
2332
31761
7703
3010
14907
12372
20908
2602
21708
31618
2748
19819
1272
11633
7382
20903
12778
15856
22686
15554
25218
28331
13855
12136
23118
17487
31075
10065
694
6894
1345
22211
29814
22948
20599
5465
13650
2427
12537
19972
32260
21388
29064
3663
7290
10855
25989
6887
17982
8885
28424
11610
28470
16156
11053
16159
30861
13155
14510
1495
19441
25303
19639
1234
14079
7661
2549
22485
6907
25384
19953
6938
17605
10045
26780
5273
264
26742
29226
646
16565
4436
13092
13083
25008
28280
21177
18839
28617
15299
16214
21639
29165
3261
1398
6468
6045
5171
2234
14525
23200
3877
21308
4470
26869
22239
28449
721
27404
24165
32365
30093
31286
7956
1307
19852
23385
14471
6510
10457
20968
18360
28290
4073
7954
14695
27942
31521
314
7104
20206
20889
18344
13112
28547
17696
20094
22200
18494
12160
30445
22269
18933
21763
28584
30015
2325
12341
24985
11536
28657
10988
21716
21896
27482
26758
25033
23967
17776
1394
701
10202
8887
28658
6523
18730
21870
15902
32070
12049
31516
9517
9491
28934
6251
30192
16885
20763
10041
17055
24025
12253
19181
4568
21107
30587
7943
17125
11384
16939
21500
1854
20238
16330
3648
5454
27521
7874
15268
30842
8503
31793
21218
8800
23014
8008
12662
8540
13828
1009
2992
8273
7551
30900
8968
5030
18607
21467
14001
14222
21897
980
25201
17293
15637
32472
24495
30520
15650
21962
23758
25660
2616
28258
24249
6561
24014
10378
24767
5200
13501
29448
9890
6355
20981
4958
29930
23133
22894
9454
9087
4874
5986
4962
15991
29031
18362
5195
10541
32565
29126
25608
30611
25962
11312
18922
29129
12665
23859
10134
30190
32723
19208
6058
11318
12206
4257
24483
16700
1029
19098
14590
6810
21984
4205
13725
14776
15317
3557
17261
16609
19151
20693
4934
20124
21518
7945
26386
9017
17519
26749
2866
17578
2286
10701
32541
5268
7273
21229
4426
3238
8871
1562
29265
5418
13464
17168
845
10713
16862
21118
25476
16628
11149
1463
330
10384
31791
7850
12834
20018
24844
29716
5671
9371
18600
9716
19114
7141
19084
30272
12317
24527
15433
6614
18223
20566
6075
5557
26937
26757
5771
31853
24537
1933
9975
8148
8156
20504
7638
2811
11106
4571
18902
22624
24380
29034
19465
14437
12185
16977
22944
15361
6114
18272
19190
14262
16866
19782
7120
21187
10282
21346
16611
5786
14260
14037
30358
4756
13510
5084
27914
26596
26393
20829
30039
20938
20795
2751
5145
32265
30514
19455
7468
18842
30818
21504
15539
13730
177
20771
4447
10402
21736
19480
15342
20461
32348
13556
2033
13664
22991
18051
4563
23885
3473
13279
3607
184
10986
21569
5601
14278
32445
16664
7352
10354
21861
6744
29578
3458
13795
25877
31984
10681
22587
14416
30388
31567
23323
11281
31889
17310
31934
16054
10297
14110
23312
9354
29341
27027
32531
13721
14952
19077
14209
28099
5068
17905
1715
13072
17794
23870
10177
22083
5900
19570
28395
434
21566
4006
2359
2644
10748
23736
24412
22300
16453
25919
8159
21125
13681
29892
13436
6767
24246
16175
9927
25129
29169
29567
14355
15055
31907
26302
12435
13782
19514
27444
10687
5605
11155
10204
22521
486
6588
1044
6001
28254
24062
31640
16454
12537
7451
28337
1518
29290
21460
17066
26071
29297
23214
26244
26958
21053
22262
4075
16033
22773
15619
17512
28032
26258
18363
727
10921
2287
2393
8476
3781
26403
31085
12818
13452
30478
9251
1988
560
12594
24265
9696
8697
14020
9612
14440
28204
7683
1666
25259
21554
22729
15854
31348
29430
26976
26559
897
30863
22934
27225
32566
799
10260
32408
25747
2299
8171
30994
21604
3084
20080
14493
23991
7285
2890
24082
26259
28277
18121
12624
3303
1935
4730
22403
5057
18153
6136
16038
12480
19699
29188
25158
19916
1608
7128
19849
4868
24025
27321
32368
19704
23112
17868
3673
793
10898
4138
17352
21102
26097
31030
29030
24712
769
10031
17994
31415
18977
28673
29560
13694
18204
5217
19111
8261
32265
12568
14920
24910
26479
23199
19139
19946
30637
5869
260
21229
13721
10637
18998
16735
9320
26099
21710
21364
1230
31760
31436
32190
12645
29476
8509
24738
6739
18132
12549
28169
9256
23164
3291
5975
28165
14022
10389
6049
17155
17788
9638
11803
15058
32666
6373
23759
19873
16808
23952
32661
24382
14918
6544
20287
1407
9993
22270
9492
3552
21381
22247
4736
1645
3755
332
8457
19939
2646
5741
20101
28434
22816
1352
6538
19333
32378
2908
12839
22885
17660
434
8913
30875
20217
31518
1440
9013
5463
6083
6588
32011
18589
12757
19730
1698
18510
18339
3659
30544
9334
18132
31486
673
23938
7408
15908
3322
22100
12579
13005
4988
11415
11070
7954
19243
27472
11263
6987
15184
19382
23186
31106
22300
30788
27479
16679
23181
1548
998
4868
28310
6222
8273
2420
22650
25161
23977
26832
14457
31569
19907
13355
7086
14626
14395
31295
25912
1140
27834
28326
21144
23504
2677
9038
8026
30881
24822
30247
3064
19086
19999
1822
19451
15623
15724
19023
8035
31518
11384
2678
6985
9625
22723
28583
26051
12101
31410
24128
26888
21389
12759
16923
16852
23370
1651
6664
27918
9181
9273
22394
30889
7292
12885
26240
15304
11721
27821
29175
23077
16297
25191
14335
5811
20819
32171
683
14722
22439
14506
6397
3299
21954
9183
15377
13774
25551
8596
1176
27520
6175
31401
13448
21096
1661
12433
20754
32324
18875
12445
6357
24456
19345
19581
10833
8191
16040
7172
28318
12980
32497
11307
7261
6931
19515
8025
26352
12108
4869
8929
11750
23032
14224
24012
16569
7935
5945
15578
2748
26553
13318
16323
15183
23123
15999
11202
15957
16501
29119
18260
6376
16673
30154
830
32331
29151
15393
13517
12575
791
2708
17761
1242
3006
10328
31533
4982
14388
24921
16184
31590
24685
21457
1191
14798
18768
15386
13631
29939
5468
12993
18214
19185
10385
4315
24553
30892
910
28316
10435
27912
23031
28709
14365
7261
26649
21662
13393
10277
19409
31621
5043
12024
25769
21573
7634
22715
32581
27659
4603
29460
20478
3541
5887
12832
204
10444
22582
26985
22121
28883
29636
20754
12467
28000
7707
11093
27219
27274
7874
24112
23452
100
2644
21850
1205
9354
24011
16508
8955
31225
24318
414
13729
21284
26217
24543
13721
6724
30253
21098
1208
5103
16983
30629
22549
12268
3685
3244
8626
23622
1031
30973
15710
3743
26402
17013
25817
30663
19226
32123
12090
5517
11601
3451
8078
5845
6379
18838
1730
17899
14293
22935
15555
27927
29957
24361
29923
26994
5123
16200
12671
24567
25000
8182
6878
18653
25125
28207
15709
17701
8264
30
29385
29295
507
10129
31501
12561
17934
18603
2061
4202
3894
18648
16593
21876
8277
27142
32742
20377
11771
26131
20737
28616
26925
24193
29158
21959
10086
29809
23176
18379
19420
7375
4210
18502
22020
1226
18789
15872
14680
6791
8515
25193
25176
3606
26411
27182
3279
24229
17894
7178
20311
18419
19330
18911
31
9224
5180
24581
22252
5412
7332
32481
28766
3061
32507
21178
5749
32268
8160
7625
29267
24722
3628
10383
2884
15159
6682
3180
14075
26476
26539
3180
24351
20434
72
28772
16390
17394
10153
5694
1216
13358
30711
11665
25687
27127
2349
20853
9301
4161
10180
29845
9351
8244
24207
21381
22529
1573
22500
24918
20322
4804
23036
25192
14425
3223
25244
10624
30312
30119
9717
11034
14568
22905
29898
23297
12878
14143
19920
2076
21676
23632
7770
10891
14203
17110
30261
22515
2711
18630
13009
21013
14987
21270
26018
25510
10767
12586
31174
32602
9423
21647
23784
21827
28526
12523
12132
21081
6347
22580
16300
15962
28803
10017
21738
27604
18103
5598
3303
11903
22799
260
20779
3025
4350
32456
10086
22989
30536
5235
24846
16412
194
24594
28234
20318
6233
2670
22543
8898
2646
5438
9608
16340
13537
22940
12476
10391
8643
19126
11883
21460
28016
20678
27960
32689
8004
20548
4110
4741
22285
12633
18364
32235
29642
31640
20450
22550
6066
23017
13073
8036
11640
6853
6702
23605
21198
169
11031
5373
19496
30404
14985
18584
26050
32243
21826
25310
26084
26096
25698
24440
29797
9927
28951
3826
7022
28297
19321
12816
17792
14147
6323
24422
23736
31025
3172
26403
28498
19760
20805
10542
32109
4978
25867
4468
21517
29301
27535
11904
6502
16950
15660
5708
28248
14242
13416
3414
18742
25677
32471
9207
28107
24166
30013
15856
9887
9451
16115
14406
9078
5145
17548
8529
8474
32295
13751
14095
15962
15411
9831
8126
8787
19325
1842
4265
22510
19155
31991
22338
682
27724
23492
30833
20636
12089
18679
23084
19892
30297
18595
11080
31809
20044
14901
32142
22199
30794
2135
17938
7856
3349
4116
14272
7474
19500
829
11320
14384
27458
18956
3804
339
31214
10248
32294
8698
11684
10280
5952
18559
10724
5179
8142
31420
6321
31623
526
29133
10053
3249
20260
25368
15107
18141
15279
23179
29357
17941
19104
2597
18391
12015
6732
12984
25756
32106
1984
2541
399
15130
7252
16776
24564
24709
31107
5101
13361
26060
14073
31203
5247
18062
26350
28057
16357
32009
13491
24295
20839
14466
20874
15573
13179
21223
9147
14433
26556
18868
27620
9341
30434
15891
21649
5976
7410
16455
8204
12510
1458
27210
26743
10882
11616
3509
9751
5179
14755
30945
28659
25292
24258
5964
10910
13129
9492
28990
6481
26583
8888
20140
1340
435
32133
348
28446
23670
18756
6730
32532
11927
5661
3659
9902
29489
17232
3568
10568
8454
27174
5293
32408
21189
29990
29498
17283
17544
14219
22842
11573
19105
6390
8731
12912
9622
10593
26941
24356
22378
12628
10582
1601
24094
4699
27413
17865
30584
2999
18181
4393
20995
14164
16053
13769
20311
21243
12566
3554
15258
10697
28196
21904
7751
12768
11720
22056
2094
12892
28157
23499
701
1417
31795
10555
1149
19283
11760
24046
3807
8189
3261
609
22841
11030
31040
11951
11532
6825
2470
32610
22408
24245
10052
19593
21586
14556
12157
22283
5508
29791
7142
24634
3318
23114
30120
24491
23228
13804
6182
19270
17647
32138
1760
9625
23729
29525
23191
18033
29803
21144
2483
4524
19289
23862
4065
4169
4681
23892
14592
8129
11679
28499
4926
11162
22685
10241
19582
9529
3553
27408
32510
11768
22831
1479
12598
10104
30321
25079
3331
7737
25084
25905
4612
16999
15893
20534
18244
25335
12724
12975
12314
7923
9352
18206
2126
16658
31802
19221
2941
31116
16118
10150
19391
27180
16168
32282
23430
14503
13443
27877
20170
6956
26184
8410
22371
4924
19141
1692
182
19132
16412
12373
20115
18249
16965
17322
17246
26571
16982
1006
4461
24653
770
19605
31666
10252
7776
4076
10650
3533
6382
11784
29236
26228
9686
14332
25238
2515
112
29520
893
4544
32519
12718
8755
3946
17120
20701
8374
10989
10616
30452
4374
24867
25358
24263
8223
21437
21089
18598
4920
24467
6587
25415
23947
27961
31022
16640
4198
12243
25118
11577
10977
17962
25600
30242
3266
29183
22112
32417
4253
22943
25641
11407
4416
1975
23585
1827
24142
7530
27315
6574
25641
27297
8433
28297
2837
24738
27865
13900
4507
4837
26327
28481
26156
14882
6284
8473
17415
28079
8398
221
5981
1801
22768
4391
27826
25521
24387
4753
28550
31033
10972
22638
15413
28574
3224
21944
2332
13784
16734
30282
27389
17584
31140
6223
14500
978
31285
14843
20939
1315
14897
12153
19772
2644
8789
29988
21045
2232
20860
29177
8464
8018
2662
15948
3875
13107
11961
17083
31206
9731
27461
17249
30035
23261
31116
11084
14739
32096
6786
11312
5078
16130
11921
1628
24195
32424
3808
3310
17553
3700
3029
14915
21556
3038
13529
26802
9405
32263
19803
890
5051
11849
4887
17400
23911
28435
14744
20254
5183
17652
16123
18208
15344
9717
32247
9584
2937
17196
8474
28909
6798
4238
23381
9304
32314
32517
2491
22791
6345
7363
8838
2525
8421
4053
5467
633
9215
7931
207
20142
2033
15543
24873
15923
20449
18596
7273
20636
10344
31497
3978
7561
32499
11950
261
3358
10346
31982
7318
29875
23312
24590
23618
27596
32683
20429
665
27979
7652
3132
2617
6372
26608
2768
11923
10450
10608
14774
29170
28616
7574
3430
17593
29483
28810
3195
12779
30078
28684
19906
13553
1310
12122
7313
7320
25391
8788
14170
8026
22230
29662
23679
1246
16552
7046
6504
2242
611
30311
4052
23191
3804
26444
9580
24365
13881
16921
20894
5905
608
1639
32168
20053
14256
11631
10995
31119
19950
3881
21411
25636
30082
8885
14700
5063
31971
7673
5799
1340
10832
14476
26021
9826
24001
5586
12867
12656
3869
6761
10686
19839
31917
12484
23753
6217
7633
16662
26589
32048
11761
24690
30161
32130
25527
31536
20650
19963
10363
32402
29876
28043
25599
17832
22994
6490
12381
19824
26386
16906
2621
29762
17540
26172
20811
18539
32589
30293
11497
10777
13303
9602
10528
17527
13067
19449
8157
8728
21474
16002
16986
24729
27064
16182
22234
18306
3842
27527
32409
18030
15105
19329
6147
7788
21912
26192
4388
15012
15707
1
15968
31806
29672
25741
2404
32127
25722
25619
3164
4149
30907
25701
28006
31574
28634
11206
3655
15332
11230
18674
25694
19731
26938
15455
3286
15278
5281
18115
28959
2231
13083
214
3998
8014
4185
8281
15523
25043
10053
3671
28572
4687
30942
12971
28809
6672
17731
6338
31152
29844
23309
20898
8594
16809
28898
14123
8477
17105
15688
29853
18979
18411
16566
30811
16907
20240
30193
13039
21703
23484
23702
18253
29702
18734
4594
4188
13994
7185
27674
8114
27772
5979
19256
6559
6686
6262
5412
4718
28994
32414
3892
20711
6426
8586
2644
6681
23311
6990
5465
27222
1974
27008
10642
16254
10240
10649
1440
22657
20145
29855
10888
3615
7699
7681
12039
10482
21995
22979
23846
22703
32172
3546
19981
12457
32491
21210
30748
19862
17427
26574
25400
2198
12122
7527
30563
23409
32243
31834
6544
23072
27525
11011
2741
26000
10717
22094
15649
31650
224
8663
5136
18550
10947
25424
16765
23785
16510
11556
13879
11868
19069
27737
22583
17336
18841
7611
29489
13230
19528
24119
5993
22596
25616
23173
23240
23437
3906
25098
12335
439
27364
8444
18699
21580
16623
17863
13610
4785
18107
5551
13517
3059
8119
13495
28926
17858
30813
9410
3619
5310
19813
16377
19668
2546
13113
12908
11498
22942
12714
14076
18136
7994
2017
7032
20287
8887
27800
20486
30908
776
7818
1477
10245
27105
22823
8368
11828
11455
397
198
32098
32552
8116
26216
2936
6708
30696
30210
22338
32076
22653
7917
17349
11314
28606
27028
15827
3649
15910
28886
24540
21239
30931
2732
2055
32688
28727
25612
5249
2740
20241
5133
14869
10100
17819
27211
10494
10257
29957
31885
29689
6174
12067
14245
28062
29863
24163
30616
28655
9586
10753
27391
16946
7044
10878
17837
4348
14567
16974
1682
11407
26027
28369
21727
357
30251
9604
14443
32525
18066
4473
12630
24886
12189
17668
29420
3850
14498
13240
17868
1213
10961
2193
21833
31589
27066
11379
27664
17164
13583
4307
25611
771
14251
4788
19846
21626
2004
2518
4497
27470
31933
22570
5029
16674
32079
3464
5770
30385
11305
29604
26743
24418
5350
5695
6780
27422
16030
7066
18205
25182
18351
304
11328
10376
28349
4260
7241
30843
11511
8441
2691
20328
17820
30721
14018
31205
28350
24600
15430
30524
30535
17938
2019
9993
3641
29553
31071
29956
3898
14555
13340
30491
30799
7372
25334
12740
27880
25225
29551
30353
27165
32085
3082
4356
4151
17382
16884
13734
9586
30746
20969
26451
13825
30439
24662
18136
30035
9360
1211
192
17557
26911
9300
19818
632
20751
24568
14175
2100
9801
6465
7139
30669
5458
21229
6602
16276
12994
28804
25229
30450
29944
6459
8605
30817
30220
16921
28151
23739
4613
9048
31225
15287
13644
7438
30068
21936
28513
20237
22018
2729
7629
26631
31130
17039
17240
28662
22369
10941
24443
4538
12995
27846
23064
10244
1219
17006
22377
4468
3983
2809
2103
4094
20568
17833
19020
14226
17248
5506
11562
12284
11861
12880
12029
19977
25821
27371
17871
18411
15218
7354
2299
2270
7280
17526
3812
26636
29548
3120
21222
18094
25288
31382
14221
22901
30596
10098
30981
8488
20311
6515
9170
22158
25855
12592
25537
19854
30421
17770
16159
5013
15268
21649
4648
19768
22971
28554
24258
5915
21569
16816
17516
28177
25289
23065
13425
25220
26406
6682
13921
6936
30081
27917
20673
27275
8873
11601
27138
31968
3241
23187
13744
24508
20896
1356
492
27152
26829
5003
31004
18168
4586
17141
11233
10211
20155
3082
30538
25077
6886
19114
6983
31401
22021
20439
5472
26555
5114
16572
5030
1605
18306
26350
5098
3368
31502
22003
814
32429
3022
2561
29017
23916
6926
25607
11567
10349
10693
9970
23679
25230
4715
23081
25758
10532
21772
13657
14101
7653
27035
31096
22167
10246
3208
23300
10294
20640
14740
24972
25814
15960
18661
24690
16097
5183
25173
27887
4156
14327
15120
30039
9338
17176
20830
23967
29520
9169
6845
17692
24393
12499
22579
22925
19643
13418
1250
23388
9466
13037
4829
14113
6603
28761
27194
22632
15644
31033
24169
6580
16626
13001
3524
30148
29602
13914
24422
24084
19524
31736
4929
23207
7013
6219
6251
22276
13308
4539
7609
16511
8351
4311
4239
22969
14583
28664
32246
26474
11122
28193
2543
6750
20279
2346
28936
23230
21087
17182
18476
22673
6242
22241
28351
1410
23759
8214
26347
23524
28225
14911
2100
5875
5518
6950
16467
16477
32065
11389
22081
14081
11595
10433
25490
4854
28405
16228
30724
2767
11545
17450
7000
15901
9362
28116
8544
2358
30961
26620
1114
17973
369
15424
14716
8002
25134
22178
13264
22036
17809
10543
2370
9395
18959
13023
28152
7043
30739
28093
31201
8318
21560
26695
27793
29633
25020
3608
25420
23882
10546
25540
13664
26624
6006
14852
27320
19955
18662
7187
175
31206
5327
32087
28962
16907
27942
27204
12233
16397
26233
16510
4551
27219
31780
12861
21375
21124
25800
6390
12458
11590
2809
23352
17062
1868
32311
27092
6417
19343
28704
6208
16535
32475
4579
21565
11272
21646
26104
184
13230
157
23055
30702
7901
27351
15686
30932
27595
10094
26270
950
18850
22707
8112
27166
30932
24097
10140
5623
1455
29853
25155
19442
4401
11260
1974
27945
7197
21958
26605
31747
2126
20793
5821
26711
17484
22673
5124
26324
21789
13191
17447
22432
12894
29464
19646
63
10386
6791
10637
7351
13753
22949
3511
3057
5157
15440
25902
7011
26505
29498
2670
13804
16467
6636
1131
31231
26939
7690
24775
31492
13084
11224
32329
12795
13059
17405
23435
24931
9862
24199
15858
28762
29272
16176
17635
261
28442
24287
15668
17970
30835
3698
18657
23612
29282
14011
12033
10543
14547
22984
26616
2093
11633
14696
14829
17425
22460
18154
31103
9553
19291
16424
17075
5929
18611
7621
15921
10230
19384
14002
18097
26848
32003
15607
688
28859
14630
30640
18023
1583
8764
24149
20989
13591
28612
31039
16380
21288
28847
11112
14338
14291
29623
18803
14777
11116
2547
8684
5128
20875
22440
23248
23691
4787
26467
18512
31553
18737
13124
8402
7813
13639
22685
12857
11072
31882
10684
31846
32092
14473
4612
21758
3196
22703
67
30830
18666
23403
19263
11309
17616
8845
17554
22081
32172
26356
28088
11781
23038
3942
871
27177
12099
28351
21278
4090
25639
11598
3841
18404
759
24956
5092
23349
20565
7086
21926
16163
14895
26989
26048
20753
13042
5061
18461
10254
19706
7402
2605
8095
10830
16674
20533
32702
5258
32478
19689
26146
20764
27178
22332
21697
1459
20296
4727
2452
16629
26776
23688
922
31601
11196
30365
22815
9428
29176
7154
17214
4447
32735
31463
677
23448
12332
17494
408
3648
17902
17699
22329
10886
10728
15893
4102
24186
5943
28132
24483
32708
31541
403
8154
7830
3230
24319
16608
17631
24049
32185
3801
13762
28441
16913
28831
16710
589
3699
959
79
14389
32503
14789
3277
14158
819
23226
2611
25231
19028
4330
4651
25421
13677
25067
22919
2652
17422
14554
8571
19575
12057
26088
18698
24033
9681
14101
4799
12621
24884
3644
29341
24060
395
6224
30808
12581
27199
2533
10694
28313
4078
1266
24976
1191
27838
3029
1581
14141
3825
9623
11537
1617
30138
6002
32289
21375
12367
22416
27499
2804
29504
7446
4372
21386
6151
12641
20881
2612
15072
26255
538
3229
27355
22338
15196
5900
8239
21408
8815
14731
27857
8095
15879
10312
6981
26239
11246
27451
12213
1944
19122
12553
32576
8277
11163
18729
20884
30593
24799
2373
16575
11713
31769
8675
19266
22370
20728
9796
19559
25429
20532
19340
20181
29560
3783
8996
28002
2584
19801
21597
13864
12467
5116
6486
17371
31746
13849
799
346
4406
21162
18718
19331
4227
9386
10162
25932
2267
14282
4631
29199
22780
21862
15242
27174
8620
15799
15277
15800
11587
330
21036
6610
28779
3761
3489
954
2084
18552
22965
16000
22795
14171
14472
11989
13275
11445
11092
12576
9012
26940
3661
5583
18075
7148
27595
14315
24259
19777
2730
25072
28426
2729
15345
29915
6215
26169
11187
1412
4291
7839
14643
25646
23941
856
6731
16989
12499
26915
19983
27368
4597
17077
8877
16462
12860
12718
21144
30029
4931
9164
31973
13233
25205
20574
31989
9579
11727
10748
25940
5090
21991
6262
8673
4494
24878
3850
1327
25026
5234
21210
17708
4809
29863
1437
11008
32309
5606
18580
31288
9076
23478
3007
21284
4260
3723
23890
5245
19880
27276
19811
75
32124
2969
14821
10246
10693
23181
5849
25596
27821
24512
1731
23026
27885
7889
22363
22286
24619
24482
13958
245
1927
2211
13188
8752
23153
28244
24683
5588
21437
15365
10196
5730
5369
23008
10964
29676
21502
29738
15150
30073
18117
1990
17862
27051
380
6139
16729
10911
31449
29047
30060
6421
10927
7827
11650
21201
30399
28888
11410
10305
25040
17346
29880
5471
12546
23749
14123
16857
31583
3214
111
19567
22451
30091
29900
26013
7325
7085
12542
32123
26343
8557
9006
2273
23059
22029
28705
8654
20278
31008
14512
1803
26122
22348
21368
16139
11326
9295
20178
25110
20240
13888
20230
20391
2846
1559
7355
21266
20089
6512
30642
31593
16636
14732
436
10913
9948
7065
21961
8177
20863
24115
8107
379
4754
42
18298
10542
25942
13446
1457
14571
16954
14280
29529
14822
20655
2675
27261
19280
27448
13515
19165
9267
10688
30685
30438
27805
26161
4031
7394
12800
28482
27417
8301
31449
23953
31716
14376
15760
16113
1394
5041
16031
3077
2991
7634
6647
7182
18342
12024
31647
2817
17735
17383
19359
17885
3687
3245
20764
12603
1800
26580
4292
7718
24283
7644
27245
302
15363
28905
14840
8120
796
21688
32636
10136
24700
25303
21153
25826
30392
24342
9545
2556
22122
24633
6518
15864
9010
28911
28264
25889
2555
15624
18693
22484
27776
7906
23422
31634
26126
8484
12336
29266
3467
18607
7112
21532
6327
15058
6827
9939
17586
5053
7573
2131
10175
313
2431
16060
20551
30102
28359
8972
21793
1764
15243
6644
15120
20070
27989
3812
21389
23619
1534
9577
30919
4991
18380
5304
19177
554
31966
24971
21147
2519
19914
27179
11467
27728
27524
30926
9133
4232
4226
20516
22784
5073
7453
26157
26004
31567
21307
16717
4617
6573
29995
11170
3289
32014
19408
12437
16793
31047
22530
6319
13691
8779
13105
22447
3352
19174
25419
8409
8044
23471
9696
5520
14882
5688
30341
16935
31506
6279
21622
23797
25353
13514
2943
31655
1480
28998
1052
13018
31567
17553
24287
21482
30299
25089
24338
15620
9261
10852
26782
28547
14733
5361
5419
24697
20751
9343
9353
14219
32405
15605
19534
28675
15381
27906
10945
4128
5020
14
24823
27312
10899
27760
6204
7905
4674
29153
30389
19029
402
31792
18243
8564
23575
7736
22697
25094
10829
14608
22514
21505
26402
9089
10765
19615
18101
26045
2235
26548
23134
23885
26283
27455
13806
23884
24290
2367
31288
7891
13153
29640
26832
5556
7938
30549
25874
32107
32420
3936
1638
12881
5511
10544
8131
11027
28921
2291
24690
9827
12083
1292
29205
24813
11646
2990
14311
26509
24986
9898
4933
22975
25183
29061
20846
12375
25509
13774
9863
23666
10594
8622
23010
21164
13842
19649
1919
22163
14428
32548
6867
6748
31730
28368
26313
1749
25017
26406
32519
16283
9002
3786
13938
14221
25848
16309
26356
27008
23794
9606
26237
2357
3884
5657
19783
16520
26201
22619
29023
19689
11132
19805
15201
4368
8384
12199
14466
28397
17315
23758
3540
32222
31322
23881
12486
28965
12401
7808
2282
17049
9907
4902
24316
30107
31305
11721
15647
1612
10022
27047
9321
22782
2466
21956
15266
15848
9060
22073
23369
23837
10118
4047
6872
7871
4596
12748
17226
25455
19989
4621
19161
8457
12462
20309
15884
14222
18691
28133
14833
4706
19775
8781
23463
27064
9749
16001
18720
14410
23976
29999
14117
14669
30120
26448
4251
676
26814
12286
8964
3924
23339
25221
29769
20024
16044
11964
9654
2294
28064
8086
2118
14129
364
10228
17953
4608
26655
29117
17763
31647
32082
9009
10271
3941
10835
3706
3492
28150
20866
32644
30974
6586
2298
7183
192
30606
26740
2563
11265
18361
28265
20483
8357
11041
16503
9284
1758
2239
19206
7584
17905
26448
1067
31462
32318
3917
21965
29813
25723
2334
29446
19465
25152
19339
7371
3796
8136
11891
6608
15825
23286
30144
26022
20565
12182
2202
23334
17639
13542
10459
24083
13393
5204
16067
18427
6903
32138
3310
7262
19560
7080
24706
18451
17715
28624
4525
28646
20220
13544
26703
4742
10958
12443
14579
415
13747
5537
19972
30275
15234
23361
28990
17550
27641
11796
10594
29322
9739
24075
46
13904
3451
28083
25740
8048
7850
9912
32010
28563
13486
22441
32394
26207
13731
7930
23354
1179
22854
26447
24007
2708
15808
30968
1230
13759
16063
17591
12948
415
17099
19402
1270
28649
29400
18725
27043
7143
4119
0
17032
7450
23570
21393
11916
32035
18168
3099
19070
17636
22581
27943
32331
25826
1350
273
10869
31981
27340
15815
18880
18180
7135
26318
23343
10611
31652
20614
10286
13374
21794
26798
15121
3522
9553
10282
6589
4762
19316
20996
6309
11456
5033
9138
23033
9716
20415
23191
19737
31074
29255
13004
16976
26751
24558
17183
26303
22324
27402
23132
15511
13118
11634
16844
25484
27349
13459
2300
17798
13963
13248
16063
31641
14968
12490
15222
32567
17044
24273
24719
31652
7780
7001
29004
21419
24537
16800
26822
12176
373
18480
28977
10053
14255
23728
24673
23776
29081
29183
23949
6989
19648
29828
5204
19776
83
6335
6397
24686
904
30756
25091
26877
29500
28714
31441
6457
31450
30623
21450
24968
17533
24126
21388
19616
13401
10883
3446
27639
29527
2494
16744
26747
3327
1639
2249
2948
9371
30897
21711
21511
1433
25953
8698
27660
4914
16097
1250
4706
23369
15504
29747
19601
20630
15453
29686
29968
28675
25236
1554
31160
21846
27639
1042
24185
785
26129
17960
22604
24982
16839
15218
5224
14735
29744
22397
32697
11661
6567
30984
8846
30447
20254
11786
25746
27142
13749
30966
19709
1399
21643
31549
4875
4320
19667
10516
4782
3774
5163
27257
31103
1422
10538
19824
16379
25650
30264
11667
17132
1431
22179
29897
4389
6037
29167
22870
16754
26902
24941
15636
25807
25467
21519
4607
26840
13115
9338
26615
32385
25549
5469
1986
22791
29385
10241
16209
22823
7754
16674
17220
30861
29334
4094
18864
2447
23297
27563
16927
7963
14862
6829
20184
12526
19672
14536
25441
20487
23984
12051
11331
32604
2568
29262
9229
1227
8080
31605
31131
18003
21662
11925
11160
1924
24531
9183
32066
6964
13052
1787
10349
23924
23862
159
28875
2499
22614
24159
31850
16769
17799
27847
5502
22182
23861
14247
14689
11955
5674
9390
6360
20969
18423
7226
28056
31417
19606
13423
18697
14717
25933
4743
16457
101
26325
30312
6516
11188
28860
9340
24099
23084
13320
8637
30514
10694
3357
30223
13767
11431
29921
26835
28047
10832
3357
27577
1099
277
19495
10197
6796
15312
3006
24822
12730
12246
32565
9011
29531
14122
21716
28358
32146
23281
1659
22046
22758
550
7560
16943
31557
30863
28155
20749
31817
25072
3288
697
24250
28030
1485
10298
4947
23958
5141
18672
6345
14255
25244
29222
23817
12430
5988
9446
17345
10425
11815
22033
30243
19757
26174
13487
24550
12371
18369
10883
32141
28465
1008
19170
24555
14045
13521
9158
2279
15928
16411
9503
1405
2008
24915
4713
26885
70
7989
12931
3512
19562
12373
12735
15984
23619
4870
27190
11695
5596
23675
1630
24035
11387
812
12766
24296
30747
10363
19616
1231
24860
9624
21544
31710
13370
24482
30501
24023
29372
9999
1862
11390
29421
9805
15695
21845
25808
9129
876
8874
3856
6769
14789
15827
22582
28501
10578
9913
28702
17427
6385
17555
11692
11860
14518
29684
29883
21968
22402
13832
14422
15801
5847
25882
27947
15703
4330
4698
60
27632
9466
28894
9688
1002
24033
29158
5322
307
9961
30308
464
32481
17120
14780
28495
6166
14703
22984
9540
20519
11943
8223
25982
17917
22749
28823
12299
14011
2232
264
11248
5024
30600
15955
2077
12080
20441
675
26783
17806
9289
243
13336
25645
18582
2513
21868
29863
16635
3425
17854
28397
15293
32420
29339
30369
18689
31738
21620
26560
17632
24806
18770
5764
10173
9490
1989
18057
12502
11411
15901
7470
7962
28013
12765
4926
27707
3674
29549
10704
15875
25287
31247
26219
491
26656
15380
23150
26346
10317
5968
14767
10635
9597
7627
17507
26178
13090
6841
2110
26112
24636
25517
15579
6405
22235
18953
16221
13302
21727
16569
29015
9007
8707
2593
32489
18522
10010
595
20524
13888
2712
22918
10704
24288
30291
21188
16644
26558
27275
23266
18070
6270
16936
2997
11612
6065
19524
28547
12242
27119
7913
6328
22788
26406
1820
25050
5295
6705
14874
27071
2723
16045
11233
8190
18795
20744
12018
30115
1072
25818
16726
1575
26587
13689
10975
19615
19322
9416
20656
14643
16357
7247
25087
15058
17057
1169
16922
4388
6148
18073
21416
31424
4250
3031
2354
5024
15816
12330
24290
30673
22959
6718
8586
32367
26195
28184
9959
8401
18429
19951
23336
25089
24286
7486
18346
19055
25588
31255
30470
19430
3378
24762
23117
8638
15579
11622
5010
340
16431
28783
18857
11959
24905
18577
26927
18852
20552
14212
30410
26293
10157
9424
22194
18645
4100
739
11633
20215
18119
19041
15847
27144
3199
16315
26768
12065
15916
14083
12298
23042
7655
18943
26321
21436
3782
13436
27214
4525
18432
19172
3856
24753
17233
16147
8793
28823
27296
10087
9436
13266
18656
31766
8901
26481
16948
32453
19706
22354
5974
16470
14240
12946
14393
14593
25058
1095
10733
9894
27373
9330
964
9569
6207
13615
18355
13920
4386
47
6650
10481
29555
18536
7175
6623
9640
25611
28312
31999
2578
12983
7969
25862
30558
17388
1133
32157
6754
16834
20103
27576
9495
29659
19931
2083
28385
28310
13721
10333
27159
17029
23898
27050
4799
16418
17926
12900
15001
9149
26101
23954
22112
15801
84
17596
12364
27384
3019
7165
9179
29076
27740
21593
18129
5584
1167
30801
9085
31566
25036
14005
26687
9858
2056
4026
12359
12902
8356
22604
18847
3695
4241
1957
7276
22720
14777
799
6001
10399
27546
23622
17876
23845
18228
13618
29221
17465
6694
16148
31388
11711
29972
1806
15010
16140
331
1352
11667
6813
22952
8768
11971
12297
27318
9825
31423
18485
7702
18392
21973
8647
21796
19107
31702
12765
30423
26346
15642
23806
5353
27027
27845
15441
27704
17169
1097
17164
17517
30844
8236
22576
29403
10983
14860
14452
1194
10478
17376
13438
21556
16014
2176
8025
3503
14138
30056
292
26381
17962
12728
25095
3872
18679
9856
16748
6146
6245
23611
3435
24756
23423
20889
11909
16901
4330
12162
31638
693
17011
32343
10757
22235
5866
16507
3646
28292
13875
5650
16482
22429
13210
19976
31036
14099
29287
2133
15224
7480
14514
19840
7439
31081
25721
16226
17670
28910
30448
18221
29016
7457
27160
25773
6449
29906
1171
717
32604
25835
8119
30044
18687
23632
5089
1041
27782
20233
16140
9933
3293
29859
22946
22305
5346
17875
3473
6928
10010
32093
930
11542
13730
8244
23303
25961
22121
20707
16178
18558
10141
29227
4078
24271
22627
23790
20392
14812
10699
11596
19469
19055
31747
27403
13531
27685
15307
4412
5360
18986
17448
14619
25000
324
2141
27704
5221
8979
6679
25044
623
32407
24552
11150
26367
20978
4086
5439
21398
18799
17141
15394
31379
28612
13138
8504
2053
29588
31921
15082
31934
26168
28570
18929
16297
22463
19823
30067
22877
29747
162
29294
3569
1566
9508
14938
18706
589
29985
5386
4180
212
28138
31188
28614
18259
16691
3057
5321
18551
26238
13862
2850
15555
24791
10660
20557
14480
3266
17454
12564
25426
2674
8569
9569
13342
6203
23512
7761
22377
29002
16409
31369
8723
1172
30889
5325
13732
6156
29695
8399
14805
11289
2616
19012
20306
13127
9727
19005
8126
29245
29872
26293
12023
7151
25021
4198
20892
32276
24912
4834
27853
20955
20018
2782
25394
1241
24299
5841
21311
3654
30251
30142
2742
9322
21096
2125
21357
26194
24777
26657
32081
19911
14147
2406
18859
32129
31234
6825
7074
16279
12298
5869
4609
18490
19230
15867
28219
4259
26336
26361
27821
24138
827
24894
29218
19033
15870
22373
12956
23904
20425
26784
13650
4938
20525
27727
23029
23440
1295
5074
17207
27052
16717
24219
19086
27089
5797
5255
24885
28121
24274
14958
629
9855
24567
13561
6946
15566
4161
3507
2664
24537
15560
3683
8136
23213
6071
9882
14941
18052
29101
20360
28004
11579
8803
25107
19963
12294
25742
4907
20009
1635
10503
2647
18719
26956
9513
18068
9405
16049
8314
17760
11352
6437
17806
8210
2235
24536
31273
4972
31083
12997
676
9587
13104
24364
29842
23934
2000
30787
15523
17038
15134
26665
15304
5085
10547
3355
16279
28602
8700
14058
23026
23699
7669
6316
23523
26708
12339
690
30667
20976
22952
30907
20156
28988
8611
30823
27939
20740
6038
1007
31402
12121
8732
17682
8540
22568
16186
23635
28682
3601
6629
12385
15342
30069
6341
20951
17807
13777
19001
18213
9444
17739
20891
21710
16572
4747
14789
5589
21854
204
20692
30833
20076
27187
28972
29448
30733
7263
23484
1371
19274
833
1923
23039
22969
30254
2642
7180
7257
23346
32468
21785
10686
5288
3021
26471
5998
27911
28831
30812
2698
29951
15122
24371
15281
1989
2644
27635
29217
27051
831
6813
14879
13555
23003
1706
23194
2277
5156
12980
19979
12063
27149
30836
17055
11053
26308
13548
26008
26713
12088
1253
32240
31172
4569
9628
6720
8374
17310
19897
21985
3379
28237
4736
31057
3279
29687
11595
31192
7107
3009
13624
7275
3135
7147
8479
16336
14338
29962
9671
4611
28713
21144
17497
13529
8004
17583
7444
5603
20911
26386
23107
32149
6176
2413
18284
6567
30844
11486
26827
1724
24815
31411
9982
7490
20795
6262
25346
1433
11856
32039
1630
22391
29726
11208
25502
18571
14759
30495
31491
11872
15192
12983
30585
22405
24473
29992
30665
32747
27043
20376
30736
25742
20113
7810
28528
14935
24762
22454
30213
3137
17727
31137
1819
17596
26592
32719
13214
26191
24852
174
22737
14208
600
22677
12099
26104
31943
1540
17920
25827
21995
6958
15876
2710
7891
26804
23029
12660
8549
17844
13841
24594
30710
6402
15461
15513
17176
1973
10559
20332
29107
27878
13287
22795
20312
32436
12170
16184
19665
17547
14455
21848
14077
17063
16782
1051
20443
32467
5620
5215
32228
17015
8972
8530
1438
15825
7843
30167
366
28803
23915
22828
2989
31566
28075
3785
20223
16157
18996
3467
28896
27973
14743
12817
2688
27915
11669
28775
9169
14951
14039
18657
25822
8711
24800
1098
29022
32407
2623
31550
8841
23360
3337
27861
4906
8046
19334
10370
12790
10199
29995
3898
19996
28857
6088
12248
21021
13666
20739
704
8414
10486
13317
2242
18684
11373
14195
20802
607
9691
16288
11158
10770
23796
6401
1968
12369
207
30433
18941
11492
15082
19029
5772
3500
29551
1395
22387
4988
10933
7871
623
4394
3082
26854
25034
8421
7600
4783
25730
17352
12837
25390
14759
8112
32423
1595
15109
20299
31480
32034
27395
30834
28255
1948
2507
7353
19951
6398
1451
22596
20491
11697
19131
732
22826
5346
13761
26433
9688
634
11857
1218
22014
32081
11321
3852
15714
32158
11292
8256
7537
20403
22364
20808
11325
3815
25405
11370
3266
19667
27464
11805
7277
14529
19182
18460
14815
23393
14958
6842
26862
15038
13049
22645
30700
31345
24083
1997
2604
19476
5180
5975
11203
17402
11984
30733
21132
26141
12588
12776
28783
32600
3346
9905
31458
7895
1615
30484
2991
17355
31130
15862
32504
4962
2752
5640
12921
10998
32254
7580
18958
25221
16558
27832
7541
4961
25895
12649
13140
14120
5598
26202
28030
29431
17361
22437
19058
25307
5157
27113
24613
14728
20749
22429
29697
2126
25071
22692
21549
17224
3778
26657
22031
21975
4795
7308
7695
23374
16936
17926
5278
20463
18332
18153
11383
19991
15436
23204
24101
11189
8121
16070
31942
3072
29327
29272
18446
14698
30925
32624
24463
23503
26407
771
31543
24307
32681
26363
3354
7467
24988
649
12401
8794
4269
5309
2531
6943
30540
19796
32004
17485
26707
22481
23324
28316
25576
7375
28457
27294
9124
11669
2855
28916
12789
3563
31374
23233
4288
20524
32285
15967
13131
14237
13526
17489
20315
21757
5706
18553
18841
20829
25110
7051
16698
23346
10414
30914
32479
27049
20825
978
19130
19002
16765
25373
28147
11392
2333
18985
25418
8264
14496
2130
31485
14824
17364
28604
30188
20690
5682
10380
23547
3176
15460
17496
4536
13074
18180
9691
28990
28558
19111
4334
27225
136
8474
30388
28138
1643
20459
21012
10381
25462
14379
10348
20602
25106
29555
643
2729
5475
549
29120
11066
10269
12020
30106
21779
3481
19367
21840
15563
18728
11033
16858
4807
16295
31877
21535
22690
18259
27648
15208
9682
27103
11335
12309
8073
3268
19899
32399
10202
29657
1706
15997
2077
21027
20688
2619
6804
23790
30
19079
14159
5404
14010
27262
26700
15038
23110
1992
10467
7905
28261
29455
13409
18346
30843
5301
10228
6822
20661
2502
31687
347
1098
3371
5997
15395
11520
289
1411
22330
25073
11498
2705
30229
9615
706
9010
26869
29926
533
11637
16573
23585
2543
16770
21760
13392
12212
32129
28767
28264
28177
18615
5906
3979
16434
20978
7108
17034
32054
19752
30372
8873
2016
13403
4793
9122
9871
4031
1397
15084
6000
2335
25742
11836
13554
20093
11785
11085
15994
2041
30360
3293
6489
25844
21029
28920
7675
1140
10927
1144
17760
15562
31061
10189
19152
1651
5552
20730
5579
3645
3942
20192
64
12970
17916
20927
19711
28825
13036
23802
25199
803
6648
1562
7556
15044
5053
9494
20716
20411
9867
22994
17545
13235
24948
2789
18724
9890
11683
16799
13408
4850
18928
1867
22764
29919
9393
10161
20221
20768
2002
31967
8444
32457
19240
10281
12411
18544
258
23663
26478
10382
20737
7582
2456
9513
29994
6521
14915
3760
3386
32154
2612
9767
15417
28339
8670
28291
17490
1306
23510
11608
5346
29317
25479
24241
32463
13586
11303
8255
795
31626
21482
22455
28601
7910
18293
6261
16031
21778
14741
3173
27420
242
17201
25635
12652
17315
16253
4705
27786
13059
14449
22154
1605
22899
30586
23204
11670
25307
3695
26747
18225
6895
27846
31228
19546
8369
21768
10463
3066
29495
18050
16777
498
15279
12094
32048
14511
30880
31281
10048
26878
28275
19894
12797
19490
305
3643
32362
21541
23438
31034
23402
15979
1831
27756
38
13453
23048
11577
1454
28516
23921
17522
9187
4195
4570
16962
13716
9514
13364
32354
18407
2393
26738
10381
14587
6818
27976
15668
10699
29475
15666
12914
18262
7666
16569
28994
12029
31225
30194
28400
29228
16132
12615
31437
32060
22808
23417
5159
26008
3591
20710
23672
25375
8513
17928
31198
30922
27117
21823
32203
4239
3896
6608
9214
3717
24301
31789
32178
8008
29255
4983
23829
17823
5379
16449
5371
27484
8888
25751
24788
31108
20075
23870
2267
15280
2142
8254
5777
4787
30250
9374
11626
14973
12557
30575
23494
10048
16005
8716
30754
15825
30494
17823
24208
27472
20360
4071
8804
24587
14316
27961
2097
29088
1408
7109
23540
26722
6746
1051
30606
15358
16258
31470
3448
863
25930
20503
2994
7118
15842
20188
11004
19294
26151
4979
32329
25223
4284
22978
5745
8465
26460
10601
3622
25139
5742
770
4649
21501
14042
29351
14781
15859
2588
11189
17245
6907
15511
4560
2474
2681
8747
21288
17575
23736
8457
30714
27432
16012
16070
2905
18568
18485
943
16686
6811
29575
10333
15742
19427
15688
16777
24811
7687
30170
24097
15998
22656
1305
19354
7843
20374
9607
29833
13173
22411
23207
3437
25148
30742
9894
975
17972
29715
17216
25486
20625
31096
25058
9844
10687
3467
14092
8716
14318
2386
21754
1976
28366
14923
6531
11006
19607
31582
13121
547
10317
23056
498
5371
13634
7161
22046
19967
24540
14456
21499
24992
26520
6821
32141
16347
23119
16263
10257
17422
21689
1160
24732
5898
11311
14885
1024
30569
26037
20202
3567
23586
7735
9886
25443
9562
18451
29115
7228
20349
25048
6433
4139
23694
2637
4618
10960
26555
5558
11841
19231
5941
2130
15503
12808
24638
6696
3446
17495
20868
10244
12322
9177
22445
13756
31645
25536
12339
26039
14402
23624
32370
2480
32116
24987
14079
12472
6032
25074
21820
22138
2591
12030
3881
6083
593
30342
31613
4162
19879
11857
24054
17804
10479
30534
3565
17250
31605
15314
11053
19767
21112
3466
5381
18669
12507
1554
22428
18144
1821
12093
901
19237
26507
13941
9107
15380
19124
28510
17647
6659
30750
27062
17767
25685
26423
7808
23561
20404
11406
30817
4081
12698
18243
15178
4447
17686
25277
3927
10509
11469
24730
13047
12735
22079
16108
6222
20507
8779
11938
29143
23739
30453
28228
29262
13441
7784
15588
17357
25386
5943
31057
31285
23590
14824
16781
1231
13735
22451
9857
25395
6649
13959
18416
8553
25361
3662
27818
24399
5224
27506
27394
26426
9994
6816
30081
6112
23529
460
8156
9590
2168
2677
12324
30229
4469
298
4157
7522
2054
3661
29585
15214
7432
11287
1285
17115
24228
15836
12589
27201
29731
11408
24763
19663
19459
11403
14142
32310
28746
4233
10761
5570
29978
19957
880
29898
13702
5735
9787
19531
21156
10859
9556
9680
10467
18820
963
29589
12191
25456
12508
27627
30451
28334
5303
13278
14287
2110
16609
7446
10826
16552
6481
31483
5689
14911
2462
21277
20992
31911
6767
27858
9128
8597
31538
1057
14386
16086
21521
9182
9515
12691
29729
27415
10369
11987
12253
16815
6805
15681
980
16457
18065
31792
20382
20327
7420
23516
15636
16851
29836
10994
10177
28223
19771
7507
6291
3112
18844
12309
10710
22528
21104
3787
26467
17035
6261
24071
32533
12170
26750
3869
21885
1943
1480
8489
21207
8528
32396
29523
31804
17847
11985
3153
11545
21465
25988
31534
1247
18350
24522
13642
23804
10305
3733
5539
23307
8464
23158
24914
29511
19126
22962
30041
28486
26311
11415
411
19684
4860
29712
29996
2429
14224
5752
32715
11615
13545
18092
19629
11134
5243
356
23165
26986
16618
29891
5280
895
2414
1580
4541
8539
29820
27224
7037
28310
9635
933
25487
2989
23220
31409
2544
2878
17445
17704
22633
20347
15543
3802
22361
23513
9303
14609
8116
28424
25154
25633
3660
31016
21101
14144
15439
16954
8740
23192
24849
21716
24561
22427
268
281
17087
21399
3622
3049
27711
22666
23858
24149
10891
8247
5304
18774
32010
5497
30969
12734
24723
32728
14638
14446
9941
3418
8721
13002
23798
11931
22942
1898
1402
31008
2075
17170
10599
1001
4694
31205
1190
29253
18734
18645
20909
8427
12884
2910
30811
10565
20051
6516
9251
12047
32718
8634
1389
11297
30729
29684
16953
11913
19628
20415
23046
15581
6851
2944
242
21712
23304
10138
13858
14338
19301
8676
6500
31517
4533
7514
17427
2845
31691
12818
10556
7407
181
31090
16638
15166
26433
10913
823
26250
13761
23355
30045
31610
20236
14409
20393
21363
24773
19312
32123
21353
1760
8296
31994
23797
18529
24240
25082
21928
20839
11136
36
14496
3690
26624
80
26200
3265
8119
25910
9924
17511
15174
17222
4510
12030
19286
12244
20731
20500
32719
11128
29217
4774
8010
2997
14492
8162
4810
10200
10127
4913
22950
19747
13641
12149
31178
15915
23832
31119
16416
16767
866
23589
25928
906
24561
14498
27279
20411
25231
2430
17183
25827
17875
31167
7539
26846
17466
5568
24846
16245
9081
31025
13421
18563
2578
7775
7994
18775
21286
12981
7362
1370
21642
5251
12969
18929
19229
24063
24540
29093
24920
8586
30664
8834
1062
15156
15818
19388
31222
23425
21734
9881
28687
12142
22459
16010
29220
18863
11446
17563
41
12603
27271
12814
13925
14602
24785
32323
15303
1309
6438
27612
27261
24768
25650
12574
26307
18956
18230
32665
6137
22191
23993
12043
14329
22000
890
3970
27815
21485
23208
9921
8138
25127
597
23781
2330
18753
4393
23624
7833
2053
10323
10406
24359
17320
12997
12670
11089
3407
9377
25531
8299
8401
20206
32404
10718
191
7056
12209
15554
5026
17783
14991
29104
9859
24854
12069
28881
30897
18711
29640
25659
13502
17229
9804
25726
31435
29162
6252
4985
24581
25842
27499
22899
1904
24559
3836
30823
14308
10215
10080
27038
4949
28043
7886
14723
21335
10161
26135
21940
12000
29188
10378
341
19792
17402
30485
25513
27312
5127
11950
25827
4407
15121
7665
19769
3091
11299
11787
23099
30566
21605
4822
15971
4494
14156
17989
16109
12713
6926
21251
25576
1880
22873
12887
28302
1988
10308
16715
2513
11231
28550
4365
26934
25581
32229
5781
18918
25666
13042
32136
2563
12109
28916
8797
19000
213
27426
30654
19860
32387
9237
23345
2968
20897
12412
7415
10382
3617
4626
16180
18461
2785
16077
12369
28187
3885
10328
1183
24994
31110
22468
29501
18022
17313
29051
6715
24645
1971
13685
19967
13600
27372
20398
30696
234
4417
3287
18482
12286
32367
18251
16154
21430
2109
8262
20802
17721
15873
22865
11094
27284
26981
25089
22768
21005
3179
28129
21177
6067
175
9901
14290
18746
7149
20161
13938
15366
32194
26576
26576
2438
27319
12761
9027
9667
22651
5719
3239
17465
3952
21433
25092
32485
1385
32017
19562
29599
21939
8720
14367
19370
31314
13106
30717
24970
10892
30262
14357
30997
684
7889
920
15821
22784
24483
25080
31597
25636
1898
20298
17602
5762
32374
5103
31932
21274
14429
16243
30149
24447
28143
19125
6993
14114
13164
9544
22967
9171
16117
12826
14399
16261
29505
30547
22908
17234
657
1408
21980
18367
15846
23025
9341
23104
25713
16479
1602
3071
1867
30675
10023
24025
21862
7874
27089
11689
25540
10877
4458
2250
17894
28105
15787
2007
2696
29385
27962
6069
28811
11301
31287
21460
26675
16741
17681
21937
13458
31390
415
7584
16708
3921
23148
30920
93
23696
24146
2159
25760
18018
27722
20088
19442
18537
4482
25385
28174
31170
3504
14386
9081
2093
29095
3307
6329
28270
3111
30686
16834
27123
6394
10629
8625
29622
26172
19541
15036
16485
25595
9723
14953
3009
20992
24037
13823
13124
32747
3332
2874
25606
21382
31440
14659
24545
2387
11149
17887
7635
25447
9165
743
18853
14971
1335
18424
26314
9537
26758
29803
6794
10740
6357
19848
24928
11827
5145
3318
13216
6415
29935
13174
23900
23395
10648
29650
3465
21092
7233
18959
24670
14456
12424
4842
26877
6220
14909
14211
32341
30240
20837
16723
20295
9062
10117
27235
519
28812
16925
32192
25286
12566
15986
7210
25998
17903
656
14604
32621
8705
32656
25521
6869
32003
26903
12468
11075
10386
1567
22456
9247
15236
32506
22874
22243
1913
19603
16740
31872
3250
11512
22851
28158
24615
16661
24252
20578
14291
14274
4826
14292
4435
10753
13611
1537
9903
3200
16172
1983
9592
23142
29697
5615
23571
23884
6249
15784
20820
13960
26354
13202
31311
3506
5225
5775
618
2145
30869
17825
22967
28470
12069
19720
32129
9244
17638
11946
12069
19917
17721
2488
3363
23705
15301
25999
17013
19555
32361
9180
16416
18412
21364
24068
13576
4436
18457
12739
14344
21469
19229
16659
22594
17139
24531
26959
1972
10857
32074
30104
5133
21510
28101
20600
8638
26176
17003
30917
23891
8263
12096
15816
22276
5957
25428
1695
15495
22756
12603
10464
25897
5906
7100
4735
25629
16641
6861
19186
5396
11633
11456
3986
22286
14897
1975
3909
26991
1251
32605
2394
8021
8449
29400
21428
23849
28445
22265
3115
5236
31085
12470
31023
12788
31110
5083
23982
12784
27496
31228
17464
20168
20923
1454
1378
32208
3928
1527
3432
11870
31243
19970
9494
32546
2711
13591
16872
23990
19963
21195
8560
17526
31732
19316
13304
2706
22211
16608
6761
31330
14384
15175
15211
8697
28623
7805
13262
4604
22146
32620
9769
32437
15167
28098
11712
30563
3348
1511
30891
10196
26216
24370
19765
22582
23939
10844
32387
7979
15953
5173
5238
31259
4450
16533
10961
16334
5174
29078
19359
8506
1720
12032
18639
11417
29192
517
22818
1727
19581
6447
31815
20139
7915
26774
27204
24412
3873
6742
4631
25574
29622
25408
27549
29124
21766
4048
8372
7536
32631
23903
20892
15665
2817
29594
30884
20020
31725
4659
12546
12255
24796
18135
25858
10594
4620
16223
10083
28047
30167
3146
15357
4331
28284
26475
5032
9733
21794
21215
16218
29702
9754
9282
7823
31626
16997
20514
19694
15790
27254
2484
4905
31082
22072
2758
24357
21282
3667
6133
1883
6775
27308
5408
23934
8803
23082
15901
21597
24453
22464
22442
15628
16569
12456
27814
24382
30188
32748
27521
28918
6447
811
14321
12639
28169
11418
1254
10999
11026
5705
2753
24819
445
15016
28096
27616
22646
5705
26813
18822
27373
5863
4121
25617
17585
31656
16627
5235
18944
2719
4253
9220
17118
16277
20560
4459
7268
22537
31006
7362
21595
24693
5161
24309
17161
9939
29459
28779
14155
13920
19637
25321
6372
16544
4628
4787
1301
6050
3984
4852
6510
7557
11871
14687
24803
19771
27194
3351
5922
16525
20310
7372
13860
22367
5270
39
514
25654
9727
2153
1803
503
13164
25679
15891
30450
6019
15160
19213
18718
10983
905
2525
26534
22447
6225
23911
3493
280
21033
29932
16942
4982
10079
31638
6544
20593
5971
26193
7128
11117
25888
21469
29847
19018
25983
13089
20453
32334
25577
9155
2213
18783
25340
17653
3083
17270
15392
26258
5724
29776
25194
20585
11509
30055
19649
5081
31119
28704
19263
7070
27329
19526
19417
28138
15814
8887
21059
21687
21889
18525
9998
24668
702
1376
532
30815
8635
19610
13333
28299
12519
1868
5026
18498
17641
18703
12602
12820
32228
13
5812
20880
25082
30064
5596
26969
16655
12827
27233
893
1487
7064
13039
5635
6130
23890
1432
21955
13246
29189
9080
11131
23246
24946
3993
32542
16915
1623
3348
19823
24856
28830
18553
15311
1674
14293
12401
7763
5623
20958
16802
9242
21206
16872
18899
7646
23752
13214
26193
4808
16669
22173
16785
6025
17818
3628
21526
7078
20601
18727
11413
8467
4530
5693
856
4612
20857
18524
7392
10496
2056
16232
16334
7991
8862
10547
16900
5397
6600
20138
28935
26903
15583
16716
22951
28894
22226
31969
13027
18562
4133
20840
28679
11304
12858
10577
15895
4055
12240
32748
28784
27015
5833
7202
8365
24955
20272
25443
1480
23761
19322
22751
18049
5720
3596
7417
19204
14753
10238
248
20934
13401
5407
768
19376
12757
6457
17986
17279
29935
662
23407
21611
1041
30146
28018
29702
23439
9875
9822
4968
6714
8807
24741
23433
23602
4013
30860
2286
14331
1703
20955
10888
4563
26477
26073
18393
14659
20790
28023
12888
1269
7891
31692
1559
24773
3196
7361
7587
538
27343
19470
32043
13943
790
22629
30949
77
4297
1772
6830
30228
29780
2801
2801
6041
793
9690
201
3482
6329
858
32106
1936
19855
9707
22205
11212
30334
30584
21834
19909
20973
21081
26971
24241
1551
5765
15198
19538
21608
7939
7052
16915
9869
11170
5320
83
22571
4842
9930
15873
25162
20562
27516
18537
19411
17076
11172
21837
848
12029
9924
15160
1524
23337
4670
1039
30683
21871
5052
3561
4498
15288
15055
11808
1754
5974
15831
2729
19113
8435
32290
7584
21618
199
5976
5927
19110
24335
32278
4465
13947
22714
29145
19226
9452
11365
17950
23482
22785
13193
18119
5817
29520
31731
15297
4197
12996
5493
20452
31041
12957
26588
24346
17312
18872
9505
28612
18291
28433
11236
23385
22624
18310
28181
27216
532
16606
12277
26433
24281
24073
13117
27975
15467
6313
8860
30120
775
31698
20839
26808
4806
23566
9101
13818
2857
20645
12745
14217
12533
21019
32283
25782
26177
8697
19576
6131
26829
24529
29633
27632
19093
28540
15090
29699
22694
5286
5788
21453
25649
26509
23189
31259
8670
1797
13293
778
4962
11200
32549
1391
12116
204
20124
20341
15164
25949
13642
22152
3054
31693
10672
24178
8214
10721
5391
7108
18707
28238
25305
21880
22025
12155
9317
18900
30001
26505
7398
23186
16244
20881
18846
17469
8761
31788
14927
25822
7035
25913
19955
21976
31774
730
10156
23825
9347
24000
28670
31058
28506
8361
13884
3569
16055
16678
1600
29101
24424
9634
1631
25817
13959
27808
12701
12989
27979
14660
540
569
3875
10517
8155
6571
19974
22273
26525
6675
24836
4002
24102
30069
12578
6847
25517
9343
18532
15894
15247
24428
14123
23896
15425
24104
25537
23414
15240
25525
30771
8475
2796
6349
25183
27769
6250
31177
6733
20041
1897
23489
8899
30733
21999
19701
30739
16281
25109
21611
24888
31697
25528
21722
22305
7860
11890
5831
30285
12442
20424
15854
11928
4281
23973
11747
9557
7918
2312
8697
32156
12987
18681
31843
31461
908
12737
4249
12758
26174
19546
27902
15194
993
549
26559
7667
28093
28891
29438
24913
12948
15046
31792
35
22823
10033
23235
11309
25595
10013
4612
6299
16989
4661
27201
16021
21156
12292
9514
20499
22966
24934
20861
19699
5070
32316
483
28233
17020
15204
27413
23542
23533
11497
11586
24700
16236
14454
19637
3856
4905
3089
7603
4081
12089
27909
10146
1785
14815
29472
17265
18545
22794
1055
31027
20522
7454
9063
24845
11977
2295
27126
2899
24931
23340
15000
13294
18250
31888
1630
17665
10790
14335
13644
27852
3143
8023
1874
19152
12601
16836
382
30771
5273
5953
15215
28519
17192
17755
8461
5895
18974
8504
31863
29697
12481
4825
23613
18170
12341
15772
10704
6382
7574
4613
1078
31511
14916
11453
13058
32273
24190
9947
17796
9275
12851
15203
12861
21344
26644
26124
2709
2455
12014
24391
5841
22887
19767
6524
28223
28975
6887
9111
24499
12741
19849
5315
15927
6238
19089
25973
26111
32686
29680
22957
3483
31824
8934
24697
14192
22631
17687
3258
22377
29318
20450
2858
234
973
32238
14750
12550
4437
2821
17289
2289
3279
25126
26562
3256
26727
29141
19335
14895
8687
6838
32449
3115
2361
27738
5513
15858
17860
9305
31468
25328
24475
9121
24811
9900
20347
19981
29126
18682
23092
2106
9851
10865
15185
18326
26249
32031
25339
26809
21753
28028
19227
16377
28319
22429
10175
6200
23966
23722
30399
5121
9770
27794
12960
9428
4242
6141
11448
3261
29821
16003
21139
7723
18803
27931
25238
11776
8352
214
21474
27621
27605
25037
30076
5344
13776
27223
2218
13352
12221
20096
23200
26168
14333
6071
8539
21026
15909
2247
8142
19750
10314
32265
21820
23683
7548
7639
15333
2445
22928
27971
23268
15360
28195
7433
12120
3732
5339
8899
12482
20945
30448
29276
29870
12581
3563
27591
13718
11828
430
20721
16643
26223
10165
22516
4341
22248
1947
11661
5253
4708
2272
31696
27593
7602
11753
18714
6904
26172
72
17224
30926
1756
4670
19238
23602
20209
14718
21546
19735
16305
26420
27747
15520
29633
16710
172
2183
9475
24794
12581
19903
17583
23064
18916
20056
22949
28977
13287
28324
6401
8352
29261
3480
27888
21680
32710
15476
24003
62
8265
6567
4418
28352
31493
21228
21571
30598
4249
4794
25211
30272
24967
23771
24723
11457
22758
7770
15486
29186
20312
29859
26635
21098
14908
28646
8630
1356
23333
21692
16324
23474
906
8461
12687
3161
16575
22577
11038
252
1059
23125
12024
2261
7068
19233
27194
5218
3648
19352
5864
24165
12629
2879
22657
9774
2428
29825
18134
24348
19497
30802
6939
31074
5462
15635
13119
10247
9593
13493
24441
18481
15283
24098
11812
19874
24650
13784
10700
22659
13145
6615
15753
22624
5062
9406
13195
24693
12917
17457
503
4392
26043
3709
23026
15062
20758
7039
11514
7634
13595
25794
7293
27563
31663
28903
1956
28078
21626
20042
11120
29868
30105
8418
2313
30206
21651
18281
1619
31173
27535
23485
31937
15990
24260
4743
10862
13719
5680
15898
14698
15811
8077
30878
20817
15860
27777
14701
26403
1538
16661
22973
16207
6246
26216
19584
22033
16708
30117
3464
8702
7849
20274
3055
25822
32273
4650
5046
32441
13100
10254
31404
30517
19425
14519
5265
12575
17812
6799
12924
31815
10148
4865
12666
31121
10040
31534
23672
1353
14396
7394
9571
7095
12198
23494
31117
27635
23294
32471
13651
3323
12573
11798
31485
2307
53
30849
28901
13068
15633
30275
10972
31416
22430
23336
17097
12893
14507
3411
25747
31576
19693
5171
20801
19620
16710
29619
7520
18347
21574
18353
11941
20315
24819
13234
15572
5501
1733
31444
23008
4674
4853
21508
17748
6687
3832
20080
3825
1499
6214
23103
19609
8423
25951
18816
26476
20973
7184
23905
17456
12715
23794
13218
19190
1026
10293
10313
4602
18250
32667
32662
12236
19945
27079
27705
30893
5668
15032
17859
11068
21557
17809
859
20562
25245
23451
20146
21034
3259
15500
17209
3781
26526
23562
11665
27020
11544
8299
24386
8248
19731
32447
27313
26351
10536
6160
23372
4015
11886
15336
15880
16624
16784
29716
3597
32645
12579
32168
22959
4036
8758
21315
13217
29158
11050
11412
17509
32177
4292
5917
4103
24916
22912
3127
17419
1938
11048
10327
8612
10530
9894
26511
22567
3414
13847
2904
25534
15868
288
3470
17505
12930
31621
17596
8450
13917
16887
7578
11016
3754
14638
3540
22015
8982
9016
9229
14222
11772
7953
22820
9129
14286
18035
1718
22791
25014
24047
9956
20951
17277
19261
16726
3247
24747
17873
10623
25029
30960
30126
29219
14433
14274
29823
14871
12434
1864
25828
13897
5409
2679
5130
7424
10691
635
22910
22116
10642
9048
10563
5696
2494
7121
3106
17159
21632
21641
29249
19989
12368
10856
5111
24888
26456
10304
21727
1391
808
944
23851
9969
20651
24905
23867
6769
24666
9200
12143
1953
22191
19331
19513
23797
8413
9920
17526
12457
25022
23650
13822
13061
11021
3980
28281
5600
22229
9067
12405
3427
5417
25112
20150
19983
534
2747
4557
11265
22486
2806
7149
16245
4422
26497
16121
12938
4251
6161
30945
7237
7760
23167
2607
3287
21602
16678
23261
12067
18880
141
8554
9083
4605
16454
45
30634
25929
29461
3304
24632
1183
31317
30368
5865
11840
6296
15788
647
13919
30606
12813
3041
6174
17704
11261
17428
4793
11260
13002
16393
9985
10988
1509
19775
2317
4098
15414
25547
23084
6815
28083
31133
16157
2261
6961
6916
9859
5137
18554
27765
21395
8445
31903
31112
272
9892
7312
30019
12409
4312
21481
20379
31105
8656
15
17464
28095
5910
20860
18041
25767
5537
5975
28344
17337
8509
26952
19663
5880
9012
9098
17370
3486
17447
26946
21311
12046
7485
8463
28908
23562
1152
8162
22752
28710
30851
30224
30189
6012
28488
4773
18364
11426
3170
12540
27153
13017
599
17548
8528
16519
9032
22277
4161
28136
25812
3228
31504
7168
23353
17058
15256
10196
28604
31836
19168
24025
22092
4623
998
16813
1634
22106
924
32261
15147
9672
18993
4327
16105
5286
401
2073
1431
12050
3375
25049
23243
32597
18178
26062
9953
20083
3533
2623
3926
21248
2212
14723
30322
16948
17324
3000
7722
30530
2594
18616
29252
9446
8607
17993
15804
17725
19098
30356
20327
15322
10798
15065
20950
24086
285
20064
23165
21927
21526
23987
29716
4469
26931
7690
10302
14505
16070
30983
19561
21510
24405
8355
5621
8572
14051
8041
14744
17914
19825
14562
6657
20869
2757
11856
18875
18823
26474
15262
25685
11625
12024
24728
704
10595
14230
19032
20216
27539
12988
28928
31462
20301
31550
15791
7814
21171
1158
19629
16709
2693
20256
8169
4781
2106
1661
21926
5699
26191
11248
14193
18096
28383
29437
13654
29728
4212
13011
8531
25064
5405
4375
16141
26475
20416
18915
31682
6206
13234
14607
25215
14218
2693
2223
8339
31410
15393
10460
11843
24374
23830
29880
28607
6104
30513
10412
25173
21757
16462
3572
10725
27733
13164
32606
4757
9150
16391
11086
23237
9062
930
14086
22854
21296
16803
10020
21446
10074
3427
12652
6543
8284
23174
23496
13938
531
26504
3213
20989
1566
13977
28672
3829
3465
2219
22297
32512
5544
3785
29575
32417
29766
17834
5363
3433
7936
12166
19337
30316
491
24616
5045
23795
10621
3909
28458
368
17322
9484
3881
21175
15437
29950
29696
8042
30922
6912
9681
31669
30449
11950
27284
12092
21286
16627
7519
16210
31167
22486
2789
26988
1966
23703
30526
8661
7776
12283
12518
27299
12005
22756
21767
5865
80
292
10491
20014
30049
13459
11532
25630
21857
5728
19583
22656
7246
164
20178
4968
5688
16957
28225
12718
18923
28377
14223
30110
30414
30033
5890
12273
10763
28729
14000
13565
12016
25781
4601
12840
24214
25485
25173
30626
4800
16516
18768
2644
16389
21478
23506
4627
31538
31329
29348
30746
28138
18197
25648
18871
32399
7150
2952
13124
12134
7218
16554
10073
30965
11606
9731
1600
9136
31254
28465
22953
25813
11205
1293
30879
17045
19937
10985
10171
884
4074
2326
2456
11506
22900
16554
29574
21867
25724
27775
31363
19772
20984
13183
19559
25383
27825
20511
10590
18425
3669
12586
4507
21865
23240
6080
31563
15428
17852
22174
9416
24007
5761
5792
22288
21580
24094
17539
11381
28458
5024
3056
12182
9686
19122
950
26253
17998
14446
28504
7786
25271
31347
14791
2785
16964
21560
3440
3647
22875
22176
11641
15778
3315
9678
29768
30058
17729
20794
6982
4587
5011
29188
12258
8292
28540
905
23000
7221
20273
10805
22195
3148
7987
23704
20112
5345
23854
8891
26150
20835
23073
24500
12803
2738
26560
22904
28440
7566
29975
29425
9336
9552
24175
19536
4701
16087
29813
15781
4716
30662
32409
24492
19770
15853
15541
5866
26894
25348
11247
21753
5609
2207
4832
1057
6851
2142
6390
20776
18456
11364
27926
18282
29603
19467
16262
29484
24938
8406
4875
32301
15866
26536
10574
31358
3572
8755
3716
20372
14024
3250
2126
32156
1217
7131
27614
11022
21058
5903
8028
12421
13391
8917
19080
5838
20558
20358
31392
15166
16143
74
15748
3657
8459
15938
30744
8273
18409
19463
31722
28860
6471
3412
8213
13129
3766
5887
24933
32676
30470
31534
19899
7992
23749
9671
16051
27972
13826
23848
10117
32049
16726
15129
31273
31523
13350
12798
26559
31438
7714
29266
45
10379
9745
17488
29962
4266
977
10739
955
28938
23449
23841
19163
18664
24194
32291
3809
6901
21574
1625
12796
5547
29255
21292
25410
5600
9171
23875
18698
14236
10150
28666
10902
26920
9904
29968
23798
13415
10265
10399
30504
12905
1667
18770
4484
23870
19087
6354
5208
13320
3746
16513
22991
25940
20457
28267
10007
29611
20634
15994
16578
2147
28541
17385
7789
26811
6316
18170
416
16680
13207
2796
29686
15081
12874
12327
28798
4065
9715
1723
15456
4262
31902
25864
12996
20694
19524
22206
2031
28074
20228
14345
18351
8909
29872
4357
4858
8558
11659
17784
24786
23956
21073
27840
18027
17841
19832
26122
2704
6267
27062
31941
2115
19703
27075
12631
9380
16598
19808
31246
23572
8453
26520
4185
10905
16512
10822
7736
21380
20839
19159
24561
19538
13395
9297
3589
20177
20970
31380
9058
22148
12977
737
21466
3399
18722
21912
18132
27446
8703
11590
27201
3532
28389
5854
29138
2632
7972
30535
22120
16213
31438
2583
27085
27113
29710
15775
21153
366
8891
4135
1175
7968
7725
21114
2273
29878
10576
29606
10984
5700
25846
14845
23873
7008
31858
3423
27356
23428
98
14012
18559
18867
25548
14548
6771
13151
20333
9793
17022
26251
16205
6328
2577
813
7831
11660
15553
31702
21928
11123
18171
2452
32358
13709
11508
5912
13011
12194
28128
26388
10722
14252
10084
31207
5769
22677
3405
30332
32023
23105
2434
6767
29384
21199
6199
30066
31638
23836
13412
29680
31315
6281
26742
31984
26357
22015
22340
10043
16177
5680
20804
18881
25931
15647
18943
27449
24876
7906
16834
21768
14261
18854
30615
19812
19539
12533
30579
15545
211
7732
22705
16971
1912
2672
16575
31774
6987
17754
32280
1555
4787
3471
20338
29779
69
32285
11064
19696
21981
30019
6970
17610
15854
22649
164
17328
7958
22960
21548
29640
32246
8667
13968
24625
12608
1198
25920
26342
7185
8614
26455
486
25218
5705
1744
11154
19578
9647
27127
25174
19142
31041
24861
3979
21099
24257
15504
21916
570
10123
16075
2408
18086
3354
32489
23272
28627
16077
20320
28946
28143
31979
31979
31997
10181
25830
31176
2117
8079
21212
18724
689
23052
31843
16084
21267
15315
10374
26437
28528
20711
10507
11190
16481
12939
30968
1700
21433
32600
9301
23686
8808
6540
23858
19643
28064
8101
25068
3777
30518
21295
6317
12199
6474
25050
1074
17349
298
17615
30161
24746
4468
10820
8378
29526
12155
7502
29309
18090
32748
24567
21708
19996
22194
11153
15490
2223
24086
19274
10725
4131
14635
17664
32296
10344
9577
1110
18997
25433
24472
15367
31401
11431
20464
29050
1311
21011
16766
26263
31409
23521
10441
21978
9148
18825
15798
13477
2276
1711
27817
28635
3416
11349
25325
22186
32343
25168
14934
10152
15348
29944
2084
29730
24342
29476
21291
19888
194
26710
13617
29197
1693
1842
11160
26918
6316
22581
23357
18801
9311
16547
19359
5760
4302
30145
23876
28118
2114
12357
32600
30201
31479
13323
26776
17353
16160
9
22382
10767
29228
14981
7517
10073
32584
11653
31136
26118
28453
26504
1806
669
25851
21619
16705
3171
27854
25294
25847
29740
32496
2352
12216
23921
23751
16376
17082
1443
10960
17214
11521
13759
27620
12554
24778
29219
16826
22467
6186
23712
5806
18666
27891
31952
5312
1032
10199
25257
3552
19940
2768
22355
14697
2042
6847
4151
27371
7209
11347
6233
9773
20652
14380
25575
13426
6219
14912
16914
7932
13010
8318
8476
13007
12739
3250
22706
29111
13640
28073
28285
5260
30059
13205
2292
693
27529
9138
1140
25323
12292
3882
24210
10559
24633
28983
27568
18015
8370
14471
2766
23573
3996
16356
19363
6928
15227
14868
15084
11751
29212
5374
18693
21851
31691
6159
32438
6621
5831
16860
29775
13904
18163
10505
16119
8207
19918
25705
18497
20530
24229
15974
17408
12813
25352
14244
14429
23290
25466
7393
19494
28505
26732
13344
20329
22740
26477
17670
12866
12776
4251
132
24049
2720
4189
2998
9263
27300
6484
12811
14531
13427
19086
679
26960
19949
17917
23813
1905
12820
2856
12513
14599
20499
27169
30037
8914
23424
8887
6978
8511
29150
1004
32497
897
14694
8106
7418
31971
23815
26289
3685
16477
2475
16596
4112
31333
20668
30053
6480
7431
5094
30702
17883
12856
24095
27937
5862
10344
19941
31762
20362
19798
29895
16292
28780
27432
20519
27713
5789
15291
16190
32207
16831
9784
6753
479
17770
31464
20354
21031
27086
8521
10233
21298
32665
27745
7045
2902
27419
2386
21645
9703
27303
15407
18860
13994
7229
24334
4205
20876
1639
22366
19795
19092
10337
30075
25885
12823
21884
29312
21319
24875
24516
93
18900
10845
21985
8233
32331
679
22587
12985
18432
13980
18786
30577
29588
32742
23980
27994
28607
3826
20000
19061
14157
23786
12946
32079
7271
23012
18192
27862
22804
19289
8317
27243
2304
28376
5244
2616
28795
13563
22672
21956
13508
10395
7297
3268
27016
22080
9217
26677
6054
18395
9103
5031
8501
26808
25756
20700
9928
26030
29932
31121
20976
23961
25920
21404
10499
30218
23346
27447
20508
10300
31328
26524
23395
23114
26828
3538
5775
6304
29315
26054
26025
943
4221
13725
8978
17894
22213
18249
7879
9693
3545
11354
8932
2259
31572
29719
8551
31066
7626
1998
28471
1617
24564
8552
12389
3603
1805
4160
22961
18926
24699
16438
27472
11735
29362
14079
18668
28763
13654
31679
21229
20185
5279
7385
9463
25071
17410
18437
7603
5682
9230
10404
5075
7458
16276
81
23632
27229
9226
11705
1526
4370
6449
5548
28195
5561
31734
8820
4812
2049
16534
19813
17856
30986
24582
26293
9521
8661
13458
3982
32112
19961
2500
6754
30712
24215
25479
17791
15278
31119
16524
995
25191
14580
23533
18513
26539
28350
12817
1700
29881
20671
19663
24420
11722
8409
6870
10647
25754
9581
22092
20185
21541
1558
16053
11695
18862
24728
10775
30233
24326
10771
12635
13414
10763
12413
31735
32332
1391
20558
28362
30264
22203
12925
16967
6371
30099
9900
17366
2342
6203
28064
18039
19983
26970
2035
1705
14132
11006
23821
1418
23367
2785
20048
7999
25835
3051
2707
24726
8646
10487
13778
24554
2008
5338
14627
7496
9483
15265
20204
11727
11531
26907
8020
13917
6487
14488
247
31080
3993
12783
12766
31785
563
14278
7342
1792
16154
11021
32287
1300
24807
26572
32432
1850
22059
32543
5274
28184
29443
21118
16898
32650
16621
29762
882
27460
218
29029
650
697
4997
26762
24819
10300
15362
4669
12181
14693
28826
7803
26122
30903
11734
2933
28242
14975
32730
22929
6344
22783
13812
16562
3156
13260
29813
19129
1763
15989
6336
30540
532
25189
9120
19670
4148
14347
7647
31438
1389
23352
11028
28989
16698
24264
16060
4474
11294
9092
10124
23608
15766
5703
25862
16579
7756
6496
31563
29063
14989
7480
14640
25042
22781
11317
9363
20699
2442
28125
240
1538
158
25919
9263
8793
12953
28302
3520
11108
17278
16400
29674
13085
7916
29238
15200
16699
19537
21261
3350
25012
21338
2261
32338
31873
17582
18414
32518
23201
15067
8188
605
31840
26512
9283
5524
9433
270
29523
22795
16058
9177
25066
3996
32327
31923
19734
14379
25762
20170
22426
25982
2121
10801
5779
18511
18144
26253
29019
8096
17457
13841
14510
847
23153
25772
14603
15594
24516
6016
19549
8900
25860
8343
11995
10569
20926
15057
6957
7822
382
16929
29136
17453
17997
15353
28603
15183
29815
17411
14403
30474
23442
12562
13884
10478
20667
1624
6241
23514
11811
1241
27894
12564
27595
28959
8363
29593
13707
24880
25796
30130
8793
9917
16503
27848
28872
10652
20885
16249
27855
18041
109
31212
25292
1480
10990
23649
17352
16125
2827
14348
24317
31744
23652
3619
21653
12507
1314
9526
9653
7094
17954
2239
1466
24838
13911
9978
20675
14337
3433
246
19311
15189
418
8428
4072
12825
15627
19153
19488
25860
11730
6951
13658
21469
13807
2072
21741
24370
32263
30917
4676
14925
28561
26332
7722
14692
6711
15976
9028
20496
2175
28654
24543
21504
18346
26805
3309
22511
9949
25957
13897
13011
29054
21204
26691
1880
10465
12572
22104
24460
292
11505
24385
12508
9559
25393
4656
23615
1760
701
6486
32433
15390
16520
11688
9699
12877
20973
30691
15665
13994
24902
717
18132
6871
12474
8894
13657
30848
24406
30304
31057
22591
1119
25779
5963
16317
5351
15444
23039
27419
18335
22526
29900
13712
27372
27729
10853
30035
24893
25298
19399
20155
14235
26164
9070
17060
2690
982
8392
31766
11503
1676
22506
8481
17850
28322
10626
11019
22310
11038
9996
2478
25783
30790
1865
5659
11075
1890
16109
6275
8012
21443
4504
25944
9613
18692
12040
21935
14803
7824
12429
7913
30734
3172
2749
19858
15272
15639
18280
26505
18709
8471
7119
31073
13740
1845
12048
4872
437
7780
9445
30630
6339
17597
16526
1224
11332
18375
13324
5310
7254
31222
28560
24641
25308
16753
1331
9050
13521
1048
29927
2431
19933
5318
29870
9470
6694
1491
2314
30111
12905
1246
436
17028
24137
9161
11920
19285
4327
13060
24801
5274
5042
4367
3258
21352
21377
4922
7861
15424
991
27568
23014
14644
3237
12467
21010
19275
30159
26921
22045
6951
17800
16984
24258
31973
1159
21230
21895
27461
23710
3908
18415
15883
1424
21219
23281
8101
29732
9032
4777
1549
32631
4068
16974
13041
28822
21351
14436
32530
12364
6718
31538
29930
1849
4698
10615
32401
9252
10292
21337
10977
23699
5390
24478
19929
23448
8827
20766
63
13037
18209
120
17033
579
190
7685
18174
10456
3945
4106
10009
13640
30235
306
2094
1957
25709
13115
29519
22985
28067
27119
25713
8683
12522
598
21707
881
22238
2602
17535
16901
2127
27531
1916
27371
16965
244
22947
10386
11073
9582
32297
29801
19910
5379
28220
6899
23576
12662
23273
17950
24900
32561
1597
465
864
28287
14250
28356
15124
17659
20397
6036
9306
15177
16046
7191
19585
8963
25384
9965
8568
10486
4873
24919
26185
1935
21596
22860
20708
15760
2341
3530
13598
7431
4748
5483
24825
18049
12094
4920
3622
25723
6417
28097
3272
15129
9703
31854
2939
24603
28628
7952
8341
12044
18563
29627
30892
19900
31701
7896
20056
21745
9676
22902
3897
29018
8104
14817
21052
4292
18511
27254
795
28560
11250
17077
26403
6757
20206
30360
24378
14370
8176
20515
2848
12311
21853
10045
12789
116
14833
3006
5116
22785
11430
21961
2462
19984
22487
4188
5042
14257
25509
29221
16635
4388
10138
22680
3314
27796
8076
31038
7110
20226
10180
15696
30626
2175
17504
31620
13102
23710
30710
1063
5464
3881
28026
13164
12884
10515
31074
32260
5601
2478
13831
11246
25295
6174
16207
13713
3006
10510
20873
30472
2344
27809
20376
11709
12450
30891
29780
29753
4446
17186
13101
12346
31221
8399
3090
9990
2915
7241
22161
11264
32083
14628
18495
7545
30622
30566
14938
9160
9486
11066
29357
26269
25447
31977
29620
11410
13480
9477
6145
6403
21902
14568
31966
31776
7514
7005
52
26944
2772
26012
21931
1913
8848
23676
30483
20589
624
17892
29699
12646
20074
12930
25791
17062
23179
4032
1119
2296
13884
5620
13870
30091
31941
26327
31313
6144
3855
28729
5545
14018
6830
26355
28922
16790
4638
28188
29516
21107
31309
16000
23441
12435
12634
25165
23945
2506
4765
22800
1507
22039
7143
14304
10661
6521
30731
6617
25805
30723
4765
29901
27704
20531
6393
9781
14020
20352
3207
19566
16818
13618
19006
16418
29774
14198
11111
16900
26321
16050
9124
12480
4230
27414
48
23345
8492
6260
11368
17109
2460
21585
8075
25215
30635
31292
22462
19788
18770
27230
1619
14808
15116
3667
20810
19890
21888
8248
19992
15629
24160
26629
6568
4792
20625
25373
12704
13392
8076
2596
29413
30388
18948
10513
24929
22201
32713
32132
7428
10783
24300
3929
10248
23748
3108
30589
25210
3608
10864
2304
24310
8913
30206
4204
29874
7904
1612
7510
12989
23459
31629
2610
6281
28252
6990
13932
14248
21218
8281
9908
8915
11926
16857
32665
20016
16281
13760
3673
17621
19516
12902
21495
22408
9912
13170
18063
10440
6432
1534
15591
14866
19859
24566
14406
24157
1718
1729
137
13799
15457
18724
18035
5939
28825
20579
16453
2386
20671
3241
29838
13155
30470
16553
10053
25942
24619
28806
7445
7669
26976
14320
10488
12836
27273
19345
14343
31079
16554
10663
20369
9126
23712
15858
12650
7213
10768
31952
6789
7671
25246
14759
20421
23852
8543
15491
27921
27112
19088
23296
10919
12350
7048
6251
3250
14717
30443
4388
12574
4785
16673
13638
12203
31853
24838
5770
16448
18376
14563
19817
7043
1190
11166
14721
18854
25913
557
8506
21379
31431
17744
29865
2540
12205
24448
14261
22332
8868
6946
22392
20274
18243
20737
28392
28928
28613
23291
16054
20382
9229
7931
23670
5220
27111
17959
23809
4056
25233
29786
32279
19653
24954
5076
4937
22925
24649
2352
14870
15295
29729
25495
6485
16876
10275
23860
12243
10167
24885
16359
30268
16428
12034
574
22591
6739
11842
12449
18669
21508
24636
30412
30306
3836
7049
23939
24744
15409
31258
4224
22488
12643
26749
16561
9602
15604
14939
30368
25935
11257
26694
26931
20709
30353
23217
11413
779
1654
26176
19828
30222
19409
23875
11373
16739
5203
23165
11716
23181
22657
10537
4441
23874
29519
28223
1751
7881
30705
30451
21039
4262
6638
20606
5189
13945
23414
3362
3048
13092
30197
23144
25352
12588
12520
19629
23587
10850
6896
988
29697
21186
22820
3453
19361
10907
172
10223
28275
31728
11916
19185
18632
18206
20925
6504
25222
25280
23426
8284
12832
21200
18937
1859
7109
6927
16624
5506
28888
4262
9467
12593
929
28429
27843
15134
9026
13356
7329
27669
5100
1984
8300
5983
22354
12801
30607
30345
22878
25986
26462
25191
21795
24664
10154
7511
1556
10366
15762
4810
31091
26488
30877
12289
5132
10551
17926
14869
8226
573
20055
17722
30634
24833
4409
12612
7863
3733
29579
20331
25142
8838
29617
5451
20187
28164
30767
303
5211
8770
27766
5006
10460
13856
8189
470
16553
20232
7060
1641
28203
12565
24822
29157
32277
31355
18589
25001
25566
11811
29146
16277
19060
20885
31012
28432
7471
8731
26801
19280
7427
9507
5955
23254
22011
6118
26949
23607
2274
583
10262
4130
23875
28926
25509
25759
28565
6901
4670
26005
4015
30194
25251
5775
17282
32375
29791
6591
25094
14055
27223
18500
23157
8681
2978
8104
31672
15377
26266
10413
20510
14526
10803
15177
24916
1598
10636
17391
30866
23865
15812
28176
12050
24396
31247
22498
25286
2292
26121
13152
25418
31406
12874
30866
27416
23900
6970
3342
14587
26091
28198
1215
24006
15411
25748
24549
4677
18718
18900
27229
10612
12301
7896
8227
29423
30583
12358
15125
8618
9427
21194
19961
2786
20409
14769
4290
20819
28740
7092
16911
20652
27834
6673
16885
23872
10863
7649
18942
11262
9702
8101
26225
30371
22074
3362
5332
12334
24508
16751
11184
23956
23006
17228
28564
26294
11344
15797
31068
29584
18280
26295
20915
10675
15303
18563
26071
24053
30010
8385
14749
3687
7390
18982
31412
14471
26248
25673
22829
24503
19811
11698
18747
22510
987
17460
4664
10414
6842
16254
20201
7222
9105
23020
17155
20216
21082
7075
10734
21325
25179
15324
25288
15720
16974
11392
7597
11144
19390
1014
28214
7794
2484
14648
26431
13855
21139
26157
9198
9906
14657
1075
25073
31149
6535
22266
4358
28515
17339
31129
31681
5297
2972
16859
28042
24809
15997
28122
31205
28687
17574
20432
18678
11592
29175
27689
3396
399
18894
15837
1725
23210
14891
5372
14074
7772
4626
17291
10949
24029
14129
3214
31960
23943
24259
2406
30184
17618
19892
31069
28130
2690
25606
12160
21109
28959
30579
4781
30416
10150
16724
25580
4269
25214
25537
16130
1678
173
18938
2372
29510
4428
26629
17066
700
19768
7577
27940
3052
22795
16443
32305
3118
25419
4263
3757
26555
29409
8049
15594
4973
31180
25836
29955
3014
22
4171
4973
15668
31495
20998
5583
16787
9370
9600
19988
5876
26413
24038
19390
13213
12668
31322
28541
6993
18128
1361
23808
22993
24436
825
16139
1698
11625
13408
4554
13841
6490
11793
26469
31605
19410
3840
23252
24756
22189
21223
9461
30472
4813
2418
2011
25859
1550
29785
1129
5585
25979
20683
3616
28094
1986
20499
12598
10231
23525
886
24296
16789
14387
16218
21521
5591
5495
14766
19962
4015
2671
26501
372
5249
7039
24068
2084
3111
12967
14975
14367
10808
21427
21983
6583
23690
24753
18247
28564
757
680
31223
1286
21594
2695
23152
13977
5348
24156
24280
26858
398
18118
28321
25018
5350
12461
28006
14145
2320
14128
27925
18884
15117
2527
19283
31594
21310
811
15900
6732
22307
794
5034
12491
2153
25152
10649
12326
13604
4330
24392
10572
23897
13980
1922
2030
20927
26046
7518
985
12230
14226
16483
15491
24281
25705
15344
13027
29408
11287
7643
5510
6154
8868
8281
4832
27593
13636
27422
9696
26398
31625
28613
4295
15894
10456
25969
31289
22677
12826
10165
24724
18514
31667
31921
22402
24611
9144
1662
17354
20603
15452
25549
2412
27952
2732
17354
24556
130
7549
28999
16622
20314
20642
6422
9475
13007
4194
20406
707
27374
28969
6707
17436
3771
28541
32327
9705
15731
27700
24005
13766
29972
14564
8503
25123
12831
18588
30150
20632
15517
22737
8795
28280
18016
9883
14340
28585
16011
1058
8601
12211
32341
25170
22175
10518
13065
8919
13676
30433
10577
17989
18572
5248
23989
19094
31588
20438
30303
19930
533
8588
2593
18730
30884
24488
22713
30686
32087
32353
22611
16128
19042
21297
15439
10496
4802
3629
22853
18856
9834
23954
2630
7763
8605
28576
31589
15962
11163
18091
32118
28624
2175
4975
18198
29807
616
2468
18156
8913
28119
25298
27438
8164
19800
871
614
19608
22629
30215
6518
15322
27015
12579
31449
17606
6078
23245
13101
1304
32547
32458
16110
26596
31948
27369
17797
1160
25072
9620
1409
27102
25163
12965
22052
10678
16836
6779
25121
14467
1358
26444
32676
30036
11020
3260
18835
28166
11704
28079
24083
13240
22341
29788
26191
21376
9923
28836
19317
18268
19844
12449
15616
29548
1917
1921
27709
862
21230
13973
8456
15401
19270
27813
3031
5630
11073
20359
30971
12923
14931
17391
18722
803
10569
26505
21279
13323
8750
28997
4846
11989
3947
27635
18930
18914
24115
32527
29826
30660
16414
14814
14500
2802
12308
5306
12824
25024
15981
7337
16281
3726
26710
32053
13663
20543
32375
23672
6376
28397
24275
15735
18936
20698
1519
23729
15583
23466
15158
15095
10746
30160
23708
19069
22140
15431
3458
29234
23150
16514
19673
23373
2037
25253
13963
15656
22484
7157
29718
6994
32561
19853
8314
10720
4764
26452
9046
19459
23117
31531
18254
24800
15277
4203
4015
21147
23577
19342
4438
7093
24802
15916
21198
13977
28824
29482
30648
11121
22920
2862
15216
12350
387
32085
32493
3880
737
20521
28137
18194
6854
24269
32578
6770
19620
32379
21665
96
24321
6193
15705
11245
5499
2726
24722
7605
19465
26755
21158
29624
22403
26320
6603
27493
20325
4012
26099
18936
9424
3394
32752
7942
10961
8440
13276
5462
29670
6889
15032
17907
10430
26006
26451
16767
15425
31192
6765
17354
8400
20250
16925
17828
25294
7108
26736
24815
19551
31226
5459
15096
30319
17543
1971
26887
27383
16404
2530
820
15483
25758
25917
22909
14040
23335
14604
32534
3388
939
14505
8192
10614
5973
5349
21725
112
15091
5287
26883
4089
5544
8406
18127
27080
16352
18297
32315
28606
7817
31261
6579
9580
32385
2935
13605
15061
1098
12363
2904
13429
17413
1933
28030
21634
5534
28101
22796
10609
31044
8120
8137
26044
8220
28740
22053
25827
27958
5516
31693
433
704
20821
4732
8640
12153
30896
5908
6719
20585
7898
4333
20979
31440
26464
11117
17532
604
17286
3545
19162
12190
7914
25962
19759
15039
16229
21924
16838
24175
23602
17123
7509
5919
12370
11063
6271
25200
3118
369
28317
4843
10879
15998
31166
3058
19563
7412
20460
31222
24816
13035
17842
23275
15238
24078
31195
27385
7680
13810
20091
18805
6580
30886
29492
27151
3035
9611
25778
9805
14651
14949
1400
824
19715
18099
13279
32597
16118
18748
347
31958
25803
3051
28417
7186
13012
29148
21318
6707
28639
27575
19722
2094
24666
1597
26581
28153
11450
18208
21856
11768
1821
19480
24663
15544
21549
24627
31837
223
23368
31597
5969
28515
16863
24704
4047
14331
22044
19709
29946
5587
27848
28572
29561
6276
22123
6352
5056
31043
12213
22943
11665
20568
4380
1201
13506
16083
25031
17831
17216
24698
20907
17070
1108
6661
16116
31827
25893
6030
2726
24473
11903
3907
8324
15944
27602
7262
13873
8585
17278
18007
1429
10928
9293
2135
1666
30297
27713
27889
27543
13750
27793
4621
26213
29223
28398
10532
30417
12043
8202
18355
18873
24023
859
7145
27355
22629
21533
22947
19954
21902
30614
29595
29473
3066
25757
29916
10901
30519
9309
3706
15207
29449
20567
11647
29119
8449
12710
11560
22591
19537
25991
31058
8351
16351
11032
13615
32660
17048
15968
14909
32759
11783
25744
889
4387
21286
3464
22736
21663
8564
11933
20182
28413
17479
15002
28346
24577
10852
23300
6778
9734
11213
20131
339
12446
16858
4413
14460
26233
1419
12453
19475
17032
26653
29429
23640
19553
23003
12823
6937
28646
21303
4234
15725
30753
29721
27490
13733
12659
11639
11665
18816
30446
10534
26726
22686
12031
25584
21843
26423
31568
11750
9459
16653
8172
1271
16203
18591
26021
32194
22865
18080
31667
11945
938
19879
7325
20775
5816
1576
31325
3427
8148
30371
13759
9221
13272
7195
25866
27208
19169
26314
28130
19536
2387
28435
13933
18879
6685
30392
29109
8323
32318
2637
2893
6641
30088
22253
30264
11800
25763
2091
25350
29007
23638
16971
8512
17
9730
3251
12294
23819
31087
16540
16887
30066
16331
20493
14417
16282
2032
30986
22873
10181
4070
14601
17918
16185
1961
5285
29369
24981
28972
1942
10167
17508
16797
12513
19514
9459
10219
3916
317
2144
7302
25109
20311
16884
7782
483
27617
13234
16718
17917
22875
32048
29010
18874
26380
3238
3991
9785
21481
17989
19546
29777
6328
13770
25139
10955
7541
32338
5787
11471
24053
31856
9133
7325
16841
20093
28457
18046
11109
14127
12990
14329
642
3693
31113
22345
15808
13410
5849
3855
12176
15057
31285
25157
6737
14504
1184
31859
20409
31703
17179
4645
24439
3426
12908
9628
6422
15285
28702
964
25893
7993
31945
3430
14741
19748
29587
8351
11618
11413
23287
13969
28534
8672
29381
2392
9418
1062
9066
22079
29134
4394
29298
4148
13067
21343
8267
5754
10502
11846
21324
17310
7016
1270
29685
26796
14173
12028
7801
2210
11578
12134
19833
26661
20834
25115
8723
17779
17514
4974
27931
19609
26235
13810
23976
7142
6648
10895
30931
27807
6497
20181
16059
13300
25720
17809
8397
20531
2210
11678
11586
5692
18575
15102
5096
21301
26397
26153
26662
5759
6522
9637
17466
22504
25737
26071
12742
20002
27016
13081
31627
2420
26095
18957
19572
9903
27291
560
16342
11876
3627
18098
18166
29780
7851
4485
1996
2856
5744
7348
6406
8290
22594
15862
16208
21652
30401
8323
4051
25551
2817
20774
7163
12895
24184
20627
2686
4533
27674
8188
16794
20901
31938
31711
1694
29138
25300
14626
13995
1894
6432
30817
31932
11014
18698
9095
10468
773
31720
27035
3287
15831
31660
11485
428
4297
9923
5906
31457
3824
15165
18460
19104
27743
23853
21197
31552
413
23635
31741
25103
9047
31992
28634
20303
8785
18458
24960
32638
1954
9929
18634
12763
24865
19665
12903
2085
12827
13977
22064
5030
23623
15947
26552
13168
5371
3125
21797
10215
15007
26224
26687
32639
7779
9151
32199
16583
5677
17849
18186
30119
27349
32299
18870
31717
30357
9144
4587
16110
1979
22978
19093
16084
23457
28558
12282
2195
17887
15010
4239
920
22463
28786
20496
14468
7154
17212
8399
29997
14977
17969
26445
29157
6406
23765
31751
23552
19227
14760
16274
27024
26387
12294
13546
23155
4840
23884
5640
2704
23925
27964
5810
31069
14309
32163
18839
27301
9068
25912
23451
1160
26421
25032
6512
3779
25243
29072
29542
14129
20379
23531
29572
32658
2441
11565
22999
14476
11267
10702
21258
11759
7716
31947
32055
26685
24057
9545
12029
10090
8249
26491
13523
31456
6192
17607
30875
6854
31741
16164
18299
26242
6397
27591
10728
11388
3207
6398
515
7973
29914
2908
25641
6969
11859
5654
24005
9025
28900
4781
7785
13403
25025
31693
14110
22589
27996
12150
25592
6264
32148
7257
5101
14074
24617
24197
8934
20439
29044
3906
31255
18505
24405
19517
2700
12021
6252
14822
22021
29039
15244
1303
31236
2817
7020
10230
28964
4264
10912
30236
32428
15968
25544
13303
30820
27041
520
15724
25256
32042
7608
32705
4794
25085
348
19131
19293
31147
19158
15619
1951
3537
11482
20430
26614
22755
25763
17853
30094
3112
14308
258
12258
30470
3842
1221
6282
13184
32640
9670
12627
31741
23227
11843
8341
3659
5335
31004
28609
16355
6137
18485
6202
10095
22454
23068
21094
32649
14540
748
23300
9926
8464
19569
8896
24819
17320
24972
7172
15774
32122
18649
6930
18393
21988
12944
31824
25402
30638
23977
1250
31270
13885
22596
12670
24911
29449
8007
26492
5244
30545
24905
15405
12425
5645
26799
18030
20142
10788
28948
11901
9476
17631
27631
28683
4164
8349
30831
658
27346
11209
4778
23528
21755
16394
15863
277
21115
22969
11928
6498
24899
25496
13981
14258
28025
27329
31236
19989
18111
20188
11813
32667
31416
17045
26702
17510
14536
12366
16298
5123
8988
22288
18023
2555
12523
13256
7703
14500
1531
2736
11095
7741
25446
9483
11439
28730
5534
5909
14522
12509
943
8762
26503
17158
17348
1926
11070
28748
22765
24157
7175
5452
32287
17260
15143
26689
8829
29663
29036
3542
31445
10452
19660
28728
19566
18192
16713
3182
21761
14065
28952
10733
29701
30884
16385
12391
31023
18584
13833
4069
15418
26675
30031
28437
25060
24259
18228
5093
29241
18103
1214
14928
9235
31503
24127
19832
482
14609
17969
14070
19369
2622
869
14446
14921
2692
11869
870
2050
24245
7670
856
25143
28472
1865
3589
10353
15103
21716
28173
7335
22200
30933
31677
26813
27720
16119
14376
7498
20085
24880
7801
3486
29922
25578
8071
11524
29761
32097
31658
20804
18116
3148
28366
32364
30932
25023
25285
8144
3590
25168
7138
21072
12875
17017
5059
9177
2919
25149
30318
27695
16036
3086
30112
8937
32455
6895
26209
22205
13891
19414
23772
10749
8621
15956
14958
30818
28272
26743
25085
2569
12738
496
1675
30651
19414
10865
18442
9329
2899
20313
4722
28695
9478
5267
29458
1937
21459
17595
22563
30204
13554
3203
28323
23350
13400
1366
4705
27552
7538
21307
1108
7458
9241
23035
23344
9584
31171
19846
25147
11660
17142
8595
23133
24205
259
7303
20855
11166
17392
4504
1014
32073
14518
1586
31912
8694
26541
18073
26318
10158
14148
11729
18034
805
1781
9403
2811
10232
30328
7296
12286
30259
11575
2098
24663
8470
13827
6577
20345
29465
17157
17868
15618
4909
28151
21417
22163
12101
18580
31591
27614
12309
20812
22529
10496
23065
8253
12406
19218
32730
24671
23591
762
10605
26878
18048
31367
21820
2926
21978
12222
13833
26874
14752
6766
4655
25885
25521
20491
10283
2037
12550
6584
15452
25844
1429
12454
13319
23001
24437
5277
24990
14814
9538
12504
26178
14643
13251
17174
19590
11436
28362
14574
16502
29111
22876
30563
2264
4752
30994
16568
9649
31416
2239
11398
14347
20387
15955
26123
5878
16816
10240
9413
13773
26975
25755
4927
16314
1215
15172
6188
3196
10533
22089
13746
21096
15651
9544
29448
14766
20152
10900
1091
13534
6597
14298
9325
17067
21184
24069
21976
31982
2476
5214
31921
6382
14665
23288
2008
15582
22152
23627
7151
20135
29761
21023
29874
8168
20264
12716
28806
6971
22014
25343
31316
22203
516
1951
17815
12227
5045
5233
4276
21496
1972
17113
24971
23433
22532
7458
28747
22709
23927
10784
13450
142
25961
31763
18581
20733
20397
9935
5892
22535
18632
24858
1682
78
29789
21846
6188
1755
7145
25952
11080
32282
13745
26039
23672
550
22520
5089
12863
583
27764
19466
3107
17338
14339
16879
2051
432
2715
16634
20907
20120
11135
14254
4262
6817
21945
4678
26707
891
22724
10393
15932
20830
12681
17217
15010
17742
12173
31740
14173
7325
31336
32082
4323
28081
2937
25977
3494
16904
28632
20597
20387
4472
26252
19843
1079
700
12030
17336
17973
5420
7086
2534
26167
6092
15653
13759
3377
4488
14635
26173
27980
32446
8761
3393
29937
2045
25393
31866
14371
5645
4941
14728
1043
26415
18005
23905
20718
2469
11542
756
1530
24437
6671
2317
17377
3947
15981
11129
10573
1885
13114
14186
17844
29618
8913
24349
11894
20517
9877
28857
27173
30151
11490
29819
9763
19011
31556
30224
27251
29798
8423
32066
16329
14815
27983
31191
31715
27203
16201
9910
10268
31572
16418
10316
13887
14978
24342
27182
30617
14258
8459
0
2642
19775
6272
3477
12541
26942
6592
31319
18541
31751
32603
29674
20426
12273
4822
1036
14053
20060
28066
15808
26313
30197
26187
17835
14483
1589
24050
14782
20099
25643
509
15381
850
31868
22029
9503
25542
9896
6704
8448
26245
19854
24921
15411
22055
307
27661
9076
8590
21951
7006
6877
1658
13256
4125
28751
19032
32211
19020
27923
30043
12056
23762
2753
17358
22406
2418
28513
16809
6407
22782
29905
17506
2565
968
16231
14085
8493
15962
10198
27783
3699
15975
31830
27736
9558
3073
23807
27959
15461
29451
14198
29258
9730
10482
9676
15982
9830
31384
13475
4556
2789
5777
21651
26029
18035
18322
31436
6799
14184
13094
13564
19575
31360
28835
13427
16778
28454
3165
5253
9943
20722
19225
24623
3960
2672
16837
6910
27097
9507
5478
20781
24407
31433
30545
29453
21005
3041
12702
32682
27882
8043
22490
17068
31239
4079
28668
10619
29496
27072
10138
29607
226
16002
26973
17030
23308
20970
26291
19487
16568
965
27075
13638
31091
6972
934
22281
5419
22358
27348
29515
24129
26814
7644
7343
12767
14535
7769
21944
12940
8621
22561
11054
2301
31774
2239
19907
10030
9720
15140
28406
16818
26197
11161
25912
29512
21189
10232
23373
16046
6618
16412
3830
25274
22250
23190
25293
13478
21264
417
18288
29868
22388
31833
16353
20690
29900
2087
1325
2568
25635
18048
3404
28528
25817
13007
31049
9213
15340
13487
11939
25151
14453
8798
8178
12925
24950
18286
2253
18181
12498
17342
8428
29376
32669
22185
2698
28169
1942
27261
13
23999
7666
29743
1257
20633
2908
31565
7618
9914
9529
24115
21457
6022
3120
9858
1928
18867
13290
462
22137
12707
6166
12951
6260
10737
17073
3451
14319
31306
1924
22185
27051
16510
6382
5017
1941
28630
23011
9467
4843
23209
4405
15597
8607
31274
25106
1392
15104
26756
11727
2845
26519
16681
17123
16404
30799
23398
32055
11062
18650
4924
15261
6036
335
5227
20125
22566
6936
23503
17528
29633
11531
25327
13927
19779
17111
10708
31524
7185
17314
4887
25259
18627
11248
17982
24386
541
7879
3145
16311
7745
4625
23175
24297
7204
6721
32686
27785
22847
6457
10027
13090
20359
21611
9911
32599
28574
13887
18987
3181
27467
16053
4501
6665
1064
26444
5515
3898
12954
32290
1471
20153
14598
15452
30164
8304
30530
7112
27760
21562
4682
12225
26771
490
17461
1364
20775
2702
26727
20129
728
16117
6151
23939
28709
20334
27316
12659
1975
26835
12147
7337
21746
8902
12780
17541
3787
9019
24535
302
2265
6967
25265
24697
15022
214
435
20492
20839
10899
24580
12995
32642
12228
27438
25938
32496
12900
3535
30252
31083
30229
31377
5284
19210
26725
9051
31570
21267
32337
12489
22969
18192
2824
3546
294
15397
29681
23529
22747
23200
26094
25311
23917
28626
28643
20902
12139
21022
9842
25313
30016
19279
13577
14810
5211
32046
31
3003
1421
29781
15546
26882
18610
23870
8501
15151
15251
3999
4928
19135
22539
25594
30504
24926
7529
1903
1113
23641
10518
16854
17185
17234
17016
25098
6070
14135
24085
17543
32379
19829
23548
10296
23935
11112
1377
17802
3910
30230
3463
23493
2765
27166
6627
10396
19656
12267
5502
32259
26158
16429
21403
27200
21495
27786
17818
9797
1061
24720
18460
15933
11265
12015
19304
10341
21415
16101
23309
15901
15044
11769
18633
19263
31391
31212
32426
10159
2390
1773
15475
3891
618
22028
17473
11141
22654
32753
14958
1191
21596
18382
15542
19319
1337
23186
29848
12931
1594
3680
10495
18718
15671
13887
4898
3252
30398
24083
31401
9306
859
716
23825
31401
14870
6877
9297
10701
1086
751
12478
28121
22117
8919
14892
4445
15020
24262
19542
2107
20545
10432
25216
11446
25637
18000
26202
21196
1843
7801
5672
9670
17758
9199
5664
1037
25146
12168
12563
19775
16062
24301
3152
22146
19528
19349
21190
31001
12513
11764
7016
28469
194
16623
3798
29453
12568
31124
4153
21552
10245
26376
28014
30490
3559
20160
23144
29446
17372
22772
15311
16900
9094
24913
1261
14155
27659
16367
11467
12240
96
7810
32407
12568
23240
11732
18761
27210
22935
20339
12935
19336
18748
1958
12485
10111
20350
19366
28848
4925
7174
11
10701
30787
542
15237
9821
3292
24504
8652
645
9901
30130
27354
26283
7052
5464
27223
16675
9366
18219
11093
17163
30587
20193
29757
9331
2589
12460
18185
29634
13402
7103
12724
29780
9253
24079
751
20584
22492
17750
14102
8762
4821
4446
12642
6252
59
23420
5472
14762
30744
5978
21666
2958
6834
4346
17588
8385
13851
3064
20817
21092
10756
26640
7895
10414
15826
28383
12537
14038
7412
12014
27060
28211
28019
2028
29828
11426
13514
19515
29143
2600
32505
7087
30402
10712
31701
23442
13555
4599
1698
28651
24295
20319
19427
6655
7261
26657
369
8217
8970
24942
25803
8839
18318
23736
29613
16869
6823
4116
4836
31390
26276
7651
5984
22959
8477
4017
25995
28334
9442
30813
6873
7947
18481
378
30112
16023
9004
26614
28459
4418
6793
11257
15370
6697
652
30736
9899
23504
28210
907
30767
28075
32432
29732
25462
2788
18203
737
9852
32344
6249
26683
21993
4067
18840
21375
1763
22237
20525
29045
19239
5604
15584
17984
13144
988
28822
24197
19350
9781
7567
7119
18003
8300
26849
8242
18786
7381
16421
7471
4433
12951
14192
2520
24313
27896
901
1076
25427
22491
25672
25061
7566
13702
4982
13320
24414
16809
2964
16989
27542
9628
15141
16808
25337
489
30752
18775
29517
12554
18337
19556
31922
10100
19935
6525
8498
5332
31326
9827
29337
10904
17510
10896
12935
11185
2995
19740
22723
10647
29038
27105
21458
4750
15708
12766
14281
29993
9046
10969
20319
7436
31993
21064
17222
27893
19358
26482
19388
6654
5772
8402
8285
11292
31085
20668
6715
26604
30463
15683
15408
1455
25612
12121
5491
22930
32412
32056
12906
20788
1385
5121
4031
27234
25491
17571
17334
1829
17557
22527
20926
17150
9336
11850
23622
11632
12359
28082
10449
3519
2754
1092
10829
5112
18774
269
1440
6961
15693
2175
17541
24850
23875
26647
10902
22164
25305
3389
24745
28169
28845
25452
27232
2653
21641
23954
6652
29595
14810
11962
30322
29874
24676
30184
18369
1658
11061
24900
15746
11250
7127
3195
25537
25548
3530
7779
23051
21291
17969
27102
200
3499
11212
5632
4300
7842
15142
4468
20776
14245
2832
21787
24390
10318
30029
14839
15669
829
14223
26184
6721
5213
8355
5620
2503
3176
7656
16940
7239
1454
15621
27725
3771
17938
30171
4100
1063
25173
20665
182
32114
9879
15567
13855
884
26650
10982
19513
14160
9290
16462
14943
15620
4346
13847
1458
13374
497
14468
29372
13170
18341
23228
31315
31017
27462
29379
1472
18332
27646
29097
13857
7809
24952
3073
15116
18213
10143
18069
31861
26299
30632
15192
7122
2803
4690
10908
4220
25807
24428
11397
25433
9651
9880
5822
19896
12987
17744
27242
16252
8784
1574
24158
4221
14334
32080
22925
24875
21120
3683
29123
28277
29
32607
17047
23785
11576
15596
12443
16156
8482
13283
27861
23372
15666
25616
19571
29764
12824
4151
18618
6528
8046
12116
15168
17042
20880
807
10843
14788
4526
30704
14809
6655
15391
12664
5105
25579
4344
26960
24186
28248
29406
605
4187
13789
2072
30101
15171
20414
29160
31747
7578
1043
3612
6673
4279
21287
30432
28678
10067
27167
13526
29646
4157
19164
22377
30714
4432
11042
26462
9223
11939
20217
26539
16867
20991
25171
22669
1197
1686
5616
28885
11452
7409
895
386
11492
19243
7430
14229
13556
7517
11139
12321
17795
19033
8404
4770
12525
16539
16596
9615
11672
32636
26055
4403
23932
4265
25592
17592
28386
13780
20640
12677
14955
7849
12298
20682
597
15108
20213
10072
14074
32097
19258
15287
25753
8596
4014
12914
11865
19386
18250
1206
31371
4975
2953
1307
13360
20289
21010
9922
17851
13413
23959
15008
12568
7849
13821
5913
26860
5290
27581
24017
20255
23623
10890
21439
31896
13141
24372
32643
13895
148
29900
505
13161
4322
27913
23822
6407
13487
22506
7378
20160
20913
28317
5839
4297
15577
21920
13210
25394
28805
18982
30375
19051
29431
16060
14433
27910
262
11052
18042
702
20755
5025
24192
13497
575
2829
14002
21258
3035
13512
2321
890
16673
2426
21690
19848
15649
25402
18802
10158
19197
5367
4483
27110
7769
4375
28103
18797
28686
25439
22530
16839
21278
531
8052
3843
21997
14942
13231
7488
17326
15347
4519
4464
6683
2037
1800
20316
1897
18197
16332
8425
1147
19194
21004
25241
24406
16101
15382
22868
18901
19349
2241
5481
16541
12904
3581
1744
24148
9156
31150
9906
28430
21685
8379
23082
22536
6103
17505
29262
10137
32119
16846
28009
24933
16117
24555
23947
23252
31084
12153
6212
15299
31637
12639
5036
30585
10985
14146
5286
20956
17414
12887
4710
17636
31316
25717
29489
23121
15080
10095
1636
19865
5801
16032
24504
2597
6065
26311
30660
22972
1526
6166
13764
22336
24361
11909
18072
31128
1502
27756
25872
19181
27630
2897
30566
8217
15385
20222
9740
25692
18160
20183
20392
19793
14067
26987
32350
2849
20470
5705
16973
18679
15817
2581
5468
4532
13847
24795
11318
27875
29071
17058
22675
18415
16450
13893
24762
32659
15692
5758
28739
7571
26039
23876
1570
7850
5788
14679
993
21699
13963
8729
16941
14700
3629
23967
20116
17543
5160
11528
13965
6978
12355
4877
953
11082
14795
26842
19816
1596
13621
13596
863
4445
5380
31068
21977
23946
494
27019
24267
15218
28218
16862
28780
24578
30828
11996
11509
11553
24868
31669
19365
29342
6212
31445
12041
15206
9553
23737
12410
31483
28444
26881
17639
12065
9889
19911
24277
18907
22831
31024
12707
30613
28105
12608
14867
5539
4557
24051
12294
27882
22739
14729
17799
1245
5080
23329
22283
8876
9116
20361
28919
18615
19016
13397
20067
19017
16468
2350
13598
18307
4264
11117
21234
9622
1
12265
41
22326
919
3852
2895
2379
2813
22317
29242
2025
8520
22809
11336
28546
10611
755
27112
32346
14850
23871
27996
6716
23526
24121
24765
24172
12449
1899
19775
17884
17322
382
6070
17826
2835
10833
9817
27562
23401
18760
5062
21928
21212
24039
4935
5201
32671
15519
27220
20171
17810
28135
9049
14946
18207
911
23993
14972
21857
22609
24338
15567
11148
28074
18883
9681
31113
23528
7339
24944
480
2179
24628
27652
20187
5808
9360
26498
17129
17972
13635
4338
2112
13430
9698
10787
9158
13273
7194
11165
12082
11592
31475
21207
32366
16403
21334
24746
13376
5113
15822
7174
2602
4486
395
27876
20367
29855
11436
9083
25622
27995
446
16311
12628
17172
24191
19687
26533
11710
32744
9654
602
22904
18283
13404
22298
18529
25978
789
13442
1709
3400
12498
21519
25848
5587
7727
9022
11481
11298
26278
10225
955
31435
31234
1045
28648
27321
27158
23682
13287
24876
16558
10018
29704
7937
29126
9302
23101
9524
15866
1941
11307
17059
6462
4951
1921
12053
27087
11313
14473
22394
13162
10049
24317
16245
699
22476
21787
7191
11544
8230
3323
3054
14447
2514
22561
4158
32637
10475
19791
11150
26177
20162
16540
18790
12977
20425
458
21336
23979
24752
21717
5949
28718
20173
22728
25281
16586
6081
20692
30754
9557
9305
931
16436
27872
10930
9450
23977
13801
31649
32062
1423
29907
16209
17448
16666
16019
25902
24699
31908
11179
19202
741
2034
26460
24414
20165
27577
16151
17212
1340
14432
17974
12002
26247
12808
25065
7690
15756
32202
20851
1855
18866
13375
1686
8842
31478
32070
25163
846
13372
6401
10679
2417
2018
31265
18267
28092
8859
21860
11403
28037
22651
19035
26401
22923
2126
2417
16242
3105
18734
6953
29313
2703
5717
11431
23667
21941
27951
1394
10051
11761
4531
2680
20919
20035
27892
29267
8851
25263
14835
3786
23564
15843
29880
20379
17279
4634
16289
25208
20835
12608
13049
5199
7549
6231
19148
22478
23378
18969
26362
5415
31458
15583
4491
10000
16787
24513
32578
10510
28524
31487
32373
31476
17539
28576
18460
7590
31417
6744
26407
19747
1956
23983
10773
31683
15053
5984
21186
4797
3100
1279
30848
7147
11920
23519
20586
14546
15155
6195
20469
2781
2126
18291
24008
28905
217
20994
1230
15878
4149
2061
23945
19836
30238
30134
8617
6157
5851
17010
7645
11898
7095
8111
30185
15689
30645
2747
28409
32196
9344
26081
13364
14405
11169
11477
18837
15281
20468
18514
8438
28227
27485
17665
1390
23435
21687
29085
20701
25526
25101
10325
8133
28687
23309
18289
30556
20678
28601
7481
4575
10224
1888
19218
17704
1488
31693
25579
14211
6741
5310
18903
22206
8163
22424
3835
17791
25431
32600
23979
13018
3397
12493
11216
20515
4227
16133
15757
22785
25068
5125
15138
25028
23902
4540
24080
24569
31749
32570
31102
8507
16348
22046
25051
9292
30832
1101
30661
2148
17640
30186
23081
1736
30530
31618
940
10911
15583
24710
22346
15105
12354
17919
24637
2898
14357
5501
18721
9678
22380
8272
20053
1124
21326
16123
12196
19400
20850
1254
25893
15556
21574
23635
7007
20431
14389
7827
15025
12000
5674
31866
32242
388
12112
19216
23636
16175
17949
2185
19086
31695
2190
11640
5946
25255
28596
7743
26235
21339
14447
20682
4324
21831
22906
31357
27029
21781
6823
23146
12199
24719
12652
29640
11979
21681
1695
19616
21293
12803
2430
1226
13471
2854
13298
22808
23795
16812
9237
26321
19880
1325
28401
17249
2250
18582
4235
15438
8467
8645
7456
21358
5462
18259
6062
19288
31518
8369
4534
22552
15506
7287
30784
18471
28059
16632
12833
14746
31817
11034
29561
12185
16499
28517
27263
7187
11934
4441
10625
12720
12832
1285
29222
4615
29318
28373
17911
11282
2098
5548
24605
24286
25673
15154
31852
13447
28620
20080
4001
18788
9732
11418
21736
13183
11812
25643
21666
32328
14378
11831
18532
3722
8454
4605
67
669
8702
26301
11599
25310
3921
10185
13661
13916
27162
20189
29706
20436
18808
10419
3324
26336
24300
22483
13163
20843
6658
31145
2784
29032
12084
8665
1341
10947
1547
8151
25086
30104
21127
17074
12990
24740
24001
3888
2301
6137
16847
7200
12576
17397
7400
2284
7865
21620
32712
17006
28169
3141
6998
2564
7876
24795
29061
29415
27667
581
3448
18872
26079
8033
1769
6748
12109
14924
21707
18442
1669
8476
13102
27554
31160
24274
8292
27713
28001
14474
13666
1554
22475
2805
23912
13159
21971
7177
12517
11272
31983
13559
30613
28362
3695
6238
5612
2404
28675
10430
27063
4735
3454
21295
23041
2572
2009
4691
7731
5082
21883
7561
128
16488
14263
6243
8064
22520
10647
22107
29467
23524
11224
1729
6313
12853
4661
23800
10839
12146
13801
2274
9677
29366
12655
5017
9742
18437
2444
29792
29855
1248
26511
29145
13803
4887
18648
9080
13542
7647
18327
10039
4593
5412
24790
24459
22782
31521
23482
19863
17140
12333
13829
23456
9813
12504
14816
11202
23326
31286
8408
16097
5614
2171
26662
2018
32363
9160
14899
16154
1249
28485
4443
2566
15149
28272
30705
19261
13530
29877
2436
11940
12937
13118
6497
17889
7318
22796
8793
18706
4344
31047
25541
20414
2153
11218
20423
5643
22216
7203
11986
8754
2747
31314
7276
24113
28824
623
16690
31168
15494
3609
28189
10373
8159
25676
32005
4235
19929
15227
6755
31985
13158
8671
23643
10463
26200
16398
19194
14014
4041
10703
15804
10153
21946
12589
12881
26398
2042
28618
160
16122
5194
31350
4109
18340
1470
29440
29175
10376
4966
27724
1413
15559
558
21670
2211
28716
24067
23126
14919
26723
20023
32373
29177
20069
2343
18943
20626
19511
11035
22825
28228
4820
29805
12532
10714
31848
13038
4866
32065
7870
23173
17320
31560
25084
4377
30278
23204
28558
12721
21459
12855
3424
2778
20412
19090
14672
23626
16111
10424
6371
22466
25906
13860
4406
10553
27834
10766
6968
18998
31737
6123
10263
9342
23991
18227
10744
18415
28516
14438
5355
14252
18861
31569
27678
4730
22349
14990
12113
6762
20006
8266
15497
24505
16016
30794
31241
4852
11505
13104
23678
16991
27022
12027
7546
1688
6816
26830
13859
25208
11435
31730
29229
23098
7435
4637
12037
1503
21199
10485
6991
8912
31179
20688
2707
26822
5097
18622
12595
9703
13504
7113
23713
26162
7016
9083
31694
10780
7820
5025
3046
28795
7872
29519
15674
6052
29461
10020
25726
22992
1003
28879
3124
26821
2055
2002
14952
27826
6118
12166
16030
27226
2896
28256
7177
21620
21808
19058
25597
19538
20898
12085
5287
21954
14926
24709
20476
562
13557
7917
32495
22295
12361
24869
13543
29583
770
18137
26480
14660
302
10412
20016
31892
31688
27005
32542
32752
24205
27881
6894
16002
24587
22289
7631
18963
30715
31133
10329
16427
4048
4609
21697
6778
8592
15614
27728
24182
14563
17260
4371
28742
2666
9272
12243
3295
5457
32681
20039
12141
808
18407
2441
26100
14830
23229
22727
22839
21615
26782
26683
3033
29905
19686
8285
5314
9577
15203
11607
22724
15315
26388
6841
1918
29249
1584
22382
24449
11027
22378
13807
32178
4776
3188
15542
15344
4980
15810
23286
25334
20563
19344
21897
13186
6429
20518
41
2743
3451
1883
5860
9663
25081
20312
19402
18614
31580
9886
23785
19651
21557
19275
18043
22920
24758
24472
25949
19901
25797
14247
7619
6935
28751
13436
23083
6511
30175
20553
30351
5408
12143
16366
27615
7345
17790
19904
20398
20916
27746
20873
31788
16621
27616
27089
29780
1463
17658
23132
22630
15524
27144
13300
32408
2404
15626
10601
1032
13288
18493
13781
27126
8390
25836
30756
4912
10464
17545
26580
13773
5185
4092
18170
5406
15431
4411
30086
6114
6407
6939
2503
3769
15853
9062
21042
16092
2467
17197
9311
1290
3380
4447
7508
9414
28274
2971
14086
6079
18837
323
22301
29072
22052
13522
15096
11177
21273
10095
25841
28045
32320
17090
28386
9535
6880
21766
26088
1014
19357
4959
4966
13080
17309
5742
22349
21862
4842
1315
30619
10356
4631
25043
2338
23133
12583
11659
21899
26548
11690
21923
25242
5566
29737
8086
32436
23774
12484
1809
30366
22352
21274
16969
22663
2074
2409
24722
26697
3648
30454
14126
10476
6200
10672
4194
8043
11165
4880
20687
12987
5416
2115
1792
19722
5339
3467
6464
8773
6783
28899
1454
16348
9809
30690
26771
18889
8697
9441
15602
2255
17851
22368
2913
11775
24049
19366
31512
28545
1209
15784
31048
25233
9195
13100
27310
14024
21326
12590
7015
13981
26379
24707
24838
12587
16993
26044
8932
12597
17051
28749
15543
9575
22079
17647
28518
24030
5257
18242
21532
747
26903
18103
1436
26900
10214
4781
29652
26204
7549
6618
5556
3269
28520
6381
27968
28178
24808
7281
4580
19665
20457
23029
13576
24217
32308
9322
21733
913
31462
32716
4503
5937
16417
6149
22643
15949
22785
7950
22938
22095
9170
22103
31694
27076
1152
18281
17029
19994
6990
28618
23100
20135
21451
25632
16142
2286
24579
11930
12677
24094
29682
27788
28080
7644
21822
28505
22646
20034
4901
25750
5929
13608
31411
18796
17759
1698
6969
11582
15613
23753
28412
1932
9364
23743
31786
9496
14321
11501
530
28743
32495
8335
1683
6345
26256
15475
22485
24188
28748
30973
22072
910
27561
25967
6794
10723
28172
4199
19581
8118
31951
22954
15704
24450
7571
4383
6892
18211
16600
1823
20170
19000
15051
29164
23987
9165
15966
19582
23376
19255
3742
4742
17955
12350
23106
32173
24510
642
30079
10268
21811
2071
26148
14402
19403
18291
30178
31185
9723
2186
16107
2058
5267
28983
26304
27963
18489
16606
31555
23430
22294
28496
9748
25315
10959
13038
10778
18536
2743
12818
24416
25289
5699
25514
8483
8219
17342
25382
25129
6365
14141
15253
23380
21560
1494
28170
2166
8582
14605
14149
26471
11026
9871
22671
11605
9758
28707
26598
26204
17451
16349
27482
13142
18804
5268
17335
6645
27836
12951
10852
6927
25673
3228
18059
824
17457
14585
7546
10646
4564
18199
25162
4337
12458
2339
26814
7946
3135
9734
16237
24110
9083
1944
13604
32010
22823
30992
19846
193
11693
2496
26869
23868
17951
2047
9142
26562
25723
10342
12367
22472
13614
11583
12596
18954
5590
8762
21923
31194
14668
98
15821
9400
19682
20048
27190
19492
745
4254
14942
18864
9847
7839
16033
26969
7271
12109
24924
32279
30112
12931
11089
9395
30363
19053
10061
10457
14367
31036
10504
16494
17743
22302
31564
4387
23271
25709
14681
13387
11203
19494
22409
11498
20129
10910
7984
1038
14631
11376
8646
32610
27688
6586
26440
9728
13603
8585
23515
1927
10508
31121
16563
31085
15439
9762
9267
16023
7187
32343
9557
19751
11451
16529
1613
9878
20915
19235
21097
30210
25193
19791
6972
26825
28825
1138
4347
30038
17358
22907
31271
1083
11814
29345
20076
12160
7765
3414
30922
3131
4844
13430
1266
12897
21212
9925
15347
30428
3893
408
29717
3038
21044
978
6149
31604
24445
32018
10547
12382
27045
15659
16761
286
16627
6101
22525
29007
24424
20642
19800
7480
30204
819
760
929
24363
23467
450
8677
6832
13156
29692
5705
13969
26081
30315
15500
18779
29188
1208
30912
25007
15233
1305
9304
3837
147
14125
20865
26512
22510
2599
22710
12235
19188
7726
25742
1714
24619
29956
28633
15276
10735
5606
27116
12678
11620
10420
30009
29372
13743
19538
29731
23284
26470
11342
22544
31180
10308
6595
26303
4821
12066
11133
27100
24287
20514
10589
31953
29304
22830
18175
27872
28079
4769
29083
24430
22814
14403
13609
12962
21543
32379
31945
19503
30845
30656
12897
19054
5862
28241
392
19376
12608
1574
16803
16338
21954
15142
19277
30738
16261
3994
15613
26912
24643
32482
29410
21369
14174
2150
13842
17904
6692
26320
26340
11917
20817
18297
9882
28059
12245
5664
17476
7933
1752
12514
28897
3521
6908
6246
32454
1528
32482
28761
12356
30916
30447
25626
22917
9906
19024
17334
22967
17482
9531
27926
12140
19685
28792
21879
11329
30655
16929
18203
3006
845
19366
10046
29054
19153
26899
22604
4752
23083
13718
3153
3612
29682
18748
7089
14666
15811
1019
13337
25183
1753
2549
29621
20266
23774
21755
17572
31390
25345
32592
3241
21952
8009
11184
1315
4036
12841
11921
20287
10610
11348
23721
6252
22479
30418
8880
25359
31226
340
19047
18296
9812
10949
4313
16661
4835
6177
29153
23526
23801
28042
19692
22065
29712
7577
18176
2679
11257
17138
3582
13734
14902
14363
24868
28048
8868
24974
725
23452
22365
24076
30621
4028
4060
4405
13936
32671
7010
15446
11826
1575
12953
6530
17533
30493
3191
11492
12702
6948
14950
16467
24032
10219
4002
15655
9230
2215
6114
22603
7475
2753
24890
17556
22948
17099
7488
24401
11072
15801
23918
2852
25847
21070
28359
11536
13193
9940
6333
32722
29584
16144
17235
12661
10433
9845
18559
32545
31343
2712
29906
17204
22864
23012
31578
10643
12932
14991
24776
32323
21459
28108
8654
18995
25911
29507
6347
12892
7066
190
26282
19724
2272
8741
25351
24959
11560
5548
22420
17840
11599
14411
2748
20078
21174
5743
23942
1458
14406
29935
187
6960
18609
26177
1355
17196
29178
16366
19437
30607
12855
1091
6150
20282
24982
5193
18892
24474
23966
15864
939
23677
31159
31400
16104
27172
22765
29128
4996
21913
5361
5074
14179
10051
22112
24958
30893
17335
16968
13111
14197
3793
24809
5323
8856
17668
25016
2406
15336
32494
24746
19393
26506
4911
4270
24215
2717
19068
28539
345
32028
6639
26253
23842
21254
22433
32106
32237
16572
7547
298
27654
7850
20041
17718
31166
20521
28944
24912
6499
4516
22178
4308
20335
29178
15727
5949
5376
31524
26526
19946
16008
19992
22365
16163
15046
13805
9589
29271
15861
30271
9761
19879
11587
22741
20512
12457
24196
16001
6665
11365
40
14152
16863
31908
15722
26051
13029
9835
29387
12741
32179
24514
1727
3647
5770
9401
15014
22112
19941
7597
2045
1536
14160
15048
24022
20798
29309
10439
21125
24424
2709
768
7581
11548
24524
26275
28187
22957
20280
19264
28896
25544
3299
17545
7013
6488
25631
4442
3754
16038
21017
7158
9839
12485
11953
20372
2215
1837
22409
26394
18730
30886
4444
6440
30122
1896
5010
17752
7656
14464
29201
1732
11303
23157
22869
20425
8673
7980
20675
29451
3258
3337
30522
15801
18354
2903
28140
1811
23710
3562
25964
22825
6617
9218
263
5861
12343
28275
1112
17227
27962
16643
32535
19968
25993
29460
27442
2313
9117
9091
28959
11222
11966
29647
18032
1919
32302
32382
23208
20557
11428
3260
17997
8316
32763
20294
12350
6207
6444
7814
7495
16133
24698
1535
24051
2555
492
7916
3745
11218
3584
32292
24026
4546
4766
14657
3298
12751
16459
18177
24205
3659
28575
16109
26708
4764
6905
15416
31144
11583
8305
26601
3463
19213
24590
28221
31308
6077
2618
25414
21451
10155
12914
23257
13213
28375
31298
14247
23481
10545
26737
30122
26436
6164
16505
29635
32171
14608
28217
161
15342
23020
23022
12004
18495
11755
14432
13442
17355
18511
11097
22890
3800
8220
18011
14696
4880
286
19346
23881
2076
3629
13576
28479
26229
14512
24088
3719
31863
20832
24869
1608
22968
5711
32140
27583
1175
25128
6614
26521
11800
24760
13875
11936
22511
27821
25380
28058
8410
31390
4215
11374
11060
13644
18552
27785
20936
12072
11110
1664
7907
19733
16164
2807
14765
20078
26417
10945
15800
5707
6362
27209
12506
6656
8110
9264
2872
6375
1587
7991
1444
352
30423
15200
8745
10005
10537
31312
8931
11907
12105
26360
25364
20918
14237
8308
18037
25171
5830
3123
13002
11484
11731
29529
18361
8496
180
3937
18652
25681
4337
18951
28181
12138
20636
13413
3618
8209
16772
31068
22385
24009
5291
20277
2869
14539
24058
11400
28345
9734
12340
17501
26356
15460
13609
3474
29279
5967
5676
22909
29955
17012
18630
15825
2774
4806
5036
21958
21575
4294
24559
7796
28952
22530
10867
29312
7532
4060
10658
26875
9505
24973
31585
7047
8543
3946
28483
6076
13425
4453
16637
32714
14292
23254
22299
7775
4238
11644
23025
29131
7617
7614
14035
29282
30080
11319
25481
6177
25569
6258
30205
25493
24660
20722
25655
28153
27955
9334
139
17567
5530
6267
1553
5009
32120
2305
18774
25463
14310
30098
24913
28347
22456
8065
23705
20972
28242
23920
22229
7008
27838
18452
627
32286
6907
9277
31389
11258
6551
11792
29032
6914
8576
10647
3663
14873
30231
23677
4321
22754
15750
21778
2998
18144
13139
8853
19367
28123
26934
25267
16190
27525
2600
18507
29292
28253
21437
32628
29306
22996
14771
4801
11842
30126
26571
13764
9887
11436
5591
6352
802
7784
25109
10755
24327
2176
9659
26500
25191
19190
30675
9994
31663
3031
21065
30366
19792
15899
3395
31393
9144
4045
9392
27920
1922
876
31780
8711
16361
14480
5347
13700
22915
10192
27196
18030
1324
21988
26648
25302
25407
16903
12242
2428
3853
5023
8009
25749
32391
19232
20020
8651
2622
31278
30134
2950
12686
18178
30259
18282
28437
16142
28513
24097
12650
15588
7842
28762
19468
25940
30609
15633
29849
32724
10970
23825
8257
11814
3920
22456
21881
18228
8505
29947
17908
22847
3052
28841
17615
5944
29087
29428
27916
13678
25978
29229
3137
31082
19440
25039
9617
279
5454
21183
8412
1319
1684
26834
31283
6833
1157
18832
1423
14367
5370
26680
6850
327
2683
21252
15789
7896
3600
26029
5812
9464
31573
1330
20335
19755
17101
18646
10146
1911
18040
13415
22128
9926
25768
26566
3019
11403
9488
26532
9775
30632
15390
25482
28816
23184
22667
7452
31889
23720
28464
21662
27894
10996
31003
24247
17500
31727
22498
18293
3111
27322
21559
9874
26557
3449
27325
2294
26610
19195
23322
4988
12994
13209
11598
17145
21318
24928
8515
28027
17889
9074
15524
26830
5307
30889
27379
31301
6256
7550
25558
29622
12553
12585
19378
8647
2859
13834
17019
28520
17806
29000
21707
25249
2737
28088
817
22158
29388
9728
21451
5800
16903
6652
8727
16197
22249
21344
8454
1891
23827
7583
17234
22433
6190
29964
32274
21134
23330
28991
6540
12838
32648
11963
1098
7834
29027
31694
23664
25168
8970
19640
9036
7979
32105
15119
20271
26892
8297
5217
12155
27033
1965
15388
22270
28989
26495
25771
126
6511
22026
25570
8597
23608
5321
9884
8128
17647
3647
1954
23474
7752
23529
3535
1774
16781
26737
21874
30612
27434
548
10484
28283
14447
29094
3259
897
12946
26852
16973
11295
2803
24139
1721
4161
27812
10296
4147
8532
1833
27823
3838
10144
13948
14671
13711
14808
27733
22405
3055
21231
16039
12545
4705
31278
16238
22630
30533
12676
424
2630
25660
7709
28577
14925
9869
7989
22132
188
14023
18223
19151
31769
25512
27361
19190
31525
9278
15155
16907
783
21836
7400
20620
1511
26095
12987
32285
23893
14209
19886
14472
23947
13502
14239
17410
5240
25637
3100
176
2367
31137
4984
10601
4071
11113
21534
28606
1364
20005
20006
6455
1910
31826
5414
480
32192
19687
15435
10244
1500
23865
18600
9529
6301
12828
7629
14492
31541
13387
6300
18014
20648
19466
19544
28800
24448
24585
5631
11482
24515
15244
31194
31842
25890
8137
32594
10155
14707
1169
32517
9388
15201
19507
5913
2499
5474
28318
14800
12794
24810
24517
2653
30344
2527
13640
31735
8603
1612
20304
26411
32340
13913
2234
2422
10771
123
12921
8979
2806
32232
24117
10002
3996
19278
15416
12714
7215
20932
4235
14544
18593
7169
860
11016
21557
3019
20643
28796
29250
947
6918
587
21556
22784
26105
3107
5331
8681
31529
19474
26824
13319
16155
9369
14428
26377
14608
5379
1668
28586
21037
3060
18715
26336
4056
18501
5742
20822
19813
15375
19453
15133
14578
9734
4736
15263
6031
21769
25385
30164
5283
18935
29225
26808
8331
11203
8821
9212
8835
16843
26314
13563
458
26725
13294
24561
18945
13243
26682
31079
28372
13530
19541
29682
29405
5381
4418
30237
30149
31567
28573
3236
28077
28777
19489
19683
4044
13496
1390
31629
11353
15530
20233
2977
427
18251
15781
2458
19103
17171
26785
18151
3130
29954
17617
22938
26255
5616
7297
17508
27875
23070
18615
23233
18704
5904
4025
13680
11815
31647
19663
19238
24153
3658
17738
387
18456
26061
20165
19013
32377
20469
10923
8380
4317
23218
15098
31614
1488
29550
29766
1627
32049
4253
12544
14483
15764
6549
18936
6983
12516
160
6177
21550
5197
17232
17300
18569
24408
17683
984
27737
9816
14343
13665
4559
31750
2064
26710
19716
5736
31783
19608
16362
15095
501
7935
25219
13824
22432
31719
6992
24907
2021
15083
15373
32251
27751
14320
13979
26037
10822
11622
7742
22276
23796
970
18696
24828
25412
14959
9621
12830
708
19839
6393
20092
21837
15676
30967
28958
13528
6796
30324
7331
6547
15541
3114
7979
7733
1125
17825
3445
7822
20469
29275
31045
9314
1262
6479
26377
5751
21197
16538
18107
24045
4867
23920
29705
30158
27200
88
436
6374
3825
4505
21558
469
22792
12783
20391
29026
32507
4995
7393
28434
9231
24346
18915
30714
7126
31117
18803
4049
1782
15737
5640
26697
11565
32055
31718
4767
14482
24847
20107
28529
13854
30120
3402
20689
32618
32451
15158
663
29114
25129
28225
11515
5691
16098
22949
17763
8073
1192
22403
377
24692
8092
13770
129
8196
3127
19035
7914
28347
26498
4715
10274
24857
20362
24872
23215
21350
10254
24991
29308
6827
6012
28637
11632
18178
20508
3412
32325
23311
31114
29825
24984
7375
20073
4044
2364
25488
16982
22448
20948
1857
17435
23579
13985
21740
28709
32024
14232
11393
18233
5803
26040
11221
15714
9212
2458
2794
13614
7608
6218
3441
15129
6069
27221
11661
5450
25045
26915
25562
31613
12332
9863
12462
2881
3685
4757
19103
19555
8801
17332
5701
22954
546
1268
19265
452
8424
7841
27261
29825
6041
3352
27062
20543
19558
6617
14392
9126
15788
2782
233
14229
29720
23595
19849
13659
24591
14247
28472
32043
9805
7978
20537
16586
8140
31959
4853
13963
4327
3500
8771
30845
23487
23127
5862
25571
12766
12875
5719
3300
2330
23828
3782
6788
22460
30183
29787
7891
23522
9598
25537
16228
29218
11811
19941
16897
16240
32266
4347
20893
12866
15331
8899
3978
7922
432
12298
17645
31587
14804
21875
18542
32231
21101
21879
27700
9056
15076
28587
2064
24742
24515
15681
29688
809
6342
14034
1720
1240
15668
18267
27876
22337
21103
4229
27665
27129
2250
17449
26180
28734
31388
14099
12715
10715
24979
4358
6283
13132
13898
15873
5498
8483
28189
1217
8142
27306
19260
26247
7253
26570
29438
11291
17991
26155
15992
17425
9336
6557
31055
22091
24274
27575
714
12479
2051
28349
1323
29050
12147
30663
14144
4581
20345
9248
23605
14152
27598
19949
30124
27788
29762
13327
23567
10565
16301
22858
12581
18928
13097
24230
24804
23928
27006
23829
9351
27648
28382
599
15328
6876
25811
29979
20718
20960
8821
17511
14770
17886
9440
26169
3135
3178
25573
2415
14609
7392
24320
16100
8095
25257
30346
15836
20787
17593
25904
18338
30202
18012
28068
28271
2135
9523
4242
17294
23165
6265
24278
12478
6717
5515
15340
216
18204
15784
9384
23473
20137
22773
20007
14658
17166
708
12549
4102
24548
27413
21712
17060
20812
20829
28605
4302
28987
7303
11930
3945
28437
13369
14596
27630
5502
32600
17882
32528
8813
11214
21490
29343
25985
9099
23306
32428
6297
21193
2305
494
9887
9109
24391
31076
21668
21131
17554
6972
306
225
24274
6388
28125
10151
18792
19647
18204
20556
31634
22058
24151
13925
29482
27135
19009
13994
30609
22889
24936
12097
2278
5210
17163
13632
20347
11050
25131
17261
8073
4993
18148
17992
25890
13430
31230
10571
3176
32248
20160
18800
14845
3949
32516
28916
26554
12698
19857
16474
14756
10179
8868
10420
7963
7187
22224
23326
5205
11070
8200
20875
6155
21348
21755
21700
10610
19001
31392
9133
25197
32355
20497
8138
513
18467
19612
8963
31497
3384
17431
25252
23339
23552
9589
936
7690
16865
1943
17463
16573
24807
30820
24173
10625
2222
16924
2141
14250
22147
6889
13654
4064
8390
29368
31845
30855
12690
21318
18458
23167
5281
1662
13199
14862
31849
30466
14503
15386
651
32520
5012
2972
18286
6503
32668
13137
13607
10481
12572
16307
27037
18948
12493
15655
3050
25180
31814
26232
4356
25387
4034
6020
13212
29036
15652
22581
9030
26740
29752
5043
11995
27338
24636
20440
28187
30008
32415
30949
11927
10274
4872
5491
10191
15127
7322
30380
14999
20134
12407
14522
16319
4211
23938
10112
10738
25994
32106
23432
32479
3826
5860
9021
27543
31878
13623
3163
30774
16896
22782
8611
7878
25175
26153
12499
18784
25931
13126
11477
31636
27453
7679
55
11020
13125
18659
25563
2923
18303
26217
3568
20859
17317
13617
19744
12680
27107
4494
25611
7431
31206
16450
14581
892
32311
22152
11707
6810
967
25432
13324
29099
28619
15846
29141
21554
26569
7532
2557
16335
32755
24105
23891
29028
9141
6057
22469
19830
27786
26696
7634
10198
23315
6642
11842
11904
9834
1068
19476
31683
5556
20312
17592
5026
6133
32052
26238
20603
3625
23205
15183
742
31632
16051
23451
18656
4169
15060
28050
24617
16930
8301
9367
30698
26543
32662
21745
17819
2457
798
28612
24868
24121
19918
31552
11330
9061
15602
23321
18733
19082
13334
32055
25720
11003
22030
16046
22072
11913
20281
7408
24168
11348
5382
1858
140
26081
16054
25708
17045
23148
23396
8373
21253
25727
26947
22542
23123
21955
21032
28814
31633
1303
4424
14622
18508
735
26178
24694
11188
26526
14688
22600
4348
28872
5401
30906
18692
24529
22747
30746
29494
20362
2312
2765
28078
29613
24639
16265
4253
30390
1500
27589
14575
27125
3522
15469
26155
31714
9560
16089
28571
26800
4561
30208
5294
22821
25521
20457
27802
9128
908
3939
31045
9116
31761
32246
24934
6892
9544
31257
5607
20967
5400
13733
26255
26959
30988
14474
18909
4780
15703
31681
23607
8934
9493
12418
23108
13075
14291
1974
6806
17294
10322
3503
19084
5449
6280
28183
29302
11620
24296
13350
1275
14078
12515
23320
32184
14155
22191
17119
21290
18406
19527
23829
16334
19305
29619
9780
9862
20540
15497
16137
5695
5546
25780
14950
12497
26426
13940
29464
31014
16956
26534
32280
19615
31138
32326
3334
2995
19473
24114
21714
13786
8248
25648
19645
31913
23393
12851
22912
4670
1605
4314
14538
14046
13349
2618
16624
18909
24598
8669
18656
25022
13469
19978
19544
12188
29051
5703
8277
12745
25546
31517
19405
31156
9289
2843
22688
2320
4085
18718
12493
2610
11993
18383
23521
26555
32038
7788
12470
1912
19078
6860
20313
11398
9134
21661
30540
17594
31282
1521
3566
9535
32414
19705
26935
31361
24770
15119
12968
28490
27213
21754
30338
20267
10142
26734
13111
10270
4822
23251
32030
12137
30002
21831
2666
28102
29336
29158
15197
30400
29551
20041
29369
12128
24756
10060
21112
26633
26186
25109
12476
19873
12178
9810
22793
30193
21052
28097
28082
2895
23389
11510
32145
23418
12993
31065
8699
19909
18562
20590
14579
1144
16601
25689
3998
11635
4661
4513
4344
17940
18826
25140
19652
22107
26860
16811
27337
26444
5212
18128
24123
14485
226
13917
28024
31089
23004
8967
25077
2252
4245
20155
29815
168
18969
12584
18822
4287
24392
18301
4638
27754
9002
4468
9385
20417
25474
24463
8746
24580
22438
22177
31675
27450
29069
19601
27705
19223
17706
25179
14910
28451
31224
32599
22095
21017
31447
4542
10583
24205
22550
14442
10068
1746
4049
14813
31313
5147
12413
27781
22932
28896
2497
29759
24856
29316
24455
31001
32062
26164
21332
15196
16063
25874
30676
10442
10981
13203
17082
22308
23547
12325
20679
2031
1538
5398
12327
6520
13221
4529
9476
2326
20335
32426
7254
27311
19772
12732
16632
31101
2029
13456
26369
9746
10080
25313
16721
17818
8864
13278
5482
18017
12888
13007
24962
3477
18318
27388
10454
25164
23181
19146
23104
2504
9763
16936
1292
30970
8973
8233
20488
16198
22448
29682
26330
3718
20490
29911
20886
1105
20967
13761
27280
6269
8536
10195
26223
21730
26977
12365
8835
14945
7410
21936
11609
30502
25624
18467
15756
21033
26997
18709
2781
28667
7150
13860
15750
21695
14499
15165
26572
18294
12580
28677
15828
31361
16866
25720
32695
7520
19683
24784
18904
15296
19642
23721
16246
3509
29623
29026
17277
7492
19291
19398
13218
25892
26638
24812
22958
19653
1300
27227
1818
9618
7358
28018
3805
3444
20701
21000
4482
23191
14204
19535
20349
29808
24527
7678
30143
15871
9062
29359
6280
30033
6054
23429
20605
11338
13178
11795
11770
16033
32070
19065
30377
26924
21789
3280
24916
26206
12083
28105
17399
13326
21141
5776
26650
26233
28695
27639
31069
11403
9614
21712
16981
26970
16704
16282
11158
1780
22937
11105
12561
26202
3360
14303
16801
4300
32425
231
15584
3655
25035
18692
831
1357
11156
14173
19542
2020
15228
11483
14200
12769
4248
29838
19083
31846
24336
21325
21270
27306
6611
15005
23964
29688
17545
8917
14121
20219
8650
20607
11562
568
4493
2304
32641
24028
13283
31356
14553
17080
9189
23284
24887
23178
24298
689
16082
9598
11262
1510
6437
244
6032
4497
12866
2948
22379
4002
27241
2623
10984
22111
16857
13112
2913
26375
11494
324
16616
32693
28236
29949
12089
1160
27587
26381
28398
1025
12500
20393
1778
23212
5098
10075
23096
14851
12716
17669
7597
5775
12938
23843
27243
16720
3734
1616
16431
12383
17302
26380
3085
15058
12631
28860
1890
19424
4164
19442
779
20806
13878
23023
29396
26856
7566
28518
19763
4540
25218
11395
4919
25572
10932
5676
5307
5146
11017
21639
17631
18001
16312
15036
12985
29593
19105
31740
31303
26436
19425
12738
16808
5959
26787
5976
5772
23523
21560
7838
16362
19076
20331
16903
22513
14313
12814
14308
16960
9605
13017
27365
21081
7717
24949
23516
13907
17876
1747
20677
31184
8443
24514
29956
13615
22221
26049
20205
15619
29410
6673
11913
26051
27170
1807
31127
12227
26341
27585
30930
28514
8281
17839
2674
17797
16675
11508
24053
31813
8521
13972
7455
7141
22351
20752
9792
19463
25760
20280
15285
21791
304
5441
19633
22055
19040
7191
15166
661
22818
16116
17278
31882
861
1842
26679
8012
19603
27230
2190
19958
18881
11917
787
6766
31878
26867
2558
22680
27016
19121
3256
29129
28180
12271
23198
3199
6404
9515
25345
23631
2790
22224
13937
11806
8538
7947
11579
1172
29116
9690
22320
22734
22275
18278
6312
21331
5865
13458
6343
4426
25165
468
25855
18922
13525
6212
28118
26673
22487
15602
16618
27865
3194
8829
9266
11400
8472
14561
30342
15943
30183
12177
31074
11829
13529
24006
26599
18556
16576
1302
32546
4229
8118
8776
23441
14440
25788
16487
20451
11431
23713
533
6400
2075
550
21794
4937
1070
32095
1117
21793
14667
12892
7082
21164
17299
8969
21077
28374
8146
10323
28582
7576
21681
18060
23990
31607
15405
8465
24192
32333
327
20778
5947
9035
9725
9265
26088
15935
9594
1271
13607
19987
1674
5219
16974
31382
29264
13660
2492
8064
9019
4073
19819
2224
16438
20375
27077
17335
30751
8476
27833
10906
29051
13113
8973
3028
25192
16101
4086
5019
25810
23207
742
23140
23274
7492
16293
15529
30676
21402
27811
24554
16544
19916
15245
2290
6524
1951
30
10075
13096
12324
10552
14932
27818
21656
20531
29346
32066
12936
21109
13797
31392
30008
10562
26397
3925
25158
29654
6252
30088
14731
26545
2590
2538
19522
6963
6886
2796
3948
24168
3434
22575
11635
5669
18178
17979
23309
19796
27581
23157
29539
28812
31654
843
8051
26597
21829
8370
3250
778
16744
28882
30454
27535
27683
13567
2452
4485
28437
8940
23493
17996
20717
30235
3151
31145
7725
13720
16481
19736
32558
487
2494
29028
28516
32571
30749
628
31204
12265
22992
21864
7971
21275
28581
27877
18433
7113
6154
1964
27142
21477
13684
32114
16619
16342
21505
24044
16732
22056
21084
1577
10492
8066
4577
8228
20394
21208
29185
16538
7683
481
6888
5913
19751
27084
23390
25690
21440
15407
7659
10960
9281
29760
14655
19841
8300
3143
8144
4373
26135
10067
12997
13100
22831
812
15379
3061
3837
18058
21478
28157
32424
32644
13634
14404
6908
26187
17898
20118
14697
14360
21889
27672
27215
15971
22511
1058
9849
22102
7942
9548
30183
3201
22374
4812
29648
8399
19613
2047
21479
1721
14483
23109
19678
13753
8742
27922
3112
24066
3857
11330
5892
21870
3346
173
15543
20664
22092
29436
32280
15595
5354
28859
3666
19738
2565
26543
20710
4178
7111
11113
30959
9165
3793
22811
11690
21864
28379
11691
22581
19031
27290
518
32407
32280
9959
25015
20481
11685
19741
28600
18004
750
22723
3463
226
5254
26731
30845
15481
3485
5593
20828
3230
4654
6504
16935
14870
13177
15530
13878
27307
2228
24655
22665
30252
16382
6472
19549
3254
15252
10540
21501
4658
3911
21978
23003
21279
29230
25696
4063
30354
30872
15131
6399
20858
10820
28448
28944
32553
18645
16603
1755
25360
23168
19446
15476
30666
19720
28284
16839
3933
17644
11071
32116
26812
27871
2935
30685
16016
22904
17323
31868
13111
21803
8149
25979
15885
10360
31425
17790
32235
12898
17590
25540
5358
25891
23896
15982
29050
31518
17613
1822
10366
30741
26655
19908
17657
19100
3297
19893
12477
8653
8214
4350
6771
19262
27726
24055
31967
11568
31506
8987
11109
12553
9602
21782
1996
12805
6205
29472
17731
17448
20097
9610
23713
26487
18580
10902
5617
31591
354
1420
19246
1686
26471
9226
18507
9913
23759
28060
27766
15573
732
29068
28830
10675
21641
9980
30515
11918
21613
29489
18733
17934
20961
27186
25679
2426
2405
32146
16045
30249
9280
3466
25452
10041
23399
4171
19657
22404
16800
17297
8028
16336
30951
7292
10910
9542
22289
27036
21162
11302
15791
23370
18240
17080
10549
26175
11279
14470
15196
13407
5684
21960
17604
6102
766
1824
4574
13414
11252
29063
32521
21247
23577
647
6139
5009
10862
20652
18019
28958
15801
24629
21452
19475
32133
8206
17093
28376
21610
13059
17215
16550
26510
22830
17974
6809
26476
3505
29844
29446
24020
11435
3410
21262
7475
13668
28384
19059
13589
31947
20423
21931
4072
25635
27277
27187
7683
26617
8408
7462
12775
7001
22999
6158
29124
25409
8158
20474
575
1622
16720
13009
20082
25814
30914
16101
4404
27854
24669
14539
923
7821
13444
29547
21696
13656
10679
24147
20162
18527
22968
20049
19726
30704
3052
13376
26589
31467
23811
13858
30974
8310
2524
24175
24021
6641
24994
21933
6820
8493
9020
23105
17161
20184
18916
27269
19400
13628
3349
21786
10699
4906
6059
9088
25191
13104
14918
4835
28897
19218
7407
3896
9521
28536
13310
25737
24581
28645
31802
6797
20489
12008
16963
11900
5222
19094
31021
7969
26760
10551
25710
32561
15653
15936
6394
475
25211
7042
6572
13728
10201
8864
4840
24933
5216
27334
31103
14279
7435
11928
4306
21678
31725
22121
7227
14629
3258
29358
16296
14697
21129
15026
21385
4415
2776
25483
12269
4747
29137
25420
13031
8735
7116
29820
1591
30417
2068
28103
26662
20176
20718
16884
31666
3896
7383
15383
25579
483
13582
19464
11933
9603
25938
30483
21039
17389
2285
16625
17099
17080
26865
8439
25280
25095
20418
22414
21028
23971
30164
14307
25021
9293
11190
14816
11554
6482
25936
26714
8221
5215
2665
32652
27476
5015
12396
20420
11304
21475
8555
14428
19422
17289
21604
20204
23036
769
15043
1726
26102
26628
1833
27778
7178
14053
20844
19011
10601
1572
15327
18330
11159
65
32211
23074
12052
30670
30557
6699
316
456
12890
20403
22892
2599
29873
19346
7526
5812
18392
24820
17655
11291
6554
4876
8407
2369
23063
19207
2256
11479
15116
10815
13602
22832
29780
19634
18215
2639
12719
4018
17715
4677
3523
12510
3518
20410
15968
22864
1477
13001
22024
26904
1645
1041
16047
5865
19946
8712
20927
14355
30623
10387
12639
17585
16262
14036
18165
27684
5331
18243
2793
19904
16340
19969
31149
10692
7964
4457
23034
7824
16352
28903
14428
17938
21921
3597
15344
18306
21771
3043
14444
12623
13854
22655
8545
12121
8587
13526
17085
29024
3425
28370
25236
21948
3304
421
12320
11343
22477
4188
9222
9657
19584
28343
13786
17098
29147
11320
2790
22589
15364
21882
551
31395
6292
24516
16793
26269
1529
29406
10421
14670
14873
1315
19511
3344
7223
32216
24356
20070
5659
20924
11532
23859
109
19936
2444
20009
11875
1209
22808
24707
23708
4468
5879
31735
1867
9609
31887
19174
27543
5267
11747
17623
14402
21087
3930
15651
12681
5955
10434
18929
19532
7857
14740
5989
1135
13323
25210
31509
29312
441
2062
23485
25754
22138
21221
16691
32393
21751
28876
8349
9518
16798
31569
14561
14629
25261
10118
4957
25766
9869
8961
31961
169
1122
16935
2745
21838
19168
25515
119
14715
20832
11601
10577
21959
16179
1528
31295
3735
23862
28887
4136
22918
9638
11783
24149
523
1590
17473
8486
8534
2143
22506
26884
19834
21496
29516
20886
17361
16390
9255
14648
4764
26069
4712
3241
1515
27208
29752
31491
23485
29037
824
9713
871
28756
22283
8732
27706
20770
18710
23526
10080
7521
17795
13403
24839
8858
11660
27236
29890
17702
12022
9278
8491
30017
13531
11563
7886
31328
21933
15208
7746
2245
25208
21086
29081
21840
31591
5404
25851
7064
19850
7429
2701
19002
24022
10438
32151
18801
1390
14220
24807
4071
801
25715
7280
31179
17971
5697
7735
5668
22112
22356
8816
24165
32030
27097
18147
3137
5155
27711
28053
448
7463
8683
12965
30611
1771
13358
31092
26021
17274
32628
21768
23026
5038
16574
20403
12700
11255
14162
21999
26683
5720
3760
18573
29045
30130
9417
31247
20688
3653
108
6994
25539
14196
3073
23408
4627
6856
26745
16100
22621
25656
27781
29167
24814
18344
9222
6715
7899
32687
25541
27583
8015
10653
17765
1250
1311
8893
8086
21987
25252
19159
20107
6008
26057
20473
24749
5301
2659
26487
31633
19504
18113
6193
3367
11363
26244
31252
7477
28497
1969
3812
21252
22893
28165
6200
858
24503
8329
3782
23207
31016
1382
7904
30595
8016
28665
20031
2392
16958
21802
12032
18268
13216
6650
17388
21443
19755
12380
31228
24370
22077
30278
23324
8310
27841
2823
24112
29814
30036
3803
30805
14950
22181
189
21353
16446
1058
11900
19917
21355
7121
27409
10089
18884
7035
32560
32753
5823
28944
2077
2663
16613
27207
14529
6626
19331
18309
12541
27533
26787
30208
24382
20978
1850
13604
8274
9593
4515
11062
4474
7723
28748
11575
18624
31420
9392
15883
26506
6345
4229
2266
15216
25182
15670
23223
24907
13499
14227
24447
7822
9304
21448
9732
25818
16934
28043
12139
13260
17944
30874
3539
19738
17122
30053
22072
28382
18177
7687
27030
2097
3835
24443
22865
7164
11496
29453
27348
17931
18737
11278
32376
5731
24728
19916
23976
14038
9080
32194
13380
3796
23118
9739
14658
22916
29561
23581
19099
25107
7742
8115
101
23117
5903
1547
31548
32618
2317
9554
29159
298
10443
21597
16953
24356
27733
4761
2356
12378
1137
11333
1653
2322
31524
28382
20172
29409
7032
475
4650
11017
1661
14235
30912
6917
6542
27292
23397
16225
2517
15085
23352
28879
22802
16358
7303
17272
1943
534
10480
28816
10135
20861
15558
32301
13729
19451
951
6489
23144
10249
2219
22117
31173
6055
23790
19329
13055
22421
14994
14730
13897
16070
9743
14115
5004
25106
21293
4615
26215
8235
20772
23198
885
10706
16897
19918
2766
23115
8523
4371
976
29710
24039
29906
26143
5567
19257
12522
13290
31584
11660
20365
2416
24518
26036
14926
17859
4681
32753
7546
12492
5312
10775
5548
17040
21933
21740
23452
28593
23220
1234
25144
7992
28498
5542
6902
11665
11211
30183
21608
8407
26724
7451
26385
29267
28883
16750
9335
4415
3060
4253
15481
719
11197
28690
3299
17266
22900
2129
3904
19797
12831
8082
22767
26664
1853
1967
24953
9766
30643
9025
802
12879
5385
17926
27070
21496
26838
29831
25542
19334
28281
18167
18859
27767
21770
29533
28522
6306
7569
17142
21601
191
26997
30420
1377
20009
3383
24524
25860
6627
15199
11663
20033
21721
23479
14615
17725
1385
25272
20037
10852
32290
15682
14536
9145
29132
9360
6208
12394
2216
28266
16291
6824
23289
11676
9184
15285
29890
13992
7619
17983
18130
23736
793
2796
10494
31446
23316
27446
20910
7519
12785
28281
26267
24501
20439
11594
2774
21045
22275
1803
3597
31849
3362
21948
8458
20350
21502
5140
13180
7416
5469
10705
24314
26020
9766
21068
837
5326
25798
20816
30669
31669
5842
27180
30327
8508
18926
19719
9118
14818
15341
28276
22360
23540
3642
32071
3066
17410
18550
27302
5598
15759
28258
14435
2147
1036
11520
393
27702
12296
25333
28980
10960
1185
2098
7078
21312
12606
14547
28056
7211
23424
26439
9678
18193
1397
31154
3310
18641
9231
22159
24466
23408
31189
9370
7836
23830
2521
16877
14794
8281
14058
13929
18570
4542
25354
9559
17679
22141
8995
591
32164
18565
23285
3417
12352
29632
21843
23123
1115
30872
11407
26515
22273
30650
5939
1997
3365
27418
27889
9014
24631
4151
30685
5097
22777
18336
26074
8586
27790
3511
28242
24618
28627
28853
43
30315
21747
10222
3062
3813
26422
12375
15977
30920
31002
4677
16143
15298
14501
13431
18238
8995
7673
24663
9546
1087
10281
23421
32760
17427
23627
14965
28213
24620
15055
20674
14088
32453
7951
25122
19910
18992
15654
30996
24197
7031
12806
1688
32466
14402
22981
12086
22183
10235
24632
26945
21911
25649
16323
20573
18508
26682
8815
21055
25139
25629
22845
6324
3958
5807
23995
21733
9003
4859
4564
20441
13771
29927
12780
25659
18405
18709
11565
17758
32019
11272
22555
14206
814
25736
11631
7497
31166
32071
4386
32413
28084
8644
18888
27796
15708
17008
9247
26302
30861
17424
29928
9645
4387
15970
27893
28343
28590
3587
29572
21751
16492
15760
31435
2965
3189
2571
724
11591
29494
1665
16011
7448
6176
8938
3862
25705
6305
6737
18788
12853
7764
3125
31241
24473
24949
17710
6985
7571
12183
31444
29042
12298
19097
32476
368
23054
13270
11652
21915
24418
14236
6962
1235
16183
19680
17751
12239
3131
7471
19098
26802
1490
18664
28211
14559
22179
15273
27284
14607
7255
9479
22351
28577
7325
27010
9780
26929
19314
8119
31673
16235
1695
28120
26272
545
10883
23386
15059
13980
25618
27373
5011
24880
25630
4273
16593
19731
22486
22695
9180
1648
19084
20838
16189
15030
21691
3855
32223
29494
15432
23170
30068
24045
27144
24786
10259
6302
22659
30455
2342
12837
24567
17859
18819
22023
928
29208
11993
22093
9271
5463
31310
1939
15289
6683
8806
9052
1641
20776
25639
9384
15640
21150
28539
21193
17572
32627
13013
28274
30399
14111
2583
13585
26609
5529
21684
11870
20192
19843
14097
30772
28880
29345
2866
1185
14182
18576
17554
32313
21425
27061
19282
18095
4715
23155
4758
17318
17787
23713
28205
28100
26303
5947
27504
22024
22537
26199
12652
5470
25703
26459
11331
23153
26280
5486
1999
2497
14619
2604
15753
9205
21146
13982
14761
26226
13511
10345
23439
23084
3990
12101
21858
17596
15884
30385
12023
12212
70
26598
28660
31279
5820
26633
13621
10412
8903
18084
13678
26396
28769
28759
30994
28985
3372
14795
18804
21786
20663
22248
6957
17412
14844
21064
30653
25988
17965
6379
10869
24762
9392
28204
13460
4088
27752
23539
19632
4748
13878
29485
27991
12505
16575
28793
14071
18093
368
6436
10491
10190
18112
25688
30263
13014
20405
17552
30854
1601
31914
9551
1969
3013
32079
28946
14227
19938
8177
13187
16763
19385
9724
11247
7378
16161
16830
25594
2814
2296
8557
7826
6789
14263
11116
13089
25974
23625
20426
10503
3845
8478
4876
10055
17525
22395
13868
3200
17723
28436
8161
17184
13920
3036
27425
9684
17703
11804
16100
2115
23792
8386
21292
14331
29788
8700
18242
2475
13746
31238
11586
18068
1665
29761
28377
3642
12935
28292
28494
95
15826
29366
3775
17201
8741
3741
29358
14787
31645
24049
14268
32442
26772
31413
28851
30537
8390
18375
5834
4703
1970
18869
20261
2078
15940
466
10652
11664
30640
32649
15549
12437
5537
7154
17172
20512
20371
5027
7594
25763
27005
29385
24523
19656
15796
1911
18444
4706
7692
20029
19085
23459
20544
3325
4220
31887
10644
4090
4314
15536
3512
15666
9858
9484
21744
29166
18279
27220
23922
24215
16669
18270
19471
21707
7835
23509
16406
15280
6975
25392
32374
7816
18194
22496
22562
2438
16462
22222
20410
10464
9757
22276
16999
24102
10404
2474
6151
16338
23104
30261
16010
14112
9743
9947
29851
12320
4019
31050
10115
4105
8274
26521
26699
26064
9441
23935
15393
2297
8611
28099
19454
6830
7916
31731
14213
7438
13099
11865
3885
5319
28199
15403
14754
26855
2441
27650
18537
29935
667
22157
32707
297
335
16775
5589
5436
12419
9958
27909
22782
27523
15446
19879
30601
25808
3813
25305
14481
10784
1792
32427
17397
10661
26782
27012
17299
7314
9147
16577
22369
31452
2312
10398
4026
23613
14049
21850
25077
27263
21119
12182
19260
18679
24943
6143
5531
5456
22338
3628
29528
25994
11143
16073
25731
26433
3062
15606
6861
1075
32494
27370
20382
12285
2594
21980
16481
17189
12687
2339
17699
1885
25265
7324
13660
22790
8182
588
3852
500
115
22342
5130
12657
22485
15311
20889
13700
6811
30401
17981
22899
21123
26669
6605
3462
14146
3908
7112
15374
16248
10104
31724
28582
15843
8414
28933
11961
24275
30679
16900
12356
6622
12271
25936
19933
27604
30213
10849
22261
27894
11693
8586
10586
5986
28114
13846
13055
20946
12448
11927
16640
4742
15008
1915
16353
11903
32037
23520
20759
10478
30696
20650
22985
5868
24047
13778
28375
27499
435
20992
16924
16237
19585
3165
29936
27252
17697
26786
29681
32569
27062
2422
16388
160
24805
11510
18582
25324
17977
22421
15144
11567
5574
8486
27658
20229
31501
22583
15462
32386
1824
28577
8577
12905
4615
27229
12606
3231
19297
14745
22500
18655
15950
16651
6944
942
19597
30086
3662
28050
25826
18891
23540
15999
30907
23969
2191
32146
29970
9000
21139
28930
17045
28266
21421
19027
4357
9011
18251
25292
29148
29987
6750
7212
1586
28161
10334
14745
17377
11858
18831
17625
5608
7210
5764
21444
23565
29763
1249
16889
3527
29004
16741
13009
1114
32131
27431
28561
12356
8838
5151
30180
15832
11110
10985
19080
27945
11518
12742
25671
8489
26755
26340
17193
27154
15452
16863
2024
3845
5939
27271
8100
23281
8524
3300
22488
12471
4117
11895
28301
10892
22527
26819
29389
18590
12429
11532
2395
29434
7850
30047
27041
21165
31040
1746
9962
17961
7174
10509
6609
29931
15514
30473
32249
18011
5583
11544
6143
16372
23880
6182
30637
3748
14150
2622
10865
16246
7358
30800
29197
27502
26543
9521
21391
23220
31154
32227
4740
25334
12499
2839
27753
1287
7839
7152
10338
3532
13694
3594
20271
15960
24643
22203
8027
16214
14338
12696
4534
25511
19489
6203
518
32333
12466
26436
20474
20360
18176
21662
3167
19774
29800
6916
1686
19104
15211
32451
20038
17163
27393
4033
32078
19500
22575
19646
24062
29544
21979
3034
16774
2683
24288
19543
6830
10079
9822
21921
12488
23407
595
18315
32483
26060
25712
32732
4930
25856
21797
30986
781
19425
9471
1605
17989
7608
18483
4279
4093
13731
4219
14859
30408
7480
14624
2092
366
13931
31064
32335
27619
15538
4307
18227
14457
24935
657
21671
24916
1901
29174
6222
15902
25110
22048
14751
29181
31556
30584
27951
30146
25807
27527
20787
4708
6439
780
29504
24492
20283
24139
25430
6961
17817
7079
30749
27527
18646
21619
10350
25524
31024
23558
7701
23267
4978
29965
26070
27741
16664
28966
24750
13236
13236
28330
23130
6465
3984
10441
26910
17105
27029
3549
31423
31900
23659
4088
13009
11895
30946
25535
32313
12618
5521
8572
32746
6339
16829
31854
15090
17740
24444
1124
7610
21051
10521
9610
21129
13385
9659
23170
31051
7238
20802
17590
11921
29195
31602
7917
984
31663
8787
15901
19726
1278
19415
5248
26450
6950
8894
27370
23804
12468
23223
17498
2781
15807
8136
8143
10952
12387
5359
3165
26448
16754
9738
17279
23764
357
12532
15791
11193
12697
18929
30004
32759
15800
8012
19260
12759
26996
16446
17194
25595
1660
19218
2097
17054
18088
18055
28962
18461
32375
10870
30338
10934
27580
23476
20192
22416
21652
7994
9573
7932
4763
18563
7853
30203
24160
10038
8149
28928
28438
30725
3030
23543
17036
23765
27409
4997
8543
8223
12587
914
13166
18326
5402
28421
14478
14858
12160
25806
14719
31884
21304
1578
17695
19155
21551
546
3550
3806
12406
27221
31602
31707
20373
17656
1228
20552
19489
27
26186
856
31633
10798
2094
24984
10317
5059
10575
23762
12808
16022
8718
4913
2128
15818
21388
20903
13155
27509
5914
5516
24389
5983
16881
20872
7439
4871
4388
31154
20106
16103
4562
6905
28668
31993
22944
452
13378
11386
9062
13269
10015
4846
9257
16755
18900
22116
11338
12744
24049
27899
26876
3720
21098
9637
23035
21203
1773
11819
20348
16733
22899
14962
1119
26060
12822
12540
10412
17761
290
177
28733
731
25454
992
31160
31128
24813
5249
8641
5118
31104
13757
5741
24857
29710
30384
16121
11653
9175
29293
19388
9103
6149
4418
602
13975
27012
28478
6715
23993
6932
3057
15675
25004
16285
10099
163
16873
23234
28840
27225
29968
12216
26817
22099
2184
29273
8198
20561
25446
3700
12243
13772
12433
31080
5601
13353
13347
16881
21703
30515
4114
21057
32193
7112
15375
6227
1967
15058
13486
2172
5985
8314
9672
11843
7441
920
5150
16242
27441
20845
19006
25965
10856
24980
3243
12483
20183
9782
22840
27395
29344
11390
13749
15057
14761
332
20941
20024
8861
20014
47
32578
26932
17036
19180
9926
23989
7458
10016
4482
21945
27059
3029
19305
6705
18172
28708
13630
30378
18664
29853
6242
19920
19202
15338
11499
22321
18223
13998
17909
27204
1181
26291
6205
31402
13047
23877
20204
10675
17883
30937
25264
4388
9357
9715
26385
11064
493
10054
16899
31716
28838
10524
439
24415
1961
9208
17591
8674
10970
21114
26674
17581
19464
16004
28820
5194
14371
10651
24666
29717
17577
21648
28965
764
29026
27231
25357
32132
21069
4695
22071
268
21978
28027
25258
5206
15193
809
25182
6467
19891
24825
8598
3038
13912
29160
26992
12956
31864
20662
6331
9187
1142
6540
16136
17608
9114
32482
28164
9501
7174
9632
13573
23723
5355
3203
31458
19900
25340
707
10760
28893
13603
29171
25290
3553
31091
32552
10233
1577
3679
18269
14773
5155
5161
15126
4738
9233
29341
23876
15007
10764
26366
26985
26003
6472
11841
9468
3592
24729
8057
24591
988
4150
19091
26927
8310
3262
28483
30860
5462
29560
24638
22106
2288
5087
9898
16502
30139
8798
31186
21325
32645
2136
24351
31226
13065
30059
1604
10670
25539
5622
13752
27733
7171
4824
23401
32374
21313
15995
5551
1115
24240
4882
18558
6771
20501
26142
4833
17652
14042
30007
14499
708
30558
12297
21583
1946
11408
25501
25948
24929
18364
10970
3745
3293
25253
18507
6415
15760
30675
19746
3742
23775
29998
12669
392
1137
23756
16873
21430
30680
26632
1572
4727
24947
24788
1320
14968
22162
9552
2660
30705
26332
2459
20557
14108
15086
3048
13333
6379
1605
3797
22202
8186
20574
3577
20291
10691
22811
188
21063
2065
7273
24428
29358
20151
14624
32397
24507
10625
16171
13424
17483
20075
10472
32007
11095
24593
977
4087
3520
21607
3165
7407
27980
13226
16673
8760
8427
17302
12603
4494
13888
29402
2544
14127
3164
6345
10132
5937
3021
23890
11690
13592
8151
23858
27213
31144
21761
24168
2255
11000
16596
10473
22431
10952
5855
22422
9584
28436
3838
13675
31127
26858
220
31481
11189
19832
22711
22
7831
30057
18787
13779
8794
18034
24466
31918
16851
23335
23122
11017
32558
23828
27863
22491
17364
17673
19835
15782
1939
30133
13827
18857
29433
25718
14628
11094
256
17520
4422
30726
25585
26589
19591
14060
12674
19363
31235
26951
6721
300
15443
25308
12342
27250
25939
1700
196
31833
32552
15298
1489
31554
26242
11959
12839
26077
23071
13017
7449
574
9105
22530
4457
16692
15680
2181
873
27606
6578
17254
12897
20318
28682
18122
31025
23355
12751
16044
4663
25953
3567
19410
21107
2276
9476
30463
8169
21189
21205
25707
10055
12556
12576
23408
5320
22550
14231
30342
21592
4657
7464
3953
7417
11622
24193
15289
19301
31638
3540
27995
20469
6345
20439
3006
13249
27586
10768
6376
30985
5335
1615
14066
23252
16127
3964
8633
12246
1837
19346
28887
29847
28124
5868
13778
16594
1771
25792
19090
11291
23468
26857
25625
26053
13112
3817
15726
1027
13573
25134
28378
20045
6586
19348
17751
1798
24129
18476
11846
30811
11550
32060
2912
18542
29184
19846
751
22708
19350
21453
8254
13467
20388
26262
22606
21361
21846
2348
18122
12673
14804
28134
14141
1151
21270
28076
20099
3878
1274
6328
26750
22559
11412
17562
32266
18469
21957
15231
10034
29543
28431
28850
3492
4653
28583
24163
25442
27839
9164
28840
12731
16003
4952
8641
5242
21605
13973
11168
13661
27259
27985
29353
7112
3305
27701
3510
9403
3
5202
3934
14082
29618
26877
29815
1963
1561
6109
23513
701
22904
18242
27493
11303
16720
7864
1606
3319
19144
15837
14455
204
9295
5487
31621
30606
10371
22185
14487
32604
4177
27856
11179
10950
4190
13577
3106
10045
26022
26733
7807
6087
5476
27743
4972
2040
25649
32029
22526
2845
18543
26262
15161
23482
23528
16252
3287
3895
4275
23193
6469
12758
11608
25190
9967
24296
21555
21210
22717
10561
6686
17792
6621
26601
28746
17356
30404
15124
25966
5039
1903
23892
548
12905
20207
5390
17551
29087
13348
23083
32578
27309
30665
1039
8029
15421
19376
5071
7673
17945
28495
28318
8391
22333
30076
7305
3571
561
6005
24421
5967
2965
14627
13829
173
9981
672
8112
9612
30208
13046
13265
504
32140
4138
25073
17067
1404
6265
28131
8312
5741
22753
31806
2794
2509
3299
17169
26152
24628
27528
13009
24603
20984
17826
11158
8403
19964
22868
4743
23079
23240
32468
23443
31388
3551
4720
23395
1929
3404
16335
30092
25208
20351
4730
31496
32206
3415
28570
19687
17583
6784
23812
5954
14876
6143
14706
14449
4958
13579
18963
10365
20904
29215
16711
29912
7928
6733
8867
9292
29246
26325
10300
5938
16064
246
3362
14308
12989
22020
24874
3957
18768
29115
18929
4767
13208
21203
21789
15100
23830
28116
16358
16505
3926
21036
22486
1801
30930
9599
22732
5270
6931
26942
27719
9021
25625
15995
11745
9146
30461
7164
22810
17441
26581
10894
1111
20176
28376
15259
3371
30113
22211
3583
6612
23908
10875
21784
21513
32140
26099
13852
16627
10280
11856
12208
23161
19989
21835
8118
19904
21362
11223
23398
754
2133
26628
3488
21055
6588
8740
20352
2594
3783
11564
12084
10982
9764
20061
6410
31592
10186
6179
22221
23326
32490
27709
6482
30040
12322
26910
16462
14790
32757
18067
21610
15931
23928
26023
26522
28080
25933
6084
20394
10380
4309
24858
28442
14883
26018
14916
43
18300
14635
5417
5690
6999
23748
10529
18765
29550
17869
19034
16364
13052
1577
20601
2866
7804
10482
20612
2339
1203
18282
11775
16704
30960
27189
18261
28505
659
2758
16762
12451
26060
18712
14031
1802
27045
10654
19782
9928
16195
28540
30662
16951
28264
26359
26321
18403
27453
13354
27748
18148
14671
31227
22302
28011
16343
27982
2213
21914
13118
10361
19270
5273
14304
21239
10971
16358
8721
29024
21746
23788
30557
29080
17451
28376
5396
18247
15074
5800
8199
11402
20750
31108
8588
23273
6505
24914
30152
20616
8658
19333
28461
30113
21231
23093
21313
13873
29462
23413
5281
25586
20590
23265
28230
29834
22097
29046
17416
28674
4597
18343
27744
9081
27212
32172
18290
27674
3880
28190
18251
11851
25507
32449
19815
19751
26558
29601
374
13871
25928
30816
1375
21820
25602
21454
10886
1209
10496
31162
3147
19982
17746
28424
13267
3679
30692
13316
10506
21367
26275
10486
5352
1279
29409
8439
22772
11764
11515
5890
16391
31320
11065
14670
11347
15655
18421
16091
26275
4748
2816
15179
29412
29269
16961
25844
3557
18085
3487
307
14427
23272
25122
27395
29480
14092
18516
26574
4317
15087
23022
16003
16509
3603
17072
17640
13700
14233
18577
22322
4391
29293
7960
28115
28894
4542
2570
17811
17952
2481
4933
19938
23405
28758
22508
20844
10898
2779
12484
3311
26665
15103
14814
10313
26719
24778
32119
17878
16634
1147
17948
7160
19610
23747
23570
19703
29502
1328
12788
28940
23563
30956
17566
1720
27721
9639
12874
15706
14255
10962
19705
19969
17888
6414
11285
22143
20789
17892
340
27327
25277
1974
13535
20568
28546
28149
3252
6241
23310
18837
25416
2952
814
6590
12657
7262
14582
12485
28548
21493
19205
9562
4538
27821
1291
25603
9177
3915
18568
29897
18448
26187
8918
18736
7458
31608
1129
9837
20423
5049
32086
32724
23375
32046
8978
21904
15752
891
892
27542
8674
32356
18718
27868
18385
11931
29872
20165
10355
23765
20446
2272
8051
28451
32076
29907
6957
26752
18902
27282
6162
1702
8988
27861
27470
29223
22334
31176
8361
13496
484
21508
28587
27088
19074
22462
3076
23922
22490
12350
21803
3398
7362
403
10564
16367
25127
23174
24391
9881
12882
716
11359
15569
2410
31104
30864
23194
28474
14288
26269
11453
24117
3062
4905
1888
7095
8298
20252
18138
25998
853
22856
12998
6329
16969
23373
5974
13679
28208
11705
2283
25700
7043
10100
1506
24903
12989
31836
27312
28303
9486
28460
27697
13943
22867
23202
3133
15687
25926
21985
15485
18646
26354
30740
9084
24909
4715
32596
14337
20269
18363
24268
9885
14996
17695
30746
13696
20412
18804
1017
6800
3268
15084
28189
30653
7347
9733
10335
29070
25530
10428
14618
5120
8377
7677
2261
31121
18437
7519
13090
26776
31593
8974
24261
23255
17258
29704
24857
9043
28111
4749
12464
9828
13665
22224
27450
22536
5872
32755
29352
29820
30614
20786
26001
9998
64
3935
30420
4909
21097
29326
26751
29634
31273
24593
11759
17603
16751
167
31033
11012
18570
1776
14281
3665
2031
14884
16969
6587
7990
6405
17349
5679
5477
10514
7180
21325
28273
17918
16729
4726
14850
1376
25906
10279
32631
684
24721
18310
11050
10082
11074
11323
24821
17285
25228
5761
22517
2639
8979
19837
9101
18211
14845
7118
3502
24259
29012
31333
26198
28867
31659
23959
27735
11582
17157
22640
13146
12999
7922
2635
11043
2210
13819
2719
11287
2357
3648
18204
11515
20665
4448
2039
1534
1077
1945
3714
25850
1197
20017
511
22263
25238
19732
7862
2801
9614
28606
23365
12763
15434
9563
30776
8163
10448
11309
11737
4856
15590
11311
27721
17033
31434
25848
25040
7312
28195
29409
15218
21456
4408
28522
21443
9050
4704
28890
17404
27478
3513
11558
2893
2816
3869
17428
16501
7153
28754
29856
401
29344
26497
16799
5681
2088
23018
18850
30641
12620
18133
22045
13255
18104
24268
26057
23896
8841
6919
13894
32656
5904
26920
4357
18225
17107
16169
24421
22059
26069
11154
18972
30062
7192
13807
26585
6396
8543
9089
16168
27202
568
29748
8085
19624
24122
11217
5652
4199
8076
15221
160
18330
19367
8002
1315
29081
20828
1108
28566
28802
30744
2806
15209
32024
21607
30998
19493
3281
26039
28919
6480
24106
16735
38
20881
7998
28383
6831
14612
25239
22889
22160
18224
22084
31393
31598
18247
28971
8866
14983
238
2721
321
8936
11086
4152
21653
9696
12234
19928
24759
16308
32739
31762
5318
6292
600
2224
302
12750
23441
19857
810
29506
5437
10676
18824
11542
26939
12434
5805
25003
13238
25521
25560
27599
20629
10870
18859
21812
26642
31803
20967
28960
28328
28833
5751
3943
23603
10791
20912
23447
24147
20220
17367
15474
2577
1042
4579
18337
20677
7796
389
7590
15415
32473
13926
16915
13828
19321
21680
17401
24131
31775
11471
19108
13673
27776
21625
23173
7530
26827
20715
26224
30241
26753
13942
264
22770
27527
24891
17015
14254
11642
11059
13922
25270
9026
17266
26139
14948
30442
2732
21273
4006
30126
6392
30118
30700
9302
20692
5080
6213
28099
9065
1218
11204
8136
27153
13291
18729
10811
30999
30976
11197
21579
20414
6085
894
23571
2436
31825
4220
13424
29863
1915
3459
21776
29161
32656
11770
20684
400
31047
13067
9784
8626
19702
23557
32376
25007
27653
13822
20053
20223
10915
3772
3472
7982
20921
3798
30837
15140
3356
16150
4020
4010
2567
32034
19053
18218
22984
9051
11914
20662
27833
26630
17233
22604
14706
14250
4665
5209
25661
3768
10749
3195
31435
5745
22512
15755
6181
2309
2960
16091
1252
8440
6237
19644
10149
6090
18924
23620
22968
30679
32311
7246
29720
17788
14903
1985
10400
17275
27829
27926
31611
22177
21341
3860
28893
19622
13844
17118
17136
2644
27787
12080
13330
25835
25108
4326
20797
10949
2997
10430
14534
7990
1147
13918
14667
28086
17425
9369
23783
22594
9105
19182
13479
9471
9370
26705
30786
3873
11939
15151
19972
16139
13967
23212
20236
3511
1153
13615
7095
5977
3057
22560
5212
24895
2560
25840
2618
5884
24072
22362
31918
8901
20600
233
13994
9499
15327
23995
24674
4011
19526
9860
22856
26482
18627
17365
28219
29220
6987
1695
16379
21199
2760
18931
28129
22971
23403
25099
22733
2966
18756
31886
4703
9165
4368
22032
19562
5693
31570
26840
23717
21515
7589
30951
10404
22480
18000
8502
3591
15610
17947
17982
6898
26223
3169
4541
10941
30835
18791
23480
15084
10699
2796
9404
3169
12322
1793
1386
25808
19373
2331
14131
1140
13835
13671
6751
9216
30831
5725
23892
3801
27904
10392
10517
11650
28544
22757
30473
5207
300
10394
29694
27263
25572
27689
5229
15644
28812
22516
15871
4804
11442
20323
10833
21301
25457
10804
26356
22340
17813
25619
5817
13591
21759
27243
22571
7316
8012
31867
30044
22553
2993
20908
16613
17774
16425
31266
17448
23288
25043
11665
8920
3375
13461
31826
22460
10322
24070
5814
11951
29273
20363
7834
8172
10539
7104
14139
28808
12561
15129
18252
15424
1898
969
8518
19573
19873
22754
1536
24693
93
21694
13695
19196
12023
29343
527
2299
18225
31634
6546
13719
18725
15001
31001
32629
30587
15368
16049
821
22495
7216
19840
12092
6066
10555
30736
5303
10496
23639
9450
18908
11187
28183
8551
16755
30470
2581
5827
15254
22332
26077
21875
13237
21393
16134
27320
28637
4209
1186
13429
5433
8680
12249
26430
26073
25178
4048
15025
2994
8564
3280
12297
5350
16226
9892
9968
1350
2114
12866
13461
8469
25561
6830
28927
21775
11653
10524
11937
24490
18547
6229
20526
8092
17426
30555
12462
11165
9416
8016
20946
5998
9443
16532
17540
2586
466
19246
32707
2428
10645
13933
6574
7937
23666
27598
5854
14768
5866
22817
17401
29031
22507
28136
19844
3943
5959
2048
2553
18
101
4995
10778
4596
17719
25068
17284
9729
7531
31868
27015
13597
17894
30173
18485
20194
5230
32518
30137
30109
29606
17246
28139
31641
23360
20516
27681
17825
6254
2830
5959
5824
31385
31792
13362
18763
14422
28448
21041
6433
8342
12120
9701
25394
27676
25563
1619
32318
17205
19996
16440
4319
19363
28699
13212
2250
21210
24017
28586
5970
26735
15822
16575
22318
31949
15649
25793
32635
22570
31352
22962
18437
32185
11400
31365
25282
20257
1967
24112
11935
1071
9944
11522
1919
19143
31648
24631
22401
8993
2487
8138
19842
19506
29064
12938
23780
21607
3612
13424
27277
8857
10811
1840
19250
2878
4309
12558
30421
17884
31905
7667
5516
22212
11012
30400
18821
16636
5684
738
23111
5245
6813
18471
9530
11422
2948
23759
30570
13009
31466
8167
13448
14733
14515
19410
28466
907
19719
5929
22131
19253
29177
22469
7310
7772
20582
23577
15095
8745
1056
28357
14243
21334
11084
14441
20353
5789
1289
29623
10825
11633
25427
10189
31604
25325
29734
23745
13451
1290
9702
32381
11429
32276
11006
25037
24876
8799
24776
8118
13279
1590
7597
15114
18973
28692
10893
17465
29024
15127
27488
28522
11528
15793
31518
20682
20826
2209
16093
13092
20424
4641
13369
15539
6258
8545
32505
22068
13550
3637
31216
2110
68
10506
20256
17110
8253
24351
23334
17215
9182
28402
24530
3087
27439
16632
18965
9096
15425
14480
3872
3108
10606
4410
25802
11122
11491
7172
22834
4897
7516
28998
3494
24666
24623
27279
6340
9556
31884
30943
21471
4386
29699
11031
6053
18895
1094
30893
11262
11436
13873
9380
28471
26857
24071
19644
30815
10339
28927
30950
14577
15037
21503
16122
25012
30386
1959
20140
3808
17833
21905
31165
32642
3466
25303
3182
23585
27857
19414
2618
20642
31969
11570
8900
32105
3738
15899
29455
961
5421
24526
26349
12670
13103
18014
20154
4065
7661
7860
32073
22971
19200
21972
543
7381
7201
25955
21471
2704
32062
18790
32518
15305
10445
845
11480
27647
1632
20016
5787
28600
22393
26712
14594
27168
9888
5633
23532
1524
11444
16734
16975
13726
8319
23518
5742
16034
9356
25774
26195
5176
18237
14463
17529
17722
18712
3721
24777
321
7522
18128
11719
30988
22767
28070
26126
7713
824
6257
1530
1462
32174
32686
3492
29393
30030
31286
7955
19375
4726
15808
19632
32355
23287
2216
11259
6335
31339
6383
125
6007
25801
5250
4861
12420
1846
18111
2295
7367
31518
22325
20554
9455
28548
23979
29489
30108
15510
30564
26740
32452
21893
16802
13280
25175
3219
23913
27380
13854
23918
24709
29149
7401
12732
22479
1189
31465
21495
16043
24743
18779
1147
4053
8774
19814
25821
21342
10974
13895
11647
19953
8955
26283
24929
13659
27849
27996
29754
3658
6860
28960
5832
5973
16081
5087
7524
25917
9509
4355
13529
5235
20484
6948
22902
13274
18260
15589
17506
19661
4244
16665
17200
11364
25359
26155
11699
20979
27733
24764
28180
9940
14571
29069
20257
25447
5442
4768
1256
17750
31462
32666
9093
31518
24056
7532
30776
26827
28382
1330
30907
10754
9273
13915
15570
30021
8471
13323
13859
17523
19307
4541
6728
26254
9914
13101
13091
24257
18198
17269
2417
13474
28752
10102
7586
6580
13674
28537
8937
2096
11339
3094
28815
16133
2486
19030
7564
16157
14717
23316
31320
11746
18162
27049
23807
16641
10655
1480
29556
5997
18999
25766
4135
9128
21452
15710
9433
2878
9537
17557
24495
8082
30467
2905
7814
21468
2292
17743
11399
21619
27816
14862
32251
9032
16340
26054
24160
23987
27395
3365
17596
3955
14475
18555
16945
14064
22464
18972
16082
24258
8295
25606
30901
28791
10862
4291
31049
9361
3546
913
29930
13263
24320
961
18611
11694
15096
5981
2708
6190
30799
16653
24484
15577
20476
21819
3256
18178
4757
10870
30004
5963
15811
10516
31777
28778
1524
32284
31616
24876
10319
30051
17886
4025
6381
16116
26153
18971
24902
9141
4546
32762
17129
27976
211
2473
29297
1328
8419
24679
32436
3893
21928
11230
14397
777
15388
18672
11517
2347
9171
11699
3133
7948
12939
20154
1751
18033
26117
27031
32678
17432
26643
22685
8251
12702
26867
21483
9681
26272
29659
17318
31363
32033
29141
1925
28349
29995
20173
22419
9969
15289
29928
8752
4491
6357
4632
2905
31014
18686
23534
28970
1792
17868
17839
6561
18859
471
23721
28069
5126
7124
16071
25927
18540
19713
24420
2375
25643
5828
3677
11738
24376
29582
30058
19114
13345
3846
32686
5151
9282
18788
24460
14813
3132
2586
9917
28302
23715
9658
9375
7393
2807
23316
32464
28114
3798
11166
14332
1069
16239
4890
6387
4429
9530
25202
12287
10026
5095
16871
23156
27539
8340
7786
3208
4279
18498
1610
19301
14058
23178
14608
3453
7078
31884
28328
29982
14800
22569
6593
6470
16189
19314
10613
20664
31605
11359
3629
13135
11191
29893
1471
17811
18493
27266
29402
650
14016
6138
17316
14289
1599
10440
11169
26602
6141
32429
13527
9944
22985
4812
27696
9449
30081
30490
11551
23508
6617
3088
20614
4611
16473
16035
17112
10290
5285
25205
17787
25913
24833
31821
24432
13350
9236
4293
16693
2191
13292
19266
8170
23847
4675
4393
19380
142
22017
21840
1375
9326
19970
16307
22343
25283
16664
32105
30072
11642
28500
19670
26900
23614
14465
6689
2805
19599
3058
16360
4500
18452
1406
16435
13865
9522
23496
2471
13588
21981
964
7421
11644
22702
11638
9906
9270
16438
32253
24831
11752
17555
10961
21003
1134
4928
23113
14944
2940
20786
28000
18331
2181
800
5816
24424
4572
20514
25311
5806
31002
21117
5586
10503
13503
27325
447
1139
3356
18693
15119
15693
4208
8356
19876
32382
4689
14824
22367
18928
14925
22071
11238
7494
26066
6747
26020
20170
24907
29470
2065
13990
15500
10263
5939
30808
15984
4291
18533
96
15296
8152
12375
2619
21847
14549
4694
17045
24964
990
13517
22971
1200
13255
24332
6735
15681
29295
25673
22591
26302
26447
24548
19447
30771
3154
1776
11734
471
17639
13038
9695
11756
27477
2523
25522
18663
18512
26478
29370
5329
10441
27547
7847
27629
1546
21083
31775
30363
29697
30895
27056
30844
18908
13026
7434
30935
14551
22543
4203
19003
17746
9956
25690
13670
22055
26533
2456
19302
20026
28532
18260
8958
25682
26831
29086
1355
11559
1370
25630
19879
3004
31967
5382
206
31726
32147
21573
24384
27469
29083
2814
30438
5164
15822
3896
30711
3828
23997
24535
20765
3518
240
23755
22228
30240
3443
20359
31251
19782
11154
22452
21039
10821
16096
4135
32252
8877
28798
17
8245
25949
11929
11382
31518
30620
17717
24033
28519
18533
29737
28245
25172
3585
9835
13190
20251
8668
11918
22857
1934
20113
11401
16458
26617
17479
186
13565
590
10048
28715
4823
1151
27823
24083
10173
24108
31178
16032
27581
27006
14625
9971
24828
6995
6702
7789
12271
32411
12077
5417
21454
32513
23854
9161
27462
18127
21096
30838
367
13323
14032
5410
25341
10470
19178
17168
21434
15192
26847
24471
14388
2052
7121
26147
1970
11361
16747
23420
6765
11291
27068
32331
10237
17847
26949
24794
2578
31351
20816
20507
5988
19837
17028
11244
10989
32306
19895
5273
11093
16873
22275
4514
9902
16576
12060
5567
22113
22983
22240
1058
8040
29285
8496
6908
25278
21751
9983
26434
12820
25273
16808
9649
15558
7402
32645
13584
2317
18731
18109
32181
19830
13609
6749
29258
32403
23931
13739
3537
25840
31694
29111
29414
20296
16447
10546
4164
13561
14856
3715
28299
23734
13151
10264
2881
23420
1179
26362
25878
32711
8857
2981
7532
32005
27742
19734
21270
27467
31741
30245
6752
28487
32443
27925
13904
7798
22642
22890
30508
29590
5683
23546
25148
26463
29743
3399
1745
366
31448
13836
9351
30082
30531
30230
1734
8426
21201
19797
14735
31806
3598
15155
31605
21838
25305
26660
4329
25944
20934
3455
23739
6014
7872
3980
25054
4982
243
32222
4716
24708
2537
28131
4073
13477
2034
25529
16588
17421
26570
15683
24379
9428
22902
21373
25879
6893
15471
17932
31032
24663
5890
9498
16890
15767
7415
28000
16632
1637
2417
2692
7191
20134
20501
21414
30663
27546
26990
13878
18053
5463
16016
776
12708
15478
30716
4522
32590
26636
13252
11765
6598
12252
26352
994
7151
9930
28191
32159
1810
18835
4466
18402
1500
17852
32677
28798
24742
11464
1151
21300
1786
26542
32365
18635
21074
32394
22378
19554
26146
2195
1313
2822
20761
22605
21590
4480
21412
14336
898
3184
28597
19048
28861
20128
9666
25518
24289
4498
784
28311
5613
9307
25905
12796
25255
31924
5836
2682
14726
24143
10652
27754
206
3175
12731
16915
17917
14747
17953
31263
25190
10748
27239
23116
21276
15205
17873
27236
18449
18443
19340
2927
11903
5972
14388
3879
14983
20717
2202
25516
13337
9751
19907
10105
2835
9537
564
14743
30381
27612
17516
6672
9236
10859
6835
11943
14421
11993
9234
16326
10621
26896
23203
16824
13054
7623
19211
15896
26965
15259
25924
29066
12522
1634
19104
29097
7224
3260
15626
28480
29997
7146
5007
26812
30164
9700
22558
24801
29745
19877
29324
28093
1389
3530
1243
13274
23603
11611
23740
8632
26201
30441
7762
32634
28099
26073
3129
9952
16516
15871
4295
30581
9287
16751
27794
23306
6382
30863
11826
28258
11896
16497
22344
8751
29224
4960
21183
26685
14051
16313
8273
16622
15579
253
22861
15590
31850
12067
29336
18183
6208
30771
24562
19104
15041
22544
31867
2529
25257
17045
23670
14483
25330
13284
27724
12038
6647
6907
212
18762
9177
21129
15569
18081
3106
7167
28605
15669
17064
20713
20933
30215
22453
15999
16660
17704
17252
24439
25684
12843
15438
26654
22130
1242
24934
22695
16290
2600
15138
2499
32676
9575
22492
26482
19781
443
1911
19992
28456
30671
31301
15827
29126
31686
18216
22540
32436
10101
7416
23372
14629
13519
8997
4433
17327
31904
19870
25442
21330
19839
10225
2271
29622
12029
23475
1052
24756
25891
30242
24943
6424
18460
12553
27784
3749
17454
17124
20481
5978
5615
31301
21302
1012
5813
10358
10839
32692
11598
8032
3260
7522
14065
18091
1400
13714
31861
3111
12848
31270
1985
13163
25646
25364
28036
18620
22449
22634
24358
15152
30087
15759
6398
25106
21214
16843
197
29065
25432
6665
2122
8821
4445
2012
10344
4506
12469
20929
2101
6656
32598
4260
9341
11929
10362
30373
2927
30501
32245
29467
149
13395
23494
22489
7434
12073
27116
25521
16359
14245
12411
22071
25342
30373
12782
28871
10187
5892
32703
2250
12455
2566
32053
3892
6719
27382
17534
12625
10565
17933
25085
30402
101
18070
23013
195
29307
4176
11271
20143
17667
18452
18920
11205
30416
4023
13079
10796
24322
31026
11197
20277
14386
13568
16758
21729
27631
32712
4703
9379
12910
4924
2673
28518
23165
7745
2829
1746
19897
2128
12503
23499
9473
1052
11208
17979
24874
13685
23935
31250
7156
28268
12760
19851
17725
18360
26048
13488
16501
6232
12360
5664
30290
4218
504
23824
11973
31644
20069
27792
18220
28145
5125
22543
6345
24838
5699
1314
9075
933
32207
6785
20619
16634
21304
24658
25138
17140
1980
30123
25273
29678
95
32594
10329
17295
22330
13255
16677
13038
18198
26756
23356
27642
30009
1155
32067
26650
3456
31745
8979
27152
25774
14722
4782
20259
5380
6165
32120
31613
18706
21209
16804
26066
10444
3520
24556
1602
7392
23443
31109
11393
23623
25910
27218
309
30746
5678
21336
13983
22952
29280
10610
11390
26309
31003
7237
2864
16485
14681
26999
6683
20329
31554
28700
21835
5048
8946
6257
1628
27026
12412
25549
25755
14625
303
14548
104
17489
13848
16366
32223
1762
25543
25592
25271
23740
28502
19257
31593
25218
15528
23703
7061
17513
4591
9482
15778
28491
21617
12626
17830
22519
651
12261
27525
19660
3830
28460
4188
1414
329
3054
800
25943
32703
25613
30850
9018
9787
8560
14870
19588
20105
28992
20661
21947
11751
15191
11808
11692
27588
28149
6629
1720
5575
12725
25991
19055
5395
6592
11225
27488
2250
9281
8107
2350
10703
7961
11688
6887
7121
17619
30079
5010
20357
9690
24129
13575
23090
12777
18954
1284
26227
30148
11492
6268
8761
24870
2792
10546
19983
10490
8615
10631
20898
6605
16584
19088
31104
28292
5618
10348
16928
32586
28652
4309
21539
23757
15618
6132
5593
11178
18603
28538
30215
21541
31850
13292
21479
23070
10226
9278
10353
28993
5261
30628
21721
8572
26558
17829
14937
4022
6437
13425
32560
16062
32676
24948
9451
23681
14784
14379
21475
28545
30026
11063
7
30850
23102
944
19163
23686
7403
15035
18113
11004
31572
4447
32632
5173
10711
23188
27618
9239
29452
11165
11530
5397
3824
26264
15973
20319
30019
21332
31576
26709
12078
14946
7675
13890
27689
13935
6941
19527
24092
12241
32648
29333
8388
13919
12933
28383
12377
11654
16803
12560
13166
32409
6581
14393
7192
17769
20762
17357
25682
11030
26433
9488
27040
25380
7531
17613
11251
32465
19635
12615
29645
2726
23884
18547
9125
10829
17163
21092
14477
9890
8997
8199
15890
8716
1849
528
14692
26382
16785
11316
20407
1305
26277
22681
11240
12197
32736
16267
26468
4992
23463
14192
31302
5733
7832
4350
30399
13520
31247
939
5051
29201
11247
15973
19137
3743
11167
28804
3355
30896
10322
24317
21560
11014
15500
23000
4430
28172
31458
9700
16451
12065
14337
11945
8654
25140
13809
5278
24794
8593
5275
27548
10027
32762
11145
15763
25923
16634
12526
9596
20871
27510
20966
5774
25246
27269
8190
9141
18714
12418
30711
23360
11354
4191
17863
2777
11950
16699
18913
32699
31933
16439
17334
5919
27684
1158
9596
13047
28000
14788
13614
26335
21742
29833
16084
29009
16304
5437
15364
21784
5779
19758
5289
9991
30063
31199
23811
25578
31023
19108
13551
25277
14641
25707
11369
14108
28656
30685
20815
6139
5856
32166
19047
7831
31129
3344
9124
29100
1080
215
12197
12521
20738
24121
8831
13473
14667
12876
18876
30147
28055
22932
1444
12812
22782
26069
26555
8315
21461
5670
6794
18950
27018
5447
30370
23179
13776
29236
26847
32265
7420
1786
3562
7696
25519
16842
9985
4982
27062
1100
19451
8268
3118
3381
32390
17936
29420
8220
692
19492
19740
24458
8374
2687
16679
3408
13287
19619
5083
9501
11020
24783
19142
1359
24025
10101
19938
6666
23480
14062
19576
16007
6087
26477
26942
18607
5663
23346
29122
29417
32348
22272
9484
6192
14170
32464
19839
30312
28732
19143
12801
27378
15027
18534
8796
23934
6781
31745
8931
19744
11819
30322
31576
13223
21800
29454
11533
13098
30455
4568
5194
16867
20412
501
14575
18496
26110
12384
4698
25912
3499
20191
17035
19676
7260
18230
3206
29998
13019
28314
2553
1333
16355
3432
25631
14929
8230
3863
5092
14285
32660
28268
27978
29875
24539
12780
31243
15332
26666
3223
26496
29287
25147
30419
3009
6146
2192
21415
17934
13831
2557
30249
15982
12401
26214
6970
18581
11567
2250
11120
28171
1472
17024
22868
25483
30464
3009
28622
28074
834
11623
25821
30905
15006
14324
1163
26603
23949
27606
18465
24507
3507
30442
11671
3976
251
11070
9038
16002
27369
4891
23554
8138
4140
1603
7930
12757
14451
9335
26753
11538
29314
22844
28314
17868
24197
19679
24048
17745
29348
26295
25356
15956
28119
17578
21450
24720
27900
19442
3342
12206
22055
14113
22707
8553
3641
17763
28612
26352
11444
28420
27887
25995
8653
17202
17206
8834
707
21251
3304
9787
28784
19898
18128
6818
19486
12870
19372
10445
11931
14859
9185
23009
21904
24805
32108
32559
31502
11882
24604
26019
19306
9328
29182
22623
27979
30416
24601
13987
20481
28777
16220
8432
13336
10599
31189
365
8749
29381
7204
29577
17409
6928
5934
20194
21452
28782
18966
22886
5588
9184
26729
25783
4157
29124
4248
23252
29987
13214
9900
32247
29414
16151
18229
24505
24261
13894
26243
21372
28079
11567
28697
24586
28501
18569
31327
29818
16260
14789
25239
25684
25010
15435
25874
28405
31447
30727
1444
22068
7550
27940
23637
18501
7195
19735
6745
8414
21919
25824
23363
17817
12362
31884
5749
8602
14016
20479
17627
1137
2912
1264
3801
26689
9681
16949
5761
25378
3805
19521
12810
18373
3715
19179
10877
14679
71
7281
21170
13991
16845
22972
2683
24714
28582
28645
543
32639
25706
29433
21002
3215
11783
3577
15042
16759
27992
13349
8477
29705
21498
30586
6834
16592
13403
10362
7821
18675
22547
9003
11815
1883
4216
28002
2709
280
13676
2625
18943
21761
1658
9983
24916
28315
8738
1255
30268
24637
1904
17572
3406
10353
21972
30395
26756
26268
16173
5465
10731
17122
24615
19279
3743
3396
29383
11355
22007
22539
3908
17065
10493
4458
28441
5529
5665
24671
26200
3523
29998
18650
1857
23097
18300
23329
9235
15115
26728
29299
8994
21777
8705
18155
22826
29412
31236
22184
24035
22318
19211
27179
3797
1060
32257
14336
13422
7248
30681
27553
32082
16532
3967
5015
17394
3948
8207
15074
21088
10611
2886
12699
6242
24361
16438
18648
1989
27635
6717
1488
2803
25187
11319
4160
18888
11706
19443
24589
12450
19627
29156
28202
28087
10594
16665
27836
22700
12997
19311
19068
30819
6906
26118
1373
6932
24361
8689
4208
13471
31875
15666
20740
30496
30339
8165
30481
22980
4723
14779
13527
476
27699
21418
6594
16944
18486
10723
5265
9366
18125
25093
24759
12739
23720
12688
25345
27488
13465
18588
14714
11361
24220
21707
652
25490
28693
12412
8039
23666
31064
4673
30119
2629
29806
20628
29744
2405
4375
3525
24413
19161
523
24631
10331
7720
12165
19148
21455
3439
29442
6558
13247
16306
16454
30448
30895
21872
24481
19556
24074
29562
7536
17518
30148
28677
4838
8
22334
22013
27661
21671
13674
12956
20231
9838
8239
24892
18586
12962
29967
18793
25068
24159
17159
17211
17290
23945
9654
5602
2479
17924
23490
17539
11716
25384
7288
7491
10531
23919
28850
16033
13600
2673
4862
1800
19530
30995
6908
8868
20718
3579
30728
11126
31965
17479
32537
4003
32367
26238
4073
12818
26312
21446
5463
31029
19802
9560
25865
16423
19627
18482
16981
24056
15449
24331
2146
14149
19547
140
16266
3595
25993
9661
8707
956
29535
23742
21439
403
31486
5047
20880
31525
9075
4113
23440
16186
4924
26087
24256
19162
18184
951
8687
21163
17855
9822
14814
30330
21954
18755
2209
21271
6004
26322
19528
26214
10489
7468
191
31155
14142
2844
6387
1606
8249
31054
21302
18487
2674
9147
11493
29572
5570
14184
14664
16225
2394
22608
24505
15311
8968
17310
17673
9584
27574
25120
25631
11162
13620
24313
6626
23722
9527
5782
10330
11419
29089
29155
29969
18903
12802
446
1728
13388
27231
28332
1575
19139
13107
4298
17981
17005
8884
17415
6025
15551
23383
19601
27344
28544
25494
24461
1776
4897
10993
9227
22028
2892
24627
16441
3561
32191
31990
18134
14232
19291
10857
6378
23126
8056
25425
4021
19888
2428
30542
741
30443
21676
21344
32524
30114
4674
13225
16464
945
2495
8821
17765
3154
898
26743
3768
16006
8602
21077
24045
7863
15065
28520
2444
23451
27689
11709
14583
27227
21539
30559
7328
11765
11486
13528
30328
11743
14341
22773
1707
8173
12589
22986
12426
18804
14949
15094
27592
31664
30478
3368
21994
12131
18669
1762
30713
959
25470
6781
5242
9350
10635
11630
4512
23408
2302
21703
21439
20685
18676
15105
7172
16235
32274
4856
16228
8122
6428
15415
18898
3630
17347
31862
25013
28901
32703
29281
32665
8330
15390
9627
20004
6265
21724
22531
17996
29219
12467
31798
23496
12212
28980
30037
19908
6644
26903
1032
28633
13675
19664
1218
32572
4809
20835
25415
22582
32389
11640
26476
8148
21443
12466
16158
13791
30331
25917
27046
782
14552
28582
26667
30587
12254
8432
22393
19796
15184
28388
22273
25555
17617
18088
24864
18032
31305
28051
30884
13397
1930
25664
20364
15378
4916
32737
19215
16274
725
11734
2272
29773
19029
5503
18865
13248
19090
3150
25846
12314
839
4128
10731
24889
7218
15309
20952
15828
2422
27133
26515
5370
20286
31294
18503
7099
10403
27732
8565
805
5584
17872
4152
10866
5475
30181
17869
16767
3351
11126
21842
28544
9632
20851
3790
20979
7639
9574
2930
26578
22807
7241
20255
15629
11495
2459
9000
27191
12761
15539
3672
15487
7090
2131
3639
6627
23754
26752
30089
30112
6326
14993
5144
26861
10789
15239
2995
17384
16392
16540
30327
10961
22006
24095
16973
4982
3022
28798
26036
14062
8350
15269
20929
19338
5315
5254
17763
6921
14162
18681
26092
18699
8887
14791
16589
24009
27804
23297
6817
26882
3341
3735
12142
20793
16601
3365
18471
8989
27451
20752
18805
30025
15033
14290
8118
13357
5453
19858
11335
27212
4035
30456
6142
22697
29794
27967
12027
29563
7374
16524
10657
5928
9005
21630
1759
2417
11913
2822
23476
6890
24181
4473
15346
31918
6644
995
8258
7760
17814
23199
28008
10261
9444
22052
200
25952
27390
23842
26153
13165
16003
206
6842
18498
13489
7033
338
26083
1998
15720
27644
19910
3270
23520
24243
2182
11285
30336
28522
21979
25063
9940
26448
22730
2430
20006
2385
21529
30677
21911
8672
2822
10627
13423
17396
6713
2017
12466
22352
23798
2415
3572
23560
12951
12660
7789
1857
14394
13029
27216
7480
19127
14984
24921
11398
25813
9305
19109
3746
11709
8237
26311
20903
19374
2453
30744
28503
20211
30469
9550
30048
18706
17462
27217
735
25671
7112
2890
16163
3888
17452
15868
11699
4298
13249
32087
914
6300
12349
15178
25025
7986
32079
25818
6406
10957
24195
27761
23276
19545
28773
20088
31755
26783
7401
17447
11145
8636
12042
6300
17377
29906
18866
21547
6371
24573
17882
12790
26365
9353
15346
5053
18360
31074
15491
26615
20357
16843
31763
13857
14522
7251
30281
17750
16344
24069
19537
4384
5391
19936
25218
142
1796
13447
318
4998
19153
5177
32026
31325
1357
7426
10815
19365
31119
12595
7953
19526
173
3601
2574
32209
11977
27850
7928
26384
18767
12205
24374
19170
29304
28569
16760
16709
11795
32182
31898
26293
9092
11620
31179
5557
16653
31345
12782
24235
9292
24463
31296
12784
27653
28933
1083
28712
22306
4004
5307
21711
21752
18429
13920
28437
27340
12753
27443
7404
4758
25545
8588
15455
30468
20327
28723
1829
12482
6461
24005
19574
26873
16733
14169
32029
1302
12304
14948
15823
16332
31435
5594
29627
21340
30046
1686
32610
6420
25455
4860
6569
16917
24103
10717
1836
3418
16939
10394
5590
7926
14798
3213
6319
23709
14213
21412
22004
29542
29851
20559
7021
27343
18469
29853
27899
26882
27193
22690
369
3159
30555
27
420
32281
18488
9045
15814
8845
29079
32586
19695
2608
140
28941
19197
2113
18158
24681
10398
4735
19468
15813
16811
20020
13724
5963
11704
28274
15604
2378
32489
18333
1149
3544
25351
15401
24932
28603
23250
26277
28050
25738
31641
9465
30175
4623
28425
26860
6274
752
9539
29161
10188
20110
27953
21506
9495
30766
26393
28725
26617
18775
1394
16878
17853
11130
4087
9678
19731
17625
23803
32171
27142
23713
13564
21976
1583
19033
5242
28582
31016
29824
16393
21802
23876
8818
24230
23105
7293
9612
3655
11986
18862
7568
9910
26195
6659
23627
7838
6287
4781
11381
18150
32678
16090
32728
20543
14165
484
18613
20217
375
22984
611
12571
13260
9691
11577
23218
13050
17848
16814
23657
7889
9341
24255
30810
5075
1079
14225
26916
9716
7578
1112
7998
30878
26614
31351
26763
6136
7526
4073
13870
30568
20299
3551
29855
14679
7928
13994
10750
9268
28335
732
20136
26811
7885
14762
5129
7543
11073
26773
3505
4997
15682
32330
28841
26780
1346
3270
23815
31306
28957
30397
26048
7808
4759
3133
19134
17745
18949
23183
6450
26615
2378
13150
9772
26903
17157
12058
5993
19014
23049
11935
28267
23243
9486
8210
18895
17318
23206
2828
20700
5330
31090
10235
32088
14280
149
1733
14239
27460
3177
2222
30966
11339
11121
12667
26652
12397
32655
5079
9250
21832
32631
23799
12669
10573
27748
17274
15706
29127
20490
23955
11057
21016
5835
8809
8349
30790
6701
6846
875
29367
12172
1231
7664
4921
3852
28540
23968
838
9938
4265
24541
28037
11892
23268
16653
24723
3757
5704
25071
20228
29014
161
5935
20645
3473
14545
30520
2308
1096
31090
14921
22323
24790
26300
24779
13000
4611
29609
5090
23080
28470
8792
29762
13830
7654
9135
19268
5670
27474
6725
21048
11111
28274
1151
1021
25344
1581
4601
11472
1802
1996
26663
11362
18495
12719
6716
7725
5377
13886
22602
23559
24990
29475
6571
3832
17874
10423
18081
16969
5005
17849
9529
11485
19191
6982
3445
9413
4017
3333
10409
28942
862
4515
16422
28125
10595
6015
24342
14015
14314
8614
19367
19258
31277
12545
7020
25000
10225
19917
26368
23621
22096
17740
24812
5254
26044
28602
21450
28844
4417
4739
19371
30618
778
12979
28343
22243
4647
27566
18707
3880
3470
7713
4104
15009
14431
2872
8289
8697
23404
12306
15380
4959
4088
30066
19237
12250
10175
1975
9160
8924
22071
27406
7622
30747
32534
8166
29985
924
19988
27556
16379
4112
31730
6552
31668
18276
25787
18480
30035
2452
21322
5740
4391
9664
9740
17810
13742
10625
12551
8995
23989
14973
283
20237
5569
11833
25736
12834
26798
21551
23729
14537
32662
9761
23840
9716
30964
21164
31689
4690
15113
22048
30355
27589
17791
5519
12820
2326
17997
12324
5532
9704
30170
31414
26742
23274
32357
22941
5226
26193
29348
27845
29062
22662
6059
16897
32543
31003
1552
417
11794
30724
26189
18758
8271
16132
19557
10485
409
30565
30411
30315
23943
6124
29823
27312
5839
3852
30330
15855
25539
23898
20556
13701
29724
13377
27652
22616
9207
27895
13648
15722
24605
27567
16357
10414
8071
17169
11553
27162
5666
11239
5359
13053
1231
9497
30188
21907
19118
20443
28872
8918
7068
23589
21230
23192
32762
6499
13415
25039
433
32623
11515
13104
10866
17340
25754
15871
14147
20180
763
10021
9527
9732
17027
8323
31612
7509
10856
19078
30363
26047
13334
21499
30972
19354
24530
19493
25769
14677
31901
23309
16979
21098
10075
21530
22938
14993
17716
22241
7817
23861
32059
29246
6240
18724
30029
32164
9623
29834
22076
7345
16671
32032
23341
8454
11499
14497
28735
15957
9647
10622
9326
17595
1000
11218
29366
21841
28188
28312
9851
17662
99
3356
24360
8591
3366
23727
30487
3337
23335
17055
20913
25405
1217
9830
21718
23966
23666
21538
4479
10576
31382
25413
24481
9089
22645
30094
29013
12284
7296
25144
8503
24059
31704
8561
11
20285
21776
3085
26023
5465
26676
17276
2317
31058
20490
22009
25559
24939
8343
29445
25816
18749
20197
17428
13824
6
17924
15750
6528
8516
19791
31704
8751
31619
9200
284
19244
22899
30119
26278
12997
24893
3271
22281
31896
32279
25985
25666
7928
2071
1636
3634
8083
7748
16933
3410
849
26355
18076
13730
30079
10833
7440
1506
27180
31548
32692
14085
16339
25175
10353
24547
9275
16221
31974
302
16540
21685
15278
3495
28931
12615
3809
17041
2807
27791
10205
25702
30557
26863
18502
13258
9113
4170
23627
11965
3574
16078
2603
29204
29000
20497
23288
20266
21456
608
24732
27091
32095
9300
32025
29329
6334
16549
12053
20747
1102
15427
1941
21178
5612
6819
11529
12774
22039
23639
3977
2257
30293
11234
12894
1330
1746
19658
11972
28644
12107
239
21486
23776
28458
22554
2123
5993
10483
7641
20488
7814
31966
22923
7382
17845
14022
5303
19181
19934
21313
23458
28496
2694
24593
11296
23379
26437
15291
18090
31067
24954
30837
5553
26342
19005
26181
7986
28619
25749
2152
13451
20162
13291
31217
21645
22310
3775
1458
29650
27642
18842
30047
8016
26667
3652
23537
11567
23572
13110
24393
28632
17479
10066
17686
8015
7563
17874
18168
27842
31265
9855
29158
29794
31820
15907
5325
369
23056
25408
633
22684
20025
2818
10937
31884
6815
21107
20158
8376
32681
10222
21701
15997
19728
10454
32502
112
28645
1927
2443
30707
8662
3469
29748
20742
7597
3605
31418
30816
32025
23712
227
26559
9137
7167
30103
3196
23350
31099
28992
31842
1304
10324
4983
27840
1340
12653
25564
8125
18941
27461
14917
15340
5489
11817
29212
16928
27629
6312
27906
5506
19403
30792
10424
18912
4714
10871
27712
11336
12919
2500
20543
14806
8043
15183
9894
30922
4693
28798
1425
26589
3034
28914
31088
30678
14202
186
8804
17240
5141
30406
16620
30974
1453
6046
30144
11178
13421
2132
14589
32025
23786
28086
19587
22203
30122
3017
11675
9410
19939
31091
18910
18297
2436
15480
31570
11992
7801
25000
4053
21589
14123
25942
24511
1788
7751
11
14275
15810
6081
11132
6678
25623
19224
29626
6867
21690
8923
26793
23455
30417
17772
17331
27273
12601
2820
5565
2099
10267
5367
4442
6455
30912
27194
17727
18116
26534
15650
23288
4744
13523
15982
11737
25043
2665
8584
20022
17401
14715
13832
17623
30712
14623
14970
10918
30042
7108
19553
26795
31837
28358
6524
13370
29010
14400
13895
7019
1859
1826
15813
13771
32216
18819
7805
19793
30331
23864
14530
5012
9403
3749
12856
14138
24046
31187
8852
28084
19483
451
32163
17705
18455
20994
24206
21167
7917
7806
6236
4289
18051
5528
12216
494
17787
14458
8693
27598
21080
3499
7503
15930
28130
25056
3700
31420
31947
2838
10051
12357
9362
25053
17107
24350
28584
25847
19127
22817
31954
15137
384
29225
15822
1841
22148
5319
2361
16993
9950
3895
944
4331
4022
11410
9270
17622
13763
28228
22485
783
9741
31169
2184
16059
13304
3700
2905
32460
30846
6136
14791
8658
22204
12427
14954
5140
10672
10176
15578
11232
32577
24948
11468
8223
1151
8450
8318
19756
1837
5307
1622
15335
12413
13712
21958
7941
23834
20242
18290
15018
13931
17309
22677
27193
28951
24783
7584
14443
21700
22591
10277
15774
28965
12396
1012
14448
9267
16884
3972
5261
21946
5383
13204
21445
3096
13082
15889
3426
15937
16608
25659
30648
1799
29814
12292
12285
7577
15326
23736
13403
14153
10158
26339
17476
13970
28169
21360
6918
19289
6607
29198
14495
26739
14865
7896
11474
12904
9672
18228
6266
19318
10182
13819
22815
8409
9964
27355
4807
7498
7838
250
3086
25798
31604
26844
4217
32144
12338
31111
19720
2681
5883
7397
23306
31327
29377
7017
27957
20724
9472
19189
21238
27840
27564
9468
17926
28266
15208
2020
13886
9523
2552
10158
1964
9411
7417
29144
30438
26664
12495
26754
6046
9756
3040
14545
8567
14982
20992
4241
32535
18756
11307
30494
21374
32296
6266
11652
27030
3648
30288
23013
16907
24155
8916
539
13148
29384
14757
6559
20531
3169
19913
9897
2034
5833
12006
17049
13710
19441
3764
31126
4256
12513
6834
19829
13497
20405
24088
24540
13046
21221
13
1959
25045
26058
12827
21898
24391
32350
25312
19448
30983
29764
2310
20036
28457
2312
6773
2823
17654
17831
966
26049
5111
20818
13307
9155
5456
9583
4206
24652
21840
17121
25864
3058
17733
19593
9395
31555
8085
11020
3602
18605
21002
7639
2159
3483
25198
23905
19701
14049
344
12976
12319
30810
16197
10271
8048
9167
6122
14174
10085
26395
18377
6330
5544
13709
8195
6047
2950
24718
19565
4187
5283
9092
16357
31524
5612
9974
15079
10333
10446
16112
8283
4629
13989
26793
3249
26321
26744
19299
25392
12683
16099
16531
17803
17146
26196
10050
10678
16404
7035
1715
503
31186
13307
17478
11072
29235
8038
28828
5564
12931
29800
28668
23464
22237
24130
501
14948
29423
32378
27717
8650
13309
5841
19706
19902
25640
3958
22487
7686
13041
11641
761
8285
26361
3458
26299
194
23818
14019
21718
21526
30811
23083
27341
28902
26640
4573
9096
19078
26113
13536
11326
607
21180
4888
153
9097
21197
11637
4629
15517
20797
15978
32426
19396
2904
9889
6826
12564
2483
4589
20972
6941
10862
26752
9258
8638
8375
24670
16552
830
3471
17169
1302
14231
5585
15262
25528
19989
6512
16569
29892
18720
28672
28469
14092
27734
20088
26814
17372
12510
14902
2762
31270
21496
11587
4557
25820
13272
20441
31916
24734
28340
27426
17525
17557
30748
31043
15437
4767
6282
30361
11690
29356
2874
22594
1218
32104
11835
19424
8515
6682
30919
9369
8004
29643
11216
6499
11387
18860
28891
14462
15793
7858
23313
13377
14452
3203
32403
27930
25868
15765
4623
23761
15536
21140
20113
18188
26617
14085
411
21272
406
10538
1399
29414
28994
31013
5068
15188
29427
17247
9840
4526
7764
10795
23165
21109
630
21159
2471
21855
10690
10467
3532
29342
6707
12102
25293
28005
9666
23853
6813
26537
7969
20692
22423
17189
18091
22650
16661
5024
924
5824
9790
1650
15741
18003
17183
25413
27107
24778
23550
2585
8793
11474
8938
4747
22171
30600
7063
28758
28421
32038
29033
16666
29514
17634
29647
10076
2409
29715
11474
22222
24797
23702
17902
13777
24084
19056
12064
14393
6691
21684
15424
22352
2744
13736
11409
19229
26192
28195
20631
26854
6314
14393
16936
19187
23419
3354
25286
9621
18275
16952
5164
28007
28960
424
24359
13012
26370
8651
31911
22233
8862
8237
29974
32012
17095
17325
18920
24286
8634
10719
23924
25629
7065
17326
3330
9405
6427
1350
12581
14295
12929
19761
30795
29682
32460
18111
20370
1154
25389
19372
19933
30894
30397
2301
21800
12118
20078
27435
24088
17493
17729
5507
8662
25347
5306
26829
5662
8702
20882
23852
28563
19499
8363
13125
7766
15095
14409
16547
30934
9699
382
23386
2282
2879
28134
10475
12061
5685
21909
21608
4168
9738
29006
28633
359
23201
17653
1245
26021
19009
3655
6293
12985
17559
3017
9917
3957
18175
12286
22556
16540
1535
5341
30751
22517
12308
17282
28097
22941
19890
9252
15277
19361
25222
10823
19367
25548
13310
4403
2344
18366
22795
15524
3912
4926
30502
4547
28129
6354
20625
23637
18930
4236
2015
5171
23873
10534
15542
5882
6469
12114
26068
10755
28994
16203
3152
22678
4022
13488
19490
602
31476
19602
15846
11792
27919
11724
11741
29825
25337
19346
17461
6069
9964
22093
650
6758
23049
11942
15020
27572
16704
3809
25251
31515
22895
24173
27120
18593
30414
25529
29718
17748
29578
18505
7257
6131
12720
8968
9926
6636
29773
31968
17011
8326
21460
904
16648
26208
20927
24221
26494
10522
20345
23285
15399
20306
27772
24624
30191
10962
4022
25743
28897
11015
8242
21258
19437
5046
12532
6044
5096
3050
9253
17890
8148
6449
2416
3556
610
23303
15275
29491
13493
6803
442
31284
24169
657
14000
16315
24276
5008
15672
11995
31627
10333
16948
18685
22568
7871
4771
13360
6987
30820
2248
960
25823
2076
21641
28426
31135
32581
8981
27278
18392
28550
27081
22342
10608
5313
22613
15415
1831
31554
13850
15941
16669
22077
11991
19019
149
6775
21125
9579
22264
12611
19583
22435
19997
22448
5606
9377
19911
32257
10052
1753
31343
15197
28015
24788
28996
10696
1457
22731
1393
15954
1317
4724
25246
29070
20324
15132
14521
19526
16481
7158
21750
11373
11666
9907
19476
22101
593
12370
6627
9763
31617
20026
23043
30079
18036
2438
32238
2448
1804
23712
9272
7463
2337
12049
29974
23354
8483
17303
10270
23957
1
19576
5965
972
32329
6679
846
13940
8848
6085
27897
27282
26388
2777
10267
31060
672
18435
2933
8191
14512
21213
25095
15401
29910
7107
398
6184
13660
20453
10827
23498
2347
28570
5126
30023
9451
7928
19539
3699
21356
25761
18964
25144
17733
19167
23103
1604
955
5876
18913
31999
2788
2731
29027
9152
20236
25651
1292
20800
12631
4141
20168
14415
10152
16900
13608
25285
7106
26237
13225
22716
17837
9359
10297
18428
1372
24692
6647
16311
32652
29952
23867
21623
495
5938
14550
16468
29322
6153
28827
21354
20059
30872
22814
18570
31552
1117
22715
21040
28948
26063
31194
29621
32283
26934
29298
31430
10912
25023
17612
11541
32732
25808
23946
32334
13850
20377
21223
25165
3609
19180
10560
3982
22962
16718
16596
17893
30650
31566
20680
28015
18218
22037
4974
8648
21885
18495
1990
32126
19546
10473
27717
14790
25203
27915
22230
30318
21421
20233
3615
15891
9345
5252
2053
6804
13474
26230
12658
19910
25824
28542
25429
618
21580
13432
10475
2396
30877
23377
15166
30477
5586
21529
21995
13618
22809
6234
18727
23742
6896
29865
27908
27662
3210
4218
23025
11620
21620
10297
2688
24983
24184
11670
19053
777
25282
16928
5851
13528
26689
16405
21472
12889
18000
17784
31556
21186
27030
30053
10374
29990
24618
25506
9760
26791
28923
24182
24588
9447
17008
2750
24455
26303
21579
1597
13333
1332
20691
1076
28101
4774
31026
6194
3254
7755
12572
9006
2522
10716
28081
5843
23802
10126
2981
795
9211
5188
20638
8735
20319
515
7133
22062
30735
9894
2593
19996
16983
17107
4296
17372
29234
29997
21560
2385
5320
19915
15741
22370
25397
13802
4915
4941
17036
32734
6567
32317
1307
13135
32313
798
20721
27041
4613
5808
20382
20148
6082
24026
2874
6606
10473
3650
7337
4821
30234
15642
3868
30658
26301
4157
7387
22098
23525
1402
10563
11774
6777
17455
7178
28206
8341
11546
459
9386
27182
7277
5566
28753
26869
4640
6342
3085
13182
13451
6578
1542
12194
24884
4796
30486
15394
16358
86
20094
7564
3075
21799
1495
12899
2074
28496
20811
12922
20412
29427
8196
32161
31628
11766
229
15747
19350
26884
16248
24271
19426
18901
19752
9622
10056
10928
19121
24821
7301
2862
17876
499
18831
32320
32591
6572
16678
14707
19724
688
7852
10611
27801
14758
3126
12238
23000
10549
28387
28155
32248
27940
11629
16795
19107
20671
17661
22014
5497
3197
8260
28393
18366
1761
25799
20631
13903
7326
10874
26877
13787
13310
20881
7763
16207
8068
27283
26319
14482
5073
25776
3508
13683
13508
30292
18827
17632
32229
29692
1968
7768
2564
2377
4369
17314
32285
2130
27699
27328
7039
17215
8310
17439
15661
9236
16025
28944
17541
30410
21120
15996
14623
6564
8757
30674
8184
1984
24110
26181
19920
29165
9934
20533
14544
22972
2861
3306
3440
25306
25884
136
2712
20124
13924
5183
26885
21980
27471
32451
20975
21764
9834
28924
10473
32360
31112
31486
11528
1753
12298
15675
13639
118
3678
14839
3114
22470
10950
23293
11938
9988
17243
32657
29233
21434
13649
9893
22094
10898
31100
2384
1291
28008
18963
14715
18165
1955
21941
6366
28220
23750
9129
15403
32020
25922
3434
3720
2906
3471
29027
18755
12155
2938
759
5057
28306
7617
23492
24504
30672
27101
12841
21918
12065
27679
22789
25954
19212
11774
27842
20313
2523
14000
20883
14715
16893
27127
26361
9423
20904
18750
5260
22308
12739
19172
5112
3330
12290
15320
7238
2016
5203
24422
21085
19607
13689
16720
8904
9751
16630
28193
26809
16473
14895
1470
1614
28565
29899
23614
21012
30644
3676
7419
32202
26632
11073
9193
23143
24379
31435
295
7518
19333
18078
23252
2848
31522
4442
8484
10978
4356
2171
18611
26529
12741
19838
32537
16996
31967
23110
3518
31170
9759
1213
24304
19107
17239
26046
22834
11851
8788
10035
1239
14740
15119
32122
12240
378
4647
20494
963
10461
8079
21859
16989
31619
3460
9745
7144
14941
25539
2869
21536
32011
29432
3092
10562
19617
5241
32514
12647
23468
4660
8579
8720
32624
19175
31663
13826
20084
26255
4827
9556
2113
12066
12149
25542
10854
24960
14896
6484
22207
2727
29793
2315
28407
17703
4009
23068
2380
27351
26837
30511
8850
3781
27138
30713
12667
21363
22533
18705
32533
28992
3850
1535
26772
292
29306
14742
28242
24480
5155
30853
13332
15349
22163
2600
22159
10133
3780
5028
14891
14807
26879
31026
14086
7150
5370
27067
17980
4380
32068
18598
5222
20259
3554
27118
7520
15101
20027
21623
13648
24012
21041
32418
8931
9748
18065
14623
11994
18728
7341
15362
19654
22754
6471
2585
16655
24983
19121
7805
26683
9290
10803
6248
877
16672
27821
22854
11820
26132
18045
18703
24934
21996
9891
13523
10165
23404
11555
31639
26336
31945
24747
32095
25253
865
26486
140
23734
11176
18288
360
30209
4454
29083
8192
13620
11296
7345
8242
22145
28627
13067
12294
18591
26089
22465
26690
31505
21093
18195
15160
25002
14689
5640
17891
20817
22714
5460
14130
6658
27146
23423
16804
533
16598
14916
19221
1731
6409
9016
20184
1510
10657
16300
9733
13568
20393
16339
10772
2431
25959
9512
26027
30271
6614
3082
18357
8785
23639
14505
3252
31995
12451
27430
21080
21247
32516
16118
2384
18720
13509
6536
14688
24547
18662
27687
19380
25747
30997
19745
20340
29575
21210
11305
27800
28584
23826
9722
30974
4909
30110
15165
25529
32169
14172
28333
27309
25416
31830
3705
20057
16725
20538
11497
30707
15360
26379
3141
17850
2399
27669
499
29064
3506
15654
5343
17830
3307
26107
23328
5093
5486
28665
23256
8938
2069
23070
29275
1482
24951
19766
2964
4567
10346
24658
7845
26297
9670
374
18382
15552
18796
22162
29840
28024
24711
10931
27666
27262
274
15227
14019
5779
20123
31439
10561
13551
31814
6351
5754
25303
12308
27147
27921
20338
11109
32243
17411
9689
23740
31120
6794
23917
16067
2674
20289
25709
10383
1514
4745
22728
29476
2169
22572
17199
6204
10631
3137
2159
11844
5976
3920
1278
26024
12093
15798
1747
27472
26119
1610
6523
21611
5313
21568
22634
30571
32159
20558
15247
22096
7473
15630
4651
32298
7132
29348
8162
32729
29579
15776
4115
26136
7586
9510
13157
19642
23860
23628
15266
32050
31093
25283
27081
13401
31858
6330
25182
30060
18943
18943
7173
3668
8945
29799
7247
12587
26766
19825
30420
18171
13378
19238
17026
24521
6036
13379
31028
25554
6231
31642
30086
27156
15653
27318
744
22544
15881
24510
13298
11983
11644
8859
29432
10531
11667
5469
221
3887
1398
17371
22060
25385
11028
5786
6756
19295
5397
11505
9620
23928
26896
8810
16424
12029
23039
17258
5379
20248
19184
29973
2510
3483
2557
21612
29071
13123
14205
20664
19837
3903
11644
17708
4115
32236
31593
21958
5731
19683
18959
4982
19373
8245
15303
11138
11056
15605
7403
9769
5184
23799
30861
30855
9369
28632
25961
28088
3315
27966
7961
11072
5078
7265
16264
21674
15024
29899
11433
4720
14629
31836
3689
27
17062
18064
24802
17835
19013
30981
30417
24633
14535
31031
74
24027
18683
10126
27050
4296
32331
19356
9934
32189
27025
5535
16002
2463
12332
22862
10812
10849
2386
26066
24075
7976
9639
7954
3274
29613
13583
15411
31897
21219
32449
20319
32654
27867
16286
31430
25767
29668
17088
30435
29955
29942
26709
19969
20818
3921
3758
28925
17291
20321
4499
2381
22749
12517
21466
11329
22503
3152
1848
21385
26411
29551
9814
16120
30656
16717
21799
9096
18504
24916
7034
19357
5154
4532
11723
3214
17121
9481
14431
13665
11260
1848
24720
23254
17094
2457
28773
9384
16033
14940
24677
15
4975
19237
13229
23433
20042
19194
23105
20442
10869
14175
3488
23121
29330
10431
23451
3150
533
7694
21350
21505
31480
11181
2288
17012
945
4494
25200
29388
8545
31896
25664
30412
590
30541
28399
27802
19603
19882
9106
8646
17686
26702
25178
26504
25275
25311
5996
31817
8663
25002
18924
11877
11240
27273
8539
7216
10115
17674
21796
13623
17549
9677
14961
24776
22702
10542
25667
28084
8195
24868
2498
12115
30227
31337
9938
27593
6917
15580
2790
32648
22800
27427
18969
23062
7730
17812
17531
14353
24101
13398
14248
15984
20623
23747
3744
23307
24441
9745
25554
3678
23042
28978
27002
649
16212
2040
11309
5020
13784
1917
25522
11538
678
18882
17940
8347
5440
4758
4341
23071
31615
954
15653
5375
20941
7234
4212
30366
917
18238
452
12832
28664
15770
9058
6513
18114
16195
1942
16265
12700
26507
21368
4079
7555
8399
29702
32636
14456
31575
10612
14946
30585
27517
23747
29549
14513
13074
29589
14472
21996
31229
5696
28802
15181
23077
7201
26130
22083
25234
4659
1049
28857
21967
4063
10024
19597
10130
19990
10306
4932
32158
13470
1251
28156
14313
20905
18496
22945
17402
28588
6609
2916
16278
15726
5389
31081
11931
15456
20085
23488
18476
26924
10707
14743
7950
21136
26052
22190
10578
4717
116
5387
27445
23835
22953
7918
18756
6912
13827
27911
17860
16481
1922
31975
11600
22391
8008
19381
30404
28870
11424
26914
23130
28074
11584
13982
25619
22835
13003
9933
1369
17202
8602
4404
27106
20884
19644
28217
5079
31727
4923
3914
822
9563
25249
10076
27765
2179
17083
14231
17000
10748
20125
13391
5988
17621
16102
30263
6565
25967
26950
19409
12013
9870
22845
16169
29550
17585
26149
25539
8170
31647
27250
16594
6937
25155
57
11178
14923
14521
26351
9848
30030
23721
30324
5937
4498
22484
17231
27336
2187
15596
22588
30884
11607
18089
10468
14929
21921
27929
8683
11126
2501
25912
31279
26119
52
16064
10575
20155
26651
5186
10091
26049
18239
374
23083
4015
28459
21456
21251
27323
19854
10579
17077
1069
7135
29098
17943
532
12866
1397
28694
5432
431
18401
13563
18257
31057
1659
6893
31094
23340
2886
21431
9944
17411
5386
9164
16304
27257
10736
14984
12406
22902
30796
24505
26964
10700
14778
6750
31194
32539
19564
13487
5363
19442
30402
16733
4376
8502
2331
1562
14531
3272
20972
28508
32551
19298
6159
29022
27934
20930
3933
31336
23139
28939
31614
23121
18177
6760
29952
17218
26891
1522
1191
18364
17038
16596
2308
31197
21444
26284
6729
4063
15754
2613
24668
12769
26644
4388
3882
21738
480
1871
32062
18219
27368
11540
2194
20868
24604
17657
15781
4682
31503
25744
29901
30024
23025
19614
22991
27907
957
3195
4525
20803
23731
29884
29375
1742
16137
7440
773
21623
3038
360
12476
2391
18543
31323
31023
22619
7053
5320
29136
3327
16207
3261
26503
32088
15108
28567
2122
23896
31083
10603
19182
22350
3879
421
2365
3500
17773
19183
72
27149
15616
19029
11007
23926
15711
6566
11006
30172
1084
2333
13226
27879
10545
17472
11133
5110
27055
15881
30622
16739
28983
10308
9653
8968
29132
31288
26621
6658
8360
19081
6043
948
27438
93
12590
5135
30752
8126
32679
9489
18706
13632
26971
8076
4126
9443
4950
24873
3546
24634
20210
17324
2951
18381
1449
10618
17803
15293
5928
13144
23074
8102
23972
885
4176
21961
19569
12715
2842
30059
23761
21762
15605
16504
15626
18038
12159
7276
30139
250
29549
4723
31087
17084
19652
6863
21107
21419
28493
14203
25317
5431
24386
8718
27406
16215
19022
4321
18930
28369
27829
22388
11300
26806
22222
26126
7391
14123
9914
27812
11603
879
2640
9468
9789
20762
7511
2067
30650
32419
30712
29371
23389
12069
370
32136
23679
355
23312
3053
15062
14345
30553
22179
23370
14133
12678
30026
15107
31541
31033
11091
6343
27795
26219
31773
18563
13646
18854
19038
25895
31595
3189
1733
21687
9388
30234
12766
21151
1952
10366
13621
29768
11740
26990
22462
23528
2951
3075
20852
3486
20508
3682
16961
6846
13419
16294
4126
5994
27105
539
28795
3682
3850
32173
8417
26396
19796
22176
4822
29208
1046
15489
3841
3950
9424
25948
5006
9129
9397
18735
29140
20183
10086
12703
28469
6625
18177
29162
27974
3609
7514
23325
23856
27410
29320
16519
599
28340
13476
8301
18489
25487
7373
17663
12184
26992
9583
29067
5851
11314
13765
28657
25010
31959
9885
4695
17401
216
1116
32029
13279
27576
12865
19731
18247
30431
21230
28138
110
2982
6692
13545
19918
21423
27598
5089
16707
9079
27713
30819
17005
29486
26050
11056
16469
22982
10056
17393
9811
15946
16516
1321
6191
13169
16159
13415
14726
12659
20803
17088
1135
8731
29020
22908
29535
29469
32544
7952
586
8875
27085
18509
19211
31299
20401
18902
16646
27595
14064
15831
20492
17631
17282
20980
25215
11370
3707
20864
4790
7795
655
8176
2978
23098
25045
14223
23730
30340
22731
115
17653
4147
17051
5039
14719
18201
668
16074
11021
32014
5916
23408
20204
2880
18781
20328
28438
25035
7901
18630
1439
17802
28634
2658
10063
8236
18198
23688
401
5770
28376
30193
28555
22839
20275
28914
27279
25433
394
8436
22962
7096
15700
23588
1210
3093
541
3436
11838
8893
8909
8865
6408
12894
5677
11006
31934
9240
12455
14801
11714
4055
11086
24948
31830
12001
7198
23167
3844
23723
17284
11068
15421
6641
21281
25435
10048
17925
4555
16359
9277
616
212
19321
10170
29847
26255
20140
17719
23079
25105
9424
269
8980
27701
18659
31132
1623
27107
11965
11173
17590
13201
15498
22005
3552
13833
30845
16452
15289
4205
16067
26972
22515
21369
5046
24702
8158
17929
26196
19969
31361
21211
22255
28476
5353
917
22053
2470
6337
11530
12307
6460
12579
12473
22470
15907
20910
30614
1778
11663
29657
2574
1511
10723
16006
26949
12224
17946
19419
3490
1758
30821
333
11917
28053
16405
11773
14199
22308
25276
25416
3611
1259
1167
15257
3588
9176
8207
898
23888
24099
8425
30988
32435
13627
9754
5451
17599
14336
12118
5173
2658
26930
14763
11956
21680
27177
3938
15097
16866
15815
20262
10004
27039
14252
28264
449
4731
27560
15105
1413
24766
12662
8217
23034
25190
4263
12872
32615
7279
10460
18172
6292
32081
27192
6939
1757
22731
12821
19689
3204
20703
8182
11563
26956
20510
14013
11149
9539
31013
7711
25153
32223
12136
6228
1257
10572
7470
19
14007
25605
23261
25277
3026
31906
7032
2777
14844
20976
614
3776
15475
30535
1653
14233
28436
29464
1566
21640
25798
19398
28939
20003
32022
22199
10966
3622
32031
32170
2836
3943
12205
28235
7826
10764
20642
26628
3550
28667
18328
7191
19721
11666
30151
21482
30892
25241
6953
20897
1065
18292
5853
7922
7475
12957
1738
15925
26769
29266
2692
29115
31774
28299
11635
3425
14869
10031
15410
1637
29067
25223
2357
13688
26685
8179
25775
32532
12684
8924
19378
22031
30406
10729
4760
19569
5287
9846
3747
9859
12832
2114
736
9256
13398
29031
21585
29808
13294
26256
18762
1899
22408
20326
22556
12859
14217
23371
18673
22893
12062
7755
12023
5514
15998
31311
31937
1512
25199
10388
14314
17862
1291
30556
4091
14232
27588
4068
23694
6816
18086
22677
18100
7870
17628
18302
8597
27273
21110
14594
13910
18334
25449
7886
1856
26937
28631
6927
19998
258
1425
23521
14822
5673
4827
19210
12188
21172
20079
26088
4724
15128
24772
20904
22327
1031
12943
32697
26343
31370
1163
30336
5286
12879
13429
4686
10964
28228
21339
21135
21368
30565
28951
1860
24545
21969
16663
29363
13197
8228
31839
13148
22089
21761
9424
2608
29082
29422
3498
20734
15708
16997
19792
13614
8105
1575
31819
2737
1020
1492
26002
19256
11670
9913
3080
5540
2337
1769
10567
16830
16788
20111
2460
23593
7254
11138
26962
7829
24742
11034
14132
14388
20026
26179
24653
31346
26406
13263
2290
15841
4352
21777
22275
4978
20802
20647
12653
5611
10479
28567
6387
28565
21370
4254
32303
26677
27875
17860
14547
3902
17187
28724
1077
22085
22218
20043
9483
12213
20199
12271
7282
1476
25640
17698
3126
7590
1858
15062
12365
15104
18067
6659
4516
6047
14086
7416
22047
874
25656
28399
20955
16533
3033
2531
15798
28696
10324
9894
14097
8800
3762
29486
27860
24644
9147
815
7603
16442
27743
12016
19376
23499
32085
21591
18657
14660
3586
11845
372
32175
12956
13866
9968
31489
399
17360
8381
28309
10272
24443
26087
985
12880
31284
9247
28488
2563
98
22531
13720
29025
31386
15007
29492
31869
12472
10291
14316
20020
815
25654
19179
7257
28317
24220
27370
16143
28067
24149
24228
20341
11507
13590
27018
6537
17834
24667
30903
25926
29153
15277
7206
23312
28542
10272
8227
1874
1360
19745
23295
16742
24156
22126
776
31157
12145
21350
8376
13087
23299
7043
28973
11165
1846
23589
19673
30756
23096
13201
26235
6093
20692
32057
30286
16948
25412
13118
9600
29981
27719
2355
19941
1374
1652
9252
25069
14073
21454
5078
4308
8328
25496
29009
31512
24030
10859
18076
2864
21995
16517
9160
18043
6112
23140
1327
10871
5012
12180
28414
27187
12582
17349
25073
8199
3045
17952
3422
18306
21612
31451
25205
5028
7697
25355
27846
30029
7041
5818
5124
26102
3748
1338
11016
19103
28615
4024
28696
776
4089
12820
25194
31012
15029
11761
4324
17611
6850
27656
17958
14255
26200
1985
13770
26001
5764
14596
3818
31925
11725
4172
6115
659
21016
14590
14169
18639
15817
13818
3708
11883
19499
19567
2185
316
9490
4339
915
5018
19391
19155
30339
23132
5379
8615
14430
9988
18600
18730
19654
21046
29196
8009
22980
27247
9231
28794
10948
15091
13359
22095
25825
16135
12530
25675
20579
21857
6021
5876
23430
18397
3234
14633
14974
31601
7350
13238
18615
23651
18244
31526
3937
23225
22916
4057
5420
2802
23633
17494
23376
16115
6466
15841
11217
11076
31510
25425
7425
27772
19797
11804
28230
250
7988
4532
8733
2774
19897
27926
31071
28183
31009
15007
13252
7975
27007
29218
14757
13700
9893
20793
4870
5815
18247
32216
20435
19850
15198
14120
17770
24950
5579
2194
17754
16987
6461
13081
12650
7284
3156
16622
4318
10377
6407
30526
2805
19558
15171
6735
27318
8077
724
14283
4076
10280
11401
27484
29040
25665
22163
20856
5286
29493
21551
7295
7754
29542
25733
3
24685
26673
20687
26214
2490
15392
13757
9387
23038
13152
31768
8326
32744
25205
17575
7349
1037
32044
19279
8083
25902
4561
1405
10219
18878
1187
32713
9226
27295
24453
16083
24344
6957
18934
10097
22696
4733
15683
12813
14989
23014
18683
27976
24815
1217
31652
5091
10399
5486
17324
14816
30632
13208
23715
21732
13351
6073
7335
9184
7516
20448
13855
14832
15104
16818
16812
12420
22233
3502
9308
17597
13453
14262
9761
25626
31668
14539
19586
27731
2096
24089
19857
8837
5313
6451
12061
9616
29652
9631
26152
24509
19100
10133
2715
15269
612
10244
29497
8270
25636
4566
19922
30870
4690
5237
1977
18901
21754
3982
6776
7614
27665
27669
4289
17286
23559
1673
22440
11337
26779
3705
12304
26281
12787
32583
21603
32184
10220
5676
9863
16152
18351
27004
31245
11360
22405
1323
20139
7106
5356
12433
3820
19435
2282
16746
10022
28459
30369
8225
2221
29142
6180
24910
27974
32746
7561
6269
28382
3569
8767
18481
18300
26921
3234
4904
19829
4835
3021
4833
32735
27433
10159
30556
14151
28323
5986
21537
20135
3004
20919
16003
22674
21248
3094
8486
13490
1736
7045
26815
6516
19994
27654
28187
26114
3787
550
16739
20594
13030
15059
15006
17468
23890
15726
29559
1266
20910
21537
3648
26923
4992
7795
28216
16833
143
21017
17673
16700
27277
32271
6549
30605
29689
1000
11250
13824
13380
15203
23219
28524
26419
29758
28010
26796
11140
19023
26731
19795
5332
32720
19922
31900
5312
20987
28615
8864
32587
31703
14336
29132
11903
23377
2184
4241
2392
27790
6591
3933
29149
3968
31139
31435
24208
19383
4173
24087
8968
1658
19902
18900
11229
24343
25820
13025
12740
9591
14264
15769
10235
7925
22802
18762
27112
3440
18207
20456
27645
11423
17290
28163
29662
6565
27832
9975
7110
22758
31824
14691
9511
28184
20219
6108
24208
15005
6504
23010
8404
5648
28308
14610
10089
21790
31560
28318
18446
12951
6883
1275
19888
20164
10585
29145
31375
14588
13948
3160
30109
14194
32378
13177
10022
16721
19367
14546
18614
24331
9597
25479
11320
25837
28897
8053
32347
15352
26024
11440
2106
11500
32090
25392
13371
24997
16182
24263
23095
4266
3446
10070
5852
1796
22484
10561
12880
1100
22348
4640
23063
7432
14116
26040
12855
5944
20266
24361
410
29995
21309
29288
32179
8855
7182
496
31077
30697
27944
7349
31520
2010
23598
22618
32333
27459
15716
7075
25580
32562
14705
27949
22139
18749
28772
6749
9498
30230
19956
19094
23022
9824
29452
21167
4035
32193
22663
23716
19189
10297
3896
14219
22928
18866
16685
25546
32438
3032
22580
12168
27969
15914
28063
30561
21930
15441
26437
24414
2858
3761
26057
6180
1054
31039
26655
1131
14768
27794
18507
21170
10932
3388
30060
24369
1488
17754
3834
29200
16096
5226
17740
11734
5016
4445
9053
16932
17259
21229
9679
13987
32428
12849
17200
25147
20724
7023
18813
25222
2755
24881
13540
10116
28266
17819
25550
26512
9256
11771
19485
3986
14739
13474
5554
887
12345
3315
15923
17118
24456
28089
10763
17940
11755
30142
18098
10051
25910
16025
8750
27622
9796
4551
7130
640
16350
29693
4710
18574
27871
31421
13087
11450
15766
8232
20080
16721
12396
2323
21929
21239
15815
29020
26112
22426
23342
12926
1238
18852
14765
6244
28987
17269
17275
30843
11955
28432
7386
16139
11578
7700
11327
26311
12935
7663
28083
3747
26766
7246
5497
8677
13640
12247
17905
18047
16310
22811
23740
1436
17956
4038
6945
25209
10667
12313
11695
21366
21241
23707
22308
20845
21589
10251
17038
28994
27869
7064
16560
15291
20754
27989
29863
14226
23703
31463
13262
22985
4406
23680
7390
20542
1828
9234
10842
23167
12934
7356
17450
9439
8755
7817
5253
22986
7100
19033
9237
23893
14506
16927
342
26393
26886
12621
30528
28226
32543
14733
5925
7139
10375
6066
6620
14221
30815
5358
23583
16927
26324
6213
31282
13023
27114
27713
20165
2762
2937
3304
22812
12841
8308
4587
20077
21605
1393
2336
23178
11804
1126
21810
21439
372
18353
25752
26110
9392
32348
21699
31033
24321
5534
21916
22288
1950
11173
24877
21420
6934
8082
7070
32235
15077
25286
28516
6845
19270
28508
14773
28622
9033
2038
6975
8549
805
9405
16665
10124
17615
12707
14842
7793
31436
492
11177
30220
28995
7404
31924
17666
17750
18450
18021
17097
1714
29221
8946
11533
5989
25550
11252
7251
15857
22871
15642
3037
7582
27058
20255
6349
2324
24253
32505
15501
25384
25284
5460
1645
503
10055
8766
6286
18481
26878
292
27648
26808
29979
22781
8231
2154
5071
27845
22883
12858
31759
20525
29423
20870
13464
21649
2058
9893
1585
16938
6229
27071
25392
12677
19325
4065
26687
6451
6169
26192
23136
25539
20950
30750
17967
8685
25297
29180
9319
11536
13380
30799
10152
19935
2661
9094
6008
15190
22411
5802
23687
1524
19091
25654
8759
17188
7298
13610
12635
3324
24939
26203
26687
10793
24724
4109
29674
29226
14292
11203
11935
16829
20031
19542
18346
5015
23046
7237
6233
4440
32152
5708
19016
12478
16397
11320
13025
12569
25797
20473
2084
3327
26188
4857
21156
13376
6273
20396
16594
8732
13816
4457
16254
9140
23708
11896
31643
25279
15769
18540
12611
2174
1145
9906
27643
3314
14732
8043
7223
1612
9102
631
9761
3237
27780
15058
19862
1519
3559
6692
9073
28204
18436
659
22541
28638
10403
25308
5893
24766
25831
14498
20542
30384
2677
3334
4648
18679
19416
8055
22848
29093
27685
13003
30938
25430
3546
12431
285
18206
26892
5788
17999
30400
11458
25323
27987
26401
3996
29099
8559
5884
21432
400
22355
21974
16853
21101
16727
30517
24505
4613
22789
17933
26065
2847
8663
19579
14360
19160
2369
17333
26169
12349
2034
16450
30456
6681
26712
28262
718
9996
22114
29409
25043
15325
7305
17369
28898
17425
12817
3604
12791
24765
32396
31338
19419
31128
30369
26490
11524
25684
30219
27549
21942
5679
31460
13080
3439
5061
9764
3734
1922
4904
9573
17877
15106
1074
27113
671
29153
29466
20701
26620
21337
31046
8415
10662
28043
12384
191
14269
615
23468
19330
21180
7115
15257
26029
7084
10991
16278
30656
29847
14080
2598
12800
17728
24331
31543
32121
30737
13085
13488
15940
17237
10409
19785
2822
4775
11817
9631
32185
9386
8712
5000
431
12539
12480
22435
17107
10852
24128
4404
8755
29011
16016
9263
21435
2698
8631
17811
2371
11799
14045
8697
20173
17031
27309
21101
31751
6231
1277
4988
24344
31147
18865
29326
1176
25154
8412
25975
16608
29610
2601
72
24197
31152
24442
15723
5663
4891
10958
3055
13135
21146
4968
6176
2816
27642
9774
603
9964
16796
32079
30752
19042
26151
2856
25449
13383
26234
3177
9274
16988
28645
25971
2170
22974
9880
28421
30209
14515
16475
30232
31474
5539
14208
29447
14411
12133
10774
15347
23226
12989
14688
13926
5555
6434
32134
19510
21695
25796
24969
10157
5911
24013
31612
31462
10609
13543
13554
22138
12826
12031
22451
21341
17221
15945
21171
5122
26531
11397
19268
24774
23859
14976
20106
25483
29276
22749
14127
18083
14649
24085
7001
15089
1332
23997
22233
10570
26326
1288
1446
4897
6621
8332
649
26212
6543
12105
15897
18593
20303
9959
490
7533
3950
19775
29698
19462
22595
19229
28300
2103
1918
23620
32721
8828
31161
16563
9827
9063
18512
21287
7579
13890
6515
26849
20038
9974
13945
24233
14236
30508
23671
30483
25714
20145
31506
28161
16560
19231
21905
25961
25348
29370
14903
3929
7896
20120
17359
14648
29314
28677
22920
7246
9659
25893
24835
6023
11347
24795
22187
13939
8483
6634
16453
10642
27970
9562
11719
5071
28540
20510
15470
20810
14335
15347
20491
7002
11352
17291
30366
11731
10142
27115
10789
20868
27373
22802
25782
28676
29206
13275
15052
5295
149
16164
28639
32491
31428
9776
14647
10672
24398
24138
8961
27719
29925
28075
19363
6225
56
6558
26957
14604
5663
16354
19920
22482
24089
24400
23732
27106
22777
5053
10116
19299
32732
2338
9325
27558
20318
10747
13064
3756
4878
3308
25459
18408
1311
26026
13222
4677
5728
32025
14084
10603
29294
29874
23601
2110
5159
22824
17700
12456
32355
18507
25981
8345
27871
11820
23320
6220
4474
23938
13538
5579
12708
1868
7147
10677
14355
21944
4797
2367
3767
11844
16109
377
21745
24355
28911
12243
17920
15330
24110
9183
25532
27979
16732
20056
14726
30858
21767
24932
19327
16782
23662
1558
1528
3250
11922
2871
16682
17309
30608
28998
11559
358
9261
30653
14865
10748
11187
3990
20618
4294
11260
22286
28267
29318
3020
681
31673
18051
5988
22390
27605
10983
19283
6804
32498
28774
16784
6645
14284
2336
29894
12898
22936
24265
19951
30399
566
21511
12324
23697
13486
29979
30387
4541
26586
7108
6515
24466
28000
2656
27476
16138
17636
16981
10042
589
12155
6575
16140
14199
5986
21515
8455
10395
8176
17075
26457
7432
29129
12298
9707
16331
5973
6699
19070
20341
32112
205
17145
31518
27747
19050
24065
4265
3347
1184
6603
24650
20089
983
21806
31046
16210
9764
5885
9210
12312
15725
24467
15647
12592
25806
14511
22092
16741
17724
30595
16316
16533
3432
25863
24402
31402
8422
16531
30938
24268
17039
20653
19346
14038
15908
30240
10473
29446
21812
30030
26758
24056
29503
27078
23948
19669
27931
6169
12573
8136
20375
4586
17949
9905
351
24645
2616
15902
15391
10290
22566
14455
8427
32137
20269
26488
27615
22535
17384
23012
2818
24226
11848
8568
7280
32026
14552
13598
6073
30673
21829
17252
9860
29148
31261
2348
28792
6490
28119
165
24156
28164
17172
31866
6268
22022
27172
841
17487
29966
31692
32598
17752
31138
8518
5761
1354
21686
15754
15989
1903
3966
15308
24867
19274
13185
10054
9583
17020
30959
28727
12328
24036
12084
556
28990
30218
5069
3966
20783
4798
2906
13852
21187
22012
28917
24970
31993
3603
28611
3626
8513
13062
6856
20923
20971
21299
14080
19743
7392
13106
27563
27489
24208
9472
19688
4598
16683
23133
29829
9795
15380
13938
7446
3168
10131
25271
29508
796
14538
11028
4456
321
31210
25927
22873
30745
4774
26501
8321
7984
29928
21092
25143
11612
16835
12792
27721
8955
31402
14908
14807
2428
21215
8884
28776
19489
13613
25937
13111
3586
20954
25749
16590
8534
18648
15607
3798
1006
17467
17801
22574
1282
5872
984
20794
30768
13227
5908
30334
6594
4129
24177
10603
2096
18552
24268
3960
30437
5883
11154
26485
32326
29715
22238
18716
11505
29298
11489
746
15938
11154
16007
2605
6684
20574
32599
12637
486
12847
31388
6319
3795
22521
25538
3304
25959
29639
1538
18543
16951
19556
22338
19111
17392
28507
12854
14715
5786
16162
31692
315
25630
12691
14279
9894
11782
21147
20649
32584
29829
24374
5847
17414
20151
3227
15096
12791
22569
20403
18334
11637
6044
14544
24104
7028
17158
14236
15079
25875
1242
23376
17535
22897
9865
25382
10896
25026
17481
13072
22422
15266
28181
170
14862
11688
23029
19565
10459
27199
2943
31526
26343
5297
5278
9127
2573
7301
21394
25789
18743
25355
21048
22370
30147
24373
10892
28979
9260
13224
5228
27428
18406
27411
159
114
18057
20160
25877
6617
17970
2921
7792
14600
15142
6220
2756
14418
30905
5249
16795
12966
18799
3724
3389
10177
21088
27183
2350
12450
17889
22658
2551
22590
10592
5701
12841
27766
12944
25716
22688
23366
32711
28444
9221
28735
12196
5742
32662
1591
7156
19985
19754
319
15318
1725
30831
9429
28958
22022
20343
6747
17656
20597
17523
15304
22478
18909
31934
30366
2155
28652
20765
23324
5728
29441
9029
11188
17318
12605
11421
191
14726
6109
10822
21616
13494
11975
2649
2822
15557
610
32367
19270
27320
24491
5991
15145
758
5766
20067
29906
26209
13905
7956
18370
7878
30911
5944
6735
2679
20196
32608
32594
27446
17548
247
21537
23637
11729
28032
31421
29724
21229
2847
1100
5227
3660
2651
24521
11936
4326
2338
24826
32443
16587
18189
13218
449
26111
28390
3833
11102
6537
6504
15705
7885
10951
27973
19514
28413
28420
110
30816
10732
12108
24206
10835
13143
10367
22743
5904
12950
20901
770
22782
6082
23681
401
5411
31768
9321
3416
152
24994
32597
20539
23098
5652
9525
32569
11427
15604
8584
21930
27737
17661
810
21956
17988
19654
15981
29284
12902
15007
30060
1548
7878
3003
6812
15143
18093
7829
8612
18837
2581
31884
12911
11619
22879
26320
4735
15066
2372
10882
14468
13244
8974
23
15917
16842
1288
31230
9278
31369
26419
18050
7395
20550
6202
18673
20547
5208
1704
19966
20313
28325
27225
24420
10495
28264
8750
31436
21836
6193
6661
12273
27424
5421
19689
27138
21501
26535
14213
26696
29209
18639
20191
10760
27825
5050
20291
20907
5791
25003
30588
17180
9007
15249
1099
370
7471
1232
17
4047
21573
836
15055
22919
13446
10371
32336
25989
15427
99
21157
22763
1062
26813
26322
3321
3454
30320
29127
15408
19160
11176
8082
2743
5839
25440
24274
28157
3365
5669
8815
14240
31250
23581
27528
18318
21467
20553
12205
10602
29351
14599
28495
8497
31375
6619
4212
27421
11252
4718
20911
13001
3605
11991
26960
1431
10208
3354
9432
17487
15113
31726
7344
22536
13658
30404
20506
11852
19530
8964
15719
16503
30416
12954
19051
10848
14713
20401
4398
5179
30905
30142
25828
29630
17790
23489
8991
26755
22539
21448
9540
14254
11524
17332
26171
10959
30917
6975
12395
22026
25848
27454
26598
2421
19559
548
17632
29121
26894
12744
4710
11293
10357
8808
17741
20823
6717
22253
32616
15428
11512
18032
21246
3939
11582
12030
23162
15805
15101
1432
30821
6927
10512
10110
21394
14123
31507
12462
25496
2204
30070
7079
8581
10889
29649
3698
12497
12764
31095
30947
5265
23970
12366
26653
17645
9909
18910
13140
14548
29337
30375
26071
14319
28069
26552
2637
2259
20579
3709
15166
20346
5177
3801
7382
12276
23368
6004
9190
2394
3988
5207
20012
23812
32101
28598
12244
13819
27886
21772
31294
9393
32557
10862
24578
8944
21010
13336
31282
29713
12259
5709
4831
21870
19935
10590
30942
4890
24098
21512
16587
21711
30920
24578
5967
14119
8277
31959
2207
1295
25941
25842
24901
9593
27967
22775
3107
4434
24735
25946
4533
26036
1140
9770
7318
26204
727
32045
10054
1118
9950
28210
14122
15639
4032
5539
18644
25956
7994
27994
20869
13585
10033
21429
31216
9877
6808
2285
30273
32508
17812
5795
8030
4644
20702
21948
12653
5932
5226
1647
21398
8490
32070
11932
19722
4124
2756
12896
2884
3618
9947
23270
23951
27882
24011
16256
2504
30571
14592
17654
7781
3030
16697
10014
9654
4553
27625
16556
7787
8390
30685
1356
23895
27365
32032
25070
15475
16325
13340
30561
15142
15304
14337
25380
29635
30592
18539
2681
2644
19300
20031
7098
30870
31688
10197
14832
23364
24844
93
1698
9368
24595
13947
32235
22544
18166
5685
22735
13166
25082
27151
27087
26882
23744
10100
10171
20267
17340
14936
23240
10524
14824
13340
8163
27868
14010
25010
13892
10896
24659
3329
19269
30973
22009
28043
14453
2889
32455
3149
26600
21505
12451
7910
21202
22881
17265
7676
20052
7887
25734
6876
6806
18344
15968
6240
26646
22335
18580
27414
18240
12835
21511
25758
13886
17569
10081
20052
16657
29322
16319
30512
26593
13367
2473
22762
16273
1225
9795
6241
151
1461
4295
25917
30731
31617
14386
31955
3837
1992
24894
21578
23564
17540
25745
11772
29492
9357
7476
7711
26600
15708
6982
17061
13665
24085
28402
12896
309
6085
8094
26474
27691
6887
9061
10436
25934
3630
27336
14141
13120
17022
21664
16790
10193
26683
7767
25571
12752
10695
9304
13876
16674
20294
1732
11893
12560
20389
1639
22931
11493
29402
11754
12257
17081
26989
6986
2233
6280
32055
32137
29030
30599
16234
6819
27457
8631
22481
29123
21787
9658
22873
19895
987
9446
16337
23457
20072
16280
31470
6640
4298
7114
10898
13199
27276
14824
28749
7004
15460
3040
31269
31708
10518
633
10898
20269
7573
1253
461
13116
9323
1689
11338
20024
2140
12124
23171
22342
2630
18846
17912
6006
11852
27404
1908
30453
25651
2913
8849
27269
3852
32127
27262
21803
12308
32446
9216
12839
14552
20612
2231
6953
18589
4118
4003
32450
22782
16557
7911
6937
7639
15309
2764
4319
7266
31698
1544
8837
15776
29900
26433
29612
24571
28556
26573
23773
11305
6911
16316
10106
12627
18363
17176
17908
3191
472
25707
23615
7947
32001
16514
11395
6371
1738
6001
15381
22868
29508
22231
17573
27546
14288
6499
17849
8823
10288
16279
19034
5917
2532
1484
14092
3918
29107
15223
13316
3778
8072
32682
1942
6089
19583
9950
29933
24369
8000
11759
29438
30570
14988
24168
20414
14056
6677
2049
5011
24009
12691
29542
14601
16056
532
29242
3271
28433
6547
12380
18881
16965
12493
10857
17839
5249
23376
28034
16829
10378
32213
1103
13188
7404
32463
13635
6713
15443
25924
30242
13348
11577
23004
14529
10324
17601
15928
29966
30866
227
20100
5199
20371
28106
336
8623
32626
31354
6555
25590
17501
182
7985
17560
8078
1057
12600
10225
24188
27811
26373
6863
8787
16398
13108
31025
31650
7938
31991
29262
28244
2318
25518
3545
29154
11287
24760
5764
16839
17150
15241
3523
4659
18301
1021
3282
32003
31570
1772
14073
15089
3232
28927
8463
32008
22930
5058
21053
31324
5953
250
16900
1527
24536
28728
30593
16662
27638
8878
11760
15766
31571
14658
8816
9385
12455
12513
28421
13773
25799
30998
5859
12799
13585
22747
10218
1835
20747
5551
5485
20456
19271
4328
12343
31586
29066
20299
24528
12695
28716
7898
252
18375
17602
20205
3461
22821
17403
11908
28986
22483
14024
17628
12344
10765
21184
30784
17000
10149
4546
5922
18505
2991
11484
30570
31984
11901
15979
8206
2381
7118
20356
12515
7343
22850
21651
31923
28298
28945
23874
2447
3449
5373
31645
27494
8063
28037
9843
11479
30610
26972
6911
14916
9306
8473
455
808
23606
9008
23237
17834
27264
15393
29893
14450
530
3823
29710
1723
6408
4564
11332
21161
12744
17203
20877
12765
13632
10958
17651
22600
17007
31545
10
25916
5927
26511
25554
1737
30225
355
28382
26438
11761
13049
7862
6446
9771
10678
123
29998
5255
17622
13513
7803
16433
23645
27361
8553
30212
29776
5896
24634
4615
12324
26666
16947
16952
6775
16579
22774
26249
5374
14080
28683
12841
1215
24609
15040
29188
3712
27425
5171
7309
30591
20121
1453
3771
32355
3554
1841
6737
16499
22905
11861
18787
32518
3752
16209
31510
22842
23139
21590
15783
19945
881
3873
2479
6617
8140
2255
17061
17971
14665
29683
8356
31543
9595
9446
26478
27437
5333
29790
3762
27039
7440
12354
16266
709
17100
3773
19272
10049
18042
22418
32626
16397
14457
14255
31499
16049
6271
29444
26900
32185
1083
26773
17491
1382
14649
7374
2131
2212
28165
15895
29612
11836
18067
22441
16260
31307
26590
9888
28758
27635
28368
17745
9203
9040
20066
8413
198
9133
22788
27911
10843
1528
31039
2626
24355
12148
23961
4622
9073
24750
7097
32133
7625
12466
3787
6705
2138
18558
29990
16673
23497
29367
4396
1084
5936
21403
20850
17877
18791
23863
17442
28287
16258
21466
22941
13602
31898
30409
14948
11598
24273
8500
13368
4048
5520
30569
640
29059
19731
29768
30188
23657
13096
27383
16216
32506
14643
20695
25075
26044
14198
25526
4256
29460
21903
70
31388
2396
23618
15565
19297
6965
21625
7199
25035
5663
6025
27850
634
23367
13495
10384
2423
15007
20475
26650
24346
9268
24068
16106
13355
957
24955
5010
18759
31343
3468
18467
17797
27417
29091
18153
24666
3180
4723
18261
25274
30106
5181
24379
17280
22820
23119
13374
25360
25068
16331
24968
10811
26258
19881
26046
4195
26365
4607
11570
19679
2104
31872
3163
14240
640
25667
16003
7445
13723
6855
15552
2381
22379
12339
293
20060
28866
19682
2617
18943
7288
17438
12968
11907
15547
17452
12601
21218
6823
18314
21760
20016
9238
11124
20949
25141
15290
4012
12549
31068
20329
25467
14919
15308
10423
17395
26865
32724
11210
3960
16747
6540
30826
21119
6884
19897
8536
29076
12613
27634
28129
13474
4963
21505
22962
5999
16761
27276
18158
870
4053
16629
5758
22169
8657
29822
6825
23558
4357
2225
6116
6425
5307
16639
18411
5235
15779
15783
4880
31210
6601
24537
29651
16337
21699
14619
14516
12665
10287
2541
6213
759
12381
5032
19331
21032
31048
16812
8806
14579
22475
28090
18103
21710
25361
17311
8482
26500
8782
2067
5260
30005
17068
18144
935
926
27017
11335
21699
24218
30431
3487
26599
1513
19459
25919
13088
10289
27283
17822
31001
20290
32681
1977
19948
8606
12117
14517
24120
23865
13387
2758
11380
28541
10200
19791
14466
20113
1563
12363
17799
30683
17009
22251
12795
14276
49
32128
5628
7867
17306
13980
7144
18300
12041
884
18218
21138
8303
19337
7508
15130
17155
30600
25967
26827
26932
13166
29070
9011
17122
7151
9898
19011
17357
23321
13993
30734
20046
30773
16576
28622
30277
24302
19451
32296
28754
25013
20506
11953
328
15203
16543
31408
478
21536
20005
21798
19112
19844
20979
14347
7238
6653
6097
5851
22492
9073
31259
23121
7106
17700
1043
18802
6268
7387
3707
974
12780
30530
2660
28931
16582
23435
28225
18818
2117
31320
31039
7318
13340
987
16601
30626
29360
10555
15526
4778
32644
19770
17526
9748
12788
10262
13470
19888
25639
25260
11408
7415
17983
27875
7087
18576
29138
4936
4193
2329
20894
6134
32101
6947
12664
21177
26983
126
2694
7283
15569
26296
24494
2494
8677
22240
15950
14546
11017
4751
14126
13994
13153
16938
25523
16226
11683
22625
19285
24036
21799
20219
15698
11971
30014
8406
29348
19047
15045
9513
3121
6763
17402
12301
16707
7747
25230
7228
21047
25378
17403
8728
4985
13082
29719
8175
9392
16262
28137
14205
10293
19109
11964
25778
3786
5255
32627
29110
19337
3885
26652
27691
1050
7660
456
32690
4393
25618
6809
22960
25367
26316
24604
31314
7920
1607
985
5838
1950
4630
3625
28908
1884
31956
21320
18374
28013
29450
16043
17867
13325
22866
26772
4106
25256
30141
10723
23214
24650
18547
8751
9924
19031
22425
25621
3397
9084
29304
15312
15184
28389
12251
17418
951
2992
11192
15602
10685
25762
18451
22927
18718
18457
29984
30548
32592
31810
17576
29684
14857
25484
19629
5496
20225
17757
7505
14478
16633
3843
19956
14628
22012
8429
26013
18741
25317
31771
8859
10723
28705
25555
25964
31431
7094
18326
17117
4997
23684
2386
371
7075
2763
29657
1546
21659
20974
30098
29628
18990
28535
29550
772
23804
25434
18462
21539
23378
30078
17284
16579
7235
13433
15975
28891
20730
20892
5738
14034
78
32303
9791
30439
24727
11773
3608
7632
960
25364
24670
27297
2462
26310
1702
4080
19584
5107
29409
28727
15368
5771
28882
31097
23097
17486
11206
25641
3792
29398
15487
22855
17624
28376
21361
17356
1657
30887
21297
20808
2833
27129
28458
26058
27526
26862
8850
1792
28890
19534
5020
671
12543
5394
14063
21509
28141
8487
18264
3358
27379
31598
26043
18052
11338
27911
30032
23274
21744
13263
2059
29114
5811
551
28508
7421
26764
11256
17689
3708
30511
9460
185
10276
992
13342
27842
27567
9608
140
4228
3457
8200
23403
25096
11984
17869
27461
21572
776
6053
7295
5520
25710
5841
31526
4702
7171
32091
23019
4133
24747
20650
27243
29854
20878
595
10932
3379
28607
4914
19461
27317
23324
27834
30422
9549
22133
25737
4120
7349
22256
7743
25534
2215
8875
16273
22652
28054
17060
10905
4303
18845
19414
12912
7485
3509
17317
32255
9182
14122
9084
3346
8475
7504
16309
5038
9654
18290
5561
8101
13835
24331
17768
15463
11925
4664
14779
2331
20915
31342
17575
29935
25260
23400
12869
5548
29169
20068
5937
19597
16035
11663
24112
11601
20821
21438
22805
23439
13331
1118
22757
21066
27555
4014
4409
18885
5642
1836
19172
12184
21075
5708
10710
25860
21899
21360
2624
14212
20752
7445
14585
18340
3596
22346
2849
21014
25148
7527
6404
3843
25078
15355
8256
7071
29546
1798
20779
8704
10024
24681
2927
13104
31202
666
19959
1921
25459
25500
24079
6432
22305
17455
27078
19693
6431
16196
10647
7562
3414
28083
17737
31922
25446
29232
20
24269
17383
380
28677
9409
25332
15064
17572
22538
7146
25791
24787
27917
31341
25044
19449
32681
21676
29210
15968
15888
23270
5219
19676
30165
16430
7179
30638
30534
24683
20197
8359
17147
1954
8054
11409
13743
15992
22369
21450
9807
16370
17955
26162
10833
31872
18432
1607
29767
20026
14653
8079
180
17001
10640
7223
1310
7241
25557
7673
21860
29965
7682
15939
13138
7460
25949
6549
15475
8891
6893
10794
27174
8579
5166
13788
22516
16308
13321
21314
17441
31826
4098
18971
32385
12975
30132
21231
14733
30513
25722
31219
29110
12629
20336
10542
24314
5876
15258
7642
9396
27845
3682
19725
13240
12324
8264
31640
4767
3601
26581
3375
96
19324
20688
20171
9505
704
5045
16461
17740
23149
8547
8548
10980
6474
30485
17840
14618
15258
28307
29736
24091
28063
24234
21945
22317
3933
8153
14127
31482
9632
18765
8793
32299
23616
14864
4712
26169
32164
17021
18329
7808
901
503
32276
25494
9460
19674
3091
30938
1439
11954
11078
23632
27216
23723
29047
27820
5814
11337
15466
13740
14440
25177
5383
22187
807
28200
19898
14196
25187
25842
24603
32596
25601
20893
19914
627
16476
11431
2205
6499
9098
4190
9726
5882
7136
32079
24974
20573
20920
17152
13071
27486
27761
24802
31616
26376
18616
29569
3465
4727
25606
510
5402
26094
8554
16319
8784
29219
19337
5733
23448
23005
30691
3070
6934
2497
12120
22908
31560
8809
32746
17767
5862
18615
23492
5838
13
20585
27004
13443
12957
29933
10645
17544
1504
5238
5448
24516
24940
8527
6787
11770
14666
15728
6451
32252
5463
13391
17855
11804
10219
18168
5332
30948
14265
32352
5224
31239
24822
30710
22009
32662
29118
24700
19990
31607
26035
4373
19745
10516
17639
671
30035
15184
27132
2882
20992
9919
29577
6729
29725
23574
25792
26161
14335
1760
14670
16640
6245
9331
28803
1753
12985
1827
21427
23244
24723
6581
31708
9714
2687
30487
23176
3258
6144
10830
18933
20094
8405
10927
26740
17242
17274
26706
17167
27709
17650
31940
4974
18752
24004
21500
5372
27191
22596
24976
13637
28038
25619
13865
9122
24887
17129
2357
1049
14921
12946
2779
18815
22090
14391
4660
31455
15144
12511
31672
26656
2372
19253
19446
4577
21448
20108
27273
18600
21307
21280
2375
18236
9810
20383
3003
19535
5385
8168
726
30560
2547
26898
4321
27872
13774
32432
18870
1428
4443
11603
25392
3386
12653
3665
18912
21615
8511
18629
28161
6608
14090
25559
23726
3680
5847
3646
31059
31018
22418
32515
27490
15911
32353
21383
5191
19553
17460
3783
8605
14169
22940
7647
4002
32678
7392
1485
12264
20192
30286
7800
2126
10940
20175
32497
7727
25464
21694
32504
473
16762
762
29122
11841
13876
7738
32249
4341
5194
7329
14085
20049
4855
11155
23434
5622
8365
18374
23857
7032
18683
7068
5548
1879
12724
6064
19700
29745
29518
31150
29909
19509
20616
13673
15789
6875
4431
29735
26737
9938
1251
7743
31216
26682
28470
8935
13148
12052
26005
29255
29702
3575
24201
24018
26729
23812
30976
21205
10858
26908
16040
9040
14046
9040
26012
20742
23629
25752
21826
3792
1781
6600
29299
27702
3602
27585
30429
24384
26205
14308
22438
8330
24019
27853
32594
3479
17591
7997
24295
1383
10202
27479
6735
29516
26
30224
21501
31737
31529
8929
23508
220
16784
20926
17732
28078
24051
14668
10422
1096
10646
12623
5162
6840
25120
353
28446
32660
19615
2026
21938
30862
2509
19788
12043
3913
32658
22366
757
8299
31689
20764
21196
24820
29767
23197
31132
19918
2073
5445
22407
14756
9742
16443
19559
27896
31862
31005
17845
3184
5672
29939
25514
14705
18634
17762
31139
8431
22604
32291
28106
27780
29622
20147
15347
18879
28452
25675
8132
31678
24334
10258
10777
11007
30925
11666
17830
26483
23643
25960
28383
4308
11099
26688
8980
6457
4441
28161
19169
21992
8530
17733
9157
21099
11383
24332
27921
23014
30254
17073
23556
10919
26970
32285
6964
2047
13020
26170
22831
7760
25946
15274
10851
28008
2622
1978
16955
11533
17410
17809
18315
24537
26028
11182
18478
2121
9108
10641
4078
13328
16749
28087
26275
20913
24963
1996
31135
1100
22850
31517
29770
27064
12024
21836
3082
1747
9436
7495
870
19990
30030
11898
26730
29805
9312
21572
4685
2117
2710
14760
8785
32486
31978
326
3051
11267
13843
6537
26660
22415
25863
8481
6207
26067
1215
28596
31644
17854
24890
5840
15580
6524
28100
28453
31302
19786
20600
1521
19817
4232
18180
32443
30211
25871
18604
15684
11298
14534
2450
27579
23945
15728
17204
12592
23125
29384
26166
11339
13537
5840
6498
1598
22758
28774
10733
12792
7655
10264
20731
11163
22732
9017
29286
19505
12493
5428
14523
1435
15249
15137
12934
6857
9367
30102
21712
10289
25558
13504
1765
4217
18336
27314
7003
8567
21964
30716
23119
1372
18452
18048
242
21548
10172
1665
23109
22898
19573
16893
21792
25137
17024
14909
15225
10013
23574
17322
28387
9995
29192
5090
20053
1447
6051
13835
10541
16997
17878
6504
25460
23482
16791
28201
12132
12939
16770
17544
39
16870
5827
8721
6626
32496
23863
321
25330
29982
30414
28499
23158
29352
22068
15447
22541
22843
23728
29060
30945
26351
20300
463
24036
2936
10038
26813
8025
7584
16742
11125
6551
1269
12673
28697
30473
11198
15357
8022
7034
19764
15239
17466
21647
29679
30113
7750
29589
15519
8848
6597
13437
12540
11381
8796
5669
20224
27066
993
2010
4179
22191
19824
4122
1543
4725
27324
20638
23685
8988
26532
2968
23495
17672
4615
3641
14280
18841
28120
9334
17721
18699
12149
31244
26230
11162
12340
3265
17592
19946
4415
5101
10636
17575
163
314
3204
872
21667
32424
10540
27354
29010
3540
12607
538
11361
11385
28443
24418
9013
8759
27763
1000
14140
23443
28996
12035
9346
30272
28426
27792
26239
25245
11315
25236
24372
15998
17364
8739
29814
19759
19867
32640
6025
12470
16901
13701
27376
18521
28368
22597
31364
22624
4020
23281
14788
24348
24398
11512
15468
15144
13405
12914
23881
1775
32560
7103
18251
19822
15199
24683
5340
31804
10682
24917
31088
14023
26239
30225
10589
28384
12240
27018
29678
26234
28771
10732
17330
32430
25212
12225
31002
30723
24344
24666
21315
2029
11627
28528
23313
26515
26253
1035
1149
16341
16753
9379
31280
5774
23318
11909
18256
8470
20225
23673
21402
8204
13290
8354
26033
10322
20662
21925
8117
32088
7589
2830
10776
24734
26061
28911
173
31348
7367
9929
5634
16389
15528
29104
16624
31379
16434
7595
10352
21508
3404
3674
8624
3230
25520
17115
13415
15887
9188
20717
14693
20400
619
6998
18286
10
31548
18307
25160
10138
6515
13935
8211
6353
26439
1222
14553
16735
6716
22089
13414
28849
20377
28788
10842
26552
27933
26718
18556
5613
31214
26594
4945
10130
978
19964
5358
18746
25761
11893
28170
17547
31739
29891
32087
23107
12598
11819
4371
32121
20890
16168
22233
21542
7889
2064
32190
8419
8601
15605
16025
31220
5308
29897
16034
29062
31810
13254
63
4917
15589
29965
22042
23249
18373
30606
3191
2146
11869
21031
15557
30057
12982
4880
32626
20329
10202
28278
28676
23462
13964
16486
14182
10285
23094
26093
4223
19988
10787
12670
31497
10499
17134
32403
4257
10228
25659
10391
12314
6966
5796
26884
29463
9144
28151
24777
8665
10116
15262
20718
6485
28554
17758
18042
22410
21151
21573
15765
8721
4549
12253
32746
31478
18861
22950
16975
22470
7546
7363
17832
20201
32456
17908
32520
12082
14061
6084
2842
13749
5502
20228
28864
21977
26646
19319
30457
18350
8018
12495
4616
20608
17696
5080
11219
31148
10298
2036
19337
10674
24813
8391
24711
21388
4895
15411
13437
12350
4496
10375
18636
13999
18016
31475
9011
17847
1234
10816
19883
13433
10319
16829
3471
15603
9390
16509
5632
29907
27570
30911
14728
18572
19412
942
24317
11434
11331
7499
15785
31074
18986
31911
9383
9326
23345
31829
20880
19736
14662
10015
6744
20116
31645
31992
28274
19602
8437
1074
29499
28180
12062
31473
16277
14973
27576
15584
31442
19691
4669
12578
25301
20935
11074
21644
32115
667
26873
13329
31007
5155
11515
27517
199
19110
6980
31847
1785
10374
24191
4448
19530
27415
389
369
9464
18861
544
10181
16846
11001
276
25506
72
17557
13152
21662
1528
22749
30913
9999
11048
1793
15224
1219
30913
24920
32077
32241
15724
15863
13780
32368
32246
30083
26095
8999
17657
1091
1172
965
5561
16761
10448
17586
1612
8435
5388
1349
17662
13021
1936
32311
3315
21977
29765
25687
19982
20306
3007
25472
3090
15884
13178
17864
14599
6912
21348
6907
3808
15464
7324
29768
11354
3862
11642
2105
31015
31241
14031
21225
5452
8258
1646
1649
22472
29908
6891
24483
8310
21819
9378
13051
308
7662
6139
17874
581
27960
13549
18389
1524
2115
10177
182
3962
5750
10009
1569
28962
9984
13104
3570
9643
13493
23139
12453
22766
7194
9969
12301
25537
14267
6655
5705
16154
5829
22495
16629
12920
464
27025
11421
16766
16893
14218
5239
7393
24129
8629
14929
6789
17152
22712
27336
30947
2014
23672
4539
29102
18386
17375
29439
24502
16252
12765
23380
31756
9656
7084
23960
30311
29299
17497
28731
27846
1981
4480
32499
1623
28960
7511
17585
13720
11568
10733
467
26044
13668
22964
25243
5968
14372
20798
10720
12318
14627
9796
29699
594
3055
16364
9765
20187
23751
3147
23959
18196
15276
12073
29586
20900
23994
3589
26921
5795
2233
23897
20347
5886
23792
4896
45
21276
28985
25236
14872
17601
30043
9532
30270
12339
20115
21798
2307
4252
25204
31858
25498
9136
1010
15888
2493
22671
14009
23497
4001
9709
15555
23940
13353
2928
8745
15810
27482
16985
15161
16236
27919
24935
18634
20686
7149
30712
14028
8163
22682
25714
10531
17363
5418
27105
19126
8122
15578
18658
4802
25259
17409
24511
29813
18677
29763
5595
11448
676
18696
5713
8780
25419
28716
7640
3096
16129
17145
24554
20929
6314
19282
18213
23164
1400
10544
5361
15904
27057
27731
9315
3200
29362
13873
21601
7927
29236
14387
23815
10308
32462
25120
5194
30360
32187
21721
26075
7150
31198
27976
590
28827
27651
31635
2428
9254
22632
31381
13350
20569
25980
23438
16603
17048
20454
14873
10267
28530
24521
3167
23484
17526
17222
9099
5517
19528
29251
4222
31034
22772
32619
16579
3439
10369
31350
26565
20544
14282
18347
2111
27337
14217
4259
12789
18449
22453
12879
18338
4917
23822
19517
24881
24770
13558
21782
7727
1890
31618
22636
31873
27579
10193
16818
1874
17300
21148
22668
29264
5177
19215
21066
29976
28705
28119
7342
31470
14287
29309
17910
31410
25078
8946
9750
2831
3808
12651
11590
1782
27408
8302
31676
22091
9511
28973
9915
11998
31492
3092
20172
24988
8751
6046
27468
2055
3960
12652
28454
9699
25051
15768
10978
4914
29863
16455
4063
16995
23776
30077
14556
14023
21985
6966
23485
16196
24901
8626
2188
18765
7688
13840
22975
24593
6890
23326
31161
11251
10260
1136
8595
1595
27646
26543
29979
29963
16272
30772
24605
9108
5512
16597
22754
10889
28955
4095
11255
15572
12255
10758
13615
3209
10984
30136
10731
31768
29489
22328
22681
28614
11582
11530
379
21342
20480
9066
11434
10275
19193
20962
8538
12042
22433
22299
25183
806
31239
26356
21489
14436
29883
32465
28332
21112
13292
13365
9178
10263
29646
20884
22261
1639
9790
13666
4200
10420
23465
10096
19862
22628
13098
6264
4637
18733
5618
32759
7772
1413
16877
19514
28467
32602
26531
6332
27401
6404
24412
7855
24596
14968
14727
5081
14292
18110
11868
27553
993
1445
12481
11882
18407
21941
10346
23327
9455
14949
5957
1807
18912
6798
11797
12284
19781
17184
5212
29806
21584
532
26495
9805
11039
28065
13605
27567
12863
11187
29920
25071
17775
19865
17679
30463
32678
5117
28419
27903
87
12058
30304
15374
5619
20265
14278
18016
29104
6428
23217
4752
18569
21391
6814
56
1413
24572
11120
10944
28989
21550
15633
28275
29336
18424
25180
17368
19674
11046
24379
25919
32477
14260
8716
29338
10141
21566
27722
1934
5115
31416
28265
30666
22970
30559
23297
9624
9166
5103
13615
9905
5078
791
24121
11094
23783
8234
9840
23452
31627
22295
25947
7944
12041
18587
23825
603
6119
32437
27879
12207
8110
17755
22347
11459
3565
31595
7920
21396
28288
28644
16172
14637
11538
8022
17310
30399
2529
26007
787
2292
19393
30648
426
14721
21348
14903
15927
18171
29656
18294
28390
16107
13393
14956
28961
15908
24361
4507
28851
2900
549
15938
2605
16346
17402
13267
27784
29399
13072
2983
15885
6792
29061
4337
18546
6099
25205
18673
12358
8223
15481
19306
15247
31081
9581
32597
27569
15508
15223
4055
28305
4609
12100
11633
11003
7264
21397
28535
27713
1478
17915
27075
28965
25343
5342
19114
25081
24869
1732
5423
29189
29041
26320
19319
12329
26450
31369
7549
19140
15548
1246
28679
19156
28867
31334
20441
2654
13416
19180
9512
27152
22963
25642
15185
2597
14594
20949
28875
2697
160
7898
9050
5693
8857
23528
11398
15870
21709
28462
588
26145
22340
4454
20499
19394
29889
7186
7138
25885
29082
3333
19407
8508
23750
25382
8123
19155
30520
14449
29500
4712
9579
15678
23515
950
7999
30918
30592
27220
20995
29411
32554
27026
10451
11031
29155
19364
12068
208
27636
19458
16797
28906
32341
24846
16681
19574
6759
18679
31818
19642
26085
24030
17072
10360
2840
30008
22282
3700
22859
20084
13084
10544
18815
21725
21009
4090
15200
14529
29971
18728
32375
9171
5658
16803
31648
3278
32001
23970
4799
28251
10975
1720
175
25909
3988
23313
24955
31115
15778
25081
8913
6054
4159
27037
31411
31691
30632
29206
13936
5475
24503
18851
30163
9561
25784
15926
9882
7108
19065
2099
21545
30918
27040
21108
8064
13491
1857
912
29547
29558
19120
11357
18680
1841
17812
16307
4142
1572
16957
30579
4348
30672
19512
2760
22640
23900
10016
6573
1578
6455
10166
29104
3599
31231
9012
4085
16962
27810
26847
1149
14672
6595
31196
6824
25770
29279
29508
27385
27481
28592
24187
14874
7405
2641
23485
18720
4278
11428
23289
31503
17719
9329
22243
29601
21464
22479
17989
4931
3291
16712
14229
29793
3985
30520
19149
19939
13006
17014
32119
24312
20890
2102
32007
18450
20521
2862
29550
30002
27918
18424
492
32101
12971
28856
24102
7054
7404
19454
17784
9319
18229
31470
14988
7619
13976
27294
16684
23318
5196
29887
3156
17206
27738
29568
21132
9059
17562
19631
15476
13190
8158
14369
8609
12214
16749
17749
1959
11008
17587
25684
6007
32616
23862
30171
31980
32555
21196
9916
25760
19271
3596
6786
3076
29501
18690
10580
6064
16918
14375
13596
9207
23716
16271
23016
17343
5386
2149
32144
24975
6015
2709
665
14058
21582
24264
8793
19932
19233
27797
12892
16594
7040
18677
22791
11439
32405
22776
30075
2331
3634
3255
16060
23326
32021
18058
24083
30191
9322
17019
2224
15878
2705
4602
23700
8824
18210
32722
1198
16516
26670
28763
26692
25961
15560
4593
27029
25211
10436
29094
30653
26486
26047
18484
30680
22290
21856
4918
18794
18904
18652
20119
27135
13107
25024
25162
31758
23754
28651
6203
13603
11277
28889
11910
30525
26126
5160
23016
6517
26003
26964
19570
9185
30569
6854
5253
696
20731
23053
26618
29879
21795
24939
12193
14531
6975
11923
26349
16079
27784
23217
9197
24576
11167
13227
23422
25103
23145
31398
13760
18928
12829
27597
1734
16817
411
29517
16274
5540
17920
13220
27456
3264
12663
16668
3201
8261
5202
13970
28491
22175
23641
1916
17103
17805
7777
13099
4012
32642
24097
15693
24162
28748
2114
4021
8713
27891
21173
10591
15171
31460
30537
16046
10095
4686
31869
12025
12319
24525
146
29510
11980
18758
15077
27221
14537
14866
10108
9697
18294
31326
4319
7458
12470
5585
27689
26774
931
5488
15198
27393
7552
4287
27135
2995
2798
23081
22492
26121
2403
19106
1578
4662
15577
28811
6869
27459
28099
9686
11800
30293
25413
20842
5706
20271
11684
22473
9723
15863
29948
32496
4159
23101
8241
18815
26442
24377
26663
3353
26941
5460
11062
18446
3904
29931
5336
31287
4817
26191
28069
1314
23899
17168
10114
22383
5643
31867
31253
26490
16863
2913
9084
16699
10752
3354
8510
11114
31825
12746
30081
10214
23112
24547
19582
21335
18941
12523
5683
26642
15744
11136
26711
26686
9328
24217
15507
13109
15305
16910
24303
2605
4094
91
8331
18456
25928
3489
8847
20681
31293
12269
19812
31575
22692
23741
18469
31686
10376
4032
1104
4068
14731
32478
12738
29554
13949
20344
12002
24452
14125
12529
18716
6443
9343
109
24977
21328
8895
23000
18956
26595
30261
14891
28216
11318
5626
5866
7441
25763
24842
3825
1689
7029
10649
6257
16844
24326
2731
20534
28373
11044
15327
20011
18818
441
22411
8991
16374
30379
18190
25545
24990
13058
18786
25866
14950
13129
18417
3443
28204
17718
28074
24583
10356
2189
13395
9282
13406
30529
23585
20314
20694
14556
390
4804
5387
17698
17738
13306
31010
6641
15069
4476
22315
2156
4332
30996
30804
23897
10290
13151
604
26822
3217
26761
22859
10483
1121
16984
18785
7276
10760
28524
3404
32630
17354
27589
1182
30892
19939
12933
11901
30954
27347
15607
15516
21098
11770
29393
21099
19245
29796
28598
17547
11933
16358
16895
27781
8816
18538
1723
25787
17103
14215
1780
16543
18872
16981
14901
5410
17825
5503
21064
25968
9054
18329
13380
18394
3908
17844
712
22291
29071
28208
7553
17312
2561
19922
14834
6538
28364
13078
31092
3670
29362
3015
8315
27446
13931
16588
21276
26497
26951
1093
31436
1889
32020
17879
14699
21196
20802
16707
3457
30901
6469
23358
3015
12931
571
16509
20969
31682
23503
31503
5770
29208
18525
29167
31368
29051
14423
1754
32642
16546
13543
18014
18328
25017
15829
24116
626
23385
16044
19919
11140
3511
24344
1333
32144
26652
12947
26126
16236
4757
2880
23290
19973
24555
29719
31016
1956
7125
5699
24613
31856
2413
3528
19441
2101
9697
29033
3416
14691
875
4553
23679
10586
20611
13264
14782
10724
24403
19024
20653
27651
16747
29417
4482
1006
19382
14890
29850
28246
5804
27384
7253
31469
20170
27956
18727
16425
26943
30616
21484
31813
4329
6370
8828
1930
24447
23605
19072
15308
14096
3260
22148
30007
20396
23696
24909
4172
19809
29404
31596
2342
29289
9535
3859
8194
16801
24689
13864
9982
9533
1066
13976
23841
28090
13887
6382
31388
15637
28942
3364
21071
12859
20765
4536
11407
26816
26110
4355
16167
8403
2678
26823
26268
9074
2014
4103
1206
14042
2248
20251
10299
14146
7910
15875
25086
10184
24616
31996
27416
20396
24357
23377
118
14268
700
24692
6036
7183
251
27469
20615
9718
319
23506
18753
560
10653
31448
13841
10077
7041
5160
25449
24757
9109
30422
1252
28922
8421
20430
30087
25003
26432
4784
19784
21115
8417
25822
28620
23810
29519
16083
30837
24753
27521
14262
10140
19211
30022
12078
13595
12306
25060
18809
11279
18176
16895
29112
13276
7992
5821
22157
27249
8572
7720
5352
13261
12640
16084
1310
8897
767
22209
24124
24312
30956
29058
9114
11318
7788
10655
4275
30429
4578
14649
30515
2485
29578
32236
17234
20716
11370
29690
6753
20060
8582
27813
18338
8973
10068
988
27485
20987
18799
6426
8240
8217
14991
20364
2727
13717
185
22898
1805
25694
12723
4807
27009
14308
21435
12068
1100
12831
13944
32482
26737
22994
22577
3967
5254
32273
11069
11074
1475
21249
20411
31778
24409
19423
5507
21989
7172
22083
23132
27525
32228
23206
6255
29655
12425
9762
14587
366
20813
8570
32587
4542
20966
31066
8165
6013
26939
7136
22533
1103
1655
12122
6473
5537
31324
26194
7598
26837
19163
21704
30651
6816
25825
10942
29436
30129
8307
30714
22706
29844
19197
23815
27849
6869
11239
19837
14090
26984
14186
18306
27794
29256
25506
9361
3459
20319
21476
26490
2809
166
20049
11178
2368
30093
12203
6573
4676
17821
20840
1265
19528
23644
5637
5837
2267
7281
3997
10945
16392
15880
29882
16384
19406
27768
22379
9259
30672
26403
21143
15200
14668
10654
8592
2419
9041
24339
21995
24699
27437
9443
8080
22673
4389
24719
23309
29908
362
11480
23088
6577
16712
8741
6868
14433
31903
32294
24571
21426
1943
28343
24861
16907
10384
1031
960
20650
15960
3577
21321
11313
5793
26826
11026
12897
2226
31989
18108
4389
10332
30291
11463
22226
9520
30343
10079
22445
10735
18073
16249
3246
20546
19425
28191
20355
31915
17447
30728
6104
14012
3336
10092
7638
20871
31387
22550
1513
30805
341
2491
31175
29595
14122
27786
21166
14889
28661
7172
14572
8869
31002
31758
23717
18744
14442
27717
11217
32135
12871
17809
10628
19685
15112
22013
19058
31942
22431
20166
31410
2423
4472
22705
12482
32013
16805
17058
12748
12956
5945
32363
27431
22953
23793
24546
1313
19937
16922
21046
4860
5899
10926
30595
1078
9531
19137
26275
15118
7496
4379
31560
27715
18817
9511
27719
11295
668
31756
7223
19636
9455
18713
22587
29030
26083
19814
31004
31657
7589
19128
6811
13580
22814
7590
23813
23159
18470
17146
25863
27824
23540
19546
3524
27172
10713
2088
293
21989
26159
24742
10864
12271
2956
13918
14109
17071
571
14785
6629
27078
23532
2062
17435
13834
30634
3957
2367
4813
8718
32381
24785
20579
1458
17059
31331
14302
32745
23107
22514
3100
11693
32188
25206
7172
17625
25552
11448
18956
3481
9545
22628
11518
4126
994
20831
11773
19094
6244
21338
18371
859
11280
28072
19244
2922
16701
31052
19704
1304
3906
13655
8396
768
30102
32113
1403
4928
10806
20149
26244
2789
10055
3778
22236
9635
7165
18702
10477
19914
25787
22142
18398
8309
20092
9012
13845
516
10609
1705
21754
22221
28395
25083
23038
13327
32380
30856
5341
7463
13913
14011
27423
8455
27395
23334
11493
27619
551
13777
9954
8493
13506
29138
5544
4548
15496
7454
24101
8809
28807
25247
12141
30322
5384
10887
29114
12994
25270
5347
9904
27896
2306
627
7910
6887
12229
8121
10403
5703
15399
9808
7141
2217
23745
18559
26536
21425
8446
31502
1124
18815
8135
4440
28632
18798
29023
24482
5638
5377
139
22443
19327
28954
30455
21380
15584
26477
18645
674
30621
15413
9159
11570
28669
27685
17663
16812
10342
18082
31396
24747
24027
30767
21624
23292
24003
6441
18361
22005
26860
5300
19013
2568
18383
31733
10497
20376
29718
6530
7546
28170
31579
22806
26317
24864
32563
22410
27077
2178
30315
12032
7236
30110
5009
21346
16356
19378
29878
4875
12253
26151
115
4035
17962
14625
5162
17393
7143
8276
26510
26636
10494
4121
18790
19539
1794
23745
6542
31422
23387
3113
9278
13620
11428
25998
17038
9214
10065
13219
25658
18556
5525
27873
26275
2070
3715
13855
23831
25462
8307
29538
11858
11764
31399
23286
11077
22866
23086
16062
790
10666
15881
32712
14439
26020
9869
24612
31707
22252
25608
9975
4054
12004
14503
19147
6533
9110
20887
5673
799
22764
23403
31338
21354
27171
13758
1226
7808
10109
2585
10686
29651
23606
18967
23176
28015
12474
22726
6408
17535
32021
25425
32213
3859
8107
11484
25740
2848
11305
20912
12904
6856
1723
17816
27411
21980
16256
4490
1980
21664
16955
5258
17514
6094
11851
19404
22416
12765
27357
26137
18401
5506
19296
9843
21605
11640
22585
23036
8909
8573
4024
25876
10244
27805
13131
11202
32518
10418
29938
22869
8693
13100
6387
19275
14698
3854
24527
9073
30217
10297
19572
17740
10328
23533
6836
17080
2769
27277
31222
31695
29237
13986
24620
30220
22564
29987
2309
11952
29675
13044
30051
27749
21917
21420
32527
21538
14181
28059
21676
17742
31002
9996
29161
16680
31252
30919
26619
24934
17726
31194
2635
8732
17261
6297
21355
736
26608
25828
5711
17196
2921
20392
20410
15876
26843
936
11254
10456
28931
15230
5320
14763
26604
14556
23459
30837
190
16664
21532
16326
27606
17128
29342
12461
2844
2410
17247
7640
16529
8295
19858
12796
2856
19928
14047
21880
26071
17577
15120
5941
7405
29886
19469
7376
3494
7220
28170
24059
1021
32233
9215
12064
10945
24894
88
24392
16875
16155
11758
27964
3887
16436
1335
6121
15569
28811
441
19977
6842
19510
11205
16640
30155
2403
19041
7940
31089
17305
29062
14465
20346
27713
16524
5308
29223
9316
25826
14774
25730
25526
13570
11091
17649
4308
30628
26043
28172
28362
11058
22273
6572
984
24957
7171
14916
23926
942
1169
32373
21909
4735
8913
13020
15656
13995
27105
30255
4067
13730
8127
29576
5442
7810
9830
5888
4814
17219
24634
28800
29596
21041
13222
14548
2326
9120
29188
11521
18685
4059
9661
13273
11439
24925
2993
460
5542
14148
15321
12033
23362
27650
17706
29606
26056
21590
16573
32388
31402
27259
8238
6614
7689
14751
15170
4699
11640
7574
24780
5290
6147
10960
28369
29894
22384
21128
13802
5106
3780
5951
11242
22726
29193
25961
12737
28035
23375
25702
28832
14500
12529
21427
4702
17333
281
18530
22811
1128
30342
24263
23075
15334
2701
13429
24596
24675
6238
15977
14404
17653
13705
20356
28509
29606
29633
25407
16714
28104
28639
154
16471
18056
21034
18773
30611
19398
9173
2403
3193
12580
7625
23196
9168
29021
21669
12466
3536
23001
26115
24934
32134
29822
2814
31995
20346
17352
13297
2795
9102
1308
4480
32474
20009
27993
11997
31176
25749
5041
324
11146
26790
32439
4296
26747
22429
1976
7762
18287
8267
2127
27367
23528
17530
1588
1065
24717
10632
20821
14881
26071
23637
18472
8763
22798
19552
13887
19346
30580
16940
285
2158
448
5353
5960
28939
17357
25424
21919
925
17556
21455
22254
1424
12888
8166
25024
2580
24352
28369
26740
16857
24938
17255
20371
30743
11550
322
28257
24786
14529
19744
32178
7260
747
19593
26879
5147
3067
2226
13753
5260
6153
30882
29917
18568
19740
30355
29385
31175
413
9371
6478
15010
20236
1163
14342
23837
15602
18200
9960
23332
6167
5688
30489
5141
18932
24271
9733
895
17515
23947
1711
21802
21942
29452
21829
31319
30878
841
10488
9288
29933
25647
14347
18435
25637
8075
8745
3924
28274
3113
13563
23313
21470
573
24314
15009
5572
12035
17538
31935
21639
19363
11048
15740
13699
15191
12110
5507
25924
21711
30709
20129
2550
23253
23762
16773
14877
26669
12963
16580
19335
21183
12739
13600
3710
18936
11004
20233
18754
13421
32413
29028
1974
4289
2509
14732
4953
24009
32287
18582
10104
19951
22375
12762
13730
18900
25547
12974
20061
1594
4637
6005
535
12576
31336
29145
20063
31278
21704
1108
27477
31316
21119
1781
3423
16047
3398
10593
28446
31404
225
30232
14241
9583
17142
31481
4312
1654
27935
23305
587
30073
27966
11632
25611
20885
12305
19908
32233
29610
23046
394
9959
8194
592
5882
30956
15155
9274
24835
27836
17990
15035
13455
29222
26136
14923
19208
22656
31233
23798
11803
6992
1460
29871
4284
26444
29286
14310
14698
27525
27443
15453
25012
19167
22717
5175
12028
16836
16406
16722
10363
21529
2272
29398
20101
6001
28338
16654
14094
28033
8638
23415
21358
17109
23217
23831
17249
9665
26075
15120
22866
18841
27024
373
13273
18980
27598
21084
4226
17231
23327
23349
15312
4383
7873
13402
17025
19433
29189
24295
18452
21701
3829
21707
9865
1600
27705
24351
15208
23889
4668
9911
1540
11919
19338
13047
31489
15264
13437
19176
12564
15605
28184
27787
19210
13236
30771
20078
17164
6134
30424
8060
31521
14131
26350
31001
14068
22266
1556
14191
25304
28646
29136
11266
19465
5325
16873
24203
11828
23098
8721
20483
14906
21022
11975
29694
31282
28610
6524
21562
13997
26624
22517
4728
16701
25011
25328
15498
18488
2668
18442
9902
6073
25447
4832
16410
27624
23229
20853
5592
14459
1242
14292
30676
2429
2610
9974
29748
24910
7472
6885
7399
14316
3183
17442
19329
32624
17709
20548
22342
20956
23037
9699
29060
11283
25019
6068
7207
23081
17093
21237
28295
30941
15976
3340
7300
12388
20633
13419
29653
3177
14310
10422
17309
5457
14764
15912
25151
3779
30345
4147
17780
32616
25364
26470
24731
26095
14540
13972
15696
16213
29519
29491
575
16995
11725
19714
23610
29816
29883
2287
32138
31624
24524
823
10115
20837
2077
7375
29276
15421
11951
6147
18237
12388
10011
10333
16536
32596
23169
14792
25789
30707
30402
13045
28329
23572
7663
14078
6431
20287
10753
10825
8187
8885
22730
32432
27586
8879
29739
2782
7037
18663
19080
28924
24776
30809
2937
22670
25126
9803
23746
32663
6039
5259
15238
26372
21869
248
32183
7751
31067
28227
2001
29251
28111
27127
2760
872
30593
29623
24126
1823
332
27079
19194
14440
23102
7887
22934
15297
6635
31963
31095
31307
7942
22949
5123
14376
23602
24599
24589
27175
26389
13068
2452
3747
32174
11607
430
3496
30185
25350
2751
25688
19313
18408
21742
8077
16326
8012
16090
27072
16527
6412
3720
12330
2097
16330
13985
9000
11424
7290
31706
5604
4214
13088
3763
306
27202
15579
28004
11704
22050
17187
8724
18770
9620
79
12621
27573
24969
10586
19629
20050
12987
1254
7646
15229
9281
29569
15816
30926
29792
19752
11268
12487
26533
14345
23188
8120
21040
23693
8658
2016
19283
6806
12455
12501
16220
9222
19709
30246
21422
8320
30839
10558
20759
15986
19807
19083
2141
21843
10208
24032
25882
32041
28533
24088
8906
16207
5281
5117
22563
17525
5857
21608
19621
9192
9951
27049
19569
14356
14568
11304
28254
7239
7072
3661
74
14263
26356
8094
3502
31175
22353
19239
13429
11142
26899
21791
15375
31352
18497
23496
8897
8346
26743
24471
5439
19872
22819
5781
1148
13697
10740
3845
19905
26677
29584
25927
10493
22205
22662
4348
20828
10597
4739
3435
7194
19270
24520
24868
29082
20238
25819
18658
23730
4356
22141
2486
9289
14918
32733
11874
8997
2389
30987
13315
20990
980
8623
27124
14295
30093
13307
2286
13454
24757
990
17780
22961
17265
15995
24942
17811
22169
15833
276
13471
10683
17628
18189
15597
16483
14196
31704
26643
5273
8980
17516
7998
8876
11110
11291
7553
25134
12093
1468
23660
20544
14795
26633
12001
28432
5140
18758
32291
24223
2722
32292
23856
29384
15226
8164
26193
27262
80
7615
5871
11349
18679
32134
7592
11331
31259
3974
20130
24232
9266
6574
12831
23693
9904
15860
24914
7465
4986
8180
9586
26794
26270
3546
3340
26674
26177
12419
27549
30495
16089
1759
30560
6543
12188
12442
31077
15395
23351
19451
17379
8452
4292
27404
25295
7716
8438
25595
15021
4295
5015
192
2471
10817
20789
20992
32476
31233
5400
10545
23546
22734
15223
32256
21775
6481
16363
17135
8860
8660
35
27971
31212
21321
5850
13341
24483
24974
25350
19175
2202
239
3922
6897
15594
3309
11727
16476
28999
3133
15334
20024
2704
13844
8850
7657
32675
23714
1740
11727
19830
24796
32326
21286
29028
4991
31835
17194
24004
10066
2886
14207
7360
6315
9619
12753
5477
11828
17364
8888
9974
30447
29333
30686
3718
27000
1170
21859
19141
2187
13607
32384
29211
12485
20231
12651
12019
29615
11057
31355
22106
9208
7200
17037
19656
30466
6466
7334
11581
24481
16044
5850
26256
1567
29964
4716
17156
387
21983
26422
3613
13842
8164
22091
19634
32023
20432
4060
15170
31200
12611
20568
1676
16393
31739
22743
29273
12029
20808
18105
25245
9913
11711
3722
31422
31187
9011
7721
18228
16571
28385
27178
9554
29250
16363
27256
23907
25944
16904
19007
8953
8218
16505
20233
28546
6156
30015
15143
27420
18338
22667
12114
22443
15622
1142
20370
12840
1557
242
12127
32316
7594
3072
18694
28685
15904
12836
1103
26712
15634
19222
4189
30400
21605
11963
5333
22117
31881
13907
32323
6329
15355
24052
27065
29327
4111
6711
29625
24437
21228
13873
28244
3908
17112
19877
17044
20981
3766
14199
280
30134
3020
29796
26110
19261
30922
30193
21510
17501
29192
20897
2803
24791
31504
13419
7477
23922
16732
10859
26822
22862
31841
3800
5970
25973
3788
14390
27034
12979
19723
13517
21018
20904
3343
11097
8937
14619
25424
13315
21218
1681
12562
15760
7681
11550
26599
21209
1295
1660
9846
21627
28802
31322
4730
31439
31391
12278
5134
13341
9441
32238
22055
13068
31902
3156
12386
16733
29416
23808
24064
10969
27570
11818
9774
21640
18483
27448
22922
21540
28816
8148
18660
7117
8373
8514
6465
3582
31875
25072
6438
3520
12081
9039
31507
24350
6636
31202
6477
27608
21953
22421
9952
16476
3261
4175
29157
21745
28243
3274
6913
30518
17149
8099
26158
26571
25382
12461
2238
78
5448
12939
6301
30089
5970
5758
214
2537
22348
12923
8024
17458
7997
19841
28667
32370
14413
17961
26814
24884
18727
1919
27474
7925
29601
16400
28637
988
30111
3908
19704
11685
20788
7406
16633
32735
16395
20258
8312
10327
30214
4679
19980
18388
30500
26476
24406
4868
1192
11488
4929
32695
25976
21756
32135
21067
3523
32580
2936
8039
27110
10159
17911
5613
20625
24642
29893
9513
24613
18659
1794
21327
19297
14701
25840
22564
22846
20992
3835
20475
7191
26011
11766
6883
9229
29420
30888
15391
12458
8038
4743
19926
9669
26773
18371
23820
18341
32686
19078
16849
617
875
21883
18360
16550
3093
22413
14987
5459
15842
3313
11069
15586
21890
10598
288
14768
25333
30651
11096
3999
9887
4754
1680
25345
17566
6757
19180
32441
16987
3270
5694
1436
607
8427
26236
21278
12905
19817
6258
20266
24509
23360
16052
14673
9662
10776
25815
12071
10943
2506
4832
29162
24343
19746
9469
12133
12915
31204
19315
21012
13169
14860
18136
7305
19818
29274
13442
5134
6286
8718
32575
32396
28727
28657
18502
30636
17271
2196
23662
24891
21491
12764
2462
13011
22261
14270
26757
27832
11452
5704
28299
12800
8727
1249
23559
19959
28722
18129
23218
10433
28335
25860
24668
28481
11256
13578
10717
29242
24532
20835
25167
180
27705
26362
19066
16802
24674
31727
29840
20673
12832
5017
26651
8899
8565
21452
16947
29869
31327
3927
9716
19070
10482
22993
4399
16657
21417
2198
26976
14148
28670
17676
21728
4698
1336
5163
13404
8606
4485
30524
20614
25929
17736
2528
4106
15526
2228
16725
18884
16244
32666
12533
1840
18060
32639
30719
19234
26564
11250
15514
12471
26898
11549
22551
30347
28405
13465
6263
18988
27152
17543
15149
26575
2072
27868
1317
25154
11249
29436
7172
10018
12564
6027
1202
4942
32308
28287
27414
11163
11041
32122
5920
19914
15852
5208
13069
28087
17228
5123
18150
13010
17984
6031
3402
2515
27382
13187
1390
32426
12524
16244
26210
29365
8277
24025
22422
822
26302
13850
4764
13316
9969
5354
21039
12929
26
26327
12917
17611
4136
16671
26241
14647
30070
27846
26396
27131
5035
10213
32453
10538
8159
4421
22262
10470
14335
29228
27305
13265
2418
23159
539
18884
19196
17129
7120
29892
3555
10691
26327
27185
10833
23957
12879
19521
19194
27219
30250
8109
23550
23723
22833
18858
24849
20374
22600
10779
30425
30766
29428
9733
919
9151
282
13891
23306
23584
5642
20091
22929
9796
5307
12368
14991
3852
22872
32473
11795
31327
7164
9810
29113
26749
28859
27666
28875
9616
2273
15037
12204
6021
6526
32443
1655
7705
2850
9961
28387
14647
22245
7566
26986
27009
13482
19856
15786
32557
32421
2024
6667
19218
28187
23891
22178
26114
5481
16458
24405
603
15176
821
2368
31705
31567
1756
22360
6574
20410
11550
29262
14037
26729
25573
22455
17571
29484
23641
1129
23455
14653
16980
7720
20115
13838
2070
24706
29667
2885
6715
20727
6430
30213
4074
32349
21715
10608
11086
20355
10918
12906
15946
9493
13730
18591
18280
21183
19665
12487
23315
13205
22026
5161
11527
23987
15115
29021
19973
14624
13512
2647
29131
32249
24834
29601
20803
24011
22042
10472
31995
23616
10536
19130
13269
6910
6728
27022
4608
7372
23348
517
11302
17398
9240
3695
27367
4083
2721
20881
14983
24134
20311
16038
25315
12962
5422
8867
7082
19025
14167
29375
12489
32471
12636
25651
19239
15314
19820
12606
12691
3108
3316
12141
5627
596
32623
6937
17118
50
31614
15409
15619
8634
28219
18490
11628
20283
13514
9619
10118
15033
13362
29694
8098
19599
9067
32348
9640
17240
15289
31160
14346
2832
17208
13703
17144
3959
9655
8494
8147
3510
4041
19141
10467
10565
16410
15131
13644
18444
768
21242
4414
31177
3154
3500
18029
28337
9085
19645
18625
16730
21972
4355
23374
6104
9000
17628
16774
24615
22681
31671
4269
11209
3499
19158
13710
28335
30621
8018
621
9565
1782
13663
22844
9802
864
5329
17938
8837
6585
14047
7640
6558
4200
14631
30022
17604
5613
16883
1038
15659
23996
31163
18518
25009
32588
15851
32364
16320
19307
28901
16565
886
3028
2890
25575
13059
24835
21110
25464
14675
12872
22601
29271
1006
25627
10285
985
14364
18607
17748
24822
17228
32458
24130
7605
19126
13011
22924
741
15936
30253
8159
16398
4766
8387
18243
31143
26302
28900
929
1929
6243
23890
131
30628
3088
19861
2076
10481
11303
11413
7048
4775
25426
2408
24661
2994
5666
14953
1857
9825
24566
13962
4165
29791
5919
6379
4051
18148
23617
683
22877
16172
14588
20222
13078
17193
4556
19839
30460
10869
28462
30408
17686
14218
25093
20288
11002
12597
1851
27701
25747
12360
28331
20267
6689
30096
26943
2931
16257
23558
597
27135
30895
15177
10344
32628
10121
20044
18668
26753
1750
29260
25465
8304
30342
20998
22572
9722
23867
20774
30027
25184
17161
19458
2087
1719
2426
32648
30023
21379
25814
11637
7106
32392
31393
20681
2029
10973
18788
30327
14646
10050
15793
3680
32592
26291
6241
18562
12945
26430
2592
21101
19352
31505
10284
2295
7730
10199
7769
29233
15231
4165
16985
5018
16208
7151
27706
30866
3284
20833
14384
32017
15988
5739
5525
12440
19707
19132
18222
25960
12794
28850
14512
16371
2411
22641
19842
23184
30356
307
3269
20850
20526
9439
20114
19163
22471
8668
20098
20365
101
14119
18292
1922
2156
18083
31882
11996
27329
4529
21365
22303
27440
9217
25587
18590
16907
24744
8341
6195
11028
25970
31942
17715
23453
14457
13321
29601
9198
29686
5762
5794
16359
25688
32440
7985
6887
19603
21657
788
2796
17595
16831
12303
18171
26321
31473
16215
7362
15837
17133
32073
10620
11068
2660
6492
6677
13884
20807
4693
13966
31206
11585
12986
15524
9499
6533
12680
19884
16611
29641
19240
29634
12545
19090
26272
546
8907
24755
6919
21718
24120
2576
10555
13202
11579
17832
15830
23516
19791
14547
3933
30319
8019
28615
11451
31714
2457
1889
4078
19589
16442
9251
18689
32652
26540
23161
21818
11631
17814
27712
30356
14736
29666
32648
8047
24351
18964
12953
18055
1338
28891
12597
14115
7769
21478
12061
12687
5866
26105
27607
28619
5944
27456
9133
25221
7313
15843
4601
14917
11688
16602
26784
4328
11832
29955
24797
18255
5610
25714
18752
27480
3705
22536
13558
14861
15636
2887
12362
4636
15108
21092
7788
27272
398
26270
9329
8605
19739
19663
17820
14377
15254
2625
5340
19689
10774
7106
8085
27714
5565
25339
30115
2097
992
32253
29341
11397
13671
15645
11350
17228
10615
11010
10922
32139
13135
23292
19575
13362
10096
29079
32233
21838
25601
7025
9211
12673
14449
26184
24890
15791
28766
12375
6092
7419
1462
8675
19634
1778
15900
25873
20554
24069
14221
4090
20504
2621
10307
29953
13765
27690
21977
19813
30568
31773
1969
29202
15621
27031
30867
5821
32595
20224
2966
15151
963
19868
18500
18145
22973
9660
25081
714
15661
7985
20108
25973
574
22022
12337
25942
28261
16239
5790
17758
8866
31484
23405
4045
31491
17426
7618
13128
1897
6044
8493
30251
398
25086
5074
13344
25671
18762
32711
6641
2055
26551
27581
21402
26789
2639
28387
24739
30815
18407
15367
684
9246
1108
26622
31306
27900
13276
28487
1553
15107
29419
16107
22514
19767
17927
17575
29896
27351
5638
19021
12845
14817
15487
8296
18066
24276
13438
23583
8079
18873
17276
11356
29303
21604
11918
2605
15152
5624
20444
18538
7489
4009
8277
18072
23341
5830
2465
19213
22528
8182
5207
18517
22311
20418
18033
4565
28292
29779
17917
17326
24258
19581
5141
25060
17894
16381
29712
29376
24615
27903
21242
6258
19200
12004
17218
28155
32387
577
24755
11082
28912
27179
12453
21669
6278
15026
21109
31051
16281
27819
5170
17752
24293
24243
16281
27368
29218
10096
13124
9855
31449
23834
7198
25257
9589
30266
25370
16093
17565
10162
8997
32167
5825
25598
15193
7687
2547
24505
20851
9236
29177
16227
22663
21732
25760
21089
28658
27056
12371
32581
11921
32308
8427
17744
11824
15957
1737
30517
27461
5894
13346
4896
19679
28268
25755
23543
26841
10048
17174
6112
22611
29558
459
6147
12386
14876
14490
28049
29447
5252
32159
28677
3166
9893
27656
30890
12312
22207
3363
30557
11051
10302
22459
17556
32200
15841
14757
21663
20878
18203
24470
12334
8189
23738
12088
22036
7469
4294
10108
27210
15040
13740
6961
22071
22293
8347
31190
15918
27838
27439
6828
28729
22069
30797
15888
12309
31178
16462
14600
1149
29152
10335
32540
27052
1369
26919
32359
3357
1103
18603
493
30357
23813
11119
3631
16995
32029
16606
27645
20710
21259
20204
21900
3921
969
24826
31176
15787
10444
24058
18923
22042
10808
18899
17743
31072
2384
13831
14208
1190
12080
9619
7318
13433
5054
26647
8130
30994
20702
12342
26662
24538
30181
26944
10218
13869
12113
4110
8588
18782
5815
4910
6007
26620
16124
32321
23000
2132
20680
29856
26285
14391
19256
16198
20510
14846
15571
29162
23825
29386
2240
27499
6137
3601
3126
13681
16366
31318
14387
1874
20483
9015
29553
28722
4308
3245
22678
27759
26718
13200
9386
27196
23572
22361
27087
395
31023
4396
23084
25393
5957
23574
16171
17220
10525
29331
28900
17096
4034
9555
25049
7307
9174
3901
4835
6478
26921
19125
876
3877
8330
3098
29151
28705
11229
17811
93
11307
30830
14348
4530
27187
25477
5499
29319
23691
19771
6248
8920
13453
19851
13484
21417
31108
16300
17785
27893
18122
6046
23706
12264
13613
13828
5884
18766
29591
11825
6766
26698
21231
12933
8357
11595
18746
6906
13187
1340
12294
14842
32409
17659
16904
29556
23018
6413
7172
18990
29169
7568
17645
22365
12518
12912
334
24691
19774
24542
30184
32568
8561
24318
23964
4124
12543
6880
22156
23243
32437
15794
2686
10499
6188
7732
13953
16290
31380
8556
21970
28164
13487
25754
29696
10123
27168
17262
27215
23423
7142
3705
3162
32537
23076
1506
2045
32218
17187
27738
31858
1057
29593
18001
3258
22525
19500
6506
28991
13376
12338
16429
19639
22997
8635
9725
18507
19283
24273
32585
15097
26321
25598
20998
24631
20989
30735
25180
25049
27752
9496
22431
14644
15396
17080
11650
11140
2193
30110
17799
25995
6004
18508
11450
31355
16457
16667
27039
18966
18907
6528
26217
4628
17937
31373
19308
11973
24587
25275
24021
20215
20589
6374
13977
7962
27643
20633
26027
12194
103
25484
21874
6829
29542
17515
634
11494
22537
3801
23402
5545
28235
22709
23862
25192
16615
10396
16277
18765
21868
13743
17846
1824
8850
21654
1838
21612
16591
13765
17718
13789
2342
22781
8211
11245
5696
23062
16597
1471
23485
31485
19268
23371
18380
3833
11288
29372
8953
11058
5992
5398
8775
16499
19301
5660
24447
559
27464
4977
11207
16066
1673
12029
28790
3322
8274
18578
4647
29398
19251
31440
2573
27021
11543
24390
10630
25298
32631
24025
15346
13143
24525
2922
31429
1680
1100
23475
2011
16313
10446
10866
25100
27674
18446
24522
2049
10890
29975
13286
15685
11314
26876
21983
9631
12947
6346
31200
10912
11979
26555
4744
24440
26131
18860
14735
22286
16269
27089
2989
8271
7997
10664
31671
23749
29268
3115
24844
9580
20661
24906
17711
12738
22450
17816
13493
29982
8726
19013
5986
9794
361
22860
21391
25907
23663
10733
16590
29513
22258
22878
11729
12674
9921
31678
32136
22811
14841
14666
8074
8802
4739
19411
26550
19910
31454
28784
2330
17200
30751
8560
14356
15254
7478
11410
14262
10445
9074
31097
22127
20382
27720
5210
7656
18461
20560
20728
14893
22582
24464
6610
23565
23689
30461
16282
6851
13176
20287
23786
6358
24189
26805
8755
28733
19905
30905
7670
10695
2539
15397
21814
17338
12342
21269
16429
3002
29895
2543
32574
20461
7997
13217
23595
11101
13705
31018
27528
29086
18688
16988
25199
32176
6574
7136
29814
26662
1006
15994
19934
26760
27704
7054
32269
26103
7481
4836
26174
31503
19497
13736
120
28946
14169
15029
4796
30274
4875
2067
8835
5006
14471
30141
15464
9585
19307
11688
25633
23576
18755
19714
16563
1731
14169
10935
22758
11885
25295
26426
29687
17327
26346
10626
29326
25570
28081
11603
13295
31108
24247
1726
23412
15324
28725
16107
2619
20961
20059
11798
24860
7257
19688
14040
24286
27454
22265
18088
28330
8805
4382
16289
15039
4450
25011
12166
5992
678
21358
30723
6699
17898
1588
19509
12612
14801
8753
10093
20306
6344
295
8497
32591
3377
518
17028
29893
20674
15038
16488
27711
23335
31825
16288
28670
25583
23852
1466
21742
15269
15799
15181
985
16445
31531
9088
25305
28851
17572
27851
29459
25582
18039
32514
30370
9962
8133
27279
13010
17942
22096
23806
8847
1531
15502
16064
11549
3871
32252
24104
13577
4393
17845
19386
4959
8517
13123
19365
21277
22474
4533
142
16616
28955
1265
13199
8958
30155
8524
23936
11628
11780
8536
21877
1665
25641
11773
18567
28546
15034
27852
24280
26015
6520
18575
12753
20262
30154
10277
30638
2295
31328
1933
2109
26680
21014
10048
7906
1097
6683
17860
32223
23802
16210
6014
22226
12540
19192
28872
7295
6294
25224
22083
8656
14489
32475
26478
10778
8598
7828
22392
20130
12110
30651
26707
23904
31850
27816
7178
5379
15981
18467
4180
25141
7654
1225
14441
543
24298
9138
26900
11824
28097
22096
27402
13594
9184
32666
1914
9502
22807
20586
17125
27530
5388
804
14896
3456
29928
31385
22008
24056
6480
18475
18469
21768
12439
23857
1986
27748
28978
27549
16140
9505
6252
14812
24520
6846
16731
28157
20954
18276
10258
5142
28692
23917
11544
25571
18252
23076
11545
2481
19377
13771
220
30330
30815
21731
14709
31570
3376
7847
27836
13313
24277
23770
9725
1266
27942
18626
20209
12364
13239
26997
9453
18014
26796
10067
3674
30016
7630
14548
25701
31671
30686
19588
1271
17242
28713
5195
16616
26099
21596
5618
31344
8744
30874
25827
2014
859
20428
10544
11916
16590
24120
6103
18962
6155
14934
16453
29626
9859
4062
21272
15924
1653
22822
17961
22923
13073
17067
31178
13144
30686
27885
17228
26422
28505
129
197
4981
21727
18529
6671
26131
11724
18054
4884
30183
3557
30393
4937
15392
31475
13222
1657
16878
13233
29234
15044
22143
24040
18190
8167
24877
24537
27276
3006
9206
26843
11954
10247
556
27973
7054
28008
8045
6542
9672
20404
27350
179
13182
32618
27252
2521
25419
25726
23291
24884
18857
13916
30651
28711
6266
21803
32463
8365
25825
18510
17816
28663
32598
1585
29034
5207
4602
26946
10372
14940
31015
30269
20294
7487
2636
22445
9630
32381
15608
12976
22724
16582
27188
14586
23847
10774
5654
7196
9383
4386
30611
17926
1284
31221
12949
31435
25238
26075
30797
18341
29503
23166
459
25401
11679
25679
6348
25372
14470
6183
8915
27285
28335
22574
25211
13989
19115
24573
25355
11076
20251
23551
16971
17902
16162
4125
19606
6494
15130
20890
7985
13978
5510
22587
17627
10031
29768
10924
165
23742
4629
10783
15108
14775
13349
310
17701
5989
10287
31267
26240
27947
24212
14
26800
32013
29915
20406
5506
10609
17501
7004
23372
22567
18753
9693
2944
1704
30123
6430
26496
29595
17713
7084
28596
414
9359
27044
10459
14146
411
29905
19358
87
6011
20501
4715
5227
19221
27146
6528
9869
11207
23272
1350
16983
27736
18858
25313
31275
26671
11372
30469
19132
2243
26648
28427
22480
8019
4929
10308
26181
1751
24655
397
14162
8758
29405
27427
10512
2745
9311
10425
16441
704
31752
31176
32559
180
24043
7207
11840
26172
13664
23771
31016
14260
7849
11056
1495
26587
21461
25097
26741
3019
24805
15220
6308
2863
25390
8833
19461
8368
22526
22357
23037
16048
16002
6522
3257
11323
4327
19577
879
28218
22720
19115
2535
20714
25256
23116
2363
9613
21800
30929
30171
2144
11995
28795
24275
17100
28623
27693
593
7648
29231
32123
2913
14591
13855
18691
23804
14550
9448
19712
3649
25233
3925
30236
31746
30543
27485
30342
4994
25555
5377
4933
14973
6268
5752
23500
30825
7543
15242
32718
17660
14131
29754
14163
8174
12053
19111
28940
22016
5230
28724
15075
5949
2474
9703
6359
17024
29130
1039
15879
2614
4628
25898
23564
22117
31752
30725
31884
2030
21399
15653
6412
271
17808
29542
25862
5931
16987
14306
32316
20942
20713
23828
30539
6892
3563
15678
28803
17513
11074
3079
13046
1758
951
27497
463
23963
5869
18378
5606
25576
403
16233
30609
6033
17886
6396
10940
9377
30775
3480
24892
7789
9265
27088
10080
18900
32189
18977
16073
23750
12961
30350
7036
22275
28710
8583
14134
22565
28945
3599
12032
5857
10197
24862
24322
23946
22791
8772
28828
12246
14866
12176
3763
32229
26668
10416
13385
2175
19337
5465
18769
23198
15054
19178
449
31788
29384
21836
13032
16909
13918
26396
4866
24416
10948
5388
5898
7170
17394
24710
25295
21588
21845
21907
32586
9791
6852
16380
19247
28533
19893
15279
22978
249
6833
9315
13292
11233
2821
10367
12174
2907
14011
824
20757
12270
21192
8698
27471
4098
28551
14602
29053
24995
31590
2921
12201
16770
24032
27131
23865
19260
16043
11752
15813
1759
19762
12867
17446
20395
7237
4330
27599
6165
26127
9901
15457
12050
19529
8882
11129
27281
26798
9495
20684
23369
16815
12506
8311
28086
30567
29942
8080
7262
15569
12495
18177
5977
28985
14288
2198
1296
28144
22611
10836
16453
23620
10689
27661
14164
10159
1530
11057
20664
24655
12791
30951
30928
8598
31150
22108
15587
20803
17205
2907
5987
19089
23851
19231
20846
18862
3156
7013
7578
11118
7299
12741
20466
21825
30909
15169
22332
22883
3739
16927
23422
11090
240
9716
9664
30853
28076
23042
13586
31067
19200
24003
9425
20050
8131
9158
18471
15737
6933
23226
7889
25640
20290
19657
1829
12526
5097
18727
20819
14795
21341
19434
6123
17055
18251
22556
415
2019
26781
14350
20555
8599
5791
6128
24882
4731
14688
11935
650
22402
25436
26814
16956
2948
13911
18952
6629
29491
3980
30948
7200
1360
16135
10298
1799
17183
20048
21382
24567
29976
6729
299
31892
8159
17497
32521
7437
17782
16074
19793
31650
18098
30832
11160
30051
30955
27532
31787
12346
17400
5103
29091
25131
23642
4195
15033
7643
28088
29510
8283
18511
18828
1656
18943
7159
28187
1656
7223
23787
31146
6345
25989
8820
24047
411
19825
22990
26566
23719
14810
26156
28453
23899
7818
509
17234
23095
27405
17774
10067
10103
2754
30256
29351
1266
11058
1147
10803
9026
15521
22867
9599
1061
24803
23050
5154
14883
15473
17670
30587
19313
23996
19396
25762
15382
11969
3613
8862
844
9438
23240
30937
28713
8932
22817
16849
16766
16749
40
5647
29952
29040
32461
9053
4517
11538
31083
1076
29009
10943
16530
11124
19890
18042
25865
14423
5224
5489
19731
18088
18026
22485
12018
3888
26277
15592
5290
27762
15334
11608
19719
6040
27129
4043
28129
12716
9747
15291
19359
27915
2669
3716
2554
27415
19762
22203
10756
8749
24219
2498
14696
24535
12888
30617
1779
15170
14387
28919
83
3058
18416
5018
7455
14516
1143
12507
31512
29396
31285
645
4015
12689
31935
8679
4807
462
1976
29992
1723
32266
9974
1755
419
658
10720
31699
7123
29173
9754
6969
10149
7609
3429
7387
5753
10060
23232
12743
12025
27965
6867
31513
30882
22700
21390
25361
128
7936
3854
3177
23352
19416
3520
19429
2124
10051
25544
24619
6811
19507
1444
23509
18983
815
2060
30149
21275
13641
5917
13240
17933
2896
26807
8990
11648
3398
11812
5162
11437
22036
18682
2853
31619
12157
18242
23559
25580
10833
27353
9288
9298
1763
16407
5876
23394
444
1967
20222
24847
22673
30678
7126
12506
7027
6312
31805
18769
7750
16327
15193
9430
7796
28485
25604
12194
28899
7108
32362
24330
19492
7643
19411
19968
749
21180
29885
732
17097
12308
23854
16989
11022
20275
4936
5098
20495
13165
3102
23326
32404
20416
8902
10884
21383
4023
3504
13215
31728
26509
15925
30766
12580
12182
24179
8365
17720
20187
24921
7199
21436
30980
22782
27915
27302
892
1847
18373
16269
5583
23656
26094
17688
14679
22682
13118
13493
3095
718
14209
24718
6887
27281
25056
25017
9938
26577
6498
30382
22972
3311
14003
9727
11847
32533
19235
31043
3832
10442
22769
25683
28822
31428
24778
11450
27603
12029
26765
25958
6703
16905
24401
21156
14872
5798
681
19019
24150
30613
10535
25654
11430
27560
5662
3832
28581
4125
15020
23756
32752
27946
2040
7371
18570
30937
14009
5218
27262
15382
10232
27906
17349
19974
17174
10777
23913
6555
29968
15170
1259
8550
13570
32440
5347
13740
12778
18449
12518
20667
3503
16169
30892
3454
18786
11100
30322
27728
18115
32504
19614
23054
775
14065
26274
11632
28376
25303
12578
3737
1950
26886
7513
31980
5629
23325
29625
26402
13726
28337
14801
2457
2611
28226
12148
1775
17845
13933
10008
28368
25584
4964
15740
9996
16194
4764
13454
27373
25248
7365
30091
21703
15577
27647
32360
9680
6431
12875
15985
16434
195
1087
9776
1887
27200
23551
28304
6821
22907
18536
23362
7682
21833
7310
31840
1337
22066
13161
13136
5413
4725
7115
32492
3918
19275
16533
21215
15290
32624
24875
32338
17670
9952
28197
26057
6837
23518
7752
5191
19911
5435
20404
26553
7053
21973
2398
23697
6845
30046
12481
15538
16066
26207
18385
13708
9557
7548
18225
6536
25169
32249
26789
20646
15811
28541
30154
15460
6209
278
28421
4835
27006
15742
7865
30021
3355
5277
27837
17753
20927
32334
1549
32378
32361
14950
11455
5556
16901
20979
17465
9513
16702
15809
28066
26291
13972
22051
18582
16843
22702
28655
11294
28842
31473
19147
27615
173
7249
13479
32145
12798
22631
1675
4787
31345
28356
24211
31357
12204
21638
15160
24599
7307
1065
23504
14600
1475
32671
2648
30705
25029
14498
12914
22395
18405
21321
27050
20878
23227
30425
19709
5828
12745
8414
22428
6685
1631
11899
5869
1268
10172
4095
24531
10033
31350
23224
26927
14273
1820
11532
28583
31043
23577
6341
18086
5892
18139
1965
31395
20014
10293
20059
26791
14140
26626
24908
28425
17329
19468
24630
7036
17418
13868
27544
31309
2545
3506
30870
27365
31411
22534
5892
7573
9716
17552
24001
7827
13474
12246
28998
4671
17447
25060
22654
1707
483
3057
5081
32347
6873
18751
10908
6217
21416
10051
8827
31020
23742
30982
5481
23034
14024
31179
22959
24492
15212
754
28731
8257
7739
22812
11579
30981
31201
21648
20203
6675
15775
26846
30379
27417
3836
20418
14421
11611
29623
23370
13261
32507
22527
13115
27866
9079
17638
434
21812
13683
23316
21255
15582
9657
26040
11510
7349
11134
6597
8449
28490
2535
21850
24080
3053
20171
29569
1371
14346
28347
2077
18057
25273
25151
6174
1817
16016
10339
8695
6402
11707
21106
2642
17558
13391
32002
16642
10668
25820
23088
12857
15358
31554
12589
22523
24272
6597
30458
32722
25555
23651
25711
6340
29000
13924
11650
7554
4968
20020
15814
28386
32004
19310
7730
12943
15209
19257
26660
2559
24966
28375
27045
13734
28241
14459
24303
30826
29286
10843
25901
20310
14577
23559
2689
20882
30671
31225
8011
19603
19184
25453
11433
28815
32512
23155
13370
8500
28486
31298
7464
16025
31436
26575
29285
31349
21696
28830
22068
3471
13338
3032
20204
24949
9855
29087
20728
625
2661
15518
10787
28089
29817
18916
12819
4070
1085
19186
25618
1959
27638
15890
17941
183
12229
16619
16630
15116
24596
29011
19973
4690
21299
20580
7615
6551
8771
23506
7133
8008
27988
20859
29841
11612
10954
20800
32524
22991
1541
20756
12611
31570
4417
5970
243
5697
20154
12116
21986
5589
21780
3137
29033
9627
4859
20006
28463
16164
30215
23881
17207
16382
30946
20410
22813
7140
23724
19754
14492
32562
4510
25856
21332
30108
4846
2730
24522
26910
14835
11313
26033
3382
19594
5905
24424
2642
19128
8007
5315
32132
16273
15531
4878
8317
6488
4736
26191
11705
19687
5450
30668
21751
18513
17119
13773
21484
30919
8385
26787
1848
26552
29867
22761
1945
13116
27498
11018
10079
26035
8686
5124
25632
28841
17569
19307
8364
20222
14584
24240
15171
4675
1351
18851
21510
24422
27353
30775
22444
7826
26176
5509
8822
25169
2538
19476
20325
18932
26357
23384
1962
25396
30788
9848
26206
20249
17363
8277
17523
11803
9799
14535
235
6024
31946
12073
6471
8229
8469
28185
9795
13336
27598
21625
4288
18437
12565
4025
4866
9592
27482
27481
23067
22147
2161
14761
23463
29864
3304
14804
13242
24312
408
7964
7959
7037
24442
7527
26019
26582
28092
7931
18713
15649
17940
1926
19454
19230
29525
10337
25816
11920
24128
18965
29083
26343
31900
28447
32612
20253
30345
13296
14953
7646
13841
28728
6704
12523
5376
32100
7680
10176
7413
18021
11670
4469
3514
1204
29208
12770
7633
20115
15183
8710
10575
23189
17680
20394
17134
7264
28923
8257
23389
7858
18537
15123
29402
16034
23199
16026
2307
11305
19272
25900
16105
21472
9506
23771
24423
5643
17655
22170
16818
28375
28879
4257
14896
29664
28516
24594
3470
19190
13270
32220
6669
32289
29088
6879
11036
20706
11467
32594
11052
31420
6753
14690
10176
27379
25893
7964
23491
31124
10881
10125
13343
10677
17344
24360
651
24830
12157
31592
21156
14441
12123
20918
5440
19013
28151
13708
5631
8577
16667
475
28451
11815
23605
20906
28577
25383
1799
11264
10103
24918
11423
9989
3649
21430
22154
18020
30727
24824
26693
6387
19546
22079
12020
22934
13215
28455
6486
5985
11946
24326
11257
10492
19599
32626
1450
28492
29364
18435
2096
11087
27435
29529
31034
27464
11583
30049
12181
21277
5197
9941
8354
17405
30934
18946
25096
10053
24529
19662
29606
24741
13382
27641
26060
11135
16152
7075
12202
26511
20771
22799
18952
6353
21382
18854
25144
7839
12866
19263
14665
26138
21765
22941
894
7116
6720
27961
23550
8332
2175
14146
8397
17825
10746
24291
19195
5162
18023
9156
5916
9149
28435
2515
4600
17486
4401
29252
23939
32594
626
17878
16911
13349
15318
5209
24512
21417
14017
19821
5184
32561
8273
30348
26805
3741
22255
587
7152
16838
26148
11484
7399
8476
29870
472
2406
20877
22740
28475
1281
24489
18166
2481
31821
17924
20072
26128
10320
13020
6273
11301
26165
20732
7662
18099
14148
6112
17996
21689
32018
26394
9719
16372
17909
28917
19996
7333
15803
14423
25366
13972
5788
9708
27895
28501
32364
30848
5732
20938
29718
5293
19879
32489
4421
30647
31743
22463
7268
20916
18234
2229
30409
2800
4486
23059
15149
14479
11141
27074
8288
17524
27807
12886
29754
19554
9628
844
17109
31841
8562
20111
32249
26724
10331
28481
14552
10536
14635
19897
19452
16479
27873
1224
30077
2062
14460
27713
18807
12596
272
11448
1723
5548
13848
16521
9157
24916
26126
1565
10223
22127
313
18280
9444
12616
16071
23222
25686
28441
22555
16552
7668
31786
3688
25465
18838
3389
11903
23430
25019
10282
1765
23822
10806
8135
1065
13110
20260
1802
26484
27728
28705
24434
19298
7004
27580
1698
27408
21199
32552
10064
24439
15508
3636
12637
18168
29521
10108
7493
2871
235
6369
32442
14637
9804
10296
10892
8057
20580
17471
29644
9975
24173
16853
17457
6548
7540
31082
5050
19297
7445
22708
917
23014
16774
15523
8256
30136
14039
10136
3822
27214
10615
10194
10796
22544
26619
552
20932
21681
21019
29950
29154
26047
14589
10098
1397
2424
5303
6358
6104
16864
13071
9315
2482
22032
17284
27947
7451
15825
25747
18000
3328
27497
5683
27508
13256
26549
13730
7536
1335
29816
26211
30537
24467
10483
3208
3936
30726
15542
15405
14568
26180
29877
16965
31133
4973
26270
10905
1971
4149
1642
26381
25613
5698
12851
31781
25776
14550
12357
22217
17271
2221
21367
12101
1288
12073
14780
7572
19462
17580
22773
17118
27785
26181
19977
11327
21451
20112
8760
21194
6180
30167
31404
23758
17720
32125
26193
1111
14447
27293
15847
18168
8613
29678
19030
17096
31779
26346
9537
25771
5070
26671
2013
19411
27295
4901
31748
1670
4691
15585
9093
3105
20068
24137
2495
6237
4663
27001
13166
19409
12183
3686
24772
13752
18786
12993
13756
10997
24194
8479
15531
3668
287
13142
30487
28179
3603
31786
28877
6817
30879
13353
2350
6821
32348
28115
26314
8258
22388
21758
18736
25497
14097
32121
11523
1680
12310
1264
30289
26066
21006
3087
5409
31512
4705
19178
22603
13478
21966
17565
25229
26136
11797
24111
30170
13918
8180
23741
2293
12038
1365
3796
23359
20665
24518
9502
31438
20745
12073
32321
28862
25962
8365
27140
1996
16253
10749
10164
24864
7829
25783
9158
19307
6772
15903
14525
4146
2901
20245
30542
11114
13104
28740
14786
8516
3129
24221
1693
26186
24745
1028
1661
3499
4034
14408
4420
12755
9229
3673
5753
19263
7911
437
25836
27024
7483
6180
5529
734
14737
19365
7631
19790
20296
20648
19602
22247
799
3197
14141
20385
13563
20493
22892
14783
16100
10952
27672
29791
9552
27102
14340
21584
7332
6066
26456
16163
2040
3980
6796
31877
21786
31117
17544
12748
22998
17129
4618
15311
5749
26192
24647
23291
388
6317
1749
26019
16599
11795
30920
29848
29645
19188
284
15866
29396
13717
7763
4685
10288
23486
16734
12239
26105
24758
29633
24585
23907
18287
10483
5029
6979
3325
16131
28799
11726
18252
29313
1535
22435
7187
18844
7077
29708
9220
14984
19941
28800
3654
4387
27958
32621
6180
22487
21350
26677
11527
18370
9008
6262
17057
1044
9744
23183
17772
9401
15446
21856
10579
21561
4986
14673
29358
1244
5807
16021
19316
273
19898
22704
30892
23312
7685
17206
17445
32703
8687
19414
11879
28882
2663
32152
31977
27191
16057
4451
30853
30385
11943
18370
28712
14275
2748
4071
21454
25807
22237
8177
31662
17791
2849
25194
28593
11108
14051
23828
17193
11997
23061
29925
22720
13115
26838
13136
8878
30242
11591
28870
13104
11826
31643
2173
12597
31975
27758
31088
1370
14270
4440
6311
21272
19610
22465
14520
4668
17765
3575
27278
23704
12026
15997
15209
17401
26435
21927
5158
17497
5790
17763
7617
9813
22662
7002
20248
26081
22383
15672
2033
28986
24561
16199
23871
21532
12073
2371
31393
9014
93
15722
15660
15323
7646
5586
27498
11258
31027
11263
11938
22096
3699
24245
12634
9948
5875
18955
1819
27539
20257
1473
16756
9558
21424
7635
22081
25889
23030
31054
15150
2437
18322
9059
23158
28760
27985
10938
17649
28843
26963
2825
17741
12540
29801
21732
14491
11693
7874
2007
20494
949
16327
21170
8192
21398
7491
11812
8246
20623
3527
1419
357
20498
6733
25099
31733
28024
25371
19421
31748
5620
19434
21994
20142
4293
13128
1945
13452
22448
14651
6373
32122
21422
22823
13490
4510
20962
23281
13665
2982
17613
24421
4002
18512
9669
3029
24457
3888
2723
6403
19429
14510
17341
18754
13261
30030
5652
2519
23163
6708
26062
17317
1374
5863
25830
7946
16490
30805
6690
16132
15539
7447
21573
14232
32058
32503
23942
17268
17926
13743
834
31955
375
5876
17902
7585
4056
6067
17743
2783
13619
21147
15597
12106
6505
22491
9413
26935
3713
10797
19006
4034
4417
3347
30046
21287
14331
2144
28222
31856
938
17659
30395
20561
18238
9952
3183
6480
6451
18535
1760
7464
872
15049
26102
368
25903
12256
25779
25464
15264
28974
9246
10100
17460
18465
640
17116
11663
15253
29395
1554
19100
18075
26744
10566
31711
27769
11048
8343
17159
19954
10029
31610
13507
9159
3538
21344
15575
17021
23064
3475
26735
2913
3498
29793
10931
28362
14867
27517
20379
25502
10799
17314
4357
30743
16351
29049
517
24519
23041
11197
17532
8922
22176
13469
15596
21148
1383
21090
14474
26427
7772
15185
14741
10957
4299
30931
24039
21908
15999
1491
5066
16257
30520
11368
4364
19192
18522
26292
16470
27859
29923
18188
6329
30121
10655
11096
5002
80
16799
16317
13424
10656
12007
5242
22459
30074
23399
19216
15095
1289
5677
7846
29633
584
24792
19371
18650
25797
12624
6845
8570
29604
31668
4810
32487
10470
6292
5749
13381
23020
23393
28859
20656
18742
27937
5334
28552
1393
16231
5473
25356
14769
11139
5822
27947
21243
4598
16565
31382
7942
3625
29533
5146
18498
4702
17216
31277
21274
32742
186
7879
118
3988
20130
29043
14725
7795
3116
12709
26809
12980
5646
15182
25619
19690
8930
430
19616
22906
16076
11369
1860
22092
10844
2782
12982
199
8374
20916
16076
8189
18672
22197
2297
16162
22203
16096
8724
27715
7750
21177
8538
20276
8031
27876
10423
11467
19420
14066
32321
10827
3385
10363
24325
25891
19842
31853
28423
13017
1907
4259
27268
7489
8671
25530
31866
28402
6734
9504
24171
25594
17130
2925
9565
21201
6044
25847
24613
24972
28274
5792
27365
6995
1860
31987
7124
31253
16023
25456
11581
14458
26561
1571
2251
26
4686
20860
22531
18412
16035
21594
32274
30465
17889
6249
24265
8050
30988
21678
5862
26007
15213
11872
2453
26489
7220
31738
26422
14474
13154
16014
4449
17812
17894
17756
39
13552
29958
12195
3227
5880
32001
16567
17554
31422
18163
14932
11174
15103
20984
12594
3457
5970
14228
4057
17752
28069
20307
15287
7861
10218
13740
4208
13178
12814
14891
9589
27427
3115
30928
4568
32587
19710
8882
8799
10609
10395
14823
13783
24061
20319
17576
13226
14462
14631
15281
20660
32054
12479
14311
5715
21464
13214
9021
24509
8080
31184
28888
16791
6212
14899
8306
4035
2330
32486
4348
30073
22586
7679
26247
21401
15317
10876
1892
22847
16486
29053
29834
2712
1079
22448
313
10741
19495
11020
11741
14110
21932
15554
10805
30953
2580
22384
17076
17675
30480
26008
15656
31277
12402
23634
26777
24643
32566
15933
25716
25369
447
19131
25321
23342
8548
11614
27281
22726
299
16797
23380
9531
18900
16076
14986
28308
30490
24651
2656
20824
2613
24061
12413
13477
17827
18683
12262
11388
22056
8330
14879
22111
3348
13131
23444
25630
4036
8370
18231
18670
8299
3769
1385
15547
25619
26582
2590
2495
18910
13610
30268
22612
30610
26875
2117
27910
24404
11620
54
3309
25268
2891
31407
31802
9962
32148
1875
19215
32351
17556
32370
25748
2928
3529
23014
5191
110
17352
5434
30099
8425
6774
22802
421
26670
11131
30150
12155
30990
14068
29009
23101
15073
23656
11370
25041
18379
24574
25328
14762
4158
20461
2955
23008
22464
7731
23185
18054
28399
650
27686
8504
20162
14488
22952
30963
30993
28262
15946
19497
16984
30483
28414
28949
26808
5578
27033
22605
7230
29937
16177
23958
23656
7587
32202
6907
20197
865
23858
29217
29597
30724
13098
16341
23025
7158
29382
28135
15172
7842
15127
22331
7866
25385
14599
12829
27199
23895
24707
29909
1228
15061
16608
26747
28133
11424
30839
24077
28263
25785
2963
14783
18048
7199
8846
18578
31999
13562
29494
5160
13262
19737
22901
10455
9660
21662
25394
508
12672
31992
21362
4242
5627
5138
24771
4099
17342
8138
13018
7485
26572
19877
25467
17417
5025
2753
1689
30360
9843
22539
32191
9055
23479
11953
6830
23846
8935
2267
21832
18779
9347
25238
6316
18603
6230
18192
27555
3540
20730
15883
30779
5812
8350
11660
14001
15270
31495
979
16276
18703
30933
15760
2344
22324
8200
7252
5129
21583
5570
8518
19216
29921
7502
8215
6778
32329
2146
32312
583
8086
31905
29258
10209
19610
12900
22486
11006
20287
4282
27454
16839
799
19118
499
24634
28494
25032
4841
28365
12922
12758
9032
21588
30007
27115
27493
22308
22164
5801
18416
6521
1778
8636
19311
13589
1302
27303
1002
14890
12668
23747
18664
5498
11246
9860
9627
8637
12118
30207
13144
26691
24529
24233
30794
21722
16132
19554
7782
24818
15027
10162
5793
31231
2447
3922
31841
10015
19024
19182
19762
12797
6404
23337
18619
22261
3751
19170
3312
16505
24307
9653
17033
20915
2169
14277
28082
1131
19185
31417
14084
24108
22479
21509
16564
16546
28951
2155
23562
6471
27249
2241
13077
13375
16512
31732
15006
13951
14960
10829
90
821
18894
11763
10595
4196
7325
3250
13545
28367
5542
7930
22309
2329
7951
26667
143
24106
2863
17423
25937
15061
30625
3496
6395
14007
26263
9005
4728
30818
625
27471
11329
1211
16271
16320
29904
7584
20579
24822
25432
29646
8138
22317
17587
12290
17820
25771
29852
5983
10625
27975
14110
20240
18439
30508
17996
814
19954
10459
26675
29924
32212
26735
8461
13265
5085
37
21944
1709
7155
27675
29286
18224
28165
13656
27029
13615
17565
32269
8002
1289
8629
8986
5209
11585
30156
5844
26225
14188
15673
22790
30646
6222
1982
12342
21286
21312
7776
2089
8449
27860
15222
6569
16250
28860
2305
16261
21427
3816
22843
7386
26344
5103
19827
30865
25579
16560
24343
29225
2256
17721
32531
29622
8425
25320
16217
1322
6901
31183
15041
25812
20372
1373
12052
2342
3070
19515
32099
28603
13557
18293
1182
23961
5624
1242
2658
29875
12474
2213
9745
17074
8402
29277
25128
11508
26548
26873
1997
24021
13536
4680
18600
5934
32345
6544
15092
3612
32089
2422
23510
13315
25411
32029
3053
4306
23257
27794
14890
4744
10671
6248
12514
30199
1503
22687
14625
11463
29695
21195
2114
25791
16720
23409
11196
5184
28216
1717
26431
12306
7411
11314
14592
28260
22661
25130
30801
15117
18419
13279
17012
16664
8626
5952
10673
11648
29536
26056
23206
3896
4530
23716
11231
30830
17582
26644
19366
17681
1050
15891
28
10897
22580
3130
11657
29926
12963
15586
5873
5331
21422
6025
3304
25452
4012
16503
32422
16086
2235
23456
8542
25678
12469
22221
8652
11116
10080
7927
5134
1705
18661
17651
5556
27936
132
21845
22042
4497
13189
26510
30966
2731
22642
10327
1837
20619
3715
25427
25067
13184
18778
20463
27634
12305
25840
9614
23858
17473
13776
15075
29850
10769
27011
13469
31791
6983
19275
1866
21339
622
16660
20597
29575
15646
5287
19218
8940
21373
23841
25373
18853
18694
7331
11389
7433
27273
26188
16686
5433
15731
8292
19103
24821
29776
14042
14937
19380
3214
20977
30178
18931
31108
25910
31201
8141
179
10933
14466
21964
11083
24172
14108
28671
28913
19968
12050
6988
32703
4271
13815
17672
17804
31622
12533
20677
7790
9684
5999
24683
19582
4574
18661
25227
7387
19924
31256
23279
24050
8452
32111
6518
2812
6478
27290
21279
20679
3288
26997
20835
20410
25603
9263
11208
16148
16285
9387
16307
21876
20312
8486
23165
6814
27770
31771
18890
1660
19671
31587
17942
4451
25084
31393
27537
6552
14510
7389
13613
16915
27795
16751
11765
11906
1070
16415
19616
16529
18705
12426
11622
14953
28749
16584
7698
27254
10030
24395
12377
17518
22565
15370
18026
2959
15366
25823
19910
29224
2931
302
7250
21082
25752
28872
9130
25632
14618
21007
28345
5261
22601
13146
7559
25173
27037
29595
21329
25487
27488
5695
19167
22713
2472
3669
1298
28925
24968
17651
17853
9138
1159
24277
21173
17190
20561
1352
10540
11419
28333
13894
7482
14735
4527
24547
6077
22081
16431
19176
26211
24944
18042
6333
20997
14694
8006
22668
28471
6709
26860
30627
23837
12609
15057
4378
26240
2558
28453
24758
14624
14331
13521
23822
10060
25120
32170
15596
10161
4916
7403
27638
1904
29601
10722
12942
627
20604
31465
5366
13824
5056
19608
11704
8590
4570
26937
1861
10712
20587
25724
14556
21041
10825
16237
19117
8215
29895
2210
9535
23818
2614
19641
4111
10911
23979
27394
890
7376
31747
8824
20956
20118
7717
27382
27642
9402
12423
28327
17565
13031
29684
14271
6016
30469
7052
26216
5996
24258
3084
767
18338
19313
8271
16513
1145
2072
5909
17216
32584
26052
3588
16347
12678
29216
11756
1644
2864
31814
27727
19971
24683
23509
1569
21588
23147
11844
6092
9644
28563
32374
30327
8490
9950
2702
11912
3371
10877
7172
19303
20486
28098
9721
19589
8442
27196
7623
27550
17764
14372
16861
6203
11829
1527
17098
19578
2468
13157
663
7953
7456
4970
24154
13969
31625
6587
13832
488
27551
30563
9867
23082
4795
27310
10772
29073
14269
17990
4787
13250
12869
29596
4901
31569
23078
29833
18925
16520
2839
10294
678
9572
4268
22329
8599
737
3717
19200
28040
23415
14534
29811
11220
22245
28870
26069
17088
11053
6668
9195
22027
5856
15223
4705
4550
20635
16572
32617
5990
4050
28694
4773
16664
4812
26680
9031
12116
17903
14983
14711
21685
28734
30086
16117
29704
2336
13201
8959
17571
7011
463
30069
12536
22912
13154
15675
25449
18209
29920
3551
5470
7136
13319
8315
21653
17234
12204
29661
12986
7748
17397
14310
4920
26948
18120
2096
2894
27748
2179
14835
2149
22586
19694
16682
12449
29739
20590
28913
12726
490
11643
6962
29181
31291
13907
21376
22471
1789
5872
22851
6897
24167
21304
27926
21688
25490
30069
5485
16847
12343
260
5755
27311
27579
32081
8531
9775
4968
11523
32333
10836
6142
17779
13995
8042
29802
14947
380
26963
8661
29165
30657
6944
3296
29881
21455
18654
28718
28275
16372
11186
14372
4732
30813
19497
21484
14560
17463
9929
6080
18313
2581
32492
5221
15282
914
21454
2037
26526
21559
11236
19426
14473
1951
10863
25656
6367
15064
9042
5154
17068
29965
8480
7088
5715
29538
4474
727
18820
27680
2968
5562
616
3346
25893
30247
13086
14639
2384
26213
18795
18808
17952
12589
1709
21796
1031
21238
5137
17659
7099
18550
9990
13824
15937
9829
18930
28498
9034
24196
7459
28500
29123
21982
9224
21516
5800
12365
29345
8905
32281
30017
20276
13065
25263
29117
7234
16537
10000
31650
7865
26878
28097
31280
29803
6164
25404
22474
20159
10229
28227
16633
17830
14364
14963
21684
22225
32715
20764
10719
25890
8105
13392
19985
19552
14000
12346
8602
23854
15942
22193
13509
21822
29098
22797
2650
10178
17554
13370
25447
10787
11539
25355
30784
30966
17600
2768
17093
10540
1302
22058
15843
6536
8984
29214
15966
30807
20022
24937
18637
20827
22131
6675
2278
14344
32199
8519
19963
25075
30914
6498
12485
17799
25203
30282
18017
4345
10120
19457
1176
3455
11446
27514
15203
17085
13404
16811
18350
28288
18275
11491
25437
9391
9576
15454
13965
11135
29
3607
3612
26597
1516
16093
23403
28241
32734
8361
24930
2969
1724
11055
12981
23091
4980
23219
25958
14248
28349
28958
8076
11845
17406
19793
24914
10004
23404
19641
12354
30731
16243
27427
1988
8834
20824
5330
13025
21995
4380
24271
29517
2749
7331
6529
6565
18865
10774
29053
29429
29489
389
4767
12157
6925
14801
346
9909
19569
15561
7756
7310
18964
22163
2070
27643
7857
21582
20330
15024
4539
30197
12646
6697
21581
14214
19488
14831
31328
13668
386
3863
5184
12282
31832
5387
31809
29346
2983
2957
11437
8645
18496
22008
12802
13379
14486
24521
3418
7189
26317
10847
6955
25137
7443
26623
21040
14765
15411
18459
28327
20008
24679
22740
23997
20838
18542
8637
32071
3130
13023
23522
946
30377
9661
27401
9277
6988
21579
31799
17253
18934
5922
28022
20385
23959
10880
25302
4688
6496
9955
11442
3312
24872
26583
25396
13968
20751
21772
23323
11656
30817
16811
22460
12647
15293
21994
7751
31021
8822
14047
20044
14779
4921
24721
9086
28807
17392
26197
1206
18068
24807
3416
1083
8098
12077
30072
13632
10658
11838
17496
31406
108
31966
1715
13092
14772
1352
15344
26172
27962
13448
16375
22289
3394
16678
1860
8190
9028
17668
24889
15272
17636
11913
13497
7998
21796
19711
27378
18943
26073
31802
31866
28157
19804
13179
21662
5665
17537
31636
32503
28016
8397
4172
21310
2956
32483
12548
4960
27262
28992
25755
12245
27058
1832
13456
9774
579
16352
9062
11758
4218
15902
25165
10139
22161
20414
2558
533
7356
7606
23271
2598
4714
6220
18568
22617
21703
29575
21533
20752
16006
18403
31357
27345
25823
11080
14658
12001
26067
22077
28458
10260
27575
10586
7101
13283
2544
9979
16944
27071
22268
13628
29578
3237
26546
15393
17413
15091
4042
29716
12215
20602
2975
30869
12913
11988
30516
29485
5864
24567
13941
29347
16658
18187
12992
17011
30675
21369
4516
22140
29145
27205
18665
7929
10693
31133
13264
22706
15755
27314
3483
11636
23835
26054
30032
14526
3137
7302
24251
17597
15305
3739
5298
21370
32232
31868
12445
18515
22999
31878
11061
17832
705
26190
27275
4822
30175
2102
29004
7785
17378
23358
4932
28813
2449
10525
21282
8646
23475
22673
19835
10721
10799
21491
21777
6955
24178
15886
9300
7648
14609
26929
18473
16358
12975
17539
10219
27835
25634
13207
20143
8621
14801
1088
22989
12873
30304
30375
12444
12565
18576
2970
27004
20610
30816
3367
26
20508
28537
1386
16623
18948
8392
6051
3594
29856
4973
28555
24848
11409
5332
15081
11905
23269
22049
24928
3644
2958
30930
28299
19782
18451
20127
25164
19655
2694
20645
23392
21077
23734
4548
20535
11637
30629
12358
18947
22111
30525
2753
22032
27138
30270
15422
8531
10056
9851
9114
29253
20891
14662
31277
29938
7336
11305
15786
3404
1379
19927
28998
9158
15435
3937
31261
8222
1263
30125
6865
1658
11953
16165
21108
27319
2762
4524
8872
11774
910
17622
260
15000
14577
7256
30650
12803
17995
1725
14711
16709
5464
13403
11403
3968
25219
6790
12618
31431
22116
14083
10162
5936
22663
10175
30798
9258
32623
27329
9305
27665
16858
23134
8487
16896
19783
14764
705
4583
9654
25913
14800
14045
29359
31740
26812
2999
7557
5259
5140
27097
9436
21135
12849
2636
18793
28789
24086
32017
30713
4455
12699
10933
5301
28539
2763
5158
2980
14890
16522
17605
19057
14595
2683
10940
1903
1696
8224
18834
31194
30682
21315
31485
26464
825
10645
12791
10975
15534
14742
29715
6257
14725
20148
32018
25254
28821
6327
16561
25872
27322
27228
16070
30725
22405
19264
23947
12704
23089
24832
15930
14345
8921
29599
16346
2294
10217
4392
9304
23154
5075
5268
3033
30942
15107
5101
14927
17973
11796
31156
23370
16020
15428
19841
14354
9721
31269
28649
5106
17226
8342
19876
8918
19610
22514
19951
19993
26793
17287
48
15256
27049
24906
19673
19211
9544
4552
11662
32149
3562
23648
12426
31641
28982
17328
19263
11472
32725
15949
16444
5784
630
10167
7252
29839
24598
15756
3837
16225
22910
31995
8694
5598
7693
29820
5165
15440
7607
23998
23519
9739
15438
5089
5121
15685
18944
14822
22751
23848
25890
9572
22531
12838
10540
24956
5976
29837
20228
24078
14223
12635
8831
7981
13762
5459
28965
209
28759
28240
22068
25292
29480
22234
2024
20736
20192
16375
2554
31694
32680
19779
26982
5330
9988
14147
25970
25549
7415
10231
10732
10210
7278
17838
32435
6406
3804
24606
4217
7602
15137
29620
14022
2266
23472
30505
23360
29731
24561
10070
26155
2641
23780
17737
21548
22014
28936
31384
22866
26770
8059
22517
13654
28015
26210
8707
7458
32108
5259
24681
23953
18053
8785
25380
7030
23505
4544
12833
21727
16820
6650
6923
1947
2645
8665
20834
8441
5714
19926
21709
6867
19891
9514
4529
27083
25885
4659
28674
8405
840
16920
17497
28150
23219
10160
22343
21579
2967
9632
30442
18252
25113
9156
18109
2898
17603
5073
16820
32599
26421
10552
8841
13309
5400
18509
9808
29650
10580
28840
23890
8403
1411
9931
32280
2863
7589
8454
28358
9549
27669
15256
30891
14607
25020
30743
23061
601
9860
3090
10858
21197
15887
17140
17524
8921
25770
14123
11005
13300
14460
9866
7068
10276
771
26092
17358
12996
14018
14363
19528
18052
30003
3056
11916
25777
12547
26043
2235
29111
16510
30692
25514
13028
29769
11987
7991
22894
1615
13326
30942
16056
29949
11425
24711
13777
7858
14019
4002
5693
12657
27318
5750
25593
17114
25327
21430
14521
9304
3959
2646
21108
18331
22673
2460
27426
18249
21661
7034
15813
26608
5436
11547
23718
9536
20405
26044
15585
8055
25752
8125
6947
32028
2721
30712
7603
5360
8414
26449
22447
29730
27668
6798
4505
5314
17248
31850
31506
22648
28698
9700
10724
7030
17662
10461
2630
29611
12430
26850
9308
28729
20146
30279
23294
27946
15778
8053
1978
20318
14853
11396
6172
15560
18011
30989
4140
9435
24984
24633
5689
11582
4369
12062
27605
22215
16796
4428
30753
28327
17395
11170
18251
8162
26714
22887
9044
14595
32130
16278
10775
31245
13996
10872
1159
32436
15633
27000
9016
6349
28802
7476
9249
12036
6988
11216
17824
29645
7518
20367
2750
2205
21166
29604
29877
24921
14552
21317
30127
31759
6152
3842
209
16612
13083
11349
23416
7757
17153
13178
5058
13698
16742
24448
16465
11056
18065
5281
27979
28782
32396
4303
23205
6131
31109
2703
28578
2950
23412
12810
1942
13749
12030
18529
31728
29642
24473
16706
3959
25595
7922
8889
7892
25569
14732
5960
14929
21292
7849
26169
3296
28308
8045
17971
13407
22291
10561
15884
28442
6481
32630
2014
17042
18784
14378
10845
32637
1705
112
15463
18189
31782
27563
1757
30069
12498
21051
30898
5546
15454
860
8513
16998
13350
20042
9444
6259
25699
9898
24514
7718
10658
26661
10984
17450
32373
32086
30620
25470
4456
28134
13549
23745
30518
6133
13199
15534
19773
6332
31718
2531
24624
10353
19041
8166
11020
28011
9737
15209
16973
2695
17754
7117
32609
27850
13649
24038
93
7240
30406
29694
20463
5188
1532
24348
18835
26264
119
3462
3594
11864
23821
644
7177
5554
27200
11111
24878
29464
1739
1482
22327
16802
18555
31512
374
30893
1344
5454
24192
1737
29316
28930
8742
29650
20155
4261
19366
28252
18748
29957
27682
18516
7247
7957
12624
9957
3463
24305
2164
27033
18514
5149
28043
3265
18126
17165
15049
2838
15582
9195
3142
672
14718
3732
3061
8407
29267
26596
14805
6665
28038
29747
1131
12283
32211
13087
17775
3027
17629
10380
30406
28469
12229
14058
13232
173
8698
28343
23107
14157
16979
30532
24856
10647
7771
29883
13636
17309
6124
3937
13449
10342
20735
25
6094
17044
2498
17962
25037
18500
9451
27201
9740
13878
17996
29370
15374
1582
16296
27931
13002
9369
16326
12513
6236
26996
30659
16256
27131
6250
10924
26021
16427
11324
23373
446
2867
29030
3139
5052
29650
13312
18009
31255
13358
1250
22801
19
32013
23051
2432
8515
15175
3652
9055
9803
20860
1024
8288
32489
6658
28551
22974
32055
17697
3155
30744
22058
26499
16826
5503
2911
19686
31438
17870
8727
25364
13698
31033
19328
20757
3342
27945
25142
3747
17300
8008
24841
4062
3843
30423
14081
22849
11580
6216
7327
4053
883
5897
20070
22948
19672
31134
20634
8817
7287
17394
8264
6310
13917
31727
30086
30350
1021
23628
31484
27588
10194
10662
7843
15084
29765
24019
24525
24480
18896
7539
15974
20653
8292
11207
12153
12928
16392
20679
15093
3547
27844
25966
9906
24269
2493
31321
21167
4064
30625
19600
10910
13716
12869
31908
20642
7692
29069
15354
25943
2312
20877
25702
4371
7187
17901
11771
12907
26366
23698
30498
22009
3212
4986
21226
23389
25455
17896
20895
27522
9075
29890
14238
9251
29434
28215
5735
7309
26792
6308
31732
10150
21855
25785
11338
30510
27246
10968
6477
1093
4101
30653
3288
24877
32749
3172
14605
22610
30837
5415
8938
31879
7088
23592
6941
3731
20189
31470
14618
23532
11815
20307
3178
31426
26767
14237
30790
1855
6182
23019
28004
17934
27263
31443
30225
20506
11620
10057
18560
11160
5064
13762
21346
30279
18173
25242
30902
1270
6183
2995
27363
7240
26097
20320
24580
9908
2686
4737
3971
3023
26019
12783
11753
3278
22355
25370
23284
19014
15962
2032
13803
22327
20302
31233
3118
32073
22467
4321
22033
5717
16831
26574
30186
7975
27502
9875
28009
26499
10006
20908
32040
869
30540
26027
25219
24973
23401
16859
10154
11067
16440
9762
14836
20792
26865
18476
14967
27157
25707
17349
15573
17847
25229
27271
26712
23060
32262
14006
12098
27959
20029
25960
4190
8330
21899
31721
5851
16724
8105
15453
3162
641
9316
19879
4422
930
17048
6794
3940
18740
26459
11278
15019
2597
13689
806
5205
30356
16673
13711
9270
23513
13277
20987
23629
18885
27847
20335
23193
7466
28923
3050
32045
5022
16456
7751
31879
19581
25131
32612
30
23341
16125
20100
24890
20134
6507
13554
4104
21041
15399
11496
20206
19311
12253
12206
14364
6558
3433
3846
16740
23064
16455
32200
12875
22044
19786
3018
16480
32209
29073
6402
17868
5256
11704
1007
17963
29250
4427
5940
13722
32370
23168
31367
13841
18436
15909
10953
16116
24221
27607
15734
25316
20773
8821
29504
10203
30083
26836
24055
9592
23975
16052
7596
23959
7630
23027
30998
805
18433
17409
21813
9011
16607
27540
20532
25672
20893
32413
916
20476
6987
8314
12679
23234
20313
20589
24986
7686
20825
5197
12439
30840
9734
15227
22442
2215
21382
19992
11970
13777
5868
31861
11834
15097
4865
8907
13241
26683
23620
13613
3671
3677
1583
10170
5633
18598
5564
10007
21022
6387
32040
13597
29554
2567
1271
32206
9539
19491
17976
30862
31163
32726
6666
10640
30094
8983
8799
6030
32477
21649
20480
18877
13145
24894
2514
25088
27051
20535
22871
10075
25108
24779
16503
5291
27216
11982
7297
16277
30913
28979
14957
11197
713
1758
100
24120
4728
17843
20610
17731
24423
16371
2266
18485
28387
29640
17594
5042
32590
6430
17201
30242
17091
437
5839
24673
11513
16244
684
24248
22634
1281
10411
7693
18100
29838
27904
20822
63
20726
13040
2900
22304
17672
22232
24701
20797
13602
2417
25914
32178
20227
28754
23634
14708
19418
12215
10662
10036
6306
16768
23840
24199
22706
15741
27110
5699
30352
30440
24019
20012
14087
4915
11559
15312
633
32261
26237
32431
22646
24191
25342
24479
8588
29123
18133
8047
21345
28343
26082
6347
6912
22278
24755
14687
369
22888
3504
5696
16012
10532
661
8071
11790
28371
21030
14143
6893
13926
21022
12161
21737
32362
32104
29661
17508
19595
18065
25084
28787
27479
28286
5508
11061
13637
13146
11068
22628
4342
27603
16241
553
698
25222
11160
12341
30550
1463
18228
13581
11269
16198
12282
26021
22460
2270
23859
28465
31154
4208
611
16184
28960
224
1320
12778
16965
17150
2660
31411
11438
19127
24222
31504
30388
17549
15782
31650
4678
14148
15736
31617
32489
28126
24675
2514
3324
15818
4715
23964
26177
32089
5611
8151
32665
15985
9087
7110
22543
8581
16672
18823
10520
21700
5265
26345
27673
5009
13563
4733
22826
14900
16340
7408
17178
16847
13572
1175
29875
14483
24139
20300
29503
2611
17885
13945
19019
11417
80
22898
17578
1241
19896
27144
14013
6243
22033
1883
15858
24188
1245
15087
6539
17903
18445
19458
161
17151
13861
23837
6504
31137
24476
2026
30132
22504
20353
27461
14524
13505
32613
24469
18974
18144
17012
17757
14884
2042
27621
8718
15174
22581
13461
32544
21744
30173
9198
16224
13189
7512
14
24204
14755
25948
2341
20253
13993
11103
1055
27236
26230
9295
22660
9944
7796
25988
17820
2223
19414
31219
29398
171
10013
22436
24426
11575
16609
18790
30014
12722
19406
8385
17159
6155
18413
17452
8624
28814
29476
28032
18687
9213
8961
11437
6006
11235
27571
683
4471
9509
14425
10420
23468
28890
14464
22449
13478
22364
18150
9202
12740
24991
11652
16673
17239
23746
27340
17017
17411
15332
23600
11059
5993
19513
29155
25409
7170
28509
20451
25663
29774
20456
55
12967
27439
17474
6773
30532
30607
21433
1160
19689
9033
4560
12464
5730
22855
17370
31946
28843
24296
1224
5842
5472
31908
23360
2726
16757
6642
30191
23821
29735
20585
543
22519
6706
14886
20620
27655
31045
32623
15475
19278
28595
26517
2285
8538
23659
28959
10363
3183
17194
13604
8930
15380
239
6649
3385
22737
9392
6413
18496
6456
16459
7184
30963
10274
17855
13659
28511
16443
17564
14220
28597
8385
7096
28784
4509
16264
29476
2855
10700
23618
4702
23938
29145
22781
26312
9392
25164
31725
20057
29978
29433
32364
31379
24971
13708
3391
32693
7572
32356
7707
25649
7983
4005
15975
17504
930
31368
16196
24181
15270
10998
25291
6832
17097
20822
28309
25556
26129
7843
18305
25562
24034
1729
31409
30951
16161
32017
22486
30332
1946
24387
174
1772
18847
619
4555
16660
15090
5719
18581
17990
10982
21280
19090
31878
9152
9472
29157
14585
15203
19043
17173
28314
22317
6209
28688
13615
26396
22698
3184
15484
23605
30627
22268
32694
24102
29232
15474
19770
1066
15282
30596
30335
5421
3443
29216
15433
4913
21632
19444
19232
5616
12727
10802
23553
14530
16416
13456
19795
8130
5505
25492
18460
22572
12588
1038
17781
6154
19740
5094
2108
8464
17728
23575
24328
19140
2327
27644
16994
30690
19325
22987
9010
31486
25797
27743
32119
11883
6919
4666
827
17244
17595
18890
29639
3145
31111
24299
29459
18068
17750
8622
30080
10093
4522
31320
5065
12275
14643
32430
23351
3227
31136
27760
28181
982
14261
11556
2148
14318
18846
18196
15568
16433
15235
24474
32226
23890
16988
12955
18294
19724
20743
9042
31856
264
919
19023
19627
15617
21744
9407
14130
24614
21137
18669
31923
24000
17072
17417
5680
10516
28812
1321
1016
6283
4863
31117
2262
1040
338
15911
9608
8890
10838
2650
26738
27563
432
14339
26004
32312
22389
3254
27322
21834
19959
10314
17394
18947
25054
15511
9283
10661
14458
29310
1692
25264
10327
8234
6923
3403
12306
13462
5167
21221
20332
31823
26864
31004
30365
9084
24173
5086
32747
6427
28214
8910
26490
14221
23740
7657
13670
22101
5126
13673
19983
10525
5797
18665
7348
4089
7913
22987
19524
15600
15957
31959
624
21177
4433
3876
20741
24770
23327
12860
20857
24695
7696
21371
7875
6080
1016
17080
8560
1227
10975
7208
25076
14093
10745
2430
21822
14723
25305
7767
22415
29246
29409
21462
18827
6942
22781
26507
913
14302
9105
8602
4936
11600
15023
17945
30586
24042
6798
13753
20006
28546
4663
425
10448
7766
23170
30391
31516
16719
6465
25529
22427
25479
9403
7979
28389
5896
7004
4121
1256
25815
9130
15936
20607
32305
26747
11632
31047
4884
9573
2100
10158
29185
22391
23989
23372
21761
26150
30428
31607
32742
22666
1719
22033
5075
27339
14878
165
15358
6102
27286
20402
6069
27476
30837
22599
1439
12252
4167
12240
13381
19815
24433
24112
7120
27653
31764
13840
17684
11983
1076
1910
462
6941
14362
24729
31274
32761
5110
20724
13193
29139
11465
25241
29824
11894
21634
15816
10788
32058
18791
10944
12933
24443
29879
26069
12408
9547
31886
31171
19610
14948
11528
5186
1937
16224
31913
2266
405
17197
12285
30201
23344
12475
24699
16451
4929
17655
27311
22569
1607
8445
1945
32189
29404
19593
5456
30404
10112
15535
21226
27405
15768
13005
5024
23298
1462
1981
11566
25725
2331
14159
9593
18909
17531
16374
25460
28504
0
10945
26436
17043
26769
20365
19875
16495
20051
10618
8834
3366
11376
20379
18162
21144
24088
26098
28228
22751
9414
6811
30319
3369
25541
839
8115
27335
13554
28396
26492
31361
15043
32699
2697
23597
21384
8531
29261
3712
4593
12084
4502
26915
7889
24438
29804
32009
26657
17851
1852
20225
16712
610
22838
8327
22682
29181
24051
15072
9758
28933
29275
28774
14228
1997
10438
18464
32182
4789
8289
1941
32447
15008
27604
3810
4650
20904
19233
15115
2492
26640
15567
17039
27588
11641
10825
16447
8866
29273
13185
24655
17798
23978
24024
25518
24186
10975
10818
28051
20899
1052
22181
20313
18883
19622
20099
18060
19971
28569
3801
24900
25840
1753
327
31921
26819
28234
4720
4600
28901
5956
1956
17725
29874
12353
22461
27393
2942
29913
2886
30639
28117
14833
26595
3441
7175
2607
27372
7240
19940
26289
22364
18524
4037
32766
23274
2705
12492
31548
3701
16218
26220
6052
21925
6098
18731
18484
25040
8457
3750
5539
23578
21915
9430
23706
31457
28040
4755
15393
1624
24639
16726
18520
4209
19708
5187
21863
25601
15700
28775
28343
28447
30223
6718
20067
11468
18997
3192
26857
20954
9323
11260
24870
16646
14976
32046
30849
2664
8004
15981
20326
31245
9881
3040
2550
31202
20428
28787
11516
19155
10789
2076
18211
22837
26556
5987
14951
12385
4751
15393
14794
20898
6098
7048
20296
29266
7558
12643
32268
25919
22093
9375
21732
13140
18301
17675
1267
10101
13683
5724
20646
20906
10794
3188
26345
17792
18956
23780
32410
6060
27399
2479
17981
24306
8676
2385
31730
15429
14804
12287
16805
11824
19020
15921
389
13172
24339
14430
30391
243
26266
27654
11851
20172
23179
17910
5231
200
22180
24008
25058
11765
4550
23209
32172
19344
27977
5471
9997
32552
3731
7050
31667
23553
14057
30761
11823
4023
19844
25953
170
16931
20456
19322
22484
11394
7281
12587
31262
11220
19247
279
20265
21123
2292
18583
13182
15685
10410
21434
13439
12099
24298
19082
18590
14715
23499
13201
22476
29027
14072
32668
10292
31439
25094
703
810
26900
5380
32409
9822
15214
26963
8665
21846
30879
5816
8449
7963
11737
1711
19563
11314
21726
12802
18313
10445
25958
31899
17776
8003
5569
918
28312
22206
3773
4507
21469
2611
5834
11627
4810
2968
30812
30392
3863
10065
10129
17722
25968
23531
27412
15871
31609
14860
3137
21251
20750
170
21130
24832
30415
18812
19993
24455
19932
22958
13750
22352
29917
27353
23532
4815
1606
50
32615
15623
3033
7170
31393
25251
19308
26966
5822
2371
20716
11767
1460
20756
22946
6300
18350
21667
1205
16223
32691
15091
27888
25198
31618
12237
4038
18179
29377
13911
9619
16022
16727
2536
20261
11857
8471
283
15483
10948
9886
10018
12492
31706
1406
32605
1996
7435
24476
10027
8234
3540
9174
18945
20317
1636
16361
7097
17056
25753
10642
19756
28987
25898
756
12034
1029
32038
24122
30409
22055
26525
25725
23109
29474
15260
25576
29959
13844
7775
2330
11329
28215
26051
18379
1241
11434
16122
14003
8124
8052
11650
25255
20597
7622
30296
23814
510
18816
19305
2387
24022
27127
19273
28195
26963
25589
10535
3386
3386
29442
4353
1777
15245
2018
7188
3291
10148
28767
27031
26535
17535
11337
12200
5192
32091
5050
22663
15444
23683
12958
2
3498
5225
32115
25904
13656
7925
17230
9314
444
26397
287
19799
28649
12470
31285
10671
10315
12938
14853
18338
11919
5802
25383
7410
18621
21766
28577
22046
24999
7226
18024
9689
27271
15531
18980
10426
32740
18899
17716
12597
21941
26073
22258
4042
11977
27493
17976
11132
25446
27058
23843
32389
15153
9957
12822
19272
7757
7325
514
7559
25031
8907
32741
27606
13106
15556
15761
27984
26510
15508
4527
30600
12655
12437
7939
30915
603
20289
24818
25188
7027
21829
24897
6055
4437
2518
31519
13458
18242
23880
20326
16681
9596
21981
19998
9442
3826
16091
31043
28248
23071
19937
17607
17219
20784
12922
14299
3240
32101
17395
13163
13133
16825
16746
487
112
2245
22568
5193
30392
2530
25649
4180
14188
27022
7960
5145
18403
14609
12568
21184
19260
6496
22625
28293
1103
1345
6832
13313
13282
1712
13602
6827
10017
23425
15946
11934
2632
19784
11905
18333
21411
16502
17021
12628
23224
16068
27686
10464
28611
213
17828
21394
1890
15126
15037
4848
20114
12778
23646
23037
15066
22788
4727
26555
27334
531
8204
2797
27287
24229
11658
21281
12601
22853
19799
21230
26997
2535
11948
22395
23400
18823
29351
14656
2612
10508
22428
10769
23029
20338
11949
9304
20983
808
20378
24482
20262
25271
32474
28253
15045
4261
31210
26847
6499
22169
7653
18859
1547
959
23637
24304
28092
2670
29256
30035
7960
8457
5543
8174
608
27171
3268
16793
3488
26598
25650
15208
18727
16053
14041
25717
30778
2832
15433
11999
14858
20152
4431
7698
14051
14612
28358
29257
11685
20180
17072
11602
30072
13524
24454
21649
18364
8771
13772
5192
26175
15876
19431
10262
29107
27476
26675
11453
1119
18862
8529
16168
25876
27627
18622
3244
26211
2734
25514
14478
17933
13823
9735
15045
8379
18998
9184
7170
19951
11291
11500
13038
14395
4171
1635
18098
1457
20958
30480
15037
9370
7238
22952
10177
4203
27770
10586
1535
25332
11605
15527
19653
1499
29496
8820
11061
6217
6903
21853
15943
23779
20467
14669
26642
17404
15747
5963
11335
26120
28569
2967
13822
596
9890
6646
27317
22005
8877
23626
11925
24319
10704
32613
15864
24567
19911
543
16425
14218
13535
27302
30570
24702
27155
26134
12860
11754
30836
1610
25050
6050
21966
4593
31239
10998
24712
6884
32265
29596
29900
20151
24310
28906
23784
13709
3886
27464
8436
21297
28457
15846
31157
24163
30579
26794
27330
624
17396
32365
18405
24326
25717
17254
10692
14917
5728
4070
5569
6425
19399
19270
23838
12744
9128
4894
30565
27847
14192
25272
23559
26578
25021
20165
8003
12091
25192
10574
22089
8579
963
8685
1696
12583
9503
13884
9413
30908
20114
1678
26133
21822
12791
25309
27116
31398
15669
9220
32271
14010
8645
9518
583
22057
30062
29071
12111
24535
20563
31314
17648
6774
3120
26834
25451
4182
2273
24844
5143
1406
6692
18517
17739
5115
671
25672
15742
25208
8229
26115
18861
10511
11573
13715
11006
30815
15299
4524
1954
30431
19771
22429
25343
2161
11204
1924
24847
5179
26818
22718
22787
23730
9374
29346
31533
7671
969
7535
3612
26215
29950
32642
1801
23918
11464
15053
370
27803
31301
32388
23044
32506
22825
24857
28862
19102
25861
5739
22100
22653
4554
22075
26833
16001
19849
1759
9089
16347
28540
58
9742
18331
6218
31467
14057
29053
26503
32709
17643
5382
10874
27519
11325
1744
26660
23213
17013
1059
28285
4591
28161
31940
17665
13929
19657
12050
10347
27251
11792
19022
29633
8849
25499
2875
6800
18085
11798
1767
6265
29539
18611
6088
31212
28678
22548
8458
25140
11329
16491
7208
12980
23161
9952
9402
14192
31281
8755
30350
31951
26310
24226
4601
12959
15964
14605
31343
16473
13592
5464
17234
28326
10384
29713
24328
18979
1919
2898
25680
9057
25022
26345
15830
20529
13423
21431
30725
4638
18043
6742
8476
17978
10560
19711
28548
16926
12675
11434
8801
556
31916
26998
20583
3351
22066
16972
6382
12454
4436
18367
27465
31668
11018
17975
22612
6524
18491
6991
8781
29203
25648
31355
32485
13366
17225
25838
16278
11334
32238
22715
21558
3217
14281
31546
23501
2771
22322
17069
14244
30461
20715
25379
21662
12084
23566
669
7883
5405
8771
30832
21307
26712
16438
7146
9232
10826
10825
26168
25303
28448
18822
27527
9497
16400
25815
28522
5932
29410
10873
6268
29007
6832
28078
1862
17143
30186
27826
21603
2147
32156
13041
14817
15990
31220
27511
27627
26822
16383
14248
25765
15857
31923
24113
10072
28208
12594
26174
16079
14382
17485
29422
31489
16410
19783
29443
12784
23802
31708
30943
2000
20547
16770
20140
620
7079
8175
6874
27590
26927
16603
10446
18429
14729
15111
10712
25204
19619
10366
614
13873
30841
29211
30584
13699
25131
29771
20564
13544
19794
24852
16507
32045
30100
855
11739
18647
9846
18258
10054
12482
1394
11368
7971
19464
16970
1061
15972
1828
8603
8829
25528
30296
5557
25428
8961
10060
22954
10564
22792
13815
17061
14746
10095
10434
15229
6561
27880
22507
7818
20772
3493
25640
25016
13870
8208
142
18649
9748
20923
5040
4672
20405
6298
29707
20875
29441
1136
17314
27840
14776
17543
12005
28572
3444
13732
4823
10535
3818
3130
20080
18316
4717
28382
17216
26152
17844
5371
18774
16865
25308
15815
6752
1977
5296
4981
30740
29090
28713
20141
4558
9621
10033
11833
28026
2782
22700
5889
22452
2490
8633
28729
7982
26915
21557
4057
8018
16107
30338
19277
24105
9736
28806
110
16764
12079
2550
10930
7993
16292
7636
22687
11543
21072
10038
5510
4989
20244
2890
7021
10145
27741
17559
24909
4333
20216
21381
22910
23974
23592
6176
29807
19151
29174
31001
15258
17227
31177
31757
6327
23107
2358
13066
7472
17607
1305
9040
24022
5816
31461
2388
14034
18149
9272
7691
3038
15988
18611
16740
22709
30596
29192
11799
9671
28432
9812
6813
13618
28182
7344
27519
31726
28153
8194
23252
15175
7205
5146
14597
20113
16625
20730
10964
279
3529
18548
2205
84
5772
10747
17115
15974
31283
30899
28653
22719
32436
18378
26395
22302
9253
4363
3284
22205
29477
22960
13369
30156
2680
6520
14816
4895
12273
6138
15313
13860
26773
13369
4821
13079
23549
19064
28913
24441
1788
11344
18733
27326
386
24319
25753
12102
23488
5123
18578
3982
22157
4072
21058
13224
31497
29534
11110
15080
21888
6798
31828
13793
22417
1710
32572
31887
9615
1491
22702
13526
21287
3335
22876
7467
21315
30876
3362
28562
7983
9920
15171
28872
22778
8273
15350
32705
27936
17394
18209
14677
30565
10078
8292
1078
28420
8956
17497
6437
24073
15284
31514
23397
10236
24322
29700
5488
9151
9544
20155
28138
3257
3689
13678
10451
3893
27795
27741
2304
29700
29020
31384
26060
12138
4369
20489
18699
22328
12362
3252
10559
17461
20418
19774
5135
25282
10854
8364
23796
30398
31148
2926
9270
22184
21542
15260
18967
25091
23127
21119
8781
14079
9669
26451
31670
27477
11855
10059
20552
19571
6593
14038
12615
27353
10662
14369
17338
29891
15198
6877
24863
9224
3696
6466
12382
17218
17697
1620
19196
3631
21317
20837
17041
29015
20309
25307
6780
27887
22978
13875
2517
7934
3721
21830
6563
14526
13576
6347
29519
25413
8719
21022
29529
22372
59
16960
21578
11472
29311
542
1514
9343
17668
16406
1202
29269
8243
30391
17796
18944
29200
200
2458
13089
457
11916
11965
26796
24974
16453
20407
18321
12964
27127
18698
4252
28597
17518
30178
409
12651
20354
14665
2493
8509
27034
10138
7489
3720
24687
25656
27728
23009
32531
1919
291
10922
15665
8443
2411
8931
29590
10712
20207
1347
14832
31642
9078
391
20950
7951
17383
6923
17161
1921
30383
23959
3322
3631
26979
21627
4492
16895
4518
30686
7450
24429
5454
1107
12220
1223
32194
28845
27590
30364
15014
30229
19858
2162
14267
24153
4224
32183
2560
3207
25914
30458
30750
29627
23869
16219
25090
28725
12181
3648
19404
13998
15079
4426
4072
19948
26805
21128
31866
18069
21982
20202
24576
9537
25700
20728
18739
13010
6770
25539
32301
9992
29342
29212
28369
24912
363
26117
9832
9181
5138
23653
136
1274
11394
16640
9530
2719
32421
26277
4187
9282
21221
28585
10307
30447
29167
6805
10149
12187
32182
18204
24246
20406
23483
18256
3986
10239
5261
20757
27099
30108
19595
9173
27043
21866
14833
13941
7564
402
15379
392
6189
3421
30691
14787
4280
4937
7609
3761
30426
2396
15444
16808
32227
12216
17692
10492
25383
19824
9641
29554
29604
12186
6793
16376
5349
7845
7998
23955
21798
15853
8071
18328
18104
2445
19937
12831
10919
26228
17228
15029
11931
30908
19538
4433
16892
13367
1862
11658
18009
23370
14282
25606
7947
24574
29587
28726
25621
23380
3185
17984
15439
3801
23433
16701
8900
9339
20965
421
7000
8347
29232
4103
6830
14947
6074
6142
9544
3674
11971
20320
27120
24373
16885
23992
23383
22769
306
22519
3325
2590
9616
9318
22352
1918
22178
23263
1816
28110
29946
30013
7186
13796
28139
25617
23259
3834
31892
23447
13840
13130
31769
27880
21172
27355
12084
16240
11218
12442
8429
32419
6499
11692
677
20460
15985
32515
11097
25830
8829
31023
7205
32207
31263
24183
11783
28730
25324
15145
19686
1539
5788
23598
25555
18568
22893
5089
24206
3094
10178
16674
25676
20386
26384
19621
12215
17594
7674
4240
10295
5051
30651
24134
8304
12355
5829
5757
24076
20969
31399
1943
20154
25900
32052
1583
3702
2218
10978
29682
8972
27283
31344
10416
4311
6748
10188
29106
11471
8888
13875
6991
20419
32708
23962
14522
20194
17793
26445
7710
23936
2696
15830
16621
15383
27385
13344
29301
22668
14261
18396
10420
17332
9677
25380
18797
8215
4666
24926
11131
28148
11726
23396
16998
22661
9578
32482
10292
26755
6770
29951
31105
16365
32638
7231
14290
17158
11602
6567
9767
21149
17425
1315
21455
31632
11437
13606
18816
16275
20130
28048
3239
23342
19940
30164
27901
11525
25877
23130
20571
8796
12284
23842
28879
19674
31283
22955
16623
1421
26143
8211
27245
16687
37
2943
6892
31144
4635
22461
4882
20691
19197
31272
11231
20613
3810
460
17981
27596
814
17099
22744
9588
11016
20736
4143
32720
10255
3553
13548
6583
29512
19882
19568
7372
8795
22456
10163
24834
3328
17970
21579
26976
26292
2287
9162
7682
8368
3988
15693
26465
10267
24317
27986
3796
21631
5599
10186
2134
6778
9387
28784
2441
22198
15541
7512
4603
17690
14997
10187
18600
30786
4045
32594
21185
25901
28589
4881
1964
22326
17268
1366
9804
24646
10680
15730
28546
6471
1288
19400
18932
18140
24015
21539
21261
13903
7035
29261
325
26315
22751
19677
15266
21195
22486
19024
2686
28114
22570
7259
17804
10845
21940
5504
25366
7189
29124
31968
19592
2634
3011
21584
23602
1693
19734
17582
26698
23548
11334
9334
32560
27092
11102
19600
14582
16257
21909
12140
16928
3082
16429
26193
936
13835
4763
10482
3142
12274
23016
25411
7918
23662
11095
23946
2713
5925
23112
10937
12104
13734
17756
20731
21574
5278
32474
24717
13230
1358
21586
27855
24366
12092
31104
7067
25098
14889
23154
16085
17508
21572
22765
11331
21434
26781
30990
18335
21680
6620
16685
29419
528
21811
20742
22789
32015
4497
29723
18043
4818
3865
13140
1184
31536
10962
10729
27360
29882
6816
8577
6736
25080
9587
14748
6025
19446
11198
7726
14007
28159
5163
4492
3565
11945
28813
19852
25020
10770
28437
32744
16387
12648
27594
26084
15624
25519
13875
19249
1736
17342
24406
28688
17036
28555
9191
6843
26813
23721
18105
22528
4857
15887
28536
12079
28774
30491
24986
19766
21575
16343
8083
27403
4813
24186
20040
29514
8239
6706
27847
11040
9725
19232
13365
25191
689
11172
13319
28434
26503
20188
32374
30668
2190
24679
31020
20956
4863
4463
9796
30284
24014
22246
31089
21066
2176
23823
3453
30414
31804
21569
19958
27517
804
31464
26916
10446
27110
2252
7741
32107
24461
24470
15324
25306
1950
9360
25264
1372
29280
10156
24689
789
28539
15304
14105
9838
28356
25648
9296
8120
25432
31588
15656
530
23784
14108
29194
1932
19283
11658
3825
24716
8314
16351
3029
4721
17488
3600
16747
10615
3888
22490
22027
16858
15988
28420
30449
11327
5955
7908
12713
12623
11178
11556
453
14501
30190
22470
26321
22250
15905
29798
5769
1854
32244
5311
8009
5082
14028
21617
3780
29172
28184
13314
28921
5347
17377
9506
15203
31876
22434
11315
30832
732
28507
15112
18229
11519
5345
10477
864
816
7544
27624
10606
13385
20387
30527
19230
2142
6971
25402
10277
26269
6079
16938
16163
29304
15595
18090
27350
1031
2444
7973
24461
32679
3218
10905
7392
20712
1127
27290
10143
3238
2175
22169
8200
32373
28977
29798
2109
9539
29125
23028
20213
25400
6350
31837
29297
25825
10938
28709
20402
910
2727
32451
29161
9976
9592
13661
30255
27175
4904
20692
22390
1939
25183
11008
14015
20618
16963
3389
29582
13265
32401
3110
10395
6030
492
20640
24779
2661
21109
29211
6238
4066
15515
17940
24170
3095
8245
18654
10888
4742
5070
931
15053
7233
21055
5030
3580
26959
9860
14026
19961
4434
18888
344
16001
1895
26562
8445
1049
5454
15684
20754
22340
4555
1297
25632
30713
22091
9968
1700
30036
14283
23806
7951
7564
1782
17224
28433
10789
23437
1433
23063
31847
12044
8081
29971
32270
2699
25335
17275
31299
19426
14416
17812
715
17936
19889
15344
13695
16606
10193
17461
30204
7103
18786
13089
28571
6139
25762
20427
29604
3596
19245
21548
1982
4680
4117
22237
14506
19649
4148
546
1329
2154
21697
15400
30043
15739
1058
9355
12770
6934
21761
2843
12262
21546
14242
17376
17634
13208
10612
31836
14047
15252
26342
30223
7400
21582
28539
19009
9149
19922
4129
6907
2764
14637
26559
21847
27996
23762
6669
26873
11276
18492
9384
6366
2684
19156
2662
18773
21834
21012
18662
28490
9280
29421
19564
1226
3275
8806
21996
9924
22703
24967
1893
16397
5370
24693
2673
26023
3382
23774
1305
18499
1763
16279
20717
24324
20773
15748
10325
12166
31929
32697
15906
22303
20525
5854
29544
14693
19537
15832
8080
30704
21737
12198
7849
5985
20900
5256
6655
30114
23378
19047
16111
30064
18769
3185
22521
791
13128
15876
31767
22141
15128
23757
18509
5730
13072
24113
22402
16614
29793
31723
27790
32076
31185
13303
660
15101
4787
32687
14226
16848
16918
1589
17718
6024
7741
19984
31732
24223
17487
12826
29781
4674
13392
7577
27282
17308
10576
21420
30817
15447
16866
17897
8463
10848
3280
15940
25551
14571
19981
24626
18514
15032
4075
17679
6551
18836
21646
14269
17157
32546
31649
21391
951
10971
12359
2661
27671
10580
29525
22040
22958
16575
5566
6424
25914
9909
14159
29267
30465
4915
7580
2137
30054
1250
30522
4030
16826
6811
24366
4288
30548
9770
13478
12330
8420
23634
6887
32633
22532
17938
13703
6204
784
22311
29916
1729
9528
19922
1716
18413
29907
16347
16198
24172
11254
30934
3689
17163
18246
3493
21764
13409
9994
18750
11974
10677
18053
22191
1047
27932
32130
19551
30798
8418
48
31894
2084
13355
4400
12095
27752
2778
6637
10477
5365
23730
7468
8989
20450
4027
14308
6587
28920
4584
9295
4583
3433
30198
29505
15864
8126
22423
28601
8897
10258
19152
24757
8724
7294
23200
7499
3717
15828
23266
9974
11376
9360
4468
15918
17470
6667
31385
9531
10723
4594
11420
1354
23979
22519
7863
10689
10807
17862
22322
1488
25538
5435
17615
14408
11434
8914
18278
433
25387
13407
11213
24727
7277
6143
7930
18468
20673
12110
23660
9460
7463
15066
7111
9252
15893
31192
446
28844
10099
29206
6197
23279
24042
29745
4519
7825
30046
12296
23494
14985
22713
28016
17762
3959
16107
15658
15244
14391
28975
13842
25083
20662
18063
4760
2735
7940
30890
17012
20691
21163
13749
17558
23272
20032
5056
23900
2080
12087
18746
32008
3336
2043
20152
27249
17258
63
19954
1529
12658
20366
526
14526
3087
17962
27938
25621
14492
22547
1780
25908
4544
24166
18692
302
29587
744
15308
19749
21250
2531
26950
26298
25716
28209
22703
4297
5550
918
30603
2132
24307
4947
5097
9660
12144
9975
19432
7735
30936
30073
5754
31102
7756
9860
18792
4038
19069
24594
16534
9202
28948
21052
2697
28167
32594
13648
15910
10720
32755
28197
23996
32291
13913
19627
27461
20339
29926
6342
4585
21479
12970
24925
2244
31419
9278
16814
4841
31814
23535
4324
16551
9772
13599
12267
22027
14293
3817
27011
31397
25374
6660
6291
5775
17742
15850
2240
172
27723
22841
17727
25134
15374
24921
18919
29531
18516
9567
19083
30096
30358
14385
1158
3718
31804
17899
20119
26836
3342
22658
23280
15797
19947
20392
24457
11276
24509
4079
6330
165
5804
11568
23049
21438
12690
5166
8513
8134
9647
30583
24516
13668
21151
907
28193
12475
12936
7744
24041
21485
23192
13669
7615
27357
24495
24742
9135
7226
29528
23215
4545
19385
19710
5525
2253
29089
13149
28273
7568
2957
14902
17486
9216
2669
2119
30277
17629
25039
14714
3302
4489
7261
12637
4826
2585
6566
29138
24775
18860
22817
18952
24692
19707
30318
29097
2862
1842
15072
25685
10090
14591
26681
4432
2475
15848
8372
13175
23718
17377
4169
25977
13476
8478
15148
17987
29225
15398
5527
16828
14291
14889
18633
20915
30596
26515
18767
19221
23236
3809
8834
2916
2656
12723
6993
6756
6487
22563
6208
5144
5879
27222
24241
28396
3140
18512
7522
29236
26777
5133
24120
28885
8594
25037
17723
7234
2600
17071
16609
939
9502
23937
3983
4977
30365
2519
15965
10460
6427
8538
1306
3600
6529
31587
9104
29245
24204
18121
9224
12823
8051
13815
10001
1158
11723
12609
7294
24478
5800
888
3502
10705
24326
13499
23824
2915
24423
1937
7909
29727
701
19509
28488
10569
27785
32305
26988
28627
19013
24622
9254
9939
21504
2571
22443
26165
16456
7468
4250
30125
12108
4885
5181
12272
20802
23095
23052
9764
19463
13577
15986
6037
9221
3931
21204
4521
11354
15848
28368
19478
16951
23594
26306
5458
22405
15474
2957
25420
4303
7735
22424
23641
31324
7854
27926
27761
6299
6044
18827
15003
22469
24681
21131
4774
7869
9589
8133
5914
2363
18863
9793
20334
3369
1635
10470
26235
3917
15699
4671
11569
11049
12554
7039
13705
12831
5997
25794
6586
9689
14995
25237
17328
12776
7126
17593
18618
26795
19754
14884
11651
18291
29870
13897
9795
17892
11905
7065
10038
29855
16599
28490
22862
28446
22092
31319
18213
9438
12920
31688
22069
15812
5315
20531
24651
7610
15738
12931
313
19353
18723
31224
27851
16203
22030
31087
24829
23345
10285
25572
2155
5314
16165
23093
24841
4213
4773
1576
31508
13537
26871
26288
9289
31011
31701
12652
21332
29313
24445
28017
26507
25933
24584
11081
4316
23819
18679
32315
29700
4054
19215
6861
24322
4351
29799
16008
8652
5880
28351
17659
24384
22640
30739
3587
27229
17600
18800
6473
947
7046
24583
31499
2840
10127
23680
3616
31133
8443
27792
1846
14273
31387
29390
19807
9188
7838
24770
15308
23806
24173
30527
12503
9616
6611
24819
3655
29403
24929
23357
3792
31825
6161
24894
5338
24393
22569
3379
22148
10998
8034
9218
2791
26778
1610
32530
31903
29687
1767
18528
9608
14342
5789
15568
14277
9196
5969
26817
14343
27690
25551
4835
3339
27668
31593
18765
10341
15236
4321
17610
11389
19663
138
5748
13271
9976
29097
21381
7575
4132
10017
13161
836
15438
17232
21528
15308
21564
820
6306
4040
26802
13522
22027
770
9701
27864
16986
22324
23346
16257
23021
11283
11024
185
12047
24716
30532
20354
22477
6478
23892
28822
28165
4232
22333
15437
21951
4852
21608
9154
15808
19988
24283
4401
3677
21436
8365
10148
14990
30416
23996
9679
10051
25935
13730
28728
7419
9104
16868
1691
30610
19660
25709
26764
2138
15581
23099
11614
24174
1861
26201
21316
26947
24434
10509
2486
10624
22081
30546
31510
25616
4288
18056
22932
2933
23608
107
13135
21343
17259
21314
20924
8829
2330
21080
10316
22163
11210
31408
5705
3789
22216
28661
1
28755
25707
1456
807
6429
21913
26814
19062
13577
25228
32000
17559
26922
2262
17236
16965
2403
15011
23492
16303
19509
4927
30718
23838
28886
13528
20996
19159
2947
13188
31525
11331
27670
12678
5932
13901
21211
4301
22487
3340
26528
23997
19595
9378
9995
22322
23109
10596
14897
14274
28628
13115
27747
9283
19014
18505
13131
25485
23968
29392
32057
17281
13778
28240
14775
20299
25577
12272
20579
15075
19335
19999
31230
10202
25744
2939
12224
10067
17703
2290
9454
7504
2009
25383
32431
26927
25111
16151
15900
30580
32490
2556
4246
8392
29154
28786
31324
31298
22096
20696
3932
31462
28340
11513
11850
6763
22649
24299
29168
19778
10208
5432
19653
467
59
23100
704
778
31835
10958
30062
25618
31563
24611
30275
22880
9535
28910
4910
8948
15559
19916
4463
27611
4168
23776
2733
17145
8109
22714
24643
4357
19034
5758
30940
12245
6497
30530
31807
1756
31225
2231
364
20721
31788
6412
25319
28497
27087
16911
11604
28136
18871
12182
23620
7372
9002
9501
22863
25355
5524
1712
29027
11942
6267
26892
13403
9693
30645
27905
29395
32173
24537
27162
20027
6552
3827
11392
3883
22692
32124
18972
13814
13222
5001
21244
31106
4288
15938
24824
10327
28713
31126
19093
8181
22060
8749
32041
20075
5748
9118
16960
29221
25734
22243
29759
3078
19855
9482
26183
14263
32608
16940
860
24126
183
5283
26823
30418
16064
7288
32696
18925
5083
28443
23088
27300
11168
6999
22302
23092
26656
2436
20937
2525
11374
11263
24685
12019
12383
5079
26153
7474
16781
15817
31768
6994
5538
11119
30143
26075
4563
7348
1191
21563
11178
32139
16202
21525
18185
23521
3892
11997
13676
31183
19042
19874
14958
20501
31726
28458
14735
5316
8174
1092
28980
6714
22169
9818
26351
6739
21163
23622
26881
16862
1803
8550
18717
4174
22443
25331
13423
24498
20912
26510
19677
10472
11988
21788
26509
22541
10248
18644
5287
17719
23389
13718
21596
9575
18724
31871
7463
1977
11348
29626
5970
13022
12845
20377
12733
30412
21787
8676
29659
18100
24285
25457
12541
12085
21990
15348
211
31951
23044
31769
8495
9882
13375
32208
9485
20792
7684
24296
5329
32264
899
18912
25551
15004
17749
16634
24336
25710
15714
8080
31059
21710
2818
17835
6227
2335
27234
8658
18248
6979
6954
3360
29360
7764
6748
11674
4431
13205
13183
21183
24181
27560
11518
96
2431
18433
5067
7089
32416
28826
27207
28321
11490
29160
15974
30055
28007
5903
27406
10845
28661
13394
2241
17426
20658
30157
20860
6554
15147
1638
31711
8489
16027
8961
20877
15585
14187
28147
1238
18919
29173
5817
2452
9660
27277
10731
30034
7627
20162
7531
10932
32062
9185
27874
21523
11542
14011
23149
29031
6779
14504
10131
32106
22352
11724
23163
28154
10507
4249
25435
5055
31172
20117
13876
7439
24459
606
11453
16398
11775
3819
17564
20506
17949
20
3548
16998
6229
21589
23964
26084
3299
5071
6404
21097
18012
22671
11390
21260
29319
11283
802
20431
7535
24074
4721
31361
15030
14428
20039
17122
22828
13418
6411
22025
13472
5527
1065
11523
6647
3335
29890
28349
20859
19111
162
10531
885
8045
6002
9610
19197
5345
19502
23627
27409
7644
21210
19377
23013
17551
1649
13846
5754
31176
2847
2888
31858
26993
24751
306
2595
30809
31047
8120
19690
20280
10323
17378
26561
5869
32191
24125
26644
18953
24937
28798
23761
16273
726
3689
25535
21248
28964
26097
8464
19852
28479
4769
21817
29866
22616
16442
1281
25044
10387
24734
26584
1930
32256
30956
4203
1943
9677
18925
885
16021
2490
22447
12504
10419
4556
5231
748
950
20038
12988
30743
21054
32213
25306
31390
9291
17419
32613
27322
18687
9230
27958
3823
19878
5010
12939
24217
28147
14852
2401
23240
22924
12296
28965
26957
29386
21286
908
26133
27321
448
4288
24246
24167
21320
18108
11336
22875
8368
26617
24438
24931
28961
21834
13012
28563
7919
28420
30580
31370
18637
4451
12212
30199
25405
12329
19545
27484
32331
21896
16354
4114
4987
2114
23574
31886
28672
23823
11744
26850
3886
14143
19292
4742
31026
31904
18482
12121
31233
16546
17443
4579
17550
10937
18401
25309
22080
7171
25636
5107
11939
22571
18170
28616
12126
13709
15198
27451
14437
6299
18189
7145
21615
15999
23189
30706
2475
6914
18351
17153
8878
19884
29134
19590
944
29228
27896
25414
24569
20475
32469
8726
25494
11581
13830
31203
9552
18664
2999
7414
29919
16423
17272
12150
22874
25345
32072
24879
21490
15414
11763
21649
15072
20585
29087
30460
16540
22660
27809
11835
31568
31577
11925
32590
140
19077
19373
4716
26939
1690
8265
14408
20950
28285
29384
21652
10967
7692
26526
20931
28017
16388
31655
532
2174
5922
30908
4556
6585
8841
6275
28354
18221
24932
18827
18721
19693
31180
19096
4458
4870
18156
4155
6072
24498
4707
10406
12360
31182
31977
4543
312
20366
23094
13683
23951
30064
1056
77
20862
4462
26883
17991
17382
1656
22885
27104
20761
29729
22746
31086
17125
24217
30246
14006
18895
4827
28322
15546
23452
6951
8417
14290
23318
22451
4754
25598
27916
3998
3496
17787
7835
3621
6329
20372
16556
8217
20132
28091
7358
1424
22903
8920
26342
11228
5264
13025
4371
17337
6658
2731
25495
1994
16186
23040
32483
18247
17634
5105
10898
2288
15877
18797
5546
23109
29300
4627
27678
7928
16489
30533
26007
29859
16747
5502
12659
32439
13937
26597
25614
11956
32586
29218
18753
23712
8508
15472
16425
17330
8428
22003
1066
14158
13181
20813
1843
9270
2812
28524
16707
12798
16892
27813
6444
6336
10877
9223
19095
32530
1043
31977
27976
29749
23876
22214
419
23183
9265
26443
9839
22107
10873
16045
23515
5280
8282
26176
30654
32351
19225
19782
12067
11281
31396
30724
22789
11601
631
9500
20055
30933
14780
23830
2888
6306
18102
8256
30148
26240
14687
9912
27966
27820
14672
26311
1965
16078
19170
21872
8148
24362
28563
5449
6343
1050
9643
1930
31403
20924
2847
29540
19645
23528
10165
14228
20630
1125
8809
14903
685
2396
26127
2784
1053
22540
31035
27368
20904
30656
3422
12293
27644
8446
2353
13598
21814
21762
4695
19806
1957
2411
23102
28040
18896
15411
12870
32650
954
996
11045
5204
31076
28681
17290
26602
3732
19939
27136
27576
30677
9566
22037
19239
31935
579
31932
7789
12152
23983
9201
16297
15739
15300
22939
30255
15768
20894
20918
27680
7996
18313
28593
8767
7923
27505
32533
22015
25643
26522
24424
3553
11323
20881
10065
16380
9892
9570
765
18141
26262
267
20928
6290
3510
13361
18176
29698
5150
30738
4687
30848
20901
25531
21207
23455
11361
28794
23035
12615
4203
8855
315
31240
5346
10815
5976
27567
29235
4289
10425
10263
11671
17917
9998
22082
7645
8728
13363
20904
11625
12149
5207
25551
32125
20705
2909
15388
20151
6158
10626
6633
21211
24643
19265
23768
19411
337
20596
28518
7156
11977
20155
16323
11139
22380
17185
15073
18296
6371
1789
32202
23937
7089
3095
12600
14666
27493
9228
17247
9980
7956
22260
29710
7940
26118
3393
26358
24341
19632
4330
12361
5232
19938
10698
3976
31587
1090
22851
19606
6159
4089
31014
27408
27759
1196
16855
10209
20374
29614
31660
29968
19000
26228
24471
26589
7276
23881
27397
19725
20656
9794
11013
22402
46
8309
17069
7438
11326
16230
12473
21897
20779
25282
6262
4129
5690
22096
4575
21234
16104
3620
17669
22743
16756
29462
21684
24959
9885
21362
23635
18371
5805
19441
1292
21046
14262
15592
30253
29182
16668
8128
9422
25571
26707
20646
18101
26534
2794
8323
27766
404
14793
17199
1758
31322
2487
28130
23442
4379
19743
14827
11508
5056
6931
8100
6470
20880
18321
7589
29970
7168
12549
24632
9417
18892
1808
32013
14762
28742
28296
5935
21989
18158
9920
32567
7169
26948
5129
9152
11643
27354
21368
26138
31920
29101
15338
10051
30204
19125
28742
8466
17444
11451
26370
24502
13297
7531
2793
28511
31518
11434
22811
4667
26229
31274
8277
4772
13108
14651
17778
1432
6069
9956
12594
4457
16206
9778
19259
3253
15735
30416
9821
2457
15402
14808
16922
8482
27024
14569
1382
4868
26841
9082
22187
3471
19051
13933
29968
12766
20288
487
30459
10322
31625
16736
4564
22847
15512
31222
3853
7652
9724
21255
4703
32161
2542
23806
5462
19300
28908
14957
15375
14181
13475
24413
26433
10515
16914
23266
10106
30029
18157
24306
30123
17622
20031
31350
21735
16131
4180
14754
16744
19639
31190
8322
4307
1937
11830
13270
10172
10596
2381
1056
10349
4072
25668
28411
32483
10415
8625
2734
28186
22874
17666
28673
651
14348
6431
22096
3570
10271
10827
13789
4180
12054
5963
25706
12865
5587
32203
24584
13399
10763
1533
15402
30727
13302
20867
25853
1436
29771
20879
11516
13176
15979
18505
22719
21153
732
31089
7443
1149
24058
20037
17232
7642
32489
28837
26599
15153
31438
8565
1851
27180
24639
20035
19634
3173
7928
10793
22539
22385
6095
19957
27890
5661
26858
9096
16593
3831
18991
8316
23274
13329
3580
5130
15011
1
6680
3114
14368
9260
27882
5627
21271
27717
745
23910
25568
31504
12372
28670
25292
17516
17187
10027
14776
26768
317
32136
21474
21653
22251
21385
24571
19509
18829
26465
30845
16594
652
1059
9790
6585
1679
11303
28998
20905
27890
17071
29661
3471
11124
30922
9193
4244
18991
377
18039
12633
5070
20753
16792
13441
5626
27616
16494
12401
1557
2067
23942
24147
24107
1751
18280
31841
17957
2239
4973
9568
7488
8550
13009
16746
14270
28245
15881
29681
9436
5415
2647
11009
4355
27883
15771
13253
6210
22217
21612
30797
7420
2537
20071
19086
30430
22160
29895
24747
3604
9356
28471
26227
14013
12499
6884
18474
24732
20071
22485
6796
28432
11900
16511
17423
19782
29661
32660
19305
4781
5516
14365
28498
19370
21672
13256
27531
14990
18836
19331
3871
9413
19542
15945
2025
79
15421
27196
1878
5493
27335
7157
9324
26804
11713
26648
7947
254
23728
17195
26739
24098
15728
19368
5383
13192
9243
31312
6993
15137
18989
11459
1093
13470
8421
15950
28874
25824
8942
8964
6262
10672
26942
14608
9625
30129
1855
17481
4734
18578
29228
18439
27629
30600
30654
13109
7412
23036
2057
4776
10216
11905
22176
15791
28838
19464
5888
12524
31774
29527
22572
2914
18707
21687
17300
25038
9756
7661
17211
23611
10479
9324
21273
20945
10974
32713
447
22254
28322
10351
25657
29048
21336
28308
312
26481
14537
23916
30577
23499
30958
24220
25408
11646
6836
12785
18321
19673
8700
3410
32256
31509
8422
30963
29247
10288
28239
15308
11448
25337
9624
27722
28788
3943
21417
31044
28732
22318
30006
16176
24318
2196
10817
32151
24434
22401
17121
16582
5884
13526
2369
5063
26581
12288
27883
3727
5734
5837
29511
5241
24052
18302
4446
22259
14466
26909
21220
28791
24051
32273
29302
11198
15984
1263
18208
19248
31753
7059
11042
25758
10143
22640
16372
9523
17665
20004
13191
4520
23125
27983
27342
5816
3770
14502
13693
32212
7211
32579
28433
6679
6310
4415
12560
16764
23182
8835
31378
26191
31823
20443
28928
25825
17216
31309
7708
22912
28109
27816
20289
4774
11477
32607
31212
29553
19537
11928
18812
23123
20279
22145
14902
24587
670
2531
25996
724
19490
14073
25503
4572
14218
3714
26114
27895
1960
24853
28609
27797
20097
26293
20130
1522
20654
9381
14762
32652
14338
25981
14563
18906
22893
30590
14941
20539
4640
9507
30835
22061
32754
7160
5455
13503
6403
13743
4017
3145
26271
22385
29931
15962
26469
23410
29745
17394
23720
14536
14095
13297
1813
23933
9019
3536
5782
28387
27021
7311
20855
25639
1612
1518
14024
12073
5803
23008
8194
26507
10131
13885
9709
11273
24995
21175
19648
11784
13942
2319
15242
7025
29476
11657
722
23231
23563
19357
13946
19799
13775
6895
24298
3096
24479
16513
1386
21044
25274
12327
24526
2622
6962
16956
24409
12676
24048
20884
9948
1438
16377
30129
11294
12359
25328
11578
2176
25964
27355
3240
15585
10115
298
17731
27840
9758
2293
6221
21664
27328
26757
2685
32689
18415
3094
27567
172
16010
1499
1753
12799
19805
28483
3649
16682
24307
28539
6125
2409
18859
2868
15963
403
5646
8614
14707
16706
32608
15060
954
24884
25205
2834
24520
15089
3783
20421
20988
19374
11717
26987
25198
15986
13421
22235
15141
24951
4892
30157
30347
2771
6053
11420
12829
12375
13729
24907
14695
14008
10503
25031
23856
15340
9981
8555
19186
24791
4333
28617
30861
22055
24026
3240
30779
12413
11765
15689
18631
18381
15467
18159
30202
9735
9090
29341
7511
18679
9956
32290
11016
15210
30778
7763
25367
18834
10749
30360
2785
21675
17545
10666
18120
2527
12660
26522
41
103
28957
7446
26510
756
20104
10216
26404
2125
1385
13503
6511
7993
3710
10802
6204
20895
1570
17666
14295
17132
24864
18847
639
3509
25541
28398
2071
9374
3897
26186
22046
14970
30991
9417
11233
30131
16666
20928
16111
29420
6530
32393
9166
23270
5400
2947
12012
4000
12263
24155
25048
13507
17931
19850
14514
5948
27847
25887
27617
14379
25041
26815
31235
32508
1264
14058
3626
22227
4041
29055
5701
15150
32758
3971
7644
30662
26457
15390
16641
8118
5808
9958
19331
32734
22121
10593
22628
4234
8631
26052
1421
10831
6117
17153
4033
566
6123
27137
27344
12573
14911
10286
10765
19033
7405
23349
19713
17824
13802
18954
17505
16423
8101
3884
17214
22791
5088
30762
12412
11493
2238
32358
19589
13522
9245
15641
24382
3184
31013
2199
571
25430
17441
2773
23343
7606
6286
2344
23206
26685
13682
14159
21238
17211
29680
15284
31602
18692
1048
18671
13282
13206
27652
28812
7216
25980
32032
4878
21604
31218
13257
4403
30930
8265
13594
8826
11922
18061
24322
29923
21553
22374
7834
31222
10918
3900
182
1286
2696
11422
12475
7863
31102
32741
22960
12734
13302
7700
7575
29928
32538
15107
5885
13918
22271
28349
6352
27687
19744
27174
8305
11758
11020
24289
11786
31750
11611
7792
30498
30635
27366
13469
10094
28811
15416
281
9194
27525
14143
5220
1065
1712
4935
21484
13801
24223
2346
10617
32491
22755
960
16840
20738
30674
13469
7798
9321
7047
24828
32545
19545
21546
31478
26057
31195
10610
23288
14972
24796
31591
11635
21042
13183
24685
26837
23798
26551
9342
24505
32582
31508
19895
17242
6845
10461
18966
10830
2543
18016
10882
28529
21397
14726
3851
32031
6378
15786
10356
22694
17236
27307
29422
506
13639
12864
3623
31659
614
18316
22147
3861
29420
9459
9129
8407
22091
9259
20546
10630
26899
23702
28413
9890
21012
15311
20695
6088
31431
3203
16537
23594
18154
24450
6050
1085
28523
2837
4070
27569
1159
13459
30519
12198
23347
6191
10180
21789
27067
788
27103
13228
22441
13236
8963
30839
17640
5212
30229
21851
3113
1036
14570
12396
1158
8583
25354
26530
1637
19622
22963
31951
14240
20977
15649
15828
25315
29808
6925
15637
24149
18879
10868
11818
17786
7265
29849
31448
2648
18518
3917
9279
8664
17904
19566
17492
20336
22242
686
17298
21503
2458
21397
5869
1016
1745
4810
6664
2243
23904
12942
22951
20832
16469
22921
25191
30286
27462
1481
26541
5291
8421
24840
22236
25756
30677
10797
10955
3823
27068
22550
4982
1535
22682
22933
17907
26072
32345
5816
2216
8092
31397
5966
20412
29734
29437
29350
32203
492
30986
27802
7390
27178
11056
25548
9114
20797
17252
30000
6839
15948
2109
30923
14004
7726
21581
15290
14793
28040
10161
7029
12830
20022
30695
26197
26682
3053
12768
9556
4542
21534
8790
13077
7251
9501
14432
17444
9441
14466
22084
17534
28418
27856
9356
11860
28854
29268
7004
15884
18008
16208
13826
10121
8912
3929
1231
12460
4107
29182
4389
21786
5032
11434
18386
22336
3060
29644
23964
25237
22809
16180
25117
8991
9874
15808
29906
30265
26850
11321
20590
6291
25478
4984
8308
30074
19240
12749
21764
31578
22549
5025
26869
6529
23793
8025
20005
19237
13738
6270
29709
21417
8874
24091
7321
4124
25681
26727
29494
515
10914
18852
6700
30552
11580
13895
8750
29650
32652
22617
8239
16231
30018
29213
21880
15888
11009
5107
7672
29900
1883
27004
6363
24551
18428
25087
16222
32380
28453
14348
24033
14137
9565
7263
9021
31330
25443
2054
14937
17688
30822
31175
8696
27100
16504
8892
14037
16975
8001
17984
9202
11835
4848
20751
11565
983
29559
27560
2068
21831
12792
3062
14074
12131
11386
18992
6731
13753
27105
31998
11292
16341
21021
24797
6662
23488
13985
20164
12597
22982
16151
17928
20668
17788
3666
19837
22059
28674
13188
28638
14436
28550
15281
22382
17578
14345
30563
19680
12795
12646
18592
7540
32416
28304
3353
11364
19458
27163
30884
13182
11455
27646
29676
30482
6397
31895
21351
28942
31999
2287
31369
14184
5622
7232
16184
8636
4377
21172
8575
29239
8439
26992
11142
1459
32012
4049
3522
20259
32659
24053
19305
8754
21916
5246
2857
4391
30046
2450
24601
25100
20174
26406
7920
24335
27249
7805
4981
1576
27246
13547
10806
23548
8679
19935
25213
26114
13961
5665
7296
4068
98
29783
6104
40
7155
8910
13876
8207
25223
5751
22095
23229
15555
22320
23327
22427
893
11589
13136
13306
25298
18487
29936
32761
29554
17084
24940
680
32319
10246
26043
2413
7703
24136
27353
18087
13293
6775
2679
914
24863
16718
31729
10603
31747
22932
19840
26068
12995
29601
15793
28281
20588
10783
18709
10228
22593
8206
16442
13294
27477
8202
31195
10887
11353
16593
30036
760
5554
13056
344
28535
30159
7197
15078
12380
1465
8922
30841
8833
19947
4248
30080
3310
19813
11307
21005
29110
5884
12765
15057
26140
22772
3253
19784
13818
720
13561
3121
22116
32105
22513
30785
27528
10558
11502
8472
26072
5899
7051
17012
31340
11933
5939
16805
31393
14308
21475
8001
20231
31306
14385
12568
6522
26179
12430
14442
17038
32037
18376
10328
30257
27451
10451
12441
21387
2068
28104
24686
21545
12577
24622
30168
11867
12928
3705
11528
14042
12818
23248
9239
1454
20691
26387
9975
25167
30315
541
30634
15115
31488
31302
26289
11175
9039
31020
20424
22345
8955
19636
20176
6550
6436
16715
16653
21271
15164
29042
26257
21729
8726
11897
14328
12149
27968
26250
17494
26853
12435
11242
11118
24120
24584
16764
2085
21520
11726
20615
24374
31370
3737
11192
26150
26726
22588
17259
13947
20840
11898
12070
16681
31741
12825
28774
5709
14882
9785
21151
21789
27010
32740
3198
22559
16094
5094
1649
29082
24754
22239
27241
19531
5398
25494
24799
17496
1762
15248
7957
19594
26133
30178
10910
13238
26488
20547
30240
24188
26494
22117
15193
18740
13423
4998
13920
26150
17349
578
9773
11257
22231
11947
13916
26735
21172
16027
13870
11087
20306
21577
16593
23970
8680
32539
15073
22817
26264
11963
18734
5103
19793
23661
9408
13444
11764
24224
28696
8681
10165
6850
29113
25643
20421
2393
22503
26890
13102
16464
27055
241
12286
30606
18727
10283
27047
15310
10999
28755
23718
17322
10008
7692
21859
6904
1756
20211
20056
6234
13359
15314
31094
20753
11804
27415
30916
32530
9875
26500
2634
3420
11625
20263
11053
16008
3232
20109
30235
8610
14825
23603
16617
18743
359
18493
15739
30895
19894
29802
8677
15325
12588
18504
7119
7381
5214
13732
4894
27646
11750
24901
32721
20072
10084
17370
22312
1631
5059
22320
21516
10816
6846
9128
7851
15755
32162
16873
5987
24634
22869
9426
18657
2129
18839
16306
17802
31159
20872
23740
29721
28740
11626
14261
3978
12315
29097
12528
24120
28730
6936
11388
25666
21327
29822
29084
5426
25293
30033
7799
18657
16448
32193
1041
30613
222
5113
32378
365
26462
1697
7494
1279
28685
6311
12348
2367
25374
6719
3155
32419
24897
4904
7386
23428
7800
25137
5366
22472
16166
30205
21841
3006
2921
771
23057
30281
27818
23256
17671
11841
26995
18609
22569
17174
4992
5924
29763
4278
7192
9006
28649
2737
670
8314
23216
17051
4451
29408
158
11699
7358
16685
16862
28097
14431
9506
4792
8517
22240
7359
14273
32461
1949
8385
4687
16295
18118
1129
4400
7608
5042
639
6556
26796
16758
7063
31847
30288
13751
10643
19323
29243
2492
19561
9094
20660
16839
5158
15856
26832
3750
3123
24336
31195
19845
3031
29855
8185
14854
28670
30829
31757
1684
8761
27474
4826
20212
4357
31848
10089
6428
32080
12407
5290
22601
16697
7601
27229
9804
29720
4000
20787
10020
4030
10076
31281
19154
31486
19457
7510
24937
7532
32608
19325
13669
24676
27381
6021
8253
16718
14618
23214
19772
22817
3705
6214
7820
32038
14279
17542
26772
23807
24496
29367
30596
16871
24845
11928
4909
21307
2397
1284
29975
1082
24435
32720
25805
3849
17004
6387
28284
8441
29924
26857
26556
7181
26730
5209
13998
4535
23856
15605
3911
23267
10759
31137
6891
28982
16523
6616
15934
28056
16795
14412
28983
20464
13837
24781
23926
29742
16287
19820
14039
22671
22064
32480
583
6428
25904
13353
16086
17525
23893
1395
9486
28108
3727
9788
28803
8244
24127
4793
26540
5916
11684
11382
5617
24598
1173
2622
27653
18910
21622
32570
14966
17559
26469
7516
14979
5975
20404
14079
6445
3814
27548
9159
14481
2499
20783
19663
7028
1384
13967
17411
12064
4303
10846
27338
26479
18485
12405
27625
24869
15902
5849
3236
32386
30105
5866
6437
12824
20933
5854
28706
27611
7828
8046
29115
23671
5839
22991
21921
742
2907
10724
11389
14401
4026
14514
4240
11734
20436
788
18838
4476
29432
16560
26609
19491
12318
14121
6915
3759
30575
19863
18140
8455
21767
29748
7445
10088
28921
13399
15611
20992
20627
31911
7921
10936
15588
32136
20239
30033
29308
10714
15119
21938
32371
12259
5994
12416
27821
32393
8126
31216
11099
10949
13939
26329
18373
18772
10142
13326
26696
4272
4901
30698
10138
22334
16933
12844
13654
16841
27536
3589
24500
13871
11291
2672
27287
26202
13655
31938
22478
1906
30749
8578
1171
2385
20016
12154
16472
25144
26398
8462
16580
17088
31847
10189
5880
17939
4321
32326
2582
29275
16219
3101
31492
7547
23681
4190
13677
2558
28672
17936
21001
20556
18666
14094
3615
26660
12635
12562
15432
26182
1373
4371
12917
17008
12553
22737
22835
14732
23023
17070
16430
8232
14264
18367
23540
14630
24586
19491
20732
25781
2476
26003
28647
15232
2795
28731
18181
27173
5948
26056
27931
24808
34
10947
26980
11177
32082
17949
23765
1555
16406
14091
20645
23
21999
23828
19981
18072
7806
9831
9037
25704
22692
30835
31215
3956
2793
1714
8783
22075
19226
3013
14427
16773
10550
6342
1432
15953
16780
28378
17510
25615
14877
5893
10372
27407
12103
11331
20694
26426
21413
3028
1638
6912
18225
24535
27818
30353
27051
14362
1797
5968
11327
9521
14223
23428
9826
2501
6937
24145
29181
5679
26220
28648
4813
8773
10450
24058
27913
22900
6104
8306
3910
27920
18513
15971
21401
16615
30878
32575
7163
17948
20525
15435
11761
30771
14400
26191
29036
12392
12784
5010
5869
17221
19825
10757
26862
7283
9879
31167
19582
19665
2713
23465
13611
16067
11030
10363
4132
1229
597
7143
27295
30304
19665
30739
22393
3827
15349
32077
22556
17238
17956
2555
19622
16707
14332
30416
12104
19767
27356
838
7915
12927
17571
26184
32026
31126
25787
22318
8988
22702
8791
8943
29280
4749
16376
8594
17439
14234
30774
8166
31804
32056
18365
4467
17263
8018
6294
7856
11426
55
12968
25463
18843
31401
5502
29109
29404
6704
8010
27750
18119
11701
9514
20161
9222
26699
24747
13231
9002
1104
22156
12674
21394
7349
6852
7652
16271
12442
5573
19981
31685
1310
12035
10042
17877
22901
176
4954
30265
8507
30922
11786
18799
14599
2904
15811
17497
18756
23025
19794
14308
19260
29821
31113
10216
25718
5952
18229
6479
3138
2580
5456
2938
12178
1269
32631
8416
18187
15811
17566
15096
4956
836
1538
3418
29647
2409
29279
27681
2845
19154
12643
22931
9863
9107
9059
5892
6946
2361
18766
15607
3443
1032
26847
7815
22331
19847
16662
31749
32660
14399
25320
18659
31037
17599
566
2256
6963
2019
21244
2085
1921
18006
18123
29568
29784
26966
15993
4782
2914
12471
1047
10959
21332
17963
8483
19380
22467
5568
25855
3212
824
4010
12194
31680
24454
14147
21646
17947
12379
9040
10753
22830
7190
21382
6256
1267
22232
32589
15921
24752
990
16835
31608
30494
16654
18180
31364
32203
4303
24233
2074
7101
5662
6030
20531
856
22239
18649
21234
25474
30832
11319
9688
29700
10884
28009
21819
8499
13359
21248
31220
6865
22333
25700
22361
18990
32200
12571
5483
29586
26122
7496
27472
1759
16495
22386
19971
25459
29678
23431
30538
4940
31898
10017
22760
16751
6260
775
20500
28554
13956
1527
11563
11992
23592
13475
25506
24645
29867
25337
30270
16339
16153
15015
29575
16188
20050
2783
5754
29657
20318
17751
24446
7106
2560
19605
14745
32311
20366
30569
32740
11070
19455
28091
30524
24206
27974
17030
4155
2476
21727
28453
1382
18772
1959
5070
10664
18970
20464
8540
31488
24657
1493
20561
19830
22316
12747
2331
8787
15139
15737
8598
32657
9112
9930
5075
23441
16315
26944
4632
28940
10923
4491
7207
3916
19166
12122
31171
15004
16578
6513
15985
12541
10404
14331
14972
10010
13266
18722
32059
20862
23804
21470
19606
3589
15328
15626
13767
16784
15399
12989
7006
15869
15241
25047
25736
17495
21304
10714
12688
30537
20604
17148
14758
20953
8346
2682
13792
30291
13307
26926
32126
27010
7306
2148
14194
3622
27486
18666
17696
29859
4505
12390
19042
21239
18576
16620
30415
14574
17708
28368
29757
21657
14992
10425
7812
23292
28667
9719
26757
26887
28144
28439
4715
28872
1685
21684
5425
1758
15706
18576
26469
9265
20954
19683
32555
12256
29190
28146
13700
25979
22400
31204
28368
27507
21573
27345
11410
11726
4751
14109
27764
20767
3066
31748
30859
20918
31717
13941
3291
8980
20763
32292
30238
25506
25267
30427
3521
30882
27700
27664
14128
9829
5373
19133
16979
30910
1764
28012
22360
4024
22558
28305
20404
9348
19551
29981
8292
23221
12609
12112
14713
12720
23018
28623
32467
10845
32233
8438
15917
29987
32610
623
18010
15380
23659
25860
973
23908
20405
22705
18015
10784
25711
254
5197
32028
359
908
11904
15918
12147
17645
10770
9625
7951
26552
17165
21452
12615
16861
19574
4429
2008
15415
24970
19184
24722
20576
15431
7756
16384
6345
21806
2671
12107
9994
12360
6353
4444
5238
31591
4743
21313
243
25006
5561
31698
29705
14419
8022
24212
21560
26788
23814
30173
26767
15176
23393
10297
6266
26824
25694
32013
24028
4942
8718
1146
7517
3500
22922
30340
22790
5023
21034
19828
28939
22357
15607
24442
26343
2094
12387
15255
22190
14016
3128
19898
6815
14877
22991
3626
19705
31320
31874
16419
7185
17477
18019
964
9376
2689
17711
16169
18017
14258
23421
8916
9948
30224
31291
19793
22140
4133
3675
21017
19432
20176
30410
10168
10640
30864
5794
16683
390
22015
22432
22156
2960
24477
12504
8433
379
30927
1447
3473
5554
23592
28906
11304
14351
7398
20589
23709
7408
25024
9383
32738
14990
15583
6308
12317
12426
17706
17986
17413
19913
21702
2720
8590
10370
4317
32468
9160
31893
7839
26844
6148
17439
10631
14551
5690
15947
7904
26230
14503
22635
17031
17069
30394
11591
242
4526
10033
3764
8817
279
28032
19817
17332
20074
5746
13071
14222
12735
10258
25239
13816
24757
10444
4816
31833
15790
25040
22329
17157
1852
8375
27412
11267
7126
15465
12987
3859
9680
24894
26423
18159
17290
26723
8207
25554
32743
16000
12126
26423
12032
7575
1064
27875
794
7728
1774
25893
28118
25523
9344
17501
8616
26645
31507
19387
18314
10934
23955
20297
15602
18058
8507
7468
28161
13176
26978
27175
8189
14079
26008
26464
16385
18463
13809
25959
2547
27255
27041
10356
7095
17579
19401
20976
18594
30216
29329
823
16690
28523
17527
7581
25340
21342
26599
17327
17637
8581
20747
32699
21397
12601
25060
13202
4649
16242
20634
13708
21288
5098
18448
16077
32185
383
30396
3783
13075
17881
32694
26624
26676
3150
526
18965
18390
6146
10851
3328
28831
22867
689
16790
25496
29300
29803
31571
14048
28503
12490
26458
24738
13521
29540
21688
11844
27385
21248
4585
15329
26321
5289
17309
32762
22312
13569
6332
16232
14526
7128
32679
32149
21930
11773
16577
15596
21497
12628
8750
9102
6040
14121
30938
22599
31604
196
19133
11200
9695
4670
26206
25078
31798
26515
5014
12266
31168
32759
16791
16795
28122
13166
22060
23601
25937
1687
579
28795
17168
28872
16296
12699
19451
18528
23571
1024
10778
18777
13669
22677
11002
27165
2863
18488
15696
29339
2420
878
29152
2457
28848
27221
925
11340
32536
24794
11026
17446
32548
13099
16640
20207
8011
7792
29769
19735
30477
20918
5900
27211
23863
31531
18194
5190
29539
13713
30057
29674
2750
27117
4430
31887
17934
31103
23121
1435
7411
17399
7603
8786
9324
24038
25363
11248
16542
2931
19529
12789
9169
21327
11411
17601
16060
15851
6895
20064
1538
5352
967
28071
12540
14031
32211
1920
21945
21250
26172
642
1603
8690
2045
24773
21284
28051
21135
11252
22313
32269
25541
26531
12390
16053
26869
32227
2682
12091
7000
23060
7701
29988
23475
9723
18871
8571
12599
23829
10170
32452
12198
10794
17810
31538
2232
17188
24660
794
19645
14114
19061
24486
7811
25289
24276
28110
24186
32474
9467
16772
4374
32010
2722
2351
1141
9998
22133
17755
31042
13301
14360
10415
21209
18362
6503
13343
4780
4378
5378
25443
8933
31139
13833
32167
13389
7182
25892
24196
13164
29902
9927
19247
6386
233
3764
10224
6485
16135
3265
8662
30652
18120
30427
8362
28
27227
29771
5409
27808
5709
11832
30549
14927
25502
26989
2422
12521
4122
27997
12989
8721
20710
23652
1698
9137
13146
24912
19535
18843
14
22048
6740
8812
21560
18444
23196
31670
25909
31941
19104
12638
8805
23805
19418
3138
10556
26666
6269
29727
16278
5511
12387
30899
18507
18012
4679
30238
26116
11648
5428
22670
16461
20508
30269
17179
7915
945
28271
7664
20335
3421
25860
20396
2315
18010
4569
9736
17061
27079
9251
12729
12074
28587
16733
6552
21541
6455
28805
10496
28304
4683
17799
7543
6633
19516
24826
30609
28041
30165
6154
21266
1074
13467
22709
2643
8679
853
7739
10471
27648
22988
2511
29053
26493
464
29587
31496
12699
15739
1987
10526
9893
8890
17456
926
27405
20488
27121
12694
2747
24189
14165
7012
8869
13576
32284
30747
18592
8441
27110
18984
9589
22466
2795
3893
30008
17918
30957
10061
25045
20402
8811
14145
27628
26067
7192
2635
21983
5385
1163
14066
17705
29107
20536
2861
3569
1323
4511
971
23774
8267
4547
21266
13102
14128
19678
15015
26882
10813
10067
15534
10748
8291
28388
26673
8204
22176
31781
17606
16519
2246
2096
8556
28538
22398
2715
19127
27965
20364
13223
27693
16971
30293
22202
8431
7504
32670
22800
30620
22404
4246
30893
28018
4920
13335
32662
9398
10414
25641
14144
23126
21806
19656
12361
24270
24662
11239
12902
5704
11186
29364
26781
17415
24717
3102
7604
9477
12294
27796
7401
7643
22886
20240
2787
32738
27312
17237
19177
10648
28538
29045
17490
1605
508
13973
7228
12510
29287
32500
14209
15913
30840
298
6375
29218
9036
16046
28567
25758
31606
28059
27089
22830
2895
12212
8157
20038
16781
15013
11077
1950
25111
21900
15937
6105
31000
20407
20339
11621
1106
21679
11732
9890
18102
16758
4335
12614
31281
24334
31053
30976
21448
9786
30000
10587
3559
28809
7556
18150
27894
14991
24338
9106
29230
23414
25591
29275
12459
21942
12628
15914
30914
9504
19784
18426
19860
11809
283
4154
22755
12869
3004
3955
20773
28154
22638
25131
1495
17303
3518
27657
1556
6044
2232
13882
5478
16955
6234
3346
25308
14872
3401
8439
13917
23630
29123
11899
2107
30130
32213
29128
14091
29019
7118
26945
20405
20578
4339
11110
7111
20198
7796
21496
27151
23123
11935
19550
17768
15588
25172
29512
3540
8807
4793
26514
10187
23105
6958
31339
13779
31409
32644
3254
4177
18777
17001
23472
28575
3322
39
212
31838
11391
8591
10492
14862
16189
15151
18120
32732
29305
27852
17475
29626
26666
21772
30660
15285
29441
28018
24595
22915
21415
25231
27597
25692
23366
15479
20490
5388
5962
27507
12860
22597
27241
3317
10587
23353
14048
31953
23103
18024
32256
1705
13133
6839
6378
19369
2901
25795
28311
12405
10171
14964
19227
26464
28117
14037
15402
27359
17301
26659
5851
31805
25448
25636
2732
31376
10077
30393
26054
9707
3978
7863
28291
8917
1964
19699
30254
20986
12301
6556
2314
20513
11691
25550
24469
12894
17814
3939
29965
21129
18330
21773
26420
16366
3102
22690
849
10310
2380
31158
9335
19687
17266
4719
18185
22583
7336
6293
30078
10086
18356
21737
29282
23645
25130
9400
17309
19441
31192
31151
760
7261
352
3057
6109
10223
30759
29287
15966
30721
18798
5463
32634
27691
9919
12089
32411
25015
24971
20422
16482
28501
2065
5457
20135
2320
18817
4186
23996
8321
25954
1377
22258
5443
10801
248
27743
2471
18251
29212
6622
28584
30221
16069
14166
25121
15929
1724
64
7741
22939
2221
13411
12591
31469
23933
13794
11812
31737
32221
18553
118
14077
17952
22020
11811
3923
27721
23617
7805
27985
7273
26582
14627
12655
12072
16534
28975
25255
11937
11008
4273
7202
7539
25352
22621
32272
13332
13339
18304
9688
2153
21085
8249
29041
21396
22837
31717
4623
18958
4875
987
12803
14837
28240
8794
12764
25511
17343
16319
16595
16527
20963
24571
21606
11327
4570
13381
17218
9151
18776
29964
1894
3877
32239
6192
27526
18790
11661
14193
10157
23148
28742
15144
12583
5993
26451
7477
16798
7530
7515
22584
22915
23087
15346
22276
16816
5946
14944
30800
20555
15142
27043
31408
29933
13626
439
25796
20483
18238
5140
15791
22901
8589
1913
10699
23174
1388
232
16284
16124
24986
24049
10498
384
7465
9268
25778
14151
1163
2594
15334
32498
3312
32003
16468
22195
25040
18493
26205
7602
28867
16851
3976
17583
26521
8236
6446
29160
22695
23830
17271
7229
31071
18954
1157
24978
12068
14770
7150
7285
24156
25256
31344
32000
12230
24449
20960
10497
16397
28682
24932
10073
28062
24529
20962
6818
14519
13799
14008
3861
27073
4581
1710
24490
29152
23085
8488
30336
14792
8050
13217
27776
21202
22907
4948
19518
15951
24867
24380
31775
16156
19365
32319
5057
26999
2838
19879
8343
25872
30771
5073
7636
5475
10589
2857
9099
7238
15074
6486
4372
27326
27774
1713
14001
21527
14370
18940
17009
22324
17907
15441
29781
4643
24982
18776
23986
5108
21675
28605
12246
204
19095
9697
24046
15413
8583
30416
5672
3512
19634
27508
22036
29614
11230
5128
7760
6227
31781
17870
2404
7452
17913
24837
18923
12363
27750
13078
21492
8384
16791
18702
13735
25618
17564
18000
25388
17118
27754
5004
31176
8031
9251
31211
15945
2623
23704
32396
23205
6573
22285
4660
7902
14000
3388
26945
18728
21691
23196
4064
6478
18305
19170
3712
13138
11018
12744
12935
5460
4615
28686
20291
9396
28259
2495
2851
5755
26650
29110
3367
14071
5710
11872
7829
21670
20120
15300
5358
21078
32412
20160
6176
9353
17376
23957
6397
15902
13790
4518
3052
12334
5719
1660
15326
309
23531
31246
18820
32626
19175
21055
10944
4752
4190
7081
15961
20613
4987
26009
18418
22971
28949
8026
26685
16493
21892
23223
25964
32597
10419
6075
22504
17284
16503
32187
3910
3473
3359
9623
17271
28149
29773
22844
26174
24758
19972
27757
10471
3139
14337
4804
2615
26527
13135
22259
159
3010
16406
5968
5300
13373
27572
11153
32740
13084
1294
6099
9057
23568
27432
28898
27490
10958
10740
21940
29323
10418
22888
8758
31145
21928
29395
16204
1955
6220
4209
13330
17838
31056
19261
23657
27583
11806
11014
26799
20806
14015
23749
2765
30233
4860
9006
29815
6062
21187
13701
2735
9870
1484
179
29323
12294
20091
32409
23353
4128
7177
6052
10560
32722
20447
17058
26376
21364
21058
22228
7837
32119
23093
17476
176
10581
27803
9816
31967
708
22173
25768
12086
32047
10059
22029
18165
12134
27782
6650
19091
6037
14109
7184
23812
23411
10806
30188
26680
22715
6640
9028
20708
6624
32070
15410
6020
765
14135
10703
2721
19210
31523
2308
28239
5462
20601
12189
15611
16177
31119
1951
25955
13801
16849
13532
10726
26873
30494
14532
1278
11388
4719
2174
14091
8168
21434
18744
24914
27896
21782
9915
21061
29418
22815
30786
26373
12779
22684
10124
9765
2768
4959
3632
30641
9990
10349
15665
7790
7372
31071
25298
22116
9119
23816
17067
15514
27894
25944
29693
25633
30000
15488
23107
15443
24779
23895
3081
11357
14806
11005
7169
2043
8617
11198
30804
16771
19155
27449
21558
32037
20308
18369
20413
26993
14093
12035
20979
281
17012
3561
18730
6649
19852
30655
17807
25940
24341
18581
8706
17761
14335
18148
12069
7174
30501
2164
5299
30435
9528
7804
23828
15506
15609
19724
24366
16173
940
20904
31357
22545
17865
32053
22886
28898
19444
9498
11720
7632
7215
12191
7125
11544
23375
16280
18208
20429
25260
17224
13814
16344
24093
27264
32498
1854
1572
18439
29900
19617
19045
8766
17522
18698
93
14084
14682
19173
27216
30424
7190
27213
10883
31549
24361
21130
30380
15459
3609
17624
8103
18947
12997
14442
16746
2955
9465
15279
12091
19323
30784
31444
28705
4623
31737
3978
24472
4894
429
32265
18056
13122
23968
853
120
26681
21926
6336
255
30859
29240
20656
19836
24173
26055
28834
16135
20966
32336
27759
8360
15920
21809
9934
32198
9825
12603
6939
13538
15691
20232
21591
8837
13472
911
21871
30838
1882
27893
22209
5425
17241
9639
31964
28565
5710
11685
27783
27357
8665
32289
24582
9937
23278
31560
8600
8253
30845
14432
3908
13731
13650
16915
3029
25645
26938
25354
292
20709
15719
5822
22421
29224
21
7819
1764
27992
23406
27911
9250
31954
29611
23441
4346
29216
12413
24109
12345
10351
13739
10639
17294
31555
20220
32629
22157
5481
21335
5434
23290
11310
17193
18600
23109
31438
9735
5903
24657
4655
27541
2707
889
20687
21414
4554
11733
5883
8612
30087
3001
2883
7987
24816
17279
810
12817
12247
23175
25634
2368
30535
27515
4279
9576
31836
4568
13834
16503
3416
11946
3457
22666
28916
27287
26301
25104
24564
6430
3532
25900
15614
24865
24992
2652
32428
20129
11968
23129
32736
12746
8766
13630
10840
28463
26857
17643
12162
9558
20163
28332
17297
19319
29366
2070
3792
11649
25218
21298
18742
26974
13050
1502
13371
20856
26736
24687
26347
22652
17262
6043
8249
27230
17831
5527
5013
22173
812
22140
25537
12232
5091
25583
16352
17473
14646
13313
22224
5185
3080
28500
5305
26908
18157
25216
24294
29126
154
7860
16852
2198
27290
3489
17801
1611
26691
31891
23591
17997
4585
25313
7873
16437
30801
26504
19565
23182
15464
27155
16283
23261
20277
4798
19877
5856
28173
11738
17575
19220
12038
22131
31632
14969
12718
13361
10361
31641
18428
20604
28982
5831
11142
18147
27179
22949
4853
21695
30561
1001
15286
3091
17370
12640
15347
11703
17185
9523
12482
28342
28964
23145
7324
11508
17478
32173
2576
22292
1457
13393
18104
2968
1001
21652
19053
13130
21415
29472
7863
6875
4836
27095
23175
20427
25140
15311
1577
17544
2133
31387
31604
32730
29704
4301
5700
23422
4127
5560
18730
5650
7640
3707
27233
15409
2409
16443
19716
11486
27868
30639
31359
15654
13597
27106
8260
16129
7506
4660
1471
28538
29802
12706
7819
4111
24825
21320
3302
12123
5955
31268
10338
25842
13718
23581
23774
1165
15070
20036
30133
3175
19315
18009
10549
21222
14389
5521
30803
14206
31707
16534
13980
23251
8840
6352
20079
8733
20383
31459
5482
2513
21977
22137
17698
2942
5525
25409
27671
6900
5487
10040
27367
32428
2323
12839
20929
1892
14932
12908
12829
27402
2168
18174
14506
18139
29142
12972
9096
3276
23460
21669
26808
24617
3082
2621
8401
9596
2682
24046
2548
18864
23108
10141
14081
1142
17253
543
16139
6632
7584
14844
266
24428
20945
6515
20432
2012
1405
13758
6719
31460
9389
8599
25528
15275
15869
10490
8406
8885
25840
31277
19549
28424
3718
24574
18541
29325
7185
29004
24572
23994
2116
22984
31875
28270
27277
8189
25590
1564
17573
3214
4858
27436
20069
5823
1875
14750
13275
31287
3739
18161
31133
23045
27962
32067
31581
5344
29074
29113
14526
11955
18298
14881
25702
29529
8174
17878
26964
13988
260
15844
23156
21925
21026
12397
113
23847
30831
2892
31179
31101
6023
10743
8489
4990
19059
31402
11760
16077
26840
32450
17172
23902
11374
10855
24623
7221
19124
26477
26832
11633
22243
16252
13845
25482
32
29039
26236
4567
32757
30203
24566
22099
19714
14225
14397
12448
26096
389
30568
2636
18599
27247
26813
5204
27073
15826
28102
7654
16446
10491
1959
18539
14713
12076
2734
15557
10586
10490
12332
17877
2766
21236
31363
29761
9332
12165
8065
12148
26010
16412
27884
22502
3943
22921
23390
24221
32345
6059
17235
30196
10227
13384
26753
16283
8367
17724
20328
7135
15930
9686
4393
32299
10720
3967
8603
27343
30533
9628
15260
513
4951
30902
26533
15393
8064
17624
20642
15170
3360
28473
23296
21989
3386
1819
12807
16135
10350
19955
16234
28511
4903
2762
16668
13281
4629
11491
29030
1414
734
414
30007
3663
23824
412
1211
32648
16219
31012
558
7498
23805
4038
29427
9027
24445
29502
3808
26297
4252
10651
23005
22989
24713
20128
31661
21501
7252
16490
18955
17389
26789
32595
14585
11879
21678
17687
9557
7840
6494
5941
11693
27581
22743
22680
3412
30613
29219
7799
11701
19129
15650
19578
25064
12722
17095
15390
131
16265
17796
29530
20403
22925
11779
11907
30603
12368
12311
16749
28315
18931
15346
5075
5317
419
3992
15608
28748
8292
31892
655
16686
29453
13801
16088
24244
404
14923
29197
4935
19340
11919
764
27269
11756
15457
29429
9620
22034
18741
2278
18870
26120
6528
14277
32030
11781
13351
17454
9731
7991
6711
27982
32754
23487
9944
7423
7016
2046
11132
25396
31648
16655
7260
16536
18090
23700
24869
1138
15293
21942
7662
16844
25550
2919
2158
8148
12385
13290
7532
2434
31904
10646
19062
123
9386
29911
24534
5942
10029
14197
24258
22109
1335
23833
30675
4470
21577
13581
19897
28354
13998
22851
20524
9829
11786
1689
17189
15560
31798
19035
17999
15420
1611
10505
28856
12768
28157
8795
21709
29124
21803
13955
133
26190
32691
20658
19932
28381
18315
15069
6019
4525
5902
32449
9686
1275
23955
22565
26638
21353
12868
7263
19896
8099
6446
15129
21606
19267
7828
15445
7588
1266
15497
24495
8493
464
16062
16610
20319
26135
6296
9614
14317
8443
24965
22585
2260
16340
27537
13459
31120
31870
10292
18686
30351
2816
20334
12621
8422
27245
32022
3788
30275
15624
14448
16769
13602
27563
6653
18098
20804
6250
919
24744
3165
9331
7869
27570
1806
19768
5419
1132
24082
9425
14253
25408
10172
27035
1846
4398
26017
294
21548
22985
16018
6734
26631
7810
5325
15015
27930
28457
19571
15135
2224
2993
22077
30686
23387
13108
21099
14193
23433
25654
24574
3368
15960
29230
27687
15036
25260
5187
5631
21813
29310
20819
31352
12555
11895
27961
31892
22924
6077
15184
24021
6013
27661
31283
15092
19204
10250
7367
16598
7366
980
9340
11707
19020
7645
28879
29369
4523
18424
10260
2409
100
10931
7538
20960
10633
13031
22575
3296
1825
32141
8237
18000
2766
13779
13237
17386
8621
6512
2676
19508
12158
5940
18883
22961
17669
15331
20012
3672
5551
24899
28201
31557
28793
21364
23086
4271
16398
24704
15850
18970
22063
1587
1739
27341
1624
12845
29632
24199
21409
18485
21058
4718
13794
25296
3221
23112
14874
530
27979
13805
530
7349
15371
2812
26429
18280
6032
9934
17635
26217
12532
7336
11646
7510
19503
21557
3941
28993
10715
23603
3239
20738
15930
21868
2618
30673
22905
2536
14933
24084
9526
1121
9754
11381
6977
15351
31352
25912
22943
10277
7248
14283
30677
20724
18390
12959
16739
12142
16187
18231
31118
29270
19593
21631
3170
31510
6862
11102
20728
9977
10876
16782
16629
14490
25872
1708
18771
30109
5106
3979
6244
19612
16028
3022
3347
5988
13311
14774
11118
19810
17186
19512
14945
14936
26381
30547
28356
3412
27109
5792
18329
21475
17240
8747
32654
13698
13884
25985
14282
853
29042
11530
16357
28700
14353
23961
7992
1122
21696
10818
17240
8951
23652
23660
30685
12705
1020
25126
2920
14863
3528
5823
17892
5902
4529
31120
5131
512
9445
18205
3116
5257
9410
10333
12332
4747
10485
27733
4300
4181
24803
32748
13865
18711
24648
6138
29065
14745
7965
16802
31828
21293
12480
19682
2145
23267
30287
17768
9587
18683
20564
28071
8196
15520
5032
28715
15681
22483
17809
15145
30805
6053
25390
14939
9450
31913
14357
25354
6893
6057
2106
18029
20370
20120
4371
7729
32665
28104
9721
1881
20175
22877
27602
24392
215
29442
30701
30492
12074
2010
22061
4414
8285
23225
14954
23863
9379
7829
24852
26054
7058
30007
25369
9519
1834
17974
265
13269
20499
550
10617
17675
7974
9741
16037
26152
28719
4886
24409
13273
16881
3722
14097
31164
1899
32251
6495
28714
15962
13251
27789
3156
20223
24493
10115
5777
6434
30705
26348
31478
21079
11878
23957
2088
6528
17907
9237
4206
25491
23622
11187
8458
9630
31689
22660
17354
24584
2514
1748
32474
28441
25883
32711
1756
17596
18545
8512
22330
28548
17840
15618
9403
4846
27886
29462
24149
13542
29687
2924
12355
1164
29178
4805
15703
32311
897
16079
656
4282
27302
23954
6383
10215
32644
21516
18823
16466
1261
28696
10196
26712
13659
4501
9805
21087
7208
28355
22844
23646
3841
30704
23502
12449
23448
7765
2918
25542
32153
571
3383
13324
28896
19554
21010
19917
29673
13986
3196
14664
20103
2003
19716
21924
28889
1771
14548
1330
32378
10598
3717
28403
6649
235
27960
31066
1161
11308
4578
25170
26105
20238
32487
6275
20710
22026
16875
14801
22319
2258
19428
23334
17065
12344
3956
32114
17940
21324
22903
21488
14926
20421
6104
16298
15303
20899
680
9279
15413
28178
23409
31204
23689
26000
14023
16553
8993
20818
1057
14590
25151
16356
18407
1397
25274
1297
15308
6601
9971
16642
18782
6944
23051
25258
4827
5517
16211
10593
32327
10969
13828
27086
30395
7811
9521
6667
22528
25349
25593
26884
14429
3161
29185
25888
1196
19388
5154
30244
8883
22706
10590
11860
3506
27466
19481
14043
8505
11171
4997
23404
1596
15023
2399
31018
30313
14391
10201
21701
18873
27167
29655
7142
582
26860
1885
5582
19036
30083
8264
18234
6354
23603
1853
3465
28571
2294
25312
29984
26776
12532
19270
20238
1200
13641
12716
18924
28963
8968
28777
4615
14107
29824
5921
15554
2437
30654
18236
821
9502
32339
13462
4122
30417
14935
7800
25834
31808
27821
21704
6723
4769
18569
7548
32653
10187
12336
3668
24029
400
12031
11977
25113
3918
21679
30273
29278
31169
21975
31364
29342
25883
5554
25203
15502
6487
32035
28920
20159
1226
17142
15417
30474
19707
2409
25873
31794
25012
29931
25280
2757
18009
8227
14049
26947
1401
4404
7581
14210
675
5184
3615
15697
7803
7979
8007
3164
24844
8865
9379
31056
7776
27738
6043
12351
18766
32412
8427
26693
26772
258
22103
31340
25126
11901
153
24525
4293
25752
32159
23288
22482
14336
4851
20630
10597
12867
17531
4941
12954
7384
866
9956
8747
32096
18774
16040
15684
10027
29684
31502
13970
1534
29824
10905
31646
1555
10202
4606
27737
15714
27309
32647
12535
14879
15850
11701
8705
6788
3957
14633
30374
20944
31518
11716
11603
16016
6098
28430
25219
30237
9490
32724
2519
26982
11429
27926
15721
18159
27786
24608
5982
15898
7473
7158
18874
1958
26603
27125
26744
22389
8606
14776
6619
7058
7613
30777
8447
11378
11639
25144
30387
21114
7983
21985
25739
17602
21037
26537
22064
1305
12947
15993
21755
15689
12690
31502
25026
412
3549
11936
8434
7326
94
9409
3294
18469
8489
1161
8791
30607
6318
3312
15229
5963
28978
28795
3284
26011
7296
5147
30875
18583
475
13650
11353
17782
10296
15255
15544
32009
20650
14588
13206
20872
5406
24078
17498
6545
24392
25852
6788
1134
19421
14332
30345
5015
19971
22251
3293
19831
9990
16435
23377
3443
1612
24818
26783
5417
25995
20569
8771
17141
30009
23122
19597
4538
11588
7525
14581
17887
22020
16348
13998
27543
7534
37
29054
2662
3210
9337
13004
12769
28967
3515
14587
17333
4045
29091
6390
7914
12787
27
24076
4201
25714
30697
23551
11452
31290
28303
26455
30486
10051
20335
26620
31123
18375
22067
31236
12992
10159
2156
4298
31838
24139
29305
20544
20323
4677
11179
4230
2370
14808
26023
16315
5740
11069
2827
5651
9751
4454
12628
20521
19262
6383
25087
25495
12009
26962
32494
25029
14254
15962
17934
31998
19064
13786
14391
25545
2183
9630
26451
26230
11960
3490
28611
6903
31239
31362
8446
29425
13650
27698
6523
30739
21600
5359
22994
8871
16417
1141
4894
32358
14391
4979
13477
4497
28086
9020
31931
14909
15144
1471
4323
30191
7637
8633
24888
18280
21569
10025
23307
11970
17909
26629
11982
26556
6274
10539
11568
25171
5572
32666
32650
10642
18276
3554
16250
11434
27552
13785
12749
7749
10063
4752
10403
24088
6431
20101
20685
8375
12834
10778
28282
18862
30601
17990
19731
11213
4527
1931
26211
9155
19545
9512
1275
16623
27708
14479
26069
28786
32191
24857
7479
24201
259
20473
17114
538
5920
20591
10572
1676
5298
8254
9363
2012
7573
11359
9235
21741
11756
1527
9138
11296
13416
9095
14393
9765
8647
16994
15101
17169
4506
31845
22720
19888
28748
26082
2002
2332
16992
18397
10619
23694
28922
19067
23198
29045
16289
9143
14230
30661
20291
7767
5988
1170
21113
3358
524
16093
22285
32324
26172
20142
18618
17187
21039
16995
4402
8243
13265
24135
31078
14648
25636
2662
12289
3514
482
21152
6453
6582
24420
11517
19387
28307
1986
31296
24341
22615
7996
29887
28439
25371
8920
369
30885
21693
19277
5961
29630
28372
5920
12482
20154
3305
16397
31676
11983
29412
8104
15238
6618
24516
18244
4412
27996
14483
20244
7763
18115
24473
8336
13682
16620
3025
16410
3459
10981
13465
23010
11019
7159
26029
5639
29622
2276
3926
30719
8247
15981
9951
19768
78
25879
11081
28415
17706
29231
25152
23458
17906
10764
24909
27345
29343
6036
14156
8522
26892
7426
18977
26550
24656
486
15527
10445
24139
8812
28905
6849
27519
9186
31381
14298
14625
21109
5549
10845
28016
3131
30080
12211
2630
23927
32729
14023
8685
12824
18550
15792
20019
16514
24763
12944
7617
4497
20392
23484
27560
18907
17929
2845
21821
6198
25324
8406
16935
28027
7256
8486
12982
24969
8252
24976
18551
27020
16806
4410
15621
17279
17973
8340
15137
15087
10193
19513
19973
11010
7833
20250
23286
25017
1821
32729
22809
18546
30926
23923
15239
30129
8371
20258
16803
3103
13405
7042
8620
2771
4380
23282
16782
29393
23411
26941
29182
26064
13002
6778
24517
8769
19811
14128
12124
140
4239
958
30394
21917
31010
22266
2410
24223
26660
1049
19168
6663
10185
7119
31501
12757
15523
18614
12593
23318
22295
19188
30961
20142
30990
22297
17833
16212
9196
23622
12291
28894
8902
30100
12745
21695
17616
2739
21495
20430
7188
25554
789
3401
5226
13503
32195
793
30372
25424
4502
2903
11273
3329
6690
14096
22021
4062
30296
15941
3614
6820
26643
12598
25130
2083
4589
20193
24767
2534
1879
9413
18924
26134
8937
23531
14374
19612
5878
22311
21893
1926
27748
1692
28977
2732
25530
5246
2327
9875
27771
20252
7136
25233
9907
29725
22307
16946
8911
16649
30169
31195
21425
27916
25362
22189
26372
28663
29927
23980
30669
14984
21424
26145
20291
17387
24951
13117
10209
4224
13740
20734
9913
5599
281
14423
32523
8218
28185
32395
29718
7234
20741
5082
11566
27692
15600
21855
4111
10100
20628
30265
5489
28099
20363
1001
19421
11854
23491
2555
31934
2207
25388
6377
10171
10904
5555
13372
18500
20405
30580
27636
6507
17809
25387
9514
19446
6572
4332
22004
25266
21611
29973
14473
10506
25952
2944
14757
30679
9420
25341
9775
15482
3682
31999
23578
30249
6478
21909
649
7558
20854
10140
3382
10870
5632
16692
3860
11312
8468
31856
8243
10132
15587
12370
23268
12223
18920
11766
13343
27868
31341
7693
13089
1340
26450
21133
19545
7338
25098
24743
25477
24056
10214
5882
14617
17118
23190
9222
18144
3589
25069
227
20453
11102
6884
29746
10132
27320
30690
16725
29725
18578
30266
22491
28697
14637
3317
5950
28528
10726
30931
31441
11130
11459
2444
16884
6756
588
21595
26762
21974
30108
28605
941
21714
16055
7287
22176
31968
24350
32726
13316
20072
11425
21306
32591
12383
32373
11478
25211
7973
12422
17841
3067
17070
28942
24816
2291
12257
3175
14424
4008
22845
11038
4623
20022
29378
13896
25506
4481
19727
22041
9804
22637
27592
16050
16502
10066
23354
16187
10362
12202
2370
18226
9388
8205
9578
22018
19611
12384
19542
2264
12180
15945
607
15026
17512
3557
16765
27321
1647
702
7786
23760
25549
25847
18692
10349
24820
1738
27636
10663
5483
24117
12173
2193
26061
26351
25590
19143
7956
24737
5772
9030
22295
15699
5762
29825
13906
21540
11466
14513
3814
11327
2873
17516
25824
29706
14054
6009
19390
30881
29139
12259
15664
12674
26575
4940
19739
13450
8858
644
24291
9760
2379
2906
16362
31152
28399
27826
19284
5723
29811
216
31502
13292
16836
8724
2574
1038
23092
15743
3036
31677
4128
2068
7505
20731
23503
2570
4766
196
6558
29794
18065
28995
29530
29884
28436
1094
30958
31598
6903
11760
11326
10199
15599
25517
1106
20209
26590
30571
11191
20518
8276
13064
32290
11365
26454
18438
2391
4980
25183
26502
5449
23432
17573
5748
30595
5907
23965
4607
13766
15581
28865
22604
15348
5718
14993
10603
10540
26667
18136
5258
30775
2327
31792
25960
1827
23292
200
1549
16941
23090
23653
10425
30181
14110
31655
19994
3212
11783
30862
31681
15041
4390
19516
14039
24413
14588
19965
5900
6811
20201
9092
1489
24700
9721
1656
32199
2665
5633
815
24183
11290
3307
5305
10307
12216
19022
16928
13468
32062
31042
8430
15990
12581
7282
24816
20217
9792
114
17722
25210
22245
10323
11883
22953
22861
26741
6706
2828
31549
9117
15377
2220
16614
24135
4961
28174
19211
7230
8855
19044
26721
15465
11205
31493
22075
18152
5732
2587
29798
24928
25168
26011
28754
23954
19476
635
11123
5683
1640
16415
24807
3575
11512
8212
20057
1264
21607
9728
25637
30742
23444
29657
16573
16167
25116
30294
31563
15537
2080
13731
408
21612
23368
7769
3372
7118
5383
22189
29623
30938
3617
29672
22191
9017
2923
9239
30267
15243
18386
8195
11088
27903
24479
31075
19737
19745
250
6481
1437
28148
1452
763
22940
22081
23081
11931
26553
21550
21965
4265
8927
24082
26726
8526
3037
30088
16627
30749
11859
16579
20907
20478
25810
20001
21825
1898
10303
13826
14695
28894
28280
3802
4753
1929
23610
26501
31995
23624
20035
15323
3821
20181
32179
6021
16446
26428
17336
23311
27415
25486
16490
22333
18937
19928
26868
12963
5889
11862
16629
19824
12395
11749
17190
6027
26198
15543
15676
3297
21958
4426
8976
19453
29935
5019
7421
31449
13489
2199
21897
28147
23391
4562
19016
17828
31940
21883
9214
30125
13160
25232
23044
27411
32527
9550
9453
17454
27779
32748
1128
20220
27283
23432
23656
16827
28764
17762
28035
25014
22727
27720
11416
3167
5971
4689
15797
22174
10773
18126
5688
13929
27901
31870
2612
27285
12890
20481
18710
5355
17568
4751
3464
14975
13673
27882
1173
7741
7611
11921
12302
10693
13193
7479
18477
22649
22652
22643
24697
22739
1523
9657
21481
22525
14920
14473
15436
11163
19285
19174
30952
19947
16950
6666
2146
24593
9297
7000
14814
9900
19860
32146
31078
13485
16382
19020
15248
14441
3169
15265
19547
7917
14438
6692
1371
401
17873
14105
12054
4560
16134
22246
4525
30550
27852
8132
30911
21595
6482
24762
11914
25648
1136
17612
12883
26647
27950
18032
11784
22104
21642
30529
28453
32657
23926
28663
26324
7758
28193
31895
30040
1241
30327
22759
1195
23892
32747
4389
13926
12292
27252
23288
10466
9200
31445
31399
6045
11691
7714
2185
23263
8302
1664
10941
2717
21865
1324
5914
18589
23899
17855
29033
30171
28769
20144
22994
22316
4107
27418
16277
27937
4021
25023
19451
814
30485
7502
31115
14859
29456
10721
11136
4443
18642
11210
22907
13452
32541
13199
9078
3838
12769
4915
25081
27495
17422
6327
1680
8822
25510
20961
24700
7350
5142
15676
6569
11190
12998
3168
32736
32359
10735
23411
28222
13509
17837
496
27365
22201
24405
24743
19697
12862
21256
20742
32430
25796
29576
6550
12296
5073
28747
3016
3394
6382
25038
12018
19947
9409
28716
7317
12302
7543
18415
29153
13226
15461
20774
31355
10849
12014
23736
30845
28532
16039
15351
11711
23535
17593
30328
2645
19233
27783
4643
9304
17231
2449
8582
23786
5802
1176
3182
22132
4221
9220
18105
8242
683
13186
26982
15090
18265
20209
25070
23320
2792
21631
11223
3046
29222
16911
18566
6138
28869
479
26965
23320
25612
27239
32741
24874
17868
30084
10422
30341
2966
29397
9204
3438
1579
14693
20628
7389
21812
7307
23968
23681
17203
10255
9679
515
7610
26510
26969
25487
24027
15648
23049
9105
13535
2871
11668
18876
20794
13771
10793
27985
28607
16052
24905
21662
3345
343
3289
11717
19290
20868
17014
17598
24639
415
28936
23199
7955
5118
23706
539
29514
7059
3177
9545
24369
4043
24378
6311
21213
6069
14833
24415
28513
4199
1120
1225
2629
21150
26717
12080
1331
31652
1815
20441
19954
15735
6314
5185
6809
31271
10736
31911
13820
11904
27802
15306
28779
28649
19840
17396
2204
396
17718
9527
8421
17591
5856
8439
5294
2178
28999
5801
16935
31923
9772
11737
7222
19422
27612
24946
6324
8401
23812
20538
20184
6959
10951
30364
23027
30554
13582
13738
21598
28054
32031
19298
32433
3180
9842
8240
26422
4685
31167
3509
9630
2680
7772
711
32498
12574
32198
10425
1484
25283
1406
28124
2758
6887
15126
6469
28979
17894
22155
19409
15373
27165
22229
4711
26415
27726
17597
28029
24772
29509
6127
29150
14080
11964
29264
26282
19982
1405
9617
1182
12873
28358
14085
14997
23214
31473
21935
6991
28561
20308
30368
22642
27024
6503
2944
28366
7366
15652
1898
26597
1089
17076
9725
21675
25013
18247
10415
25994
1393
30020
32357
17321
21139
18338
2369
3950
21368
7317
30395
10306
29303
23406
24052
8596
10959
12732
6214
2336
17885
11192
2080
25201
30867
11232
16913
31652
29989
1505
19490
32624
17669
16570
26473
26723
32530
17439
6107
14702
11789
29979
24162
8100
31564
1530
22832
24895
29106
32102
15954
15844
27870
14544
25736
9256
2211
28178
20052
24658
9400
28754
27473
10338
20657
15401
966
10579
13358
3844
635
31134
18259
3531
4299
5375
28536
16065
14587
17787
21537
23212
714
7586
48
14645
15945
26642
9049
23697
28909
12348
2007
24673
6371
18539
4189
20439
15011
28930
21072
10011
27848
1284
8243
1005
22047
20442
6243
18827
20990
28753
3076
15317
11991
27875
21051
21935
15116
23863
23453
24231
5125
19691
6632
984
27521
15248
4081
30733
14121
24054
7646
24362
32363
1194
23957
2248
14981
19390
9077
15904
31968
30664
30531
10026
20384
9261
6503
2822
1145
9888
26712
28570
26052
19429
14933
23677
32210
20955
32598
17683
26752
17081
16194
24058
25355
5528
18530
24997
3622
14386
8726
2119
5706
26089
6086
14067
13902
28683
28700
10753
18487
23380
9328
7859
22609
30388
11396
16409
28287
20307
12914
23345
463
9683
17122
7763
19025
18645
19840
26572
25898
30910
2478
26570
32484
14523
4981
6520
30728
12546
21698
22377
14319
1627
3791
3898
8661
19167
6111
22643
24623
27648
8494
29359
31294
16842
6440
28413
26597
9065
32217
2181
6072
9450
13221
28783
6997
25158
13369
4352
28151
31644
10689
3078
2376
9918
19035
30839
15479
31215
1996
9045
31115
21483
26483
22484
3319
1320
5755
29375
29550
7772
3668
17688
16888
2111
23907
2559
21574
18578
26616
29652
13634
6240
13697
5280
30187
12164
7678
9649
26208
26987
27573
29317
25914
10011
17703
27370
14623
4724
29506
8290
10389
9910
22488
13004
17427
8772
10320
28737
5726
17832
16540
11325
12051
982
8811
4607
15231
1973
29855
30258
8631
13019
5889
27596
20965
31128
7731
8247
16865
16439
19431
17071
18177
7552
22351
31467
16945
9858
6612
13055
21062
10127
29707
14465
143
28295
32485
30954
7085
2650
23846
23872
13477
9160
16664
2290
29236
21355
31360
4
11875
6392
8401
30827
4698
22466
11680
23227
9337
31871
7000
13823
31909
12367
23599
10984
4832
15610
15704
4651
23581
1657
2682
25124
10578
15801
1378
6079
31950
12443
1525
9880
18893
23359
22120
13409
21066
7810
8115
9093
5908
16325
31298
12554
3620
5617
30446
10684
4910
1975
13357
31368
18038
16157
21381
8230
19941
13878
25415
14843
11356
304
4217
17469
9032
31125
13588
15704
21111
11978
5744
14992
2602
16348
26620
12264
875
635
26162
28483
29344
6983
7626
8906
10337
27467
13102
18061
13447
30407
15919
25965
16261
10547
3574
7481
3580
6784
26941
11799
25225
14753
7871
6438
12770
74
31212
4705
23841
5112
28642
18887
26207
30769
6297
20409
21381
13837
18525
6307
13151
7413
23938
25566
30962
171
5715
2517
8464
6282
843
30055
22057
25616
27016
19597
1636
14489
10620
3133
8174
23661
32230
7054
26514
21245
9984
6684
7563
15978
22010
28078
25750
31303
27816
21270
8011
21408
25976
30297
14252
571
30630
22032
1279
18205
19379
30222
17369
21584
21523
9539
21628
25060
7718
23264
13154
5172
12137
28348
24602
5995
17134
12535
9811
5190
31497
9437
32055
25115
23373
25357
28922
6682
7862
26330
19122
28627
15912
19185
27241
29432
15128
14652
1904
7780
649
4615
19191
22621
31803
3682
30939
18454
6687
25030
6847
9336
31757
7931
24926
24610
31673
25656
12319
22191
13540
4749
1771
24375
24015
5246
15931
26648
1013
30705
18805
32758
249
24394
29560
28672
15326
3540
18805
19317
2678
4963
10242
6247
18205
23351
7785
30144
28327
8740
7238
25218
23190
6128
7505
2643
27536
12285
18296
15160
14353
25895
12081
26785
4958
29936
13838
24486
186
21979
14225
4240
26331
27925
30787
4507
6047
18266
2816
16122
32764
22807
8341
7196
5173
2508
30093
23086
19540
3765
21063
10209
17620
22697
20812
11885
22430
6466
24544
24534
16695
9022
11479
31341
9783
10789
31146
26011
3325
9516
458
19418
8097
22874
27700
5636
18986
20201
31558
11216
2305
13807
28369
7577
31654
32318
19567
7010
4002
9864
535
23832
22461
1735
5870
24598
25456
6619
24160
7663
10909
2677
24944
8295
24958
1845
29260
5826
18652
8719
7717
20546
20097
16115
28989
16363
4591
21933
16706
28041
8530
2826
29146
30708
692
25916
26495
3219
23920
8063
7309
30751
22505
24829
3225
13481
32123
23279
27141
6367
16562
4614
20945
3211
28090
22281
29108
26204
8471
12991
21612
22249
5782
18703
18514
1267
25732
30566
5169
16106
30493
12889
28248
26035
24647
26252
27118
29865
20353
24786
20102
19170
17942
405
3571
6579
23446
16249
19550
7286
9862
15676
11926
32138
7511
30433
25254
3228
917
18957
5805
10789
14177
23985
20970
3124
29473
11497
25623
16494
22390
14628
24312
3923
20847
10118
20019
9411
12540
19850
8546
8640
933
28908
31847
31605
1915
16070
25087
19319
19023
15865
27803
30028
18723
16590
2411
17706
9182
6621
27067
27648
14660
6190
7810
31931
16164
3743
4664
20162
10963
27269
21737
27074
32218
7574
28296
24241
19180
24327
11141
12813
1819
2033
6049
15205
31563
3833
6914
7707
27110
26416
28034
16232
15569
17976
21581
23968
20383
5545
23979
11448
10757
5042
3866
7173
16014
26372
14752
10566
400
10731
26719
25829
27743
12478
7530
2938
16576
3962
20695
22673
8353
8874
26134
30381
19975
8074
2945
12429
10055
28523
14387
18349
13177
23129
15390
5136
21290
17660
5720
20797
26961
1468
1462
15496
4228
5416
1948
26770
12396
7577
14611
27155
1911
11794
19996
16855
31948
5227
4933
10247
20100
8879
11641
7338
28695
25538
3100
24939
11540
839
16728
16541
25622
27840
13489
17788
28147
26103
25568
18870
1334
10398
9694
31786
16848
16178
9279
17647
32010
10533
32449
10904
12734
2619
19749
7350
11463
26933
29501
18335
8630
16813
31559
21870
30662
27969
27257
16459
25363
10227
17373
6637
7686
13264
11615
27740
22292
24528
27429
6140
9896
30206
9502
21191
8541
21720
10974
11482
23153
14329
10665
15923
27255
29685
2253
25017
20043
10629
24629
8572
12875
13284
15676
14399
32196
22136
10687
19508
12971
28085
10614
18182
30094
10047
8580
28444
20937
1358
24140
9757
3581
12631
11143
28847
9406
25065
12947
11141
13708
22485
4878
4504
517
13969
27044
30644
19288
15326
14629
24887
9213
6825
27099
21014
2468
32047
21274
544
23403
29285
792
21895
83
19095
14591
16028
20981
10063
17729
27866
8049
17016
17452
27942
23720
12483
26302
8021
20907
9034
15802
9455
24178
27764
15099
11570
9938
19480
23817
16986
15017
18149
14570
31776
3676
3329
22075
15233
22403
13296
4479
21440
8674
18360
30902
17582
12444
30530
22066
27177
32675
24580
23974
17635
31091
15581
12160
16485
13568
31808
9848
6739
20460
405
9065
20209
14590
5596
19296
12006
32464
19348
27635
576
30407
23003
31189
23737
20552
13014
23975
1848
26665
22867
784
8859
28774
14765
24079
26548
16406
2544
23184
10385
24477
30014
27198
30465
9506
5746
9369
5203
30020
1538
11592
3681
31752
32554
21680
11726
29206
24647
9925
6539
16934
2689
23584
21408
8885
25772
24915
29481
30716
1392
26745
16286
4642
18600
14609
4440
7089
21513
12812
6993
19527
20228
12836
556
13198
20973
23152
25717
12397
20572
24373
14377
26752
724
23296
8569
21446
5026
22513
9931
12442
4872
858
26114
29669
30363
16265
12031
2449
10218
2017
10087
31041
26208
23344
23463
17215
108
8252
24886
2485
10206
14495
28186
23073
26005
13781
2478
11011
28759
25748
15010
25048
27392
8795
22083
30028
19935
12622
21757
32684
32605
32321
20510
21914
24543
3347
3292
29956
19694
32573
14490
24663
24470
26794
14951
14831
27147
26314
15816
13267
30867
11746
23223
10143
22943
166
32491
27329
28987
17929
31834
13032
23465
12628
24829
7866
9033
12405
31699
14022
3517
5274
13096
31417
17481
10495
4119
20180
23424
11268
9038
23965
32285
24195
10001
16853
16175
7520
642
3243
22393
14690
4639
31791
21016
321
22924
30217
27750
12800
659
6763
11551
16764
19817
836
30402
14150
22066
951
6458
1966
21448
31691
9918
9504
13240
5220
4086
15284
14222
30578
19295
19200
30547
22632
3056
4657
27987
24816
19198
602
28452
21980
10589
11019
14307
2144
27592
21798
26561
26495
5762
16366
7358
17860
27710
13409
2229
10034
21565
25288
10393
11133
27574
16012
254
26747
18042
19531
987
18645
8920
5675
910
17154
5310
14958
22304
31862
27682
18503
5067
11542
23200
24300
32697
22256
7269
17133
8719
9769
10315
24004
5162
3382
11077
23469
30760
29007
21246
23480
14507
31521
11197
26140
30169
24516
5516
7374
17320
13804
5273
23122
7512
11107
220
13010
12865
11959
22778
2925
28622
24880
15466
15313
27850
25860
20694
28172
6618
23502
5828
12447
23371
10557
29045
28372
28686
19977
26125
17234
18945
28460
22005
22767
15217
23886
14462
19909
7644
12417
6087
19592
22011
19502
21728
20503
22783
24399
30511
17744
5916
13535
2835
32553
28484
26767
21448
12540
4149
21435
21643
25379
27317
18076
29950
5573
6428
25023
17613
1519
24596
9142
8850
18663
11421
32525
18934
12733
13140
3200
3353
13602
5364
11626
15669
16253
11293
12929
1662
12604
26708
23233
17228
30056
23116
16038
2683
26237
21859
31646
32018
30072
19056
13246
5924
18225
16316
13748
2036
15339
2638
24829
21852
5418
11372
6744
20080
11717
32094
25722
4446
30779
32373
28931
10393
14154
332
15793
822
9406
846
4563
19606
31368
25208
28673
26437
4623
20320
20491
3874
3531
8311
13615
26304
16655
27275
29839
29709
18982
656
16354
20529
4770
19615
18537
3769
10737
31807
3620
8181
11825
10724
12103
12958
14149
25013
19432
22716
30761
3986
20986
29639
2690
27734
17790
11277
6266
20569
22776
30547
22730
3898
27168
29375
4376
16603
14043
5110
4740
7084
24169
30081
25726
17453
736
17013
4570
13742
7897
1363
19494
10329
25449
24109
22843
6259
12883
25610
32530
21215
2171
13708
25049
10980
27806
31952
2118
15664
13889
27286
31276
25628
16615
27810
11596
16689
24455
9058
13421
32747
9277
23248
25775
13758
20544
2714
25884
855
20
8576
23680
23332
26625
8190
12666
4374
13507
17964
4308
6054
25731
22754
11792
3606
11270
16927
29251
1017
15397
4268
3367
5621
31613
6908
7275
18376
2151
18775
23885
16265
5931
19256
7275
17968
112
15347
22486
12633
5111
31386
18281
6725
905
14626
16217
1570
31278
1730
8460
25484
13216
22940
20015
339
10239
23455
20995
25215
8134
32428
13559
5009
17406
7159
11900
25868
32434
8881
10517
12084
16290
6628
19629
790
31035
31134
814
27848
27079
8017
11087
10994
1250
24954
28078
32653
4397
1665
26654
32235
20038
8928
9026
31224
14071
8840
1627
31935
13229
384
15710
25136
20780
30672
17738
1056
20354
7325
4792
5777
7481
17557
1715
6452
4817
8078
9675
556
622
22889
17765
1557
28621
16957
9045
8517
1148
16818
7087
18001
5195
6570
28889
21971
17918
15399
23013
17259
13380
14441
19230
3076
6893
854
11489
24921
25687
7967
29871
11959
11049
26145
21631
23300
1092
32009
29785
27648
9463
12348
27168
28363
14706
16502
25520
18856
32638
25264
14121
23296
31083
30536
19849
2474
19785
15452
7041
10857
9307
32630
7297
24246
7880
4719
1046
20672
12180
1933
6517
28850
29903
30959
29016
5940
24588
24363
31240
12596
17173
15157
3515
22758
5341
6019
32545
9
694
9326
21562
3949
8644
29660
9066
8114
21682
6172
18127
12114
14755
10769
22994
31202
13420
31379
13564
21652
26880
29458
23564
13313
14891
27004
4678
16165
8324
27489
2317
5035
28061
17494
23732
8043
20348
17303
21394
13106
10319
1264
4948
12993
3675
16605
16535
1560
2102
26608
15543
12276
22838
3443
30177
11670
29225
25935
32112
966
23110
22828
22646
7448
9316
30938
16024
23918
17514
18927
15136
3774
22791
15026
25677
2837
15779
15416
7405
18396
30869
18381
5166
9819
22934
21398
30642
11643
23669
31348
3041
4304
9229
23338
7811
10454
8565
29379
1934
16507
15222
30254
11324
23518
2626
28460
14433
23639
31586
8300
508
9655
29169
29939
19212
10449
14088
32450
21925
30521
20089
18611
32322
17483
960
32677
20573
30575
17206
14040
18749
13212
5000
19354
15632
30747
17256
11300
4665
16014
8066
1471
18155
14896
17586
7723
29943
7262
25204
23616
18402
599
412
17366
6459
28736
9031
26851
10027
32107
19473
7651
6478
5592
20360
24957
18369
29948
28641
20323
30845
15810
9706
6266
1763
21456
9536
17979
10647
23051
28866
19801
19090
31325
4933
13219
9587
23222
20618
19757
8214
25424
25197
21674
4456
14904
5726
25373
27258
6154
24341
2737
30164
23035
11906
6372
8459
29981
11267
17387
1174
11999
6874
18258
7645
16083
1246
13284
28563
15797
32112
30410
31814
1448
4273
23543
20276
26562
13043
4035
1889
23243
17517
25557
6374
1858
32050
23367
14476
21665
21860
16901
9625
23523
15780
21366
17898
25410
15310
13407
18498
18245
16355
17412
16610
29946
17735
2192
29786
22912
5165
15030
17566
27337
14159
13465
29788
11678
31202
18409
13453
23780
457
16207
12363
5661
23049
3852
2786
12082
381
30941
1065
6511
20939
10017
14099
30159
21142
829
9857
15994
19701
19264
3162
10636
13092
10947
7902
10520
12410
23316
16439
11373
30107
3731
19537
1687
5359
11099
30956
7721
851
6437
31728
19002
4366
9834
27648
174
28422
18632
3921
14775
5172
15527
3261
11418
5973
18460
13075
18871
20706
9486
19122
5572
22851
22167
9558
19033
14144
28076
24625
24497
21176
257
3134
25519
32661
23591
12498
16927
13567
10743
23668
25151
17616
7732
14318
15741
10056
25196
20388
21379
12035
18975
1829
8049
14631
4644
27392
29289
11746
12103
21721
22353
25876
28727
5563
25556
17224
30368
6832
6826
8937
19348
16271
17178
23987
4911
17430
22973
2663
9083
5944
32388
17091
657
27832
1020
1457
4097
20727
977
2495
23924
12043
7314
5071
31376
32016
15539
9743
14364
707
7896
6956
9829
28237
23377
451
21216
11100
13024
19481
2320
12408
30403
10251
6826
13973
12782
4936
29432
3812
30617
32701
31099
2799
31482
7249
2004
10981
21588
5587
30437
1586
5936
25648
1843
8787
7658
30698
10382
11241
11888
23493
25845
17932
23623
7876
29364
25569
19407
6739
12751
24687
15047
26822
6307
18606
29203
8194
21451
3041
1213
9338
7489
1574
59
10334
3781
6476
29168
11022
29571
18404
26101
3285
23792
1691
17176
2772
32501
14279
10277
14140
5967
1343
11877
16833
25654
3184
13669
9291
28220
4269
7160
2030
10617
10183
2687
30236
12773
5342
12904
10777
9989
17782
9973
5808
27338
9421
13119
29733
18358
14701
20858
27242
16960
16637
10106
11157
6522
15964
11382
4754
15089
11761
23565
6677
11732
21564
6790
16339
14681
23217
11868
10226
19037
11975
29434
5310
23627
22348
10435
1693
26942
13307
1621
6213
9578
23376
28431
27436
2488
2715
29393
14400
29104
23636
31490
22745
20636
14510
18648
23532
16874
13422
10451
31617
30931
20990
32651
1639
21306
22717
5036
4646
5079
13978
14655
2357
1940
8161
16939
26989
6711
24916
22523
18110
7746
6270
8929
26145
19479
17988
25083
1229
15456
28605
22742
8110
25006
16708
13873
20243
17760
26571
22531
2727
3015
5234
4287
27042
904
24152
20950
13120
17473
30384
24445
21363
8303
25368
29106
2004
28303
12839
26233
22752
28035
24133
26988
13153
18488
21184
13426
13866
31878
18204
19919
2055
10583
25770
26461
18932
2060
27228
17176
31117
5404
17111
16608
22470
11262
16586
31099
10204
6730
30078
2778
23180
28187
21935
31133
31106
951
8347
19417
26388
5746
15704
16664
17968
22735
618
19361
7827
22505
7061
12026
4412
11793
496
26540
12577
18617
14907
16454
21536
17809
19826
14244
28728
10991
12194
7281
22777
32628
2300
491
28985
1261
5416
29158
9481
6775
3292
20
16360
2535
19884
8835
29494
17512
13348
29543
8427
21094
23572
16410
16008
31403
15147
2401
25678
25800
18887
22769
23726
15031
11788
4146
18434
3518
7476
5186
10362
662
26405
31549
27225
2253
24649
7868
15457
8553
7578
14235
19595
30926
14076
26368
15612
22498
976
20632
25909
12398
1478
10788
13194
18632
30194
25653
17109
19119
10275
20531
30827
14710
14448
26532
15951
4965
14099
6315
11686
8796
18043
15311
15723
16313
24476
5886
18788
3964
12426
4562
1365
30377
18758
32531
12403
20718
2775
8060
7451
10630
3229
16834
24772
31581
27619
9170
16435
15477
14771
31066
11246
14472
31470
15244
24818
32495
28316
9759
424
26562
3712
1430
15126
29761
32239
15044
19026
3698
23267
6032
30269
27660
9548
30966
20845
6292
12454
16974
22635
27334
21456
7633
16415
26934
19228
9817
2184
25143
163
24168
10161
15100
11995
6252
24800
14845
4459
13377
7184
20636
6205
22008
20897
10249
20693
31191
24143
30051
31202
2464
21345
22816
29971
22295
5922
19886
2860
8126
27029
26970
13913
32227
8549
30578
26306
27356
13595
11430
30047
13970
25747
31412
14606
6204
5809
18245
29155
15469
16208
2577
32447
29777
24955
5706
4388
27187
480
4920
21319
32579
7553
26657
13415
13975
30893
8043
20318
20847
23087
1284
8054
189
1733
1026
30589
20453
4308
1927
28444
11457
20569
25320
14948
12520
5923
1294
8106
4144
30016
31516
32661
20593
8629
1617
9077
11916
23410
18737
17878
21676
22148
20447
2390
17868
2445
30670
20915
8826
28529
31384
13096
10970
4435
8238
27642
8685
27840
23602
7246
30227
2601
23201
12349
21199
22423
16309
12330
32715
7066
7946
27475
12572
5250
28159
12455
11462
6098
30047
2520
27011
17906
1601
11440
2752
9764
30252
5800
24041
16057
9855
1719
15590
32133
6928
18792
31206
1168
25620
2863
14427
12046
24383
9469
22341
25234
5164
5906
20660
126
12286
9747
12936
3006
25672
20060
5244
22198
11562
407
12131
19832
17085
25229
31153
12347
14769
29501
27964
21001
5941
26923
23108
12215
23575
7163
27569
29466
19245
16958
16541
13944
28403
28812
16146
7229
8821
3795
1045
3823
8560
14318
5347
15716
25524
14202
13690
10035
18380
6629
2139
19816
20705
711
23439
23420
31708
15734
18152
23684
28619
15317
32649
20648
3462
30572
1192
14039
8850
26814
2451
24249
17221
2262
16625
5861
4139
4388
27979
2901
27305
28039
23243
26646
23776
5291
9795
5188
14548
14997
30064
6454
13006
4476
1153
2550
31487
3291
11475
32500
6757
23236
18687
31227
5875
1911
6678
18019
8940
32563
4651
10633
23440
25164
10258
30588
23290
24446
6248
24569
8521
2177
14291
1946
6398
21725
14987
16714
15013
18176
5402
31740
5048
26510
23136
14493
13504
2808
15065
7238
19133
5456
2339
29367
26568
12380
26554
13569
16119
10217
1031
26754
22401
24673
665
27158
31522
7072
178
31116
25537
4
20229
6487
27729
5571
18878
5766
18677
11906
29123
19703
2663
27427
11065
31687
28826
21470
17739
15884
20638
13971
12070
31687
4549
16222
32328
26388
1540
32621
10747
22948
8603
22030
8220
9837
22008
28684
5921
13216
5081
20796
16731
28892
14514
7251
17783
32161
27470
3322
8267
5127
11192
22565
21456
2992
6748
26272
1898
2299
14954
7658
32112
11386
13179
11079
488
22183
22135
1297
13970
21458
27062
5711
24617
1118
101
18569
6373
21805
24876
24538
3140
7257
16397
23878
8202
11813
20368
23374
11910
15923
27933
6338
13848
24823
27817
9687
8688
16747
18325
26489
4120
24324
13010
25826
14517
26597
24650
4972
23178
852
28539
5283
20669
8298
20837
6815
13790
7438
9127
26257
14373
22820
18149
5531
763
2561
13420
12261
25020
25122
22297
11757
32700
24862
27511
26654
27016
24538
11047
9381
13166
11516
18309
14208
26943
19874
30600
26839
11091
13907
7402
5520
7374
4150
17545
15902
1826
24193
1550
30617
22229
6197
1740
29460
21893
2569
9195
3883
17705
5283
1989
10203
16537
6926
11920
6295
1361
13673
7742
9367
2673
31708
21921
14708
2313
32209
14035
16370
22932
14688
28885
28444
19138
9994
11382
21911
21883
11691
118
3376
21024
4778
28908
19639
4884
14963
32229
19472
2171
19751
1358
11911
20801
5009
31764
26468
23902
8285
17033
19647
1369
6532
6154
19606
15115
13835
29151
30749
14246
17389
14690
22869
19190
19030
13667
18144
12262
7185
8908
10772
2629
28228
16513
27470
29130
18267
21130
30857
11862
23106
24692
6703
2426
8663
13044
2606
22841
20639
21710
335
10255
26807
6901
11972
7730
4110
30708
19967
4119
29906
7820
20171
22072
22056
14239
17301
21013
1312
12109
2570
17528
29160
23900
25064
22782
6464
3293
26125
2771
26157
9996
7125
18109
23538
1401
3234
28252
7228
12133
7612
8368
7581
1647
6748
27611
9787
9840
9219
19496
24266
31907
32016
7245
4535
23049
24978
23277
27302
1291
25179
26977
18975
3682
30294
10168
388
27956
13850
4604
2887
9855
30142
17079
4953
955
12527
32438
25574
7355
32065
11789
2623
14549
30403
26204
18456
19266
23254
27216
9459
3783
17727
17004
13276
1173
17274
21257
24919
23151
12881
5019
23959
31754
6574
19255
30448
21433
31406
30290
30863
32330
17398
14796
24937
30250
24650
1837
1905
31184
4956
22062
31502
12633
6369
6011
16076
22384
14826
17591
10066
26993
19570
12736
30612
8910
20787
821
3401
18353
9151
28214
12704
739
28875
9579
25134
23276
26318
5960
9771
636
21707
24975
17375
2057
11114
7702
27223
10426
5198
27850
9052
19076
5027
24308
8614
24979
26614
10171
16204
17643
7242
13802
16511
13903
104
6900
11896
8545
31606
25398
24239
22028
27851
17275
31310
16927
3842
16325
6629
28218
4429
12107
18783
16878
23308
16830
2101
21280
11679
27088
6625
17582
6264
20727
14998
30806
29556
14446
3118
6099
21355
27518
20324
14664
11526
9979
15683
8930
6608
6673
5342
29113
29584
25665
12610
10232
14807
13478
15273
26174
30165
28285
19952
21572
4208
30436
6475
31935
20120
4066
25912
8328
26580
25768
31409
17658
27425
11030
20390
411
26109
32385
1706
20735
447
22452
5869
26858
2857
17972
12394
23989
6208
20169
12385
5363
16475
4921
14856
19284
6779
10071
18302
12745
30170
14140
18176
26088
199
25301
6239
18835
20912
29342
32433
32212
1665
18860
23111
1292
28205
14577
16096
20557
28809
6076
14876
15364
10337
17791
24116
16347
25542
30933
25831
21981
32421
32707
32440
23771
19358
21822
8790
31247
32530
12270
28764
15872
20606
28210
32570
4261
17928
868
9075
10445
24152
19038
2058
4799
3241
24893
11062
2589
15136
29285
4957
11022
18268
3781
20544
16027
11598
32092
7284
9818
21579
9211
13073
11082
12895
27981
11694
13311
14821
20502
32396
9727
17748
23480
23313
30315
30044
28155
10872
11746
13618
30221
19656
25506
22824
26824
19970
29680
2944
18996
22943
30139
31618
28749
569
13180
716
25350
12681
11104
13546
32141
21649
23209
3366
13521
6170
22609
11937
10050
18785
753
27299
22999
12046
17890
304
18006
28261
14754
20444
7888
20672
9081
25312
27242
32061
6236
7276
24420
31412
18193
26175
7763
3564
11668
8566
12977
18446
15802
18593
31896
22873
13588
30748
26571
31768
11286
20637
5110
3025
8312
26633
21047
7360
32477
15500
7132
10115
28595
24040
26223
7447
27482
16653
30960
30467
22920
29163
9825
6099
16364
6020
4488
4040
17425
32325
24048
6606
1158
7318
29233
25774
3388
17840
12145
31877
27439
32430
16939
26741
9032
10727
28719
20634
4226
31868
2026
16448
27981
29229
21736
22611
3120
13169
15767
1558
945
8645
28238
4632
20857
32324
13709
7013
14516
24184
30087
21241
24503
25456
20189
2938
28901
26386
26797
28966
17107
5043
31179
32266
19370
6629
30542
32372
25549
30864
3151
14764
7100
2885
16109
4831
10553
21198
26260
13916
12201
11274
22400
9987
26556
26872
26492
16377
27216
17
12272
32417
8851
17883
12570
10440
11112
25787
15004
8992
7181
1802
15671
3056
2042
26476
27094
28169
13836
15197
16846
8188
21218
11277
31844
9098
8840
20846
26000
6492
30034
25483
6656
7413
25611
5659
17504
7396
5967
21078
16345
830
7734
17159
17367
16971
6195
26339
32016
6528
13883
7449
14274
9901
22313
24618
32571
6008
17249
8955
22175
3850
19379
1065
28390
5128
20355
19356
32292
6853
28199
26207
7181
32694
26513
21678
18360
1574
28718
15953
31395
12074
31757
8489
27896
31960
17732
19977
28430
30132
4496
10183
31795
31851
31547
22674
27305
20420
16707
29061
23790
18131
25272
10365
22592
7536
2406
10280
9313
25831
1972
9823
22680
27889
28108
13494
14840
14563
31228
32593
20196
21798
26716
28153
19411
8423
26034
23406
15697
24591
10642
22271
4935
10614
31690
9305
29051
1363
10493
28061
26970
20472
10893
23477
246
13500
1470
2279
11083
21816
9753
426
5574
28854
14095
18361
28424
8166
16607
2919
2791
30931
3258
3890
1973
12054
5156
27034
22725
1097
32669
6452
23084
7359
30849
7930
20933
3186
21037
4837
376
12349
20067
26302
11963
10060
240
19249
17240
208
5771
27427
27505
29175
769
28997
21698
10267
23183
3049
29479
2874
23183
25365
28254
1190
25944
13526
7437
7677
30047
3031
12551
3164
19362
17458
30923
31696
23878
21126
23118
12045
17534
330
27386
18275
14512
6241
18678
18669
20947
8942
6568
12044
6940
18281
20856
9491
14553
26099
10455
14148
9629
28902
25216
4092
19101
13233
18174
5418
30554
31715
31087
31237
31872
22661
2439
6399
28174
25517
26328
10740
20664
19024
6480
10408
13962
1624
25347
32624
3789
32502
12074
18991
11566
826
29292
17796
19485
21217
24669
15938
3700
10606
6725
5409
17497
32636
15138
10931
30565
30290
25840
18329
518
8632
13095
21750
13857
9225
13958
31012
22268
20618
24079
27814
27228
18426
29011
7006
9450
17258
32751
26112
30171
335
27223
6087
30160
2262
26578
25703
15611
14199
11718
578
25732
19661
7222
13534
14123
26789
5001
23447
21806
12117
22413
22673
20333
2127
9147
25585
32204
10997
21693
8013
5337
28079
19245
32096
16047
2875
27552
20995
15130
21061
24547
7769
19195
29496
32132
27977
27374
24659
30100
21553
8491
29695
12716
27608
25258
20832
558
21925
21387
13098
461
8463
26292
7350
21072
9557
8380
8533
5778
9071
520
13796
19918
17476
23603
16544
29721
18205
5811
23356
3120
29786
9914
31537
30324
10340
15963
29782
14643
2786
30446
2480
7721
17968
31413
139
18759
21260
29120
27081
11443
11411
13837
5499
32271
109
4852
25774
4350
12100
5058
28039
15076
12666
9637
9619
9198
13339
4296
1624
10579
528
3262
24624
13529
3478
29732
20311
11674
11759
23426
1858
26120
25943
3955
26674
11055
17210
15878
4874
22842
13988
20323
28509
6457
25849
12722
22476
11297
22758
7224
24719
26388
7575
3523
27729
17635
6699
2633
833
12498
16741
23500
8294
28315
27044
23168
26930
17333
24853
48
859
17877
4647
19166
31974
29366
19519
12970
31365
29974
1198
14069
8226
15105
9184
18117
26556
16721
13013
2155
23154
14454
31957
17508
24541
26227
31072
30590
6051
27177
4709
20539
29001
17368
6836
7034
30281
18147
2228
25684
31333
22739
18777
19269
9786
8607
16209
22668
4120
4395
17022
19924
22289
24078
13225
15123
29776
24984
30837
23219
13997
29972
29585
30960
7294
13386
19762
27265
32687
18760
8129
22138
18453
9570
23760
22385
6143
19320
32339
14303
9998
3959
22541
19914
16199
28450
7496
14753
4199
26643
28361
3176
19830
28412
1283
6420
18591
27699
19083
30009
319
24942
31436
27874
22588
7371
6396
28096
24216
7443
21327
11656
29254
2879
9834
3990
7484
27963
21786
3542
27337
30187
2118
10468
10025
5740
11042
9074
15703
13468
22438
3307
10018
10972
26431
24405
9091
29972
31684
13436
10030
12024
5291
22093
15207
18314
1149
11904
16151
3552
23175
22906
15903
31528
5331
24689
21228
24041
11862
24273
17995
19084
23915
5854
24959
29978
5760
14747
9874
22599
9999
26091
25320
19888
31953
8951
20506
31585
27950
22991
14081
15002
4343
4692
18704
23507
2135
30549
9191
27645
15111
26104
13094
24331
26818
3164
25727
17329
7673
23420
25104
25707
24775
20567
18159
31170
10791
22606
518
20939
32613
21709
23329
4336
16338
557
20037
28658
31420
17881
12612
6959
24989
10160
22414
5921
10899
31403
10314
20008
30480
30912
23205
11145
4819
22022
19562
26550
7959
3865
9940
27088
32266
30400
17824
25194
4736
18125
5221
912
10217
14405
22056
31239
5760
26305
2859
3031
30662
788
26887
7
32559
6446
6394
13224
19227
27969
12418
21
16903
13346
6187
22136
20485
10993
21669
13456
6249
20988
26137
22194
28614
20193
12733
19214
12825
14835
10663
18996
18755
23263
9951
30935
30653
6288
10679
30416
15239
8271
29791
24421
23905
2095
13236
7884
62
28840
10841
16619
17654
27010
4617
7522
22075
7668
10027
1227
28878
3086
4775
21312
15346
19284
9721
3102
1570
9900
7556
25353
14847
3450
23848
22065
8076
8201
23318
15827
15773
23341
11491
29954
28557
10022
27356
32679
816
19912
23962
20935
29448
7129
10710
7172
4284
12731
28286
16743
13253
18250
2311
23132
16491
26376
29702
26878
6896
25720
29690
8853
23307
4551
1644
29277
21400
30897
18235
6538
17037
6819
16433
4232
15664
31773
22233
3463
11399
32603
19605
21559
28176
21044
1259
13008
27827
29506
1568
20566
17909
4675
26632
12315
20334
20415
9500
3717
4221
8172
461
31505
1082
21710
32280
21400
14252
5026
1371
1234
6205
14717
20583
13336
1642
29489
11734
13934
191
3184
9375
30912
31491
14900
9447
15724
13744
25693
15130
21249
10662
12956
31035
10310
23583
24721
2680
24959
12006
7472
9474
21227
196
31081
19995
1169
12859
10760
9329
9021
25207
8410
9386
709
30850
16657
7232
5520
19639
13033
16015
32089
1657
6796
4140
6449
549
13875
7289
13507
21316
10127
10614
15580
14086
27751
24026
7467
2796
19074
3427
11077
7108
12999
8042
17131
24794
24483
17338
30608
30573
12971
27042
32534
29280
5507
11593
14809
21042
25086
12098
31726
14640
5510
2656
31661
12265
21439
23500
2412
3555
31847
4436
29838
23180
22657
29190
16829
14963
8882
5374
5747
15544
28395
14972
32191
7362
13640
15162
27206
19503
1080
508
6536
22801
7647
17256
15460
1111
1208
26648
2270
7305
15231
23790
6433
28857
15438
15783
15296
28598
27398
3507
6465
18306
1776
29508
21212
6406
24484
10406
32384
5125
20778
6094
9239
3919
19296
21557
8203
28983
26779
26343
3849
31814
22417
8406
9989
21553
7287
26485
8574
20233
28006
12162
6915
26290
11779
6691
3062
24214
20063
26677
16016
29082
4380
14305
26149
7250
31954
16496
15273
22384
31920
96
17268
22147
29799
4535
8258
7902
19267
6295
6014
2773
12955
19
10944
3376
11116
31041
27284
18649
3905
28816
26237
20696
8278
27996
24121
9345
25852
4032
6215
15340
21055
8364
423
14502
2503
26679
31457
3750
12028
15926
30280
14723
5998
2317
19328
20964
23155
7877
25662
5943
1042
15455
9807
16806
28447
1896
16092
12358
2728
19918
13036
18322
3728
30706
22826
5145
25466
24830
8425
1395
16872
2425
19045
21881
19620
22553
29771
28598
10848
23768
8828
27928
25241
19017
8718
30699
449
6445
28308
11272
18588
2626
31904
18250
27371
31323
3462
15938
8520
15541
28770
2348
4689
28553
21596
15649
22280
32478
4138
17806
7802
18849
727
20964
13471
7415
29123
19345
28802
31186
2028
26672
19873
22723
23147
11260
13463
24591
5698
28811
14072
16388
15188
17337
17021
10637
2229
13026
3937
4869
32292
22100
19978
16201
5846
12547
22508
15121
8566
14463
26539
17536
22889
6436
7295
20729
9558
2704
19677
9525
7910
18523
27732
13202
18376
770
2229
13486
4089
23843
8822
11829
4418
18672
25688
23543
9218
23006
32328
12094
12589
24221
10115
22622
26005
22349
3070
3725
10856
7151
10501
2549
1786
18201
23842
25608
20421
14574
12096
21012
18095
17998
4368
28183
4235
26698
8364
468
9185
32731
11643
2086
5362
467
1108
22677
25335
7955
18150
12583
10922
15615
21079
4728
25095
21039
31019
8717
340
31591
5224
1766
15711
23754
12279
29778
14087
9034
22094
22280
17405
14947
16204
22642
13516
2569
26212
11340
15383
20703
19454
23662
23330
28329
26138
1766
30613
13060
1079
16970
32380
1109
10867
7245
14481
29439
10227
26255
13246
3289
27781
17850
26078
1247
24964
14026
27844
807
18941
32428
3966
12567
28175
14347
25818
21974
5528
29543
17194
5888
5646
7527
23877
12702
30634
8048
12494
16213
30156
28278
10681
23517
24219
31762
7946
16053
5611
15829
3296
7445
16229
16093
12211
26661
21473
28581
25818
15212
9751
10273
29776
3979
6775
4107
10167
1323
5717
24952
21149
23604
27209
14766
12287
27455
15318
27705
14603
11087
12873
3132
22826
11195
27364
8198
9022
623
30780
13029
27688
3157
28896
14655
28302
4621
20795
31454
23515
9444
13500
30604
32391
18436
10804
31200
20888
14824
10111
19543
12649
29203
24678
17574
2474
9986
1220
6479
9384
28767
10728
13683
32718
22903
25403
32487
18796
30702
20002
17034
27576
23217
5414
15061
18707
25901
11859
25779
3469
27327
22749
5779
14762
7787
7690
3516
19047
10960
22859
26081
8824
1627
2988
12022
6356
22460
32367
5442
20595
32406
30964
20404
15702
5243
3549
18554
31433
31255
17263
13264
22245
17579
6970
2326
14168
8126
15612
4646
15209
30479
18627
1252
16182
31949
5202
23319
9280
24586
22470
23671
810
18286
3449
3846
10942
25640
2343
420
4145
12586
2639
9438
5288
12950
19932
9736
17402
18803
25349
139
28856
28581
18290
14719
20843
28700
3744
31101
796
28491
6278
30894
5402
22492
7033
28968
503
32674
1357
2939
14804
6351
30653
31110
8670
17255
25612
13200
11545
21236
2541
2964
29277
7292
23969
2779
25502
24752
6495
19920
2672
9830
32248
21009
28105
6473
1723
27330
1289
16591
5270
20262
23609
9068
21631
30576
19856
10758
25874
15318
29756
22440
32636
27112
15455
10618
10135
17440
13399
13041
10070
8122
834
19011
22884
5317
10433
22814
1800
29819
27133
9625
23884
31182
4072
10091
15710
26691
23238
15706
27702
3331
20203
22263
25977
22064
16070
26249
21918
29813
13854
12103
32591
15073
10908
17354
4114
12533
5514
18625
10280
2811
23258
20455
6581
31898
8554
24370
8994
6568
134
30797
10432
14655
9903
13385
12718
3859
23962
18320
11260
28418
3964
538
15376
28397
12677
8163
6985
23239
14250
32156
18915
12011
30120
1440
6171
3251
4422
26923
19091
23878
27098
31174
24055
5809
6414
14086
11745
22330
28900
25718
762
19184
6904
15314
19555
3975
15622
3958
2131
2659
18091
28949
8193
25843
19568
12462
15044
9024
5124
18364
19576
2246
13769
1198
25381
16258
30610
2710
30683
30028
17580
31013
18144
25447
26395
20695
29454
29783
26149
26475
30838
31730
11797
150
12873
13754
25913
24312
30713
32106
4653
24911
5531
30159
30555
32747
9104
4569
18371
15970
356
13298
6392
25988
30710
22414
13931
6545
18137
30980
14828
8362
8443
12188
3438
28038
23684
11753
14859
16998
23041
7257
10312
75
26306
522
13721
30310
7808
12255
17192
17872
4164
25044
8658
11643
10883
2702
32626
21097
12942
32055
14691
22555
19242
27016
14400
23885
20090
24103
14574
12512
32550
17716
9949
21272
21686
3870
27530
5895
26431
32700
22345
30793
15938
20889
1857
30962
1745
9103
27832
7109
29939
25751
22929
20135
21578
12767
13842
22867
3059
23325
17387
9294
6574
292
4724
27678
18495
692
2103
13495
9492
11159
9646
4406
31015
23017
25934
5073
18726
3512
23748
31246
8402
5837
894
26932
11685
21704
17005
20223
27831
15731
12553
15000
28642
7504
9110
16836
32292
18036
28326
18012
4934
8600
992
12285
699
21870
19455
28160
16843
30769
25118
21933
7409
32640
5170
12459
23681
25196
19672
4027
7309
8656
19025
13735
23562
10977
18122
11892
1839
18437
30177
26335
286
5097
31590
22536
28870
8909
16222
7016
21768
22051
17230
31496
9240
3673
23734
20981
31271
12019
30939
20719
6975
10460
19913
31585
19566
32510
7321
28822
18470
30992
26864
21801
20964
30895
18888
28861
11536
9393
14195
21487
31524
24246
31452
6793
17681
14079
8721
7672
13279
21124
7678
11265
15507
30528
28027
5551
17237
13008
31114
10896
31186
20284
1753
29729
31968
2581
24719
17798
30048
16832
8261
29566
16489
3345
14161
18583
25251
28956
7499
2462
19184
10567
18378
7770
10322
13732
20335
12922
22281
9086
26149
25291
10491
17458
678
19118
3417
17984
25922
1482
23424
25762
23004
31230
17693
8285
23349
32153
13205
14421
31597
11726
5284
21349
13766
2402
23108
4271
3500
9128
12752
29233
7922
943
13929
21914
863
954
8857
28507
12649
17648
17718
31744
14400
2901
15753
7105
32014
5625
17072
3156
23933
18288
31297
13574
23419
12929
8752
14602
13882
24354
4595
1041
5242
23461
22243
1307
9226
28204
28646
2956
21132
31330
27723
31362
890
28525
29173
18022
26470
21022
28348
28865
22662
14187
30992
30289
24687
17184
9183
25437
19233
32465
18873
581
27460
7443
4915
22621
29617
31980
15497
25851
2612
391
24199
22223
30608
4652
16041
11123
6340
22128
27265
27971
30093
681
8793
879
8236
18597
22298
18511
17001
16540
16236
23030
31704
24162
18463
22793
30043
18145
25546
2514
19944
6599
32177
2960
17549
892
5100
6673
17329
11095
15558
3459
12700
21009
7012
3208
10810
13434
1959
9352
1563
1642
27986
15435
21183
6651
9840
5319
8209
1781
21744
19510
18225
26250
32659
5996
3702
30532
30216
9576
20148
15675
16469
24873
32186
29323
7544
1475
16927
23557
21838
14513
29759
22053
25013
7789
12416
11844
13037
7486
24282
7183
4933
16977
21398
28472
28147
32012
27989
17772
32067
9375
21589
23684
9204
31708
16112
21759
30174
10056
24421
30896
13273
18802
24283
22964
16091
14723
2467
23975
18016
2071
4286
2327
13839
17995
1183
7993
9882
17175
27953
27099
21990
13023
8988
15770
27244
30020
20037
3669
1503
27968
11667
10210
27406
8050
3065
24319
15117
2742
1713
20107
3471
28409
2245
29942
26775
30284
8148
17910
23376
29750
3603
1147
16440
12111
15762
30950
27268
26890
30913
22389
17089
6099
3122
27394
5815
1882
13728
22510
8338
21294
1073
2904
2372
28557
3576
10898
27173
13435
7870
5845
4572
7953
17410
22835
4227
15640
23102
2766
20230
30422
32620
3400
13772
11048
3785
10106
9882
20945
2521
23145
19892
6162
4779
629
3653
11131
23390
6356
3584
9984
12004
10559
9224
22095
30470
20459
12045
17249
25512
21435
5816
16975
5967
12468
31818
28520
31968
9905
24192
21376
10923
8280
13497
8842
30375
1612
17754
18538
8191
21156
15218
14340
12750
30877
16282
12441
807
29835
6176
27987
30809
6166
5220
29470
26993
26274
18305
28858
20992
5647
22064
25870
11806
1955
23530
32704
10414
19780
11085
28674
32484
3819
28097
5551
15621
25685
26203
18582
14446
30460
23554
10774
27352
69
28368
13547
4826
30715
23738
32583
15791
1788
31092
25380
7738
4658
23951
217
21831
29125
4325
20460
3860
10383
13366
12840
6672
12241
28179
15599
23266
11044
7931
11473
16813
6322
8389
14173
9363
20901
5437
12086
9080
28384
2066
11882
30984
26093
26608
15104
23803
29239
6889
6608
23447
7802
12825
17304
18039
631
138
12363
8844
2284
6485
27820
14177
20931
30986
11804
9123
1162
24146
22704
6880
10019
5587
11143
12431
19645
15700
1883
21585
12547
16930
853
25462
5010
7858
17446
29635
26545
7047
18771
15218
11324
5974
9424
14971
32738
6761
20689
2322
17809
14657
6109
28529
27949
2687
17188
10967
13448
13317
786
977
29839
21336
17956
6584
20161
17736
29179
1915
20198
4308
12975
17822
21757
31048
21605
28035
23414
31656
23332
16873
28065
15185
19684
8370
25191
8670
25064
16873
12088
13897
3918
26627
26436
28498
8165
25957
15086
1317
20286
6951
2941
1591
6918
21784
26389
13169
16018
9986
231
26512
3260
12079
31140
3532
7150
25131
3127
27575
30844
17356
29363
17001
20791
12656
6026
2778
21055
8582
26369
20879
8728
31824
21728
30073
13568
29158
27246
19994
27264
29055
28828
31977
10562
9708
2689
28152
27938
7013
21510
19412
31623
29320
22755
27308
12788
17567
30666
28342
8922
7458
1505
12751
29873
11389
18038
11362
14150
6162
2799
25994
9047
2946
3839
11899
30813
28456
25888
11550
27817
26599
1853
31227
25522
1062
24494
21852
24238
14872
24170
14255
23391
6977
28280
16685
5424
24886
24487
19641
23680
14244
6271
10763
30782
26515
9335
17165
17846
18412
29289
12421
2730
5945
22338
501
11685
8877
10494
15551
18572
24164
1492
22157
18806
21227
7085
12016
5565
1027
987
19528
25430
13474
1800
24547
15453
11323
23916
21865
24820
24895
16196
29047
31566
11492
22911
17290
23047
27685
31418
28447
9399
12810
3182
4120
16070
28457
11368
15970
19586
12909
31354
29909
3694
26390
28273
24411
1757
13313
19014
21589
7616
24618
31897
32058
14013
24687
1882
29313
28033
29335
16074
20162
27734
27026
29858
32024
4344
3842
25489
18121
21412
15867
28396
25641
9331
6919
2722
5307
13030
3438
24430
666
21442
23988
32592
29975
31006
7522
15933
5796
28858
15370
790
20977
23698
28037
9431
2644
6579
17791
10257
13166
2382
11318
28826
3084
28683
4222
15234
75
24479
31497
30026
30464
24225
26341
16465
3670
17049
838
16271
3001
28763
17030
31109
755
30355
23146
26484
30869
13984
6567
1230
921
4006
13988
29418
12869
16350
31618
1275
13907
28721
29530
18499
7246
7686
31941
23684
4671
22360
26018
12472
393
32011
29715
30721
18
32640
201
27363
23715
18791
1666
10417
19090
19668
19151
19781
28830
26261
1051
3828
24346
3012
8425
30914
12622
30104
5213
5329
24090
16256
19454
6944
31708
11123
12986
30834
31636
129
25899
16779
8006
14255
31512
26274
12192
27393
2623
15124
13533
15064
18001
9558
14057
7550
25151
2861
18630
19712
5812
20001
25390
18236
29154
27695
21114
5178
21634
6334
15298
18112
16406
25044
32070
27424
23154
13706
28172
22613
19066
23485
16587
5966
21037
14343
3592
21642
18915
26605
18815
4069
24786
4442
9924
32434
18135
30029
12586
21513
9076
6862
6884
25442
32277
9766
1898
20835
31639
12367
21791
18167
5386
12970
10800
23200
11190
23280
18623
9230
7773
23403
28225
11760
17344
2918
16932
14858
28260
27618
6069
2952
23958
25738
1858
11154
16301
19689
8827
23584
10639
5595
18462
11536
10103
10049
23252
26486
19189
17913
24406
17203
23094
5646
17875
6857
1157
3371
25238
4461
16402
26966
23012
24414
13554
32730
803
14454
22888
30853
1858
254
9059
18708
15956
17607
29511
1260
4222
9334
7152
21771
24084
11552
11253
11325
13055
19991
23593
2963
18786
24835
18280
27409
8061
30772
20368
6823
9425
26422
21453
12131
17028
14758
7194
20708
17160
3141
7684
31506
23800
31819
32433
2060
25922
8446
30242
5730
27787
17282
30645
8069
19407
18675
17390
21115
25672
689
18294
1751
5778
22779
27492
23529
13580
960
15036
22578
30081
17841
309
7450
9736
23963
18240
742
10536
8692
20293
12516
32064
31412
30768
1512
21286
11622
10540
25852
30735
12158
10926
14932
5807
29421
4278
19584
5025
24819
6738
11749
2312
30516
10851
25198
9591
15119
15779
3455
29198
30507
487
15403
17382
30546
29346
8102
23728
13955
7851
19453
32408
13122
31552
20228
30576
24115
26698
13200
26378
22247
18914
17639
17637
27382
23317
9845
26892
2894
7652
5057
7228
11210
3215
23711
29509
16647
28692
29094
31154
20595
32754
5348
28588
18086
12082
721
7964
2038
19112
10114
3088
28485
19575
13343
1120
12062
2259
10391
21137
18689
6155
9618
6137
3834
8646
6824
4644
25464
28044
9424
20343
11101
23689
12571
5907
9810
12430
14242
2045
8541
17497
8892
13179
14261
6422
13941
14017
5589
23846
3132
6092
29391
20510
30428
27023
13283
10259
25262
31565
28240
23573
1548
5958
15210
30713
30216
5269
4845
23900
29534
16473
8081
5604
936
25107
16862
6857
10961
24399
13634
13716
22732
17031
2913
24103
24454
10564
29100
14846
1305
23942
30005
8372
1602
7782
14529
18889
7445
23546
20767
1954
24559
27257
15289
13265
3245
28831
9065
12439
5147
5459
26510
9127
31151
12424
6494
20013
23416
865
25470
9743
13905
15256
4048
5235
14938
17952
8076
32129
17321
13577
10642
30058
19260
15525
29438
18089
25650
3049
30205
11657
6459
1045
19168
27879
15950
5016
10095
8249
2714
14381
26752
28367
3774
27723
22984
1113
23356
956
12272
29354
27435
15243
26859
24763
10029
292
1672
10995
5281
13495
22339
22693
1306
27357
16737
2779
23055
29054
17468
18514
12500
7154
9179
19141
2760
6758
29381
12654
17873
24706
28183
15563
30981
24393
24533
30622
2474
5696
31614
28983
3169
16338
26851
27893
18078
7411
28984
11019
25691
9220
620
11904
13838
5878
31926
9338
2776
17587
32369
20667
31487
31161
8745
9068
13982
25608
25334
23577
11419
28223
6920
24062
7642
22018
20612
6529
28848
414
17551
12031
22683
22768
30887
11979
9776
9603
7738
6772
21332
15864
9329
2887
8111
171
22605
8725
20830
24979
19190
9271
28136
3946
29264
27086
32628
29710
14286
335
14905
5160
27019
11328
5685
4619
16791
6460
12578
22495
30606
32573
3238
11518
4208
32283
31946
15006
24748
26703
23213
17329
29822
23037
20346
5129
21115
16690
19351
27328
19563
15210
32287
25559
21078
27733
24723
9501
31714
12762
10956
21074
15324
22877
17204
3213
29204
14909
32566
219
20334
22945
18419
18985
16438
31605
30519
10852
20660
17583
171
24286
16384
21207
15180
5108
13592
27846
24347
15342
18992
12462
2838
19750
25161
25434
26472
11117
32005
17591
14301
16554
31930
3476
29336
2244
4805
31398
12040
5314
17953
2255
280
18737
18488
18079
5286
23494
3064
24348
7479
21573
21290
16830
28137
5281
9727
3006
19881
11365
26860
5777
23461
31570
1208
20399
6148
26442
21716
15768
25813
10605
20458
22041
4934
30337
7864
2507
20759
1687
5407
10462
2638
16363
16759
1300
4907
2317
1574
29968
11870
1598
29041
7377
17272
17949
18322
8058
22944
8579
29450
7764
10887
21163
20280
10517
24990
1942
299
867
23430
29613
21173
25492
31175
9385
17344
3768
24262
7856
17893
30169
9713
960
22075
14465
27709
19025
26989
12413
15570
18230
24080
27361
13828
3781
26931
12876
31366
28983
12599
3693
17114
5714
2785
23750
8972
31813
3245
26288
22688
24019
27749
6304
13513
17331
23283
16040
30428
17719
21108
27201
11011
15405
2701
25927
24886
28675
1794
22085
20583
31790
29828
31219
14845
30155
18379
5629
8580
5255
21221
2310
11427
25277
17614
7149
16206
14559
18240
30799
10300
2071
11980
26701
29084
14382
28970
17295
10756
7340
21966
11656
14762
17729
5307
2300
6102
11619
22428
17600
29847
3897
20753
26050
10934
23992
24135
29257
3560
10764
26315
8829
26951
30777
28320
31273
16899
18178
3727
12224
12885
20234
18110
1182
28853
15673
24452
29329
22349
27745
19580
21144
32685
25121
17880
24810
18112
4874
3064
16954
19711
12801
2364
28218
18148
3812
17942
9054
12706
18545
25443
18402
16403
21859
3835
23566
5106
10461
9862
25017
5962
30220
31890
23820
2606
22281
29667
21128
6315
23292
25866
26186
3323
16263
570
142
29179
22882
11606
7027
14816
28738
29774
7678
15653
4608
10156
26720
9671
8439
16234
30076
6837
8622
519
13732
16258
2999
8666
1699
23646
8662
17573
27905
16964
5478
10605
29314
16245
30969
24713
19952
14372
17983
18938
14362
14195
31529
19962
4637
3230
4685
983
16610
18550
23181
15106
25064
12050
29171
6755
15684
29121
26592
18928
6374
17730
19046
23166
20765
10296
8946
24535
23134
28120
9774
28940
4161
24805
6949
781
30156
4830
15785
20854
19188
11126
8177
18860
7009
19524
20359
11305
10866
23740
16738
22548
24705
21086
18766
29973
7528
18733
8341
28519
5187
99
16344
31279
5240
3939
4158
3084
25589
26351
14289
2543
3769
29339
1316
5165
20374
28289
15929
10706
30261
17719
22179
5689
28250
2558
20712
23769
19561
25404
20265
5986
810
31021
5893
31241
9929
15573
3258
29215
24865
6969
27021
4841
31545
28878
12653
17580
8207
20786
11219
27143
15509
30490
25580
28549
8442
28812
29690
31091
18218
23374
8184
9199
25240
17822
892
2370
7483
1827
22242
624
9686
9764
4007
22029
29565
7416
24595
18769
25173
5053
23067
18287
3483
25165
14725
4899
2792
28270
6477
13962
27315
14921
6216
9527
8727
14110
12551
17539
16854
12341
18686
20004
7839
25112
15077
16642
20108
4607
24671
21574
8175
14732
24282
8371
27982
6840
15286
29753
29356
20494
31657
967
2058
11543
20834
28514
25902
789
8044
19572
21155
7667
20822
10854
27649
3453
20497
17776
22383
3789
5529
23472
5733
10757
9175
22650
21431
22596
25287
18928
21199
17874
10710
21714
25657
1182
30862
6807
870
17131
8820
17852
425
23110
29233
12380
25222
19131
2033
22785
19756
30280
30473
6586
14144
12434
26332
21869
11484
30423
15103
3951
23000
25636
1691
8530
14408
13768
20243
766
2117
29704
25063
22787
29937
4884
16857
15662
2741
8250
28494
30043
25293
20314
4086
3209
10247
31898
14767
564
22727
30298
25767
991
27215
9067
18625
25840
12605
22907
10811
18624
13141
30676
22925
13043
18049
6727
27284
29189
8470
30818
26351
6182
16217
17642
32682
30280
16962
8581
537
19830
11136
31414
5127
10855
6844
24590
31505
8019
28706
11425
29516
20485
30750
5048
22830
1074
1123
26053
10923
13321
5682
8604
9118
17163
32217
9695
31083
23837
4986
5818
31202
10715
27917
19409
4455
18992
13736
23159
31824
21539
2558
4129
10127
16628
32295
28954
1169
360
12447
3960
21606
11361
3728
20046
11809
31665
11604
25891
17538
2864
23861
14243
11986
3597
22904
21909
14607
28257
14747
14093
32585
2826
2010
2275
22604
1974
8440
7523
21375
25406
16699
21830
19980
18486
25273
5346
25409
19394
20690
6557
15415
3754
5374
17319
689
29873
8393
10217
31558
26147
22811
32312
2755
20398
26301
16335
10955
21618
28697
2556
4544
26203
8257
6425
4583
14511
7987
28606
29638
16611
24412
32309
20433
14771
25690
24110
11078
23666
26374
30388
23638
17566
31410
7264
31109
12727
6063
461
22611
6993
12051
3147
24348
19305
11192
24792
11837
29429
1160
15692
25720
27838
17400
29139
666
8818
10451
3744
12890
18421
17465
6624
29829
24825
14567
25069
31320
17614
32697
16325
11821
5243
21868
23994
12123
22285
13737
22123
17751
12335
1855
16370
3615
25851
23985
30559
27608
8976
29680
16486
30133
15845
17513
3412
28700
22109
25154
839
4100
8347
30689
3743
3490
15383
3759
7088
19012
20977
1051
18361
3453
28038
20449
7706
7554
17218
32652
13761
14036
22965
2873
17126
10015
18664
26527
28920
3938
1009
31052
6359
4433
24773
19761
10051
27640
21070
14945
18325
19360
2237
20758
9900
20726
27682
15093
25131
4970
9529
28819
30690
8918
10375
26679
18825
19552
30630
8674
2228
9889
3294
13452
7939
10503
9461
16561
26265
21111
23367
27660
18128
9015
19481
19107
2347
28172
12586
22787
31373
17567
11403
27597
11432
805
13745
14449
27575
16191
23753
23354
15472
7711
22603
32395
30260
21997
4306
1896
19850
24169
7979
27447
25291
5329
28843
4808
10527
22277
1478
28308
14759
23017
32478
8258
26364
16139
27481
23920
9433
11654
3830
28591
6164
29222
4449
30159
25299
27340
19461
19038
252
16660
10785
13163
18669
14390
20254
16271
25710
4650
30496
29743
21987
20496
17883
12539
24007
20942
30632
27834
21589
6395
10455
12106
19336
13052
10055
27874
3398
3692
565
9883
18904
16322
19538
29743
2718
31021
17432
23296
15617
14787
22109
5724
27048
30683
12073
13567
27631
19127
19653
12249
15765
22375
18708
24082
10932
1257
19750
27212
503
15253
25355
11560
5383
13241
6629
4363
7494
6016
12353
25378
22720
31768
14504
13731
29535
30227
27760
14166
4190
19726
8408
9301
2047
4753
4693
13328
11649
8247
31270
10387
12620
16655
8750
25356
29552
2625
27395
8583
23117
9973
30787
18941
403
7024
30503
26253
21870
17280
13146
14089
28154
4123
28171
31668
16125
18499
11073
23882
28629
20780
26990
5697
28591
16801
30536
16719
6650
17572
23508
28972
32540
3925
1219
30105
9571
28181
12034
29089
22078
11498
15757
10015
19373
24357
29316
7040
20982
19011
16000
31178
12698
30738
6695
21981
30087
13333
7678
13562
24975
30760
19583
32641
11545
3175
17004
16383
22038
24141
16738
21351
8247
21273
18609
28320
5213
6518
12395
7488
5202
15962
31419
7576
22198
2351
20344
15856
24380
25393
22010
7955
18198
19991
24877
15
27053
11765
8675
30518
18838
27233
21359
15464
16833
10965
5743
26773
22260
12884
28137
20093
15736
7760
4762
20666
26387
3276
4234
22785
11574
28094
25316
21669
27510
951
517
23132
7744
22469
6099
23878
22985
9369
20048
4395
11589
31973
27759
25605
18009
12552
13606
12478
26834
14317
15556
3898
3735
7984
10373
26008
17372
18051
3171
7861
5017
27217
23344
10738
6203
16801
7394
10296
1177
13116
24366
27193
14633
26130
5208
9208
14708
12506
21577
31115
5575
11513
13282
18719
7468
28837
9872
22078
27544
13386
7712
14925
10342
26412
23765
15961
2308
30543
11704
531
27629
20628
30512
5144
8151
22308
23506
24438
11053
24849
23930
4716
10175
29499
13979
25202
1721
17777
24019
20857
20689
20953
26563
22644
14021
29586
15133
6935
1541
22679
19198
2271
21932
19175
19327
3922
32693
5347
5255
16776
14956
1271
9955
6378
26146
21628
1944
13114
25381
30173
25975
12756
1008
3577
15603
7731
28574
7369
28208
30646
2213
6467
31068
20132
11200
1150
21826
4207
23341
14358
5148
26933
10777
29650
19113
24204
31833
28292
28032
1919
28250
28209
6308
1492
31067
11122
30040
9361
10201
1050
12853
16318
28235
16665
16761
22891
31760
29601
20898
32757
6310
11655
13372
27014
24860
6379
9975
26843
31178
13083
13052
8010
2111
11957
5761
4099
2427
16652
27803
30870
22623
24269
1876
4789
30817
11235
12286
9019
30852
8855
16839
31342
648
13820
21133
18817
27229
29578
24051
29022
20958
26633
9908
11938
13500
19377
16951
18152
28856
14735
612
6986
7702
30250
12727
17445
19534
2407
21906
6685
30468
12202
27352
20577
18234
26174
20663
1072
29893
5879
21957
26013
23549
10005
6991
23951
7097
28012
17133
21771
20347
21442
6746
438
14823
10105
14723
23445
29562
23918
18142
8216
29048
19744
22013
1623
31014
10005
5219
2203
21306
10873
14486
26400
21392
24073
26486
18457
2334
20527
972
6389
10794
8814
7206
5345
4282
25601
27363
5262
23373
32703
7306
2868
1480
16706
20576
21719
3763
13640
1849
14793
31909
26969
29838
19312
22525
20139
26064
32329
27859
17474
13308
9517
26927
3163
29552
12755
11128
12555
22013
24215
21807
7204
29501
9593
30173
26200
27430
10345
25161
8609
5856
28354
3055
8928
15316
7188
27822
3780
29958
1062
23233
11757
18084
16443
22768
19537
4063
10645
14087
10207
20217
23864
5768
12899
27551
11504
10141
10922
31610
8597
12880
20710
13569
29326
16382
14931
1169
5780
30985
2075
30655
20920
2766
1400
29421
25768
10711
28952
25883
16686
1105
30149
28160
26617
14528
5701
10841
21408
9457
4223
6786
5348
8496
31712
22339
1078
31676
9981
2284
11385
18552
30842
21668
21256
22755
22314
13310
16635
28746
23927
27341
12710
2109
23557
3898
2659
14655
28562
22547
16274
7105
11809
9574
2781
13650
12119
30543
22209
17936
29733
18190
841
2658
29095
30300
26653
17641
17228
18688
14268
9395
18488
7325
10246
23474
12262
21198
1021
31085
14866
8564
2764
24054
11734
15695
16393
22812
19475
4812
4407
18913
16658
286
29839
21039
22891
19344
25856
29382
32294
13594
24436
9081
15393
31282
17749
15258
23217
7396
18511
16051
17804
14117
17240
24950
19943
18277
9454
23287
1755
11107
20128
22041
16653
15685
3536
5958
27022
18152
4535
10852
20480
16245
682
11524
6139
1845
7835
2268
22959
5542
32482
12919
13770
19918
27454
16427
24732
27855
24086
27980
26744
18108
7685
23967
15198
17835
4246
13585
12248
24331
10828
22441
5410
29496
8166
26044
3725
19277
15584
18528
15909
10554
829
25122
658
7702
30852
14332
19516
6838
17417
9857
19891
28286
621
30555
2893
10359
29288
27383
3601
3746
24262
2687
15827
8076
27056
22025
9889
21027
7469
8974
11614
1992
25833
16157
30637
25765
21812
10960
2833
577
25421
256
26450
12369
29409
24117
8226
14290
23759
23648
14848
21588
21294
30413
20061
22425
18065
27219
15101
11102
12425
26062
24737
9593
26476
7887
13539
25124
24405
7825
11105
6297
31852
23343
14877
7647
23144
28949
32036
2531
11602
4276
15726
13002
8075
29819
24326
29318
20752
29442
31338
27303
23549
392
9525
14964
592
15007
11771
23355
26864
15654
20341
5861
1006
30584
7902
19661
6154
13027
14748
30931
30073
29532
30243
12460
20453
32624
7191
2940
22454
9342
26544
10150
30864
2852
23651
17122
24860
12279
10943
6289
14348
21623
11669
31310
8793
31810
16987
22214
32463
19079
210
8905
31436
21438
5607
22689
25669
14230
17879
418
23817
5935
22935
32258
21322
15242
31603
32491
25433
62
18165
26319
1713
22124
4104
1020
13367
29684
9565
22896
21952
745
4622
27118
14036
25923
8834
14673
20658
24788
12432
30753
6035
18302
31463
3428
11571
28578
2989
29366
7310
4315
29286
5788
743
22765
21784
14614
18959
19704
7340
30323
22500
19186
16536
29801
22296
16211
30139
25957
32052
25362
17544
22048
29148
5585
19047
31091
15188
10325
10840
26220
21571
11064
28890
31905
20151
5602
28427
25284
10346
22965
20752
21368
13380
13704
29623
11363
15648
23895
15707
29573
17875
19000
32265
18120
2666
18065
6880
27096
9908
2697
2238
26164
1537
31932
23065
29062
40
27443
25642
3632
18383
20627
16209
6695
3558
31124
9909
16388
32373
7861
31531
32344
31384
17967
27993
14656
13255
551
4891
2618
3163
24359
27685
16951
24910
5839
6634
20978
8515
23240
20157
3199
21702
19450
14390
30759
31700
29183
26840
8563
25758
18135
1264
9351
24458
10973
14016
24753
29819
21753
11741
2626
32082
4888
11734
3741
18869
28377
28694
32397
12303
2697
23820
29404
12247
19026
24713
7969
2326
7599
23913
1753
27939
32035
1141
2233
11441
28715
4744
13379
1804
12145
14833
7576
32416
14146
15129
9101
22203
24130
28774
23552
7828
17503
20830
6765
28043
11779
12560
17596
13490
8078
15279
27229
18829
19715
30593
20887
3606
12801
19703
28445
23044
26102
23070
31715
2381
143
5430
7471
21482
8819
671
21235
21210
30256
509
8282
22121
15733
30356
8865
29106
16003
20212
2600
24419
9694
12251
10697
9152
12360
18007
4200
4075
12527
1323
24779
2658
18406
20852
23468
16585
23762
25228
20493
9962
12774
22831
26060
26362
8977
20956
30327
10013
25973
30334
26721
18477
23324
21324
16374
439
20198
29422
23371
32583
11462
1505
3066
25318
2606
6428
812
20704
4808
8180
17399
26827
11623
21821
4075
20420
27965
14258
487
12284
9038
9623
19249
20852
9252
23452
18118
12292
5573
23301
22255
12962
23010
31496
16661
26593
26705
10614
31702
27576
11710
7838
9049
23173
17053
2159
2014
30033
3682
28892
2713
23382
10997
25477
15552
31934
7264
5779
29923
10926
12491
6883
20092
26755
7339
22376
18375
25180
10038
21450
29139
11480
31514
5715
26329
12833
28526
6412
31438
28713
23785
6691
23092
27699
21330
19344
2869
32662
17207
9720
1266
25021
28642
25298
20761
4979
15753
25032
27573
3933
12229
32096
21835
25544
11333
4827
2850
6566
21956
16734
23010
3282
4920
9295
15969
6556
5965
3330
18617
17281
31761
32661
13726
14650
18161
30488
12782
23033
26852
13553
31882
8175
3814
8063
23141
5137
22184
29694
4314
12060
15238
20395
23107
19414
20409
21544
2247
3735
5582
27425
19315
26121
3670
27952
18828
2348
19936
12286
2084
5789
12068
16300
19948
14615
30081
18289
31049
30010
29610
28036
31914
1163
2716
9788
29976
25021
5331
17013
3855
27183
4541
15671
11660
14517
9583
3218
1895
7579
16535
31180
12003
22503
1201
17599
14212
29663
14462
5756
28192
29387
24754
1844
22329
8188
20717
15193
26506
14093
18669
23552
10976
16233
29186
28298
19755
16653
20674
20355
14805
13968
32509
21706
17746
24672
16884
23282
5369
23886
20677
16873
14610
11341
24362
7383
11568
31606
16483
6473
12993
26704
13937
24975
14819
5455
16773
32354
19577
14490
952
31691
12158
2065
3324
21824
11930
9871
9043
27919
17907
30316
23359
4864
7750
30023
5241
24117
3894
1282
12005
24150
7140
17933
3014
26603
7615
26344
12079
9
4510
3299
5562
11057
15116
14889
4731
9077
4578
21756
18743
14812
11804
13378
6354
26376
9701
21825
2567
20246
4596
7847
5724
15558
11291
21709
23380
22492
15389
9020
3558
6854
18113
24433
16942
19326
13092
26845
23395
31666
23123
18992
14345
21539
13593
32727
28263
12107
7190
1987
11580
18242
19985
7789
5294
31458
12432
19735
7043
28202
32421
11604
21651
2528
23050
1482
10365
7802
29296
9271
22426
11839
14101
6322
22575
8874
18069
13876
25831
28943
4354
31830
20352
29312
24630
20060
27588
29426
14952
7027
9915
15260
21246
23607
7711
7328
32162
2424
19472
14829
22424
28734
6921
8036
6991
1802
30227
24634
21046
10335
10552
17821
22736
22145
9787
20634
26891
27773
390
4926
7886
24681
15204
9467
10961
31469
10608
13902
10161
10243
5198
1951
17732
17658
23960
18281
15914
4033
16923
7066
19364
7010
3140
23101
2985
28109
19157
13654
3383
10967
24540
24077
30440
28802
31718
25359
31685
18559
22896
20018
4702
21233
19614
17752
8731
3700
31536
12949
6861
24926
20657
14228
10888
18501
753
28726
1461
19905
15030
18557
30051
12146
13487
27049
8158
21573
28329
672
16259
30708
13573
28563
15314
12236
9322
1247
22725
11443
29623
305
28768
24169
6716
27374
27274
23566
9769
23762
26395
13797
22342
1495
20022
5207
20965
24664
15065
18491
32278
25718
29618
12372
26393
14779
26165
6171
12057
11261
22507
29631
27415
26501
16909
7531
31524
16497
2897
30663
13011
2391
5124
6593
26094
15659
18521
26509
11624
99
11521
15594
30867
15704
6651
3240
16019
24560
6062
6503
25619
29818
4661
11169
10550
11737
22266
26859
13264
5861
4230
12407
2519
29454
13463
8414
4116
4675
6259
11036
24862
7186
8061
22236
4233
5648
14342
7159
11867
10619
6757
30007
7871
27678
32330
4192
6654
12405
14927
16241
26794
8466
464
3879
12317
11071
13565
9923
25378
31973
30509
21773
10993
6572
32630
28313
23649
19300
22394
24905
19801
29092
31875
8467
7815
29872
5843
20996
19797
24480
15157
21381
8729
26047
27352
4318
20108
22322
17757
15096
20606
18650
8495
20327
27848
29563
32275
4263
22145
3613
1536
21414
22133
10162
4144
18051
1746
17402
23159
5270
30501
16292
27860
2992
19589
16310
23366
9892
12814
12334
23008
8454
11666
5609
22304
30770
11402
14277
4221
32144
23891
25347
21823
24087
10391
20207
27539
17168
24329
25538
19423
28701
28501
26823
9811
633
14422
23997
26305
13697
19338
893
10926
20596
13252
22492
23977
8567
5153
2259
28635
10716
13117
8925
23264
24483
18087
32417
26837
10305
4754
12753
29106
28833
12749
1874
730
1641
6645
17053
9457
5758
12265
12901
13294
29898
126
22138
32113
4413
29044
7405
6486
15889
32425
31349
12426
11091
22413
25105
9757
15263
28886
24559
22169
5675
24181
23437
24979
6662
2504
17694
12671
5794
6161
12847
13769
28049
5415
11658
801
396
13931
15962
19990
5817
18942
27281
29670
2094
9777
14471
1428
30385
11581
29667
2364
21697
14645
14783
26020
29659
1080
4103
11283
30454
24811
3106
13414
20048
22310
19669
16224
8300
30958
19300
4930
17499
932
18426
18075
12604
8571
21834
11618
1791
24368
18295
7234
5230
10741
2609
30261
32365
27054
8738
14420
27776
2911
23944
30702
24207
4069
30755
1751
4070
29413
13905
12802
2944
32259
15224
20050
21893
23636
8100
1966
19985
533
2161
9812
12599
15517
18732
15983
22598
32400
20021
32235
8266
15446
22439
3208
6614
27851
18235
12845
26113
568
1386
14208
25775
28547
16850
13491
6162
3490
4827
17056
24944
30037
14490
16921
31526
8469
1782
11641
21485
27463
15113
10367
12124
15542
16329
16989
12206
32576
9703
7691
11462
10448
21239
29921
31856
29324
11218
10085
4074
4175
15928
20578
2723
31833
11706
3642
13890
11077
26583
30332
30698
15420
25446
26553
10940
31081
28468
11668
926
15532
21485
11033
25147
3219
19776
32592
13131
1414
7742
22545
18453
25409
17667
26393
18226
16008
4505
11614
6803
21269
9241
4256
32454
25046
5651
28481
6004
853
21296
9814
11567
32376
25878
15870
30826
30570
13964
12275
7625
2777
4575
31838
16284
10594
24196
240
18598
18249
25086
17966
21538
13422
2051
14092
22280
12412
30170
30398
28300
3940
27911
18635
30695
522
16682
16227
21851
22333
25893
9202
1137
18669
21373
19957
27014
10648
22019
23565
29829
1542
28851
849
758
3894
29660
26857
9016
24728
31105
14809
7434
30333
20991
29978
25425
26827
9201
7151
21269
15861
17233
15478
25548
27178
992
2685
11483
20173
2759
31384
25690
20006
25470
4976
15127
18263
23533
26974
14814
3729
27601
30777
1016
13703
11106
20332
8946
14371
7475
17483
16288
24952
20313
7847
27744
31993
6095
29599
25763
10216
28697
8890
26026
22289
13352
10547
1166
25783
18558
16276
9603
15055
27538
30086
30813
28012
13942
16360
7764
22907
4279
11550
23812
7088
7045
13228
696
29632
22547
20227
24551
26577
3393
24218
31231
15406
12409
31553
23394
4928
21974
14003
9390
18874
27532
31082
17218
25363
17540
29367
28926
6713
13894
20241
24905
27268
19996
10414
16217
9448
24948
26192
25007
25968
32135
31842
22240
31975
31288
17475
12187
8920
13375
24034
10728
954
12934
20363
8622
32612
15059
22528
27256
11207
6568
9932
30328
28635
8552
28372
28365
19162
9402
1839
8449
7085
28722
3639
26070
31907
1839
17120
25922
1897
10239
2121
23480
5431
23370
18321
17577
20295
4781
9196
3659
9099
6821
13558
15001
29087
25519
15175
4507
1021
26285
839
18663
10608
10380
27203
17512
715
8484
14785
21598
22746
2399
19729
5286
3737
21662
13605
20796
932
22872
20131
5118
31471
27908
32311
16306
22967
30522
1838
23627
21176
16405
12353
30824
20897
32219
10926
17438
15045
26080
28558
18679
21267
17575
1890
25402
25672
24907
28655
24685
29027
12317
5196
26393
3929
6287
2873
3021
13835
21073
4018
14181
7541
7609
26564
17036
31528
23400
11680
27264
13306
18219
12014
790
22012
23071
22115
2557
28332
6169
21398
32582
4460
19524
29967
10020
8755
30988
26785
6385
14467
32571
22011
16242
11931
16482
1913
11868
12525
16507
5440
28951
25042
2764
18057
14017
25981
24079
7485
32630
27181
25551
16323
11983
167
30485
13589
10152
22756
15940
10010
21799
14087
7234
7984
17658
13458
15576
28935
14047
8664
16476
18358
17770
7094
19085
2312
3075
10622
30910
791
28206
30516
823
6173
25615
32765
3544
23686
28717
15572
27647
23370
8822
11135
23468
29817
19587
16833
31715
2584
19230
8402
594
28459
2305
7436
29748
19731
7905
28135
26229
29466
13483
6695
2327
17485
2062
29780
468
14218
15417
15211
23045
7641
22246
13267
962
8959
3735
19602
14923
15441
19999
9409
16806
31175
4453
1341
18826
27985
32613
8864
30588
7278
25975
15216
23608
12282
30676
26262
22610
22087
31574
9745
13341
2928
15487
4587
28364
15338
30653
12140
2263
30044
5868
18575
19873
6577
26653
22450
24663
18539
12694
23441
4123
29242
18202
10101
14178
19149
1130
937
10906
3304
20747
12846
31249
17591
4426
11183
2834
5218
10366
10423
19537
9953
28813
19234
2440
17682
19121
31698
8803
16648
11644
20643
10394
11174
21530
3744
10588
2157
29399
7287
9716
29587
5344
31018
32679
28245
1870
2824
23259
17806
30048
23260
15743
18055
6664
3940
27814
13841
10922
15620
19829
15825
24352
23996
19776
17372
15105
1368
5360
24708
31779
9702
2984
26225
21086
30829
27816
12531
17555
24028
29809
11414
26349
19521
26921
19959
18023
7227
578
27351
11663
19122
29527
10606
9865
709
7766
31233
24150
1028
12516
20151
19799
14560
12541
1449
18700
4447
15579
14648
25378
30229
538
27299
14765
26447
12313
15065
7346
7313
27043
9611
11496
14403
31183
29318
22463
25511
20516
20800
21666
26382
2049
21168
1913
4684
32572
13667
27763
2409
16394
14285
28930
18841
16927
25821
24103
31342
18198
3796
14319
24397
22034
27734
13886
32031
6822
3009
15051
18504
10994
4287
26732
28381
30991
28695
16276
4881
29614
7625
25625
2545
6651
24921
28731
29266
1736
17515
30947
14343
14055
20368
10024
22359
3799
2400
2839
29870
25508
27593
2996
7314
2824
17318
6204
16345
14038
11923
32429
16409
8088
11008
2952
8289
17015
28293
22230
11814
13916
30325
25193
13952
23637
1718
28004
7063
28474
2768
8446
24151
13968
3395
31362
28780
24749
14622
5786
25194
18461
6605
16846
16971
10309
3379
29256
15903
1350
7161
3802
24319
19237
11301
10050
28739
26664
16878
428
26357
26243
17102
8568
23941
18739
28378
11070
30653
12331
1103
18959
17144
1966
16749
31230
26255
18172
14472
23519
14485
560
10844
30287
2756
21353
23201
2037
17334
24360
4831
20231
6233
30713
18308
27151
31133
9558
4916
13807
2671
4552
31840
19746
12779
9295
14618
3142
7629
18692
25895
16343
18729
11517
24150
24382
23389
29041
15121
30986
29507
6684
3890
13437
12971
15077
29464
3146
7688
10431
249
9885
9321
12749
15481
28252
25515
8393
6268
20908
31981
4006
3897
18872
3397
19828
145
4014
7857
23429
19102
8969
9553
17870
20622
1302
23763
23183
25522
19889
6702
1335
17106
32080
26003
20610
9156
12356
28832
21476
31548
5947
15576
4138
30438
22792
1616
32607
23986
16807
18090
23532
19056
25211
25671
25348
29852
2011
25017
5695
31611
10189
8567
16517
26471
11793
4565
16942
21862
18786
21811
26727
258
7672
14964
21464
8277
337
6578
12932
18020
9009
26927
20720
16302
18408
7823
18055
7428
30675
12357
16701
24730
18469
19276
13427
351
8423
4375
28442
14474
9278
29130
23836
19829
6893
30378
30711
21423
2586
4306
10923
3917
22101
16425
11479
29568
6102
9872
6431
28525
1030
23392
17104
32056
4162
4883
3783
10082
12763
28481
21391
30806
24417
2767
1225
2110
14113
5731
11729
7451
28396
6426
32670
4373
28954
10622
30186
29455
19151
12978
22419
5503
20349
6640
5698
32637
5546
22582
20810
29722
12532
23611
32723
1010
19794
18600
1591
23813
3996
25221
15020
19650
24398
17393
7460
10341
32137
10007
18033
3971
3418
23901
21165
15587
28991
18142
19161
22928
8679
24091
20932
1580
25146
11245
6190
3719
29849
14271
23598
31601
13671
18425
30673
30412
16072
1727
17156
13797
31144
24284
19636
24068
16384
9465
12083
5953
29780
24851
990
16794
12929
19500
14845
67
32181
22080
21738
3901
4031
18554
21878
5930
11657
22440
21128
29536
9442
15085
1287
7740
22401
6837
19194
14264
30535
27630
26094
23104
22469
2934
30872
12738
30974
11727
1980
2309
12142
30490
590
16699
3403
20291
5334
26585
28938
18041
19481
24230
23845
7649
19189
18962
32028
18571
6029
14794
31674
30885
17318
16265
3737
3310
29777
26673
23272
29294
3275
19226
5996
20069
161
9130
4037
1153
4375
10534
27891
27987
31179
6343
26392
20740
20630
9745
17535
31300
7347
17760
18910
30084
26915
1220
32728
20581
22095
26382
29126
28016
28400
29995
18871
16391
17452
31153
28085
1179
5377
6840
587
18720
1255
17899
30276
22974
9649
8927
31668
26058
22709
32675
4669
28916
19244
27544
1675
25794
4572
29826
2849
22077
10228
14816
20056
21482
21815
19065
12708
20475
16220
56
1562
31431
10933
20025
29231
8568
11792
13604
25795
25859
24027
20922
14686
23902
12939
14765
29113
31981
11838
6837
10368
18493
1438
20448
8534
13812
20489
24874
6682
19208
752
8525
16744
18224
15485
24026
30307
30104
8569
21897
13746
30169
21100
26829
22473
4392
15366
14508
1130
28621
18109
10190
32619
17112
10680
29140
12985
13839
25836
19691
6557
15914
9861
18848
28990
5955
8071
25846
21096
1928
2997
181
6283
14899
28850
13830
14855
18108
22630
13885
30118
14412
2723
11766
31082
10614
2568
24163
26250
18466
22566
24804
22199
21961
17634
18648
18083
30696
19738
6068
2500
27822
19596
14162
11094
30712
1779
28299
24735
7296
19570
1031
28790
30033
15670
852
13318
17279
28760
22582
5328
1044
512
13374
11247
8781
19664
29342
26272
6663
21120
28220
21505
7796
6085
32261
25
6418
30584
2948
25
5342
12532
30643
5089
27077
13760
16913
198
15451
31342
9716
2451
9679
20162
8737
10189
6175
279
7834
27196
21128
20735
9399
7334
31297
29994
23928
7390
11112
14473
18970
254
5693
29362
27368
29424
31886
24455
18516
25907
9074
6674
4678
1243
3386
16052
18868
3290
4005
30847
10355
24191
6739
32224
15181
828
16764
16513
25171
31660
24802
21613
11124
32724
27396
21110
15183
5290
14485
14804
14406
6867
27692
5390
27604
15025
15933
26142
3616
20893
17736
7632
28626
17521
3664
8811
30245
23370
6543
10643
7485
2700
3944
26990
29884
19750
16797
25862
19088
29719
19650
22510
30734
3889
28146
1321
1349
21276
24768
27975
5772
8351
22896
12241
22622
4379
28520
7143
23912
11352
3041
13352
8927
11140
12514
10706
12055
28025
11375
4906
32338
63
3070
24863
12758
25554
25642
22570
13634
27173
16555
4216
20001
22630
20614
16715
18880
11652
8833
23454
15677
12783
1498
14344
3041
13471
25400
23522
10159
6487
8674
6572
16445
7211
27951
4269
21443
28224
28222
20442
22130
4051
19942
8185
25607
2940
4848
14598
12191
30388
12420
26326
9677
23446
22754
24826
29930
28642
26707
23014
28588
15687
31838
2387
32250
7906
2878
13793
4095
14338
3988
513
18302
18478
7258
18
19301
105
27928
20938
31140
15796
18010
22232
27455
19669
14945
11975
32418
6999
9753
4646
23606
31186
31307
18150
10545
21356
9492
13315
23730
32416
12182
22631
27405
2878
25581
10507
15203
12723
3940
6751
7031
18315
13545
22764
9660
23860
17343
30007
19891
26885
9843
1769
1651
9086
15889
2862
14217
30930
7575
603
29699
13218
6570
4307
10184
17676
136
10027
12075
19940
3646
30092
3263
19777
28955
11865
12652
6204
29284
23570
2754
32500
5961
20089
19342
17110
19992
25331
8875
16923
31665
11312
21531
31889
32058
15630
26710
21919
29204
6843
26082
14211
25101
6682
18724
31711
5079
11369
11894
15732
10169
24352
25210
30509
19076
4892
19629
5215
5321
12028
26687
22095
27209
20684
16162
13045
28077
17121
7009
4351
23671
14339
25267
1305
26425
4818
20560
29804
23044
15458
259
16484
10532
20009
1408
24503
13834
4891
28409
2211
24714
9235
2540
20599
14407
9077
15167
25684
25195
23569
13198
16181
1947
18251
27844
301
24106
15993
9704
19440
9356
23437
20794
18581
8206
19700
10367
15002
29637
8382
23449
17449
25540
19198
3418
16281
22674
27508
4762
21048
14044
5737
10119
7240
24422
9435
3901
10823
27463
20442
20887
2932
30806
6962
2884
12686
6624
21322
1053
32223
16796
8780
32693
8057
13536
134
31794
9920
25108
1041
21340
29224
10856
21424
29172
22592
29634
16634
6471
13040
5882
19900
24323
12286
32330
8345
24392
2775
2048
11507
21762
5005
374
4623
3191
10012
20036
30067
25628
31985
4020
23699
20397
28077
24695
18861
4476
5926
30870
8178
7690
430
19883
4838
24020
10905
848
9481
16751
6137
16344
31159
23511
22956
14653
32333
30469
7065
3674
11917
22207
11574
16474
30788
7604
8782
24689
553
2248
28929
17866
23049
29869
12556
24512
20001
25011
24650
30800
30156
27105
20603
31438
11614
23876
8773
4824
2383
30855
29048
14217
1180
27076
5782
30446
28266
6042
8595
5566
23276
24192
29145
22341
7048
14424
3983
418
565
584
10779
29234
29736
21701
24549
22092
4015
8688
13150
23599
26973
3622
20802
28728
9319
14034
3098
23129
27214
23430
12548
20422
1470
7499
6582
19697
9399
18485
8129
19385
1514
23354
21779
10718
5478
16963
9664
21433
15475
30340
18178
1834
26814
30985
6014
17105
3767
23442
21704
13697
11064
19361
18986
16881
2151
21457
23713
27317
18909
18281
6185
14957
1032
3121
8762
31805
25293
13957
13715
22653
9074
11175
2870
10673
26044
15962
21684
7611
6228
31148
11178
30543
1135
3603
6796
936
15534
5307
8865
6265
29507
7455
25423
11815
31574
14551
18073
27189
31143
31152
22246
11776
2164
5634
8708
32172
21149
10046
19820
21342
27142
14023
16328
12971
23869
3331
946
4177
20573
30385
18367
25125
7474
29821
8124
27469
16029
2257
27447
6319
2874
6127
1346
425
833
3645
8563
24835
13738
16607
31279
6690
149
15499
13352
7806
12520
30361
6949
18262
17722
5210
7170
30626
22512
15531
8183
6729
29861
10186
11549
20628
23760
24936
28717
25826
32672
28927
5003
21918
10539
23653
1924
3183
11464
14498
8148
5550
3769
15615
10860
27677
28942
3167
25458
11478
18373
10450
27272
18305
6198
17768
7505
32458
18351
27203
31537
19731
15707
7920
30293
357
23400
3832
22004
10413
4968
23729
3540
5925
6648
5722
12047
9744
32160
359
22039
31146
9467
12314
14840
25439
30744
5459
16605
13371
14623
2729
15830
5026
20536
31929
15320
11841
3752
12734
31238
20804
11581
24163
32046
17865
2541
31957
23191
149
26810
6683
8186
31238
15321
3498
31950
16969
14098
20276
4296
9677
12906
24258
931
30200
8192
29442
18973
18968
6453
25058
15426
19612
18191
30557
24812
26756
10720
11925
4747
27414
1058
291
24866
28115
27814
16555
21906
7337
19438
11955
31259
11370
18647
18101
19488
5501
26746
28274
31530
26324
25941
138
6448
17693
422
25930
8214
27197
22808
11717
28787
14586
30113
25894
11671
14583
11179
3140
6861
3814
370
29559
24029
17657
9645
26283
19157
30617
14704
24498
7433
14939
29009
13023
16729
18736
20938
27088
5554
23004
2782
16523
16856
8617
14079
30925
3426
25436
304
30622
22278
6504
30311
24873
4374
4194
1589
9931
26443
1461
30376
15210
29122
7831
20337
25096
6468
19259
66
19095
4298
27208
18042
28943
2112
16523
5636
29375
31882
6376
2428
19936
18629
8343
7572
16240
23759
21389
15287
13118
15625
3383
22508
31297
12123
4462
9724
15149
14713
8616
10711
20808
21605
29291
10036
3450
31030
5384
13432
3492
27415
10629
29913
7731
25234
27867
15811
23029
32271
30562
11130
31787
7063
16265
26882
6367
32734
13514
12092
12152
28289
1757
16209
19339
6028
27948
23635
10228
32319
648
2082
2086
15634
2330
1933
15295
19190
10908
29114
96
9694
2249
20168
13755
1662
12817
2482
6125
338
20114
14711
29711
14563
6468
1400
2823
1350
31091
10529
5796
13541
20595
23243
9451
19074
20367
6625
15787
23672
27202
10306
1624
31044
14506
13031
22549
13637
24121
28102
31763
17856
18606
9974
538
19751
23363
5395
25957
15515
23080
25828
29619
28335
10801
19003
10907
24431
14540
6173
32544
9633
8245
9251
17285
4426
23533
31008
8035
4980
8552
7428
19960
21295
12549
28161
5826
5078
13124
23276
13388
20627
30260
31461
7497
12581
7978
18490
25567
15329
9400
649
8005
26871
9437
31781
5008
31479
27514
22203
3018
16532
15621
29494
6725
9127
14721
6367
13102
10615
27566
6089
21861
18487
22653
27244
13708
13776
8902
6800
8031
5089
5949
28013
323
7428
13475
6928
22049
14164
1081
5376
24948
4140
22138
8226
29089
9521
14345
17882
7304
24210
13033
24691
10840
7822
12268
18113
8871
27191
3182
23300
12226
3958
14402
272
19521
27728
28653
16299
28383
15207
26386
4407
10377
2500
30510
10129
26805
14803
9862
10040
23541
14255
7005
7602
6348
17056
20329
14123
3776
28643
6024
30560
27568
19113
21424
31163
27496
13665
23332
31935
17779
28730
30958
15527
11568
26852
3209
24906
6185
14231
8926
834
16031
27991
7026
3149
2666
6006
11741
30451
26624
7258
25470
12650
11731
21889
22893
10166
3552
2753
24241
14612
17796
13013
17075
7321
32658
7445
26611
30999
7332
26757
28410
13376
21934
27665
3472
15630
27865
29719
26158
21858
24718
31014
29622
7915
21712
13318
23906
28489
9936
13048
18170
12146
24251
21566
29003
19029
29655
18910
16084
28350
5838
2724
28866
10362
30282
21606
12319
5307
12737
9099
14150
13758
28307
17358
12186
10666
17234
24128
6007
18620
28000
10380
17513
28321
1216
6527
21916
29475
8742
18120
10900
5640
11088
20476
12830
25143
14745
31453
9607
19485
20172
25819
1035
3919
19510
28123
25232
3953
24575
16440
25493
16470
23738
6663
27493
22888
12090
15264
25744
22603
26279
8026
10395
5821
722
24213
24823
30657
31942
26622
29744
28668
15776
27406
21351
27999
30624
7380
15362
25094
5503
14837
16802
30304
13315
27121
13397
9873
22994
26535
14094
20244
24964
4892
6738
27813
18939
20600
20275
4958
24823
22609
1666
24864
31717
23852
20545
28468
13048
10817
20311
1842
21115
8063
21895
7970
30310
11984
31651
24802
1071
16030
2557
16584
30434
5526
17695
26503
12660
13228
29372
29527
19285
15455
10982
21584
2884
22078
18816
18455
1127
9131
5111
14525
2459
14559
26413
740
27401
13102
438
26404
12794
21900
15943
10925
20204
20049
21099
11053
28132
2617
25976
27124
25863
14511
5058
21078
29028
25931
12814
16208
13845
19097
25930
1135
12678
16924
25211
32238
7444
30098
27382
27678
27354
13690
22739
7691
21959
6356
20383
12125
14324
18984
25937
23932
6965
9673
22399
14328
14319
3419
8402
12327
22057
5267
696
19472
17637
27454
22360
135
23472
10373
16331
30362
14968
23407
649
16428
15262
1191
11809
16352
19532
23936
21550
18489
7945
4150
28806
13823
27786
17783
20660
2532
14027
11041
4009
17767
16991
22606
31150
3833
14853
12942
27805
24926
12411
14451
2129
19031
29847
21843
17243
31870
27539
8777
14326
14449
26025
14461
15678
20786
8415
30885
8348
20430
28197
27596
4997
31293
11421
8530
8548
16778
3898
11829
16852
23348
24716
12686
23315
2515
14554
607
18611
22782
23154
27275
14995
20589
10301
4902
14
25179
27286
1519
4978
6446
22108
26651
31156
18522
2630
21077
19042
17539
30327
27138
29656
26338
25171
8137
4023
24553
1168
14163
23443
7466
24976
31823
10732
18037
25582
18618
24416
5696
25431
16477
20510
4428
3483
26007
4510
24966
26115
27484
5264
22572
20198
26750
6930
23344
20855
20523
24357
16865
6113
21432
32098
25800
19862
4508
30697
25808
23011
13760
26011
28075
10441
28406
8585
30576
30216
24006
3755
19337
20092
24689
17366
20684
15276
24624
13288
25320
19873
957
9798
14595
30452
27412
5000
8097
28459
22651
14962
2504
3910
27328
294
15714
23700
19650
30361
7906
13771
32306
2116
24618
22104
6555
16412
5804
9204
15264
7875
31952
31352
28550
26112
25238
27122
17650
26477
4477
6904
29427
11119
10147
19772
11330
1131
11821
9313
2249
25143
28393
14093
10339
31183
19762
5184
29411
5450
9749
13028
6487
8204
31666
32677
15502
17212
28644
32002
23767
9849
21028
10660
30476
10440
17578
8431
29391
9681
15574
10712
17940
6988
25295
10230
29152
17078
5226
8923
15439
29512
3917
22436
19420
24617
1620
2255
2013
1763
9779
77
25165
25108
19805
30680
28366
13414
31525
23431
27374
32704
14883
6816
7082
31934
2522
31405
9265
9823
2967
8402
14826
11774
30364
17757
22967
27524
6014
17823
25212
7643
24268
2043
14555
4006
17137
26172
22594
29743
31068
4651
29992
4256
19166
10338
5267
1399
1875
25947
15582
19508
23684
12492
9145
15700
5196
29495
32113
12931
32250
27068
20850
6414
1783
27699
30730
2199
18089
22903
9583
12812
406
7684
9732
15066
26573
2245
12248
22621
4738
25127
28015
16283
1272
31090
9670
15667
13476
7257
9617
2448
23695
11472
19911
11618
8188
18717
27488
2639
16459
14898
15454
23525
27165
7226
17930
17620
23993
30066
24704
15450
30382
12090
7021
28670
22202
9580
24600
28033
14315
16364
29855
10514
10756
19072
17539
13249
16162
32482
4711
13878
27551
29972
30485
931
7479
28148
20930
22775
19817
11280
3475
7253
4896
20155
24672
12484
30611
25441
26295
12840
4714
8471
16676
11633
12578
630
5807
10514
3506
12714
8359
4532
22639
31430
9118
24364
6445
14426
31157
1451
11175
28232
4634
1845
23329
1747
2510
14677
24907
26105
16812
4878
19561
18179
5543
5908
4273
6234
6483
11837
18676
18844
32167
1586
27265
16367
1025
18538
28743
25750
8810
15705
16697
450
15643
12260
22007
25002
6465
9497
25002
25565
27902
15389
559
31959
12464
19045
15225
21459
5493
2089
16944
29409
17647
24854
22942
15672
20036
15684
18636
8141
25705
22119
10984
12325
20897
27977
7914
11623
17472
29560
6776
6069
22709
32059
25606
20924
1223
4043
30785
138
18463
8128
24238
7584
17927
21450
12686
28489
11377
24481
23814
23338
3131
2879
22908
18201
1713
14924
25924
31795
29780
2010
380
16424
26842
19026
13876
6362
14453
5038
25043
28199
25176
489
6069
32258
1144
29620
21017
22217
15503
30059
31547
19410
6759
31303
4541
6216
1877
13781
27723
9269
18179
10663
24703
8159
30067
15177
20738
26968
9793
26230
26357
28753
2345
24460
31375
3119
14280
14910
28423
30817
4263
26761
1460
27376
17269
9705
27763
31063
29332
8908
2889
16278
3544
1095
21833
32130
19083
3080
8376
7775
23732
31884
19056
24240
21912
3474
10370
1102
19330
1231
4127
23736
11968
18147
29369
30122
28654
29836
22117
17393
23415
26649
11652
11389
20056
10018
20898
9144
10279
7287
9630
22294
7764
11862
8971
5357
21680
1249
22231
26248
24363
5326
4394
4215
4322
16993
19601
27944
15449
12439
4188
21948
18692
4261
21061
3347
16909
1440
6994
24873
16977
28798
29692
30374
25004
14397
23440
29360
1910
25186
20182
30468
17997
4005
8689
9285
9493
12523
12678
5779
31038
2164
12064
4192
13893
19286
3283
18303
22142
30506
19488
2174
16656
12293
13337
9270
20801
15018
12997
23456
25332
26365
28102
15851
2159
32443
17977
11467
19810
3177
21470
31507
11045
3722
7033
22918
4674
27413
1144
1514
11571
14118
20949
28767
16493
9972
8766
19183
19357
14851
15220
14182
20529
30619
9457
1892
24858
20344
21965
17072
24528
29379
31202
26575
2711
14657
4655
6870
16386
26315
29818
13948
7093
25854
28217
29555
20590
17715
3763
6649
25415
7857
23651
29098
11317
7458
31133
25496
16341
21316
31860
669
9832
9697
32218
28144
1051
25345
9225
16887
5773
22878
11298
2908
11147
1048
14100
28771
29982
7850
24000
1147
24263
13597
20571
31251
18441
1148
1299
9902
18472
16263
14837
3386
24369
2987
19982
25245
14394
18994
13776
16530
24811
440
3768
31411
6717
31710
5678
18902
9858
27458
1965
16797
14502
11694
9763
17481
26804
32399
29851
26831
20891
11689
25113
1838
15411
11786
27845
24319
31611
4412
76
3150
24101
17087
4996
16040
22868
6070
18767
26229
20644
1761
6337
19593
8043
7371
16517
18421
18238
69
2428
1571
26551
6930
7336
6434
25462
15076
28745
16446
22118
16008
4165
7892
16705
9053
17869
21860
3671
1802
25150
12520
21387
29040
12613
25700
30110
31454
22087
191
4272
8836
6400
7889
18947
26923
25962
28605
28419
1059
736
10113
1411
15484
18051
30155
12618
20089
17629
271
4814
23873
18116
6102
831
20184
1409
3161
20935
9294
29234
28238
26129
8758
3181
5890
27656
23898
3110
15272
27873
32685
25299
31216
31067
22913
22477
4828
18757
4858
17402
18384
29761
4547
12457
3560
10185
26367
23997
2957
32367
22915
29454
5195
23657
24642
24844
5853
30028
8456
13478
12682
24344
18284
25194
24757
22133
18432
19693
31663
6204
25546
2669
29647
29753
32760
11701
2501
32048
9679
5697
27947
31261
16101
2979
31325
31936
24976
10277
2699
16729
16798
22192
2572
15281
6470
26604
18677
30041
7775
681
14827
8502
22480
29566
4917
2110
26440
8111
1557
13180
6959
8020
89
30554
23772
17080
11309
17439
20232
1792
8755
24503
12418
15885
470
27827
22309
28067
25563
25232
22280
10698
23352
23356
10740
28276
30762
22998
27419
15457
386
28341
31494
32064
22591
23725
8144
29463
14690
9101
30098
14052
20990
5100
17182
2693
22927
20518
1776
469
9868
24225
20577
18200
28992
12629
14622
32409
14549
18059
4825
3473
32434
18148
7486
18507
19463
17566
22569
19334
13733
19
17942
1307
21012
21890
13017
12255
21983
14354
21135
18123
18995
24084
19668
13146
4520
649
2102
15155
12127
24548
18922
28936
1101
18449
32190
11454
30422
32181
14927
20174
14494
12984
21884
21227
7836
20481
7450
30181
16240
27264
2025
29389
19446
2418
29383
7002
22043
8672
15908
20363
31215
27497
24502
6286
7420
29250
15470
27361
14295
2683
24234
21431
24052
2180
23724
5533
30654
25327
843
30813
25319
8567
6376
20514
27901
15682
19620
32734
23615
22115
9680
31465
31406
25251
1958
2539
22375
14721
7478
22267
12847
8567
16802
1288
17744
17023
14478
22136
24996
8662
19155
10000
4335
2816
7027
15636
12913
2572
18642
13743
17852
23321
11811
4244
22468
29465
22816
7910
17973
1493
2046
22870
19721
11570
17312
24971
4697
5554
27147
12998
9331
21565
15642
17862
7726
18722
18802
11241
25978
13401
14777
26005
14395
24331
27139
30678
31576
32339
20365
1352
14
13127
2222
28216
13195
19506
10506
15366
27832
11044
5641
23501
19542
30125
1928
27718
25420
29157
206
8938
4927
13487
21953
3159
23908
1343
4185
11253
5010
6618
19030
16089
8092
4573
20270
9706
21725
20737
6730
15170
20
8157
1393
5847
10611
13741
15237
1626
15602
3921
17261
15455
3305
14233
14162
31423
25310
25791
31758
15418
4763
3893
3297
8545
17284
26017
12134
9396
25640
16935
9158
23047
31766
1254
9516
15658
20466
30661
20089
21448
3016
8047
14136
9872
26527
7580
23764
21907
31314
2195
11272
19437
11931
23532
16024
22184
3697
26267
8511
8925
22676
23082
13800
26396
5222
24390
1569
15374
6140
21373
6604
26713
13429
5190
9751
9156
31882
31554
10415
5532
22887
28609
17201
4694
25017
12680
27362
23669
9993
16594
16543
27823
27976
1940
9495
1355
171
10245
23863
5325
7609
5214
23270
11221
8098
21470
32243
2629
26834
6418
24907
1954
14790
3411
2160
23229
27166
30096
294
1170
14324
5198
19824
25200
8557
27884
10682
11098
31885
19500
856
23726
16720
14831
13103
23044
14838
14400
20658
17497
3486
29588
12561
19565
22806
18512
26284
1129
18930
16780
21710
29893
28635
29975
11160
30825
14378
24763
24635
9234
18358
11458
30059
15608
9961
30648
10256
686
29722
3955
21566
20553
4118
15185
9831
22724
30976
31681
27855
675
18268
25349
7489
9943
358
27446
25345
14050
14504
28040
18689
3643
9675
7887
21591
29428
13998
13634
8943
2458
17077
7039
25213
16477
22884
21712
13238
30064
24364
30381
19904
23731
27780
23426
30183
26768
9020
29362
8081
14882
28174
20955
18548
23709
24183
27484
25862
20458
7365
3604
28981
9873
7792
4717
31065
15068
5805
22681
12135
16186
21825
31772
24679
11745
1939
24715
24104
23479
4102
31635
12594
12915
26501
60
9980
22015
15712
20335
4191
14625
18774
20919
17483
25947
1011
7748
15033
31248
14620
4917
21472
9959
10472
17175
8108
9589
10929
23464
14700
30230
1643
27105
3019
25627
30773
7988
4353
5419
4654
31763
25418
10211
28810
945
12695
9664
29669
23820
27780
19519
30166
1323
16267
28994
11208
30372
10871
1718
11269
27234
20251
371
18708
5541
18243
10083
14149
2378
5867
2279
12426
5709
3759
10614
2696
23436
12931
7048
29422
24782
30884
5042
17926
25347
29903
14098
13194
13774
17328
10477
9656
24128
19101
7063
7848
19175
8068
26771
32734
19719
11554
29692
28700
14119
26486
24355
21369
17615
9334
20090
2487
12177
27904
18097
26322
5446
23059
25886
6613
5018
21055
30562
30193
15563
15194
13898
20944
18861
29813
10227
28967
11506
11278
27954
11403
27560
26248
32306
19333
24323
18648
6751
17640
17245
31616
28547
22882
14459
14785
15407
15442
5906
24844
29021
16089
16265
5307
5971
12596
17921
18942
31179
28233
8083
20504
24400
17791
13528
10443
20459
14035
32175
17680
12031
13609
2618
31244
11378
25311
7466
16960
20749
31912
15165
7936
10790
26264
21508
11814
22652
3963
26602
18439
1634
7787
20338
14758
2336
7842
1984
28456
12694
7564
10331
8840
4130
28448
26161
25228
12228
3185
18396
1528
3200
16512
28451
24321
18692
5973
7108
17156
26507
17230
19313
14968
2561
27830
6936
27938
32104
8089
19815
7815
5242
19415
6800
20135
5520
2936
11593
21224
16322
9023
28951
31569
11088
29058
5581
6136
2369
16185
27727
29374
1609
10068
156
4409
21744
2130
5388
21234
8945
13327
25302
16337
32224
20957
17364
6869
27408
9943
10635
3336
14004
14450
1382
31923
15940
32085
1602
25806
14883
4203
20271
16570
19070
6710
2933
24627
19319
25702
982
14208
13443
19370
6419
32748
1808
966
18354
15482
4204
25062
6397
30421
738
8497
9550
18566
10790
21922
2954
1129
16115
275
492
5218
7666
32411
25604
24396
26078
14362
25087
19250
16614
23058
13608
12226
23890
31161
32175
19710
22890
24908
11689
6709
9875
30373
9561
306
10172
28688
25774
22963
3832
19291
30220
14621
15980
15148
30288
27245
12396
32407
24078
8818
10977
22256
28700
17466
16878
4062
29013
18890
28115
19889
3479
9489
14353
5622
3598
11551
17359
17992
17589
27539
13692
28009
20761
24146
15798
14993
8801
383
19306
30469
23179
13735
10557
15852
30456
22075
2603
26206
25131
5188
18798
21439
21198
26962
24994
8267
7157
14005
24358
22001
21159
25840
20933
10597
27803
5995
406
27505
15423
18536
27424
9356
28158
24888
18114
3757
27331
8879
8019
24929
17337
29141
15365
9244
2902
23774
24975
31436
16279
27741
11915
8372
10637
5300
5916
1400
22040
23503
17365
16500
3059
1810
22486
20050
25328
25999
25144
19676
24709
2685
32428
10510
15752
3045
26974
29552
14647
6559
2592
20131
7547
125
15044
11321
22638
28102
19657
19402
20250
1766
4667
12355
19844
10595
28116
32642
14313
26387
11879
32
24903
4749
14719
10638
11039
28637
18755
31332
21113
23932
16796
2293
3626
2431
24730
551
25170
1806
19988
2690
19752
22552
20111
13702
12538
16197
7521
1858
8047
28204
12823
13346
27152
25543
29971
4873
7174
3875
10106
30111
16677
2652
589
23277
7722
457
20693
12327
15937
7028
2629
5064
31179
29389
11931
20196
23133
31903
27335
30906
12
26434
18447
30858
27624
19219
27314
22950
21446
16161
9163
9674
25411
9769
23161
14768
3589
18373
4157
18400
22340
2528
1187
32198
12937
24173
15397
32518
25014
14680
28236
11028
29767
8893
7960
24831
19415
14681
26530
13709
18918
14654
12800
20365
2777
23242
27753
24169
21058
7641
30617
24315
3170
21818
21623
8865
2285
1632
21750
19604
21260
29018
21561
14709
19112
21766
14842
1321
25318
17281
19756
8935
10734
6881
6623
15247
32241
30247
28261
17982
4970
10863
13235
3871
12452
9322
9481
8324
17020
14862
10966
16949
11880
17548
23766
775
1464
5763
28541
177
32284
8819
4248
25052
21351
25972
30514
13945
30354
27176
10932
12887
11780
30702
17745
30197
2832
16984
13729
22933
22720
11488
17292
28305
26577
30422
23658
10994
23550
25501
27240
29503
24194
13079
15150
30355
23000
32350
14783
4338
8901
19637
32672
10205
12952
29886
316
13604
22193
7661
22919
29692
31040
30268
30946
25681
26447
28704
15167
6238
14339
7356
10629
122
14622
30293
27190
10549
1225
12039
9551
8099
9361
22454
24431
28664
26031
29511
4156
29269
17036
18959
30722
23010
1412
4491
30878
14877
2282
15442
30107
30322
14413
1609
32666
20491
14074
4374
20215
1513
20418
9431
20905
15156
4606
26899
20586
6095
16336
10736
28441
22320
29099
32167
3164
14703
4885
24118
17545
2716
7339
2901
7111
13398
12134
18602
4976
3481
29982
19520
11962
23768
27212
28982
10903
16460
29972
692
27865
28811
28035
13091
28314
4444
31509
5022
9691
1226
27514
8099
12907
29815
26265
12559
21003
1331
9174
28745
24527
26829
1168
5309
25287
16937
14318
2444
28639
3987
19420
19073
25348
3923
20304
3400
13192
21122
27090
2778
26568
29212
3131
32060
27660
6742
7869
9577
20654
24625
20515
28045
13183
5455
27226
31603
22630
3589
20529
18241
13642
3507
2141
2659
30002
19792
31168
6853
13995
20553
15595
1605
2411
31628
9953
616
28467
8927
28957
1099
25594
119
8919
5341
12615
19142
8068
13644
4319
23700
32412
26557
25248
9041
4255
12352
31149
18346
13658
8707
17611
17498
26471
19654
22027
24387
8435
7822
3498
14525
32195
3486
27701
25902
15993
7843
20464
17627
4372
6959
8569
3581
17079
3176
13225
15640
16043
19970
23227
24456
32422
19818
32432
27740
20558
18756
11505
8040
5113
9496
27959
2710
22711
9544
23976
20861
31122
10054
23107
17205
8212
10755
13181
18025
20490
15019
14380
19373
24712
6543
5797
14866
1581
11107
22817
2552
21160
2729
358
548
19835
19821
1955
19219
2559
21299
16539
19597
24233
12078
28421
2429
8587
690
1075
28159
3614
23532
21491
17339
14398
27857
16307
16498
12406
11860
7400
25302
15742
17372
23216
4511
20226
13045
10933
12507
3493
17221
12629
8581
11334
6851
257
24410
24194
27171
25827
12520
6266
15764
16068
7656
31702
17838
31788
8141
5642
11430
26315
16541
21463
19397
21527
7168
19989
21784
30775
30359
21425
17768
24608
24462
21746
12908
22270
4213
5120
18750
15061
32587
16038
4364
1128
22236
21847
17936
1626
18766
879
24770
10131
28918
19644
7500
7397
13168
13373
5950
26095
23278
16425
19843
4418
22992
32563
8852
3011
27765
29453
11499
32593
3409
1067
27579
1191
28480
25289
13278
11395
29210
31023
26894
9224
17800
21300
22361
30816
11798
7937
16591
15783
8329
11031
29566
7428
10098
1428
31648
3609
18179
8369
17938
16286
21282
8336
18184
29512
27580
13877
30976
20720
4956
11218
18420
29937
5116
1607
15572
15826
9755
24553
32051
7461
3599
24706
29505
28590
9117
30362
12793
8392
30663
13813
27035
7429
3301
32605
93
22549
21751
21922
9053
27113
27194
990
25563
1815
13817
30973
13477
22657
31142
31869
23506
30258
28201
8307
11443
2440
28024
5327
7687
23192
23144
16352
4206
19662
15043
16411
22817
3796
14234
15128
25823
437
30684
7645
1835
6979
2344
12895
18868
18358
19168
11846
20501
3733
3967
7921
9150
32474
26668
22202
31794
9809
20111
16251
22388
6209
8419
13905
30395
18254
9292
21663
4973
13982
363
19030
24651
17979
28464
11636
10985
7864
32752
25291
12642
24
17592
1028
73
30699
15072
26339
27875
17082
14307
10701
32659
23717
18286
27015
25237
1355
12214
1088
10479
15082
4111
3538
421
28871
19899
22853
11053
1233
17151
15252
15138
14465
25724
27572
3645
12548
20669
9171
29824
17052
32269
26590
28084
2884
31371
5445
2582
8339
29312
8194
17230
21730
28911
8408
24992
22449
3694
6360
16742
13639
565
3626
3262
31129
18805
26122
15744
31341
22763
8209
31603
3263
3252
22198
10944
10596
19043
10516
16038
17645
2385
29166
9328
24270
13620
28656
23204
3008
7923
17207
2174
32611
28601
25620
10652
22824
21065
30477
8699
14446
18065
8741
20002
23531
21377
18270
25501
20558
2845
18555
13741
29218
5329
14346
12862
18166
12805
7074
11033
29115
28914
9066
16219
18029
436
31450
31014
16630
24992
5830
29590
25423
20695
9368
7415
16104
17947
32477
26933
11594
21730
19203
2195
31739
14761
9312
30368
4001
139
30839
30056
17003
31250
30839
18663
429
29261
17413
18115
28362
24099
12603
3642
1879
29414
22001
31832
6269
23596
13883
12398
415
986
15410
13505
2621
8321
23800
8063
20249
32238
3830
16375
2712
13308
30056
11272
15466
16301
25884
16858
29805
12921
9846
29133
17615
27622
6328
25775
8052
4441
6784
21042
8855
14380
23443
7069
6323
30208
31704
32449
12196
19285
7080
29999
11017
7256
16709
5032
5614
11259
14247
32213
14248
19787
19071
16952
20479
16127
886
12899
24211
25932
19637
2920
31096
22017
7339
656
30500
27343
3850
2640
28555
19944
3859
25464
22664
13517
30484
20142
16767
15712
18735
29211
29249
8513
25948
18276
28975
13143
24753
9692
13475
23469
25058
15608
907
1408
9988
4867
18775
13206
6294
23570
24854
11985
3521
15675
7131
771
9695
20482
1638
15876
23355
31252
12800
9474
13079
27960
1191
21529
12020
25474
21611
31779
25357
27593
21016
13010
22053
23132
1813
2300
3714
12785
27276
23349
28730
6366
20939
4259
20653
11916
16363
15374
25427
21800
22703
21303
25528
17307
31406
28779
8388
29629
17589
21079
19776
16581
2663
3614
14742
18949
31782
10153
23256
28116
1591
1087
17156
28875
11040
27477
28295
9524
23893
2471
2815
9919
7188
10887
6981
32375
22414
7029
7339
17141
24647
28145
4482
2259
26047
2957
5344
14180
18514
20550
23456
5538
16989
7956
18089
9064
11426
9408
27252
4834
25070
15606
12232
30273
1529
11675
29128
30131
13197
11360
15664
8594
21994
25240
5340
13531
12650
25415
24458
23523
24417
18299
25312
21317
16711
25823
28593
29471
12057
21133
9084
31358
25852
12324
25397
12054
29732
25370
29512
9527
15092
15956
20700
17404
10342
18420
12372
22982
20142
4467
17692
21736
2330
21999
13986
29860
14653
21190
26274
1623
24396
3683
27815
752
4552
344
27343
8358
6237
21933
8142
11499
11787
12408
23093
17051
11907
14766
12533
12410
13012
22073
9502
9181
24902
18507
4333
27559
29830
10737
2054
26487
15876
30187
3326
30496
10138
4795
16412
32346
30830
5116
27489
20663
24857
9717
4037
6616
4873
22382
22468
5600
26403
13762
4889
11817
22445
28470
8138
20022
20844
28553
25700
1257
8201
10957
16264
17910
31162
2677
4262
24472
28190
12462
15881
30851
15464
1523
23572
10777
21695
17627
22987
2784
2277
30774
22165
15668
12311
8025
1343
22073
16949
27830
16453
12564
11811
21168
13133
603
28527
21165
15861
16329
10036
17004
29646
12343
15422
31641
23976
14279
18030
10654
24593
13411
18784
10685
27416
32358
588
12635
22359
24984
19754
11935
5168
8800
25882
5948
2902
25397
1026
6539
23951
32342
9593
25565
23737
10171
28900
30223
26379
27467
3806
12639
1950
23375
28126
6781
44
807
14867
486
8215
29243
3219
1645
3245
29493
5557
9754
24234
17262
18107
20792
14590
24229
16053
13226
15569
13047
32418
10366
32453
20747
10455
3013
24955
27790
20389
24225
31064
16607
5942
29087
23945
11787
11960
2375
2628
8699
25789
12530
14417
8684
23266
12252
19914
2080
7343
21626
19487
18899
7615
2574
24412
22897
25377
27768
29359
30982
23549
20047
28197
4342
11643
25904
436
24302
30176
4182
8574
4378
19195
28011
5972
8601
30655
12190
19833
1582
15665
27894
13993
2104
6789
21990
30554
22756
24707
2849
13378
13729
5168
1455
10777
12500
25771
17729
29344
29389
14421
14530
6882
1786
5428
5422
28346
2395
26778
3751
7573
18486
29185
10182
7289
11788
21818
2863
26951
1995
6087
9064
4925
31557
3461
25835
11454
16865
30862
32377
2646
31633
24669
25522
29433
11780
25651
26083
9611
17436
3258
20255
22438
8610
24808
13201
4503
7993
16935
27920
2985
656
21427
29940
28839
18140
28995
4136
10652
18822
30955
385
5853
12064
27713
13902
23113
5278
11455
8497
5840
24771
22376
14125
18738
18905
942
17151
7689
25509
27028
690
26890
18842
13072
17262
8584
14669
31923
28561
2105
12585
18827
17152
23101
26468
28233
6592
13660
11569
14239
3264
4496
4664
20460
20729
29635
23619
10267
3257
15833
10042
26568
5948
16369
16721
10405
22141
28392
6016
285
12107
25631
17972
8759
15263
2687
8772
3260
15149
7354
20006
8604
29241
22739
12131
4494
27308
3296
22600
28663
19303
24847
14814
27917
14807
743
12829
31548
31178
5584
19037
25545
16257
3286
14861
3765
26630
20906
423
484
3008
23785
12771
23422
8004
9121
13100
19350
5742
32274
8528
20745
15793
27569
3963
15785
15787
22643
18534
17819
31996
18247
24268
7678
21593
1508
8734
28365
18652
19910
19319
7175
16542
30323
30418
10765
25992
7427
15483
16715
10854
25823
32451
5402
9789
13769
16376
12773
14815
6941
5268
30347
13244
10326
1461
15621
26107
1747
30669
30281
25290
4316
27035
15726
21234
7648
8026
9744
6830
25600
3640
18934
16573
4818
7177
23026
19382
2910
1853
13833
2460
22893
2831
20692
30130
20996
5120
25126
12432
31531
6276
11504
15991
8434
27131
23649
32738
15286
4578
15441
6237
2977
3915
20703
14234
3440
2186
4441
30914
11385
17714
19037
19465
21996
1088
27454
7813
20825
661
17065
13376
626
17834
28297
26764
30739
32383
807
18582
27775
6356
11670
15422
6893
19100
21838
12582
3651
14255
279
31753
19745
32191
809
25679
1825
15501
12433
3550
10077
28252
10198
13618
28722
9382
27357
29104
1092
32015
20490
29239
194
25239
3752
26617
3308
28435
27275
5001
722
222
17139
10292
5470
22732
2228
31125
6036
21599
24468
10084
18713
6206
28405
15247
19442
16098
9652
28300
10127
24467
30032
1517
32008
403
18511
309
20646
20377
14301
2282
3237
8064
17591
21483
8504
8769
5959
30468
26062
20511
2832
21184
8084
25889
2381
4990
20795
453
30421
30663
14331
17395
14658
20703
6616
27696
5970
29082
18724
25364
30862
32625
325
13054
18473
22997
184
18950
32554
3012
1110
6195
6606
31641
2006
24047
31783
19752
28564
16055
2570
10762
32656
27671
30248
25654
17338
31958
3195
9937
19821
17518
31716
10568
27193
16062
25362
6299
14309
25603
9381
11004
14772
30981
18067
4504
21224
12174
24779
15541
19077
11040
24345
9725
15447
15847
6730
5401
6966
29165
3216
4738
10377
12941
9512
31892
1289
10794
32569
29413
16072
10273
0
3028
113
8955
8234
2149
17873
10984
25729
31308
14742
24681
18891
4167
8279
17228
10223
31921
29909
28125
20570
10837
6529
4187
27553
13184
17214
16553
23144
20314
359
29254
7554
10613
1812
10879
2394
22439
6553
17635
18577
25109
18512
23544
29160
4497
20889
10796
13665
30758
22814
30478
25761
26608
21340
25790
23193
19505
19039
12706
1637
6306
24524
16987
7540
17159
12325
2040
14570
31494
31561
5737
25154
5177
13882
32566
21304
22146
27171
17521
27878
10399
1178
30697
10797
18686
32034
23200
4438
2258
29684
4223
26873
15718
11775
15433
13342
23473
4653
6094
14755
29228
3048
23649
6878
29920
30429
3979
15746
4035
30719
2049
3271
29508
26575
16084
21957
20261
12763
16616
17185
28553
19845
21671
15340
12366
13318
10230
10696
15004
30643
6760
27213
16574
24702
30642
28587
11313
12735
13920
21648
29179
32053
3782
26444
318
10055
32312
28723
13
144
2686
14146
19070
6299
22914
3334
26625
11755
29004
23226
27376
24383
13360
32176
28263
532
27974
29170
9813
17002
283
4136
13779
28619
5798
25276
16309
7050
19582
22077
25951
27721
20042
18689
10203
19133
24184
15887
24360
19382
10290
14139
15316
31577
28045
31379
1741
28080
26116
18170
4980
14438
24870
15379
6131
14795
395
31073
24528
20766
9228
14508
3267
27660
18227
26534
22981
3444
1777
1230
5226
12653
143
17301
16496
12938
13031
15295
6552
5213
11988
10253
26548
22329
11239
30745
22786
14652
21852
14721
22200
2189
25420
7239
2016
27363
21540
5752
30310
15943
23125
27404
2672
30490
21069
6158
20461
8025
21671
28669
14961
23328
14494
25201
23360
5741
6856
14337
15785
16423
15361
17765
23957
13919
19620
23000
27743
18389
30722
27840
22502
28350
17420
20113
18401
10436
6483
24815
1395
4175
1843
6675
256
6915
6218
22383
27198
8586
19247
17301
3727
5267
865
21333
29070
794
1662
7717
21479
21994
22966
5575
7277
25697
4990
24869
22374
18036
30089
24192
16425
2034
25332
4297
2284
8461
1729
31823
21719
22550
16006
13979
6237
28808
7526
11672
21451
19272
6977
27128
23585
23595
17448
20690
9762
6329
31764
10384
18343
17457
10967
25864
9016
15565
25682
32489
29149
11846
24809
23129
7986
19867
23092
220
11194
527
8183
12920
2421
8048
31061
4631
9909
5535
9792
28972
6957
14669
5428
32409
11083
2563
8485
23761
5576
6501
27574
25401
24445
30647
10155
3797
4472
18848
26529
26144
7503
27438
17660
21563
23476
17435
29474
16202
22858
12623
4839
24092
26039
10149
23111
4362
6395
29682
25691
16929
17152
15428
15750
4227
31089
9831
32752
19210
14288
18350
5173
32303
17859
16879
27230
6442
22447
12752
16144
28251
7560
21057
16643
4841
13288
31050
10934
25001
11102
20999
9313
9537
6664
30705
556
11661
27492
22366
12958
21569
25187
30540
29016
13520
447
4186
4611
7053
20111
5399
30599
28688
8473
3967
2941
7900
30695
30659
18920
17983
285
26697
13599
10873
19977
21236
17934
13600
25852
7077
11422
962
9560
15362
29810
18893
12779
21622
25044
2476
21883
20088
6895
26931
5538
29713
28990
9533
26589
8344
24388
26771
15583
28353
3710
2576
22059
2006
31126
30211
6625
30787
32473
18133
22744
11608
30443
20716
15086
75
9145
9678
17820
29308
2992
21130
12494
32509
5421
23892
32241
9554
30260
18031
1357
4469
19556
4176
28053
1310
28970
4864
16828
26176
24118
7874
6411
5847
13867
12790
1393
31201
17819
17981
15386
18858
4146
30942
11330
9037
15921
4712
30796
27512
32286
12697
1294
28783
11962
7551
4976
27988
25908
733
6197
21157
9116
8400
17944
30726
21402
10418
32283
6977
22880
21823
6684
20619
21213
31990
17833
18441
22324
9154
22805
3218
19052
20442
27339
8119
6505
9702
2787
5888
29211
4195
23795
7801
19445
30280
1064
1133
21665
17642
5525
12914
5362
20765
1226
14245
25114
21404
16041
18487
28445
1195
26229
22057
4741
6906
26924
10067
5208
12749
23319
3243
6215
23130
21407
7876
30760
23666
15202
9109
8870
27236
16518
380
21047
19487
25933
25475
12367
17814
23786
29409
14548
15465
10900
18884
29137
24769
14040
845
19310
23931
20275
3292
15392
21386
17376
7311
27933
9366
6127
28933
2835
20713
30615
15976
3865
27788
26829
27818
5094
28589
27157
2830
2880
26180
29593
7403
26552
17143
3704
9133
3733
22842
30304
2588
9742
17082
31071
21729
5052
13308
2550
15429
16206
1089
14192
4925
28031
27822
113
8100
18245
17065
13266
18375
24907
12678
21420
14630
22434
14179
11955
27769
20916
26960
9158
10994
633
17076
17348
30914
30957
1004
17824
2270
21697
25652
184
7683
13136
6859
24930
31991
26838
850
3016
21523
23004
24949
8439
15358
2295
1998
23090
13755
11442
26118
28300
18918
25033
16958
30390
11578
19864
8621
17173
3671
17618
9354
22551
28866
19062
22828
1224
14638
31487
19056
18336
20218
14300
19803
30111
30458
10015
20992
22429
19322
23417
15268
12763
30080
14438
1057
27101
2898
26277
11912
15996
14392
27883
19722
17975
4483
16600
7705
10186
15566
25642
1226
16642
19332
25137
24702
12239
28579
16771
1985
29083
28095
15856
27250
3290
28745
24248
7973
30946
8209
15612
24517
14333
9738
3699
14718
22461
31309
18526
29657
19344
9313
28350
29481
21908
20666
25540
6695
29101
24447
19337
28377
30420
20625
22527
1720
25266
12488
4392
32273
877
27776
28037
32428
29634
11092
20178
6572
7508
6441
14064
30902
13635
16495
18723
10837
26369
22947
27517
3485
8545
13336
7322
8463
14833
7160
20878
14525
23178
24965
28700
24495
27941
26021
14633
26756
31216
20382
14191
29020
11170
20510
1654
24310
28171
5502
1472
4886
23279
21831
19524
25130
26900
3830
28703
3116
4506
27644
30341
15562
24459
24841
32765
22213
7603
29834
1230
3735
5810
20081
13748
6232
6991
30004
21720
27874
17167
23576
6911
27188
6919
9903
32002
21268
14062
17823
25982
29177
22646
20646
14028
25383
8412
16859
10548
18972
190
30263
22877
30251
23086
5971
6920
14951
2308
21107
25598
31938
17784
196
25415
16502
5360
9442
6301
12196
15638
24989
33
26683
27950
19965
9804
4124
4519
19076
14375
29820
1519
15282
25535
14473
6284
19919
7379
22352
5481
9700
6609
31966
19053
9227
7425
31397
14930
6888
24063
23330
29109
8312
10094
22717
12905
23561
31979
15345
26897
30090
23872
25772
8430
2565
29914
761
27125
18794
21630
17116
25893
8590
55
28541
27415
6771
27283
20873
215
18378
12302
19670
3826
29622
9935
326
3792
26323
5778
29421
8772
29047
11494
32118
18786
6712
408
5826
10897
5550
16239
9427
8417
27514
17689
27369
1182
27782
21094
20970
25125
24207
5556
4103
4854
225
11691
29597
27915
20066
29482
21849
31848
8402
8064
30112
31476
6481
8928
18734
31367
29218
16143
30973
30020
7598
14944
6504
14377
22220
16098
23696
23524
1599
14808
17407
16360
8576
20329
5515
15297
26303
13977
6013
31396
6692
4472
22515
13643
10330
5529
899
15872
21070
6342
3873
4855
17972
22002
14659
27360
18892
32367
9795
28605
23011
27490
7172
7153
25372
883
8408
28058
30704
10441
417
25633
10228
17205
823
31760
23642
15021
17162
7459
23995
30205
2825
11937
26388
12729
7362
17900
27150
17270
14282
9047
26754
7481
24415
28985
1852
9520
9036
31040
15871
13728
28685
17415
18634
22815
10804
22250
15962
5891
6411
1049
28656
25626
25723
235
30292
2972
10796
13941
4122
9309
28142
92
13604
26183
26968
19943
872
29704
32430
22872
26867
27912
21256
27005
12078
23454
21425
20866
19297
21379
10958
8969
6261
21639
26432
18044
24062
17794
23499
28066
18553
7054
31095
5233
14033
371
10550
1060
297
4963
26824
3213
7381
744
11996
26539
16809
14106
23160
31615
29815
15637
12698
28188
6867
7338
13088
16382
31769
25941
16357
24732
21426
1903
24365
28992
22674
19877
8771
10775
24069
2729
27488
5508
29100
20263
7119
5562
6850
15355
27983
26762
7844
17569
31417
7545
28305
30189
15330
12822
8878
5372
30915
18571
9805
10858
30679
11377
31086
19909
27589
6633
11142
17730
25663
31464
29568
19887
17962
3794
2306
7849
3839
12363
8945
32527
26481
11594
16183
32183
18768
25966
6084
8799
15533
8854
26834
10982
28735
24492
27758
10428
12549
29121
12084
4759
1325
18271
8794
7783
28213
12826
3824
30605
5712
28265
20069
9543
27915
23988
27726
13679
30512
9902
5475
32614
21994
12261
30666
4939
18731
10392
30873
10608
12619
5064
25238
9742
21490
2449
29249
1335
26679
8891
25364
17165
11785
17037
25097
5170
5326
13025
2397
639
13643
18046
18835
16889
8900
30113
25533
20992
22372
10461
22775
16074
16351
9765
29492
5904
10837
21544
19261
27143
7290
18397
28662
24978
21748
20574
4835
19638
31748
29945
24044
11854
18281
6532
22109
9216
5505
15602
28977
14703
17330
1572
15504
31666
17416
4865
17046
24838
13855
15817
2390
22719
1860
19622
21535
6021
24023
16261
2558
29628
21491
12323
25987
26180
17746
30827
20936
867
13418
4863
6320
32767
2780
27157
18029
5905
14607
2180
26181
25430
31000
24862
31893
328
14558
8257
25110
3404
28539
15273
25695
21037
25061
13448
20395
15305
6861
16345
17885
25098
6599
18673
1729
16408
32172
599
3477
27597
11836
30933
10184
24938
18696
23759
26881
14216
21904
30164
8291
20305
1192
29811
13072
21743
32544
5712
32747
9285
1955
20599
12451
26077
29664
29679
7149
30754
16616
147
7440
30928
18135
6685
1191
680
20407
21380
1698
29544
5537
17544
18831
19962
27685
7562
31512
3308
6381
11682
3532
31008
8092
3820
1058
22725
1276
27938
27834
2693
19801
6768
29671
24832
14888
26243
11883
21114
2797
27620
385
20688
17755
18308
19489
23985
18620
28312
13695
12042
12435
5798
17621
30658
19072
25568
9826
10408
9061
20914
16818
15786
28615
2455
1313
27463
21367
7216
2715
16455
19569
20631
31141
4009
17668
32241
19105
14045
4403
9026
20301
5171
23388
12678
9358
16788
17431
15357
29036
26480
14689
710
5981
15351
18682
2991
14278
652
29195
15692
12991
8054
14860
12358
791
5081
2277
10998
7063
30181
4179
31538
10635
14670
17038
8807
24703
23548
7209
2024
13127
19203
17721
9606
7746
5077
19897
25185
26335
13751
2349
4094
29791
10097
19846
15769
9693
25930
6470
21948
18828
6963
25828
14864
6465
16195
9074
20852
24625
12387
13949
15436
11771
11595
22837
8987
15081
14253
18125
21333
24946
14255
8229
7790
20740
29599
21671
12087
24065
12258
4719
18794
4872
2862
430
10115
26485
27386
20304
27346
16171
3122
19164
20943
6033
3118
7068
10413
1498
32229
20735
10290
27274
24414
21051
14021
32309
872
28982
16329
7050
17291
9383
5417
27281
3646
11640
3892
20785
9562
11120
24236
19701
8399
25870
17689
6672
2454
18104
10083
19358
8423
23829
11936
14636
10155
20151
27435
25979
14900
6397
11766
17025
5164
5175
3105
30385
20683
780
16587
1916
31565
12569
24872
3352
932
25819
5843
21376
27498
10447
21606
3260
16153
12247
14409
30818
12158
22752
4551
9309
24427
5570
15463
10989
14765
14695
17785
4591
25405
28976
4079
12127
7611
28052
27246
14107
11799
32267
19365
21993
7058
9258
10462
32188
23269
25103
6866
18227
14783
18431
17602
3171
7797
1358
12739
8406
28661
127
7258
19155
14845
15021
21576
25056
24970
554
13991
13958
32146
14437
27702
10068
10229
12049
25074
1831
23218
24707
12262
14504
11606
1884
25155
8981
1723
22889
22707
25669
5870
27079
12267
25574
11633
30283
27007
11274
16291
9248
17915
10978
13180
28594
1327
16840
17021
21451
202
17795
2279
27644
21803
21447
5420
5695
3187
8700
2979
22490
32735
10560
12927
2439
25429
21423
31234
3793
12092
3810
21742
7361
23697
26549
30013
21434
10039
4942
16657
12450
19087
2395
5102
6466
27721
5018
8231
2032
10618
30367
1174
6763
31214
6098
27280
2054
23999
17591
16408
17161
2342
32626
25171
18772
658
29834
19517
26693
26359
32237
7577
30684
18537
22324
3630
20765
23273
26409
8496
950
25471
17030
11517
3810
7561
19456
2826
8589
2642
5508
1052
9657
24294
26305
19643
6944
1061
3302
9699
1307
23831
22445
30206
28610
18303
26520
28175
20565
2739
12666
3888
17627
10410
23354
9278
30472
17751
21972
979
9828
6197
22688
11892
7594
7204
8663
7436
5998
29043
8275
21401
22019
9790
27286
3110
29340
22778
9998
3577
10161
26958
18840
1293
6821
11044
19010
28099
26789
20481
14677
26836
31443
31377
21651
2954
26020
12423
445
48
22406
7844
21080
2759
23239
25364
29873
17914
28338
20993
13855
11348
15355
26723
31368
16817
26717
24853
19750
28914
19841
8238
28299
29173
5922
26766
995
19397
3183
4023
19322
18189
2224
9183
31358
25811
26413
14403
10245
11618
26187
19389
26961
27528
17913
32153
851
10242
9546
1189
21871
31029
25443
7303
24959
31519
1944
23891
5402
908
29906
12637
14358
26253
27700
23884
9291
24358
8958
20080
10906
28743
28593
9046
18735
20989
21108
8857
5890
16106
23734
5114
2212
13811
15381
12211
29240
1080
27774
6153
27327
11081
21910
4385
29850
30615
22361
27412
3913
23336
2561
21061
5753
24719
13610
31219
4670
18972
16947
21770
23709
12624
11751
20799
16461
14995
15709
18523
29886
12585
31260
7127
7003
8035
14723
11946
8717
14098
13161
12639
12032
7745
27648
29802
31145
29732
29951
13500
13576
8779
18944
5781
28458
19995
19494
17050
2547
32383
8452
22823
12570
18907
30906
12262
29045
8258
32609
3489
21879
1512
32170
22612
10999
20954
27841
27015
22066
17644
376
31962
22036
3315
29345
27874
23987
2101
32443
12851
10013
23838
29906
22718
25427
14901
17568
24414
27541
21070
23032
13741
6112
26880
18277
19484
24246
857
1038
27203
8733
4305
16604
16245
19946
8317
6367
24984
11071
30341
8430
11827
3411
5592
6798
16841
15217
4638
19990
31078
15428
15855
20496
12919
26193
2370
13793
15582
22981
9256
32173
13126
18289
14778
11637
11700
10515
22351
28034
607
20183
21491
8711
2242
26141
19477
18434
4847
23933
1408
6499
4390
18952
20365
15472
5030
12753
13206
616
7875
24493
2477
31078
1337
9270
17806
21897
15552
10262
4051
30034
24801
13186
32615
1357
22535
3844
1853
1780
20185
24958
27714
16080
32199
12140
22416
19937
27875
24425
22756
31296
10739
26613
27986
27395
9412
2677
24119
23393
9665
16251
3184
2327
4803
14408
31689
25097
30251
6543
12984
13613
31791
21372
16972
27301
23153
15093
2656
1835
21974
18464
3604
32434
23189
7717
27774
6730
23182
16437
20892
30021
26078
6091
29581
21912
12720
12337
28673
25476
341
19271
7663
1141
9624
13184
10118
23850
1611
28461
101
16150
27174
14590
3086
1286
28882
25029
2200
8965
29504
32638
4517
28028
15935
3469
20372
23454
23374
25158
9976
18691
23470
7602
31816
31379
22972
30096
24536
27302
9342
667
13831
8298
18812
29451
12218
5764
28881
18014
9994
29946
16257
30296
13370
8784
13325
12617
3820
28657
12613
2446
3988
26065
11102
15962
25900
29009
11076
439
21290
31587
7217
24519
2991
10734
6015
11088
31233
20596
8891
4983
4411
21490
5114
18124
29507
1543
4208
18311
1021
15193
22846
21777
15550
8501
23180
3783
21508
5749
12504
13306
3428
2983
6285
9530
17859
11883
31704
2772
4041
25629
4791
17561
29843
22452
18771
1761
11432
7914
24719
18640
25903
15006
31969
26584
25951
30326
5985
9343
10294
27592
1311
23651
15982
11195
2234
9595
3245
21673
8750
11935
14844
5832
4334
2379
25210
27658
15411
16544
25169
1857
30099
25003
19690
16007
18901
22762
25693
29917
21508
18700
9516
18194
18114
16121
14896
32743
8159
26386
27859
6000
14890
10170
25984
16829
12679
17685
20568
20666
19778
29199
14887
27988
25763
29345
14742
27613
29123
13136
14498
16306
18077
31222
29260
21019
6248
5060
30866
16498
21797
9352
22175
17800
30580
31532
9023
21060
19627
3967
6037
6541
24873
3385
32272
4970
1768
4153
3483
15208
10834
30224
1300
3645
26966
26819
6912
2730
8378
1741
5501
14758
25523
19556
7799
440
4531
8701
10271
18853
32386
13330
30105
11851
24720
30755
7157
20429
31114
763
3937
31216
11563
5172
4253
11205
31317
31485
3759
17033
2656
14363
20695
19401
19122
302
31941
17097
17551
2358
19722
15655
10035
12885
3021
19132
14366
3287
9663
3267
7600
18287
26961
18493
14325
29891
17956
30612
31682
18987
8384
8062
1025
15286
3722
27428
19785
6511
3568
21380
20402
4574
3815
22035
27367
15825
24471
32423
22652
6492
20820
18581
6274
3614
10705
6934
3161
29382
13456
25840
13254
9174
2205
6994
16453
6567
22140
8191
29345
8109
21088
21166
30401
4349
3742
20913
12741
15884
23136
11734
13906
24506
30878
5515
21289
15247
17226
15173
28671
23876
3787
31522
11401
2437
25005
973
30166
19957
21655
1698
1505
21107
11901
13074
359
20380
4374
329
10230
20112
18833
4111
19015
5625
6532
6636
31437
26698
3109
17808
11406
30533
11196
21873
13362
12480
11096
31414
24409
18600
22721
20308
5682
9286
27311
15223
15178
2753
32569
18979
15777
16101
24208
12571
4355
26146
21997
4098
149
24792
16072
10944
4015
30674
1611
8999
23785
784
18694
30167
15225
28105
22244
15966
30396
15280
13150
1700
29714
29559
26094
9607
9967
4753
11975
28866
2863
28221
29635
17939
6570
9664
31133
12189
27401
2545
15712
10123
31960
7675
543
16118
19676
5471
26343
11272
16038
29496
6386
866
32616
11971
30237
8380
23560
286
13212
715
15731
16464
23789
7784
16180
27530
16138
27886
5189
19629
5091
14820
11812
21259
523
29660
23082
2930
17586
1178
18713
22887
4051
29817
13556
21935
1198
23819
6419
30228
19065
28416
12406
25189
8019
3913
11866
6847
30073
20349
25866
21259
28860
17787
20216
10184
22579
1617
11788
4107
20525
18524
13628
12483
28777
28849
28765
30018
2698
4028
24120
4345
13509
4391
28897
20099
27869
8957
26692
20454
26449
6160
15105
9237
24276
18840
378
21945
30717
15388
5929
22320
3392
2966
26168
28630
30493
25298
4427
3716
9367
535
28577
9559
6120
6409
3931
29363
7027
30670
12827
23431
17146
23408
30673
15058
3345
22914
11218
19046
14546
12039
26667
2284
9171
30351
820
16680
17493
2467
31592
5758
5054
4451
21875
15029
32074
2670
8333
12540
9469
16386
5383
16938
6876
613
291
1610
20060
7299
30761
10071
22043
19672
30647
16708
24526
17808
30553
831
23674
30701
5721
30263
15592
12010
23513
3228
21075
15646
15646
24422
10083
16866
24111
15448
25951
18870
16543
27014
6558
19937
21671
16917
28478
22360
8312
4162
12569
18657
29134
18597
10229
5240
19913
2743
10491
24562
4857
2707
26731
23776
439
18425
25741
22454
7868
13976
31979
16941
9196
15245
2493
15589
29555
9255
1957
25679
16659
31213
11164
25802
26044
22498
29484
6668
4446
9479
1249
15812
20219
22562
29946
27005
3840
10430
16995
28614
11221
20851
8168
20624
7347
18279
23971
19671
19126
2837
1718
23941
15411
30285
1856
4499
2635
11132
28297
6001
21696
2606
8576
30120
10248
19665
4456
14014
2464
13244
19150
3161
7843
24944
28862
11688
8347
19485
30774
29951
5271
26728
14299
193
30846
29035
8171
23427
23202
29181
11891
28526
3992
29492
29634
18661
31304
29737
15133
27752
6720
3835
11188
17337
21582
28439
30165
26173
10573
31926
24672
16548
20287
24999
19067
24525
24732
19278
30086
25315
5610
3565
11090
22733
15758
3362
5261
3269
26082
3505
21377
1606
28039
21636
14079
16428
28157
14064
6549
23319
13424
58
16647
20240
15573
20570
20989
24687
25398
22526
11258
23547
16202
5586
16781
24148
24137
30975
16587
10894
20222
3313
8188
21535
13342
4702
25237
16379
20696
10628
10855
16637
17325
29106
26901
21385
25474
16905
17867
15472
29428
24452
2861
3859
7659
21558
12686
24268
30066
19411
22883
8073
24006
6514
18935
31162
8876
19089
18528
5486
9736
27482
23217
8376
23724
24613
19313
5464
3438
30781
332
407
1661
7655
32521
22643
15605
18336
8124
3324
2736
3751
25405
31998
32352
3771
24280
28384
29146
29478
9798
9932
23221
21754
16604
22289
2324
20123
32515
28613
18624
26749
17384
4526
6266
17199
6005
10339
27535
8857
5247
28590
10668
16002
1857
26677
24820
31829
20489
32601
24144
30244
24113
28255
8198
29421
22353
5325
22158
13340
16051
21015
26529
15442
12551
8827
10130
29541
2136
810
15585
19368
31807
25000
25102
19564
4695
6773
31147
9670
29424
19181
10421
12691
30216
31341
27428
1466
31863
24247
22209
31665
26985
16280
56
20803
20497
15816
13934
18064
10652
273
2068
23893
10084
4531
18301
7533
30055
24840
172
664
247
17764
5554
30588
6067
27967
30007
489
29365
3478
8022
1121
525
20366
27822
14552
3182
16731
19381
18616
30504
20064
26704
9768
19030
663
29089
2702
17753
7476
29216
15954
6021
13957
28142
3558
4377
32029
15206
4099
24693
20017
18932
8501
12167
11586
19242
14489
13703
24316
29200
31205
4324
11103
15548
10410
32126
2844
31779
24790
15125
17474
3631
14461
14337
14873
32274
11993
21540
29774
32473
3215
20510
8529
29764
6451
15551
6140
32213
18959
32450
7285
14375
20000
15032
27733
10369
7010
15682
22026
1707
24910
13187
24442
22784
1184
18389
16360
5829
2141
30395
12572
17593
2069
12312
23486
16365
10085
6302
25348
10966
6849
32648
21389
12449
11632
23692
31116
4806
26840
27147
25128
13536
16636
12172
3107
6844
27203
4200
3002
3248
15483
12998
9677
22062
18205
21194
9792
21144
31443
22026
30113
15446
3127
13122
12811
29223
29662
584
20298
9908
12181
18498
575
11883
10474
21526
31622
24458
25839
16162
13655
14458
24890
26158
22698
16479
16944
28318
32159
21997
13956
11244
19228
24701
13306
31062
14776
5984
29041
23508
32216
21363
16928
77
23831
7923
13856
27146
29420
30611
9258
25963
10375
30412
163
4825
25595
21621
9685
7675
12962
30611
29056
29997
29373
2418
23441
5422
16476
16117
27185
15640
10622
19498
9985
7830
28024
13857
31140
24145
19355
30463
2943
30891
9489
10318
6332
24240
30216
10135
21141
24393
27155
26931
14031
12467
4044
27998
132
11824
28607
2957
5670
7677
2691
2050
6337
4995
554
10141
30848
16849
29404
13813
12915
21066
16062
12711
7055
5019
20760
4846
23799
5361
7352
24692
1402
360
22929
1640
21596
20422
17832
9169
8537
6761
27953
16930
1511
13182
15860
11022
11196
18804
27126
20637
25744
12208
23894
31616
28452
8067
19317
13218
3459
1369
5977
5887
20615
11827
6996
4793
15520
26967
5088
12904
11217
29253
12750
31154
4347
14062
6048
31773
94
20001
17971
10016
8541
12870
15521
29312
28033
5198
20325
27354
24769
23274
31424
19067
32513
8699
13404
5240
21208
20042
48
26108
18838
2426
19619
29148
4230
14907
23028
23153
22384
19648
12505
23974
7266
24434
27750
1872
25776
10214
23345
23998
1850
9228
15284
15505
27629
27562
6130
20942
25741
13833
1118
28978
689
26607
17912
12742
3855
15820
9145
2483
1529
26168
26417
23638
15656
8349
20591
11927
5817
13361
289
30071
25973
21288
8956
13033
26197
15911
19806
21731
29509
15355
28210
2740
21289
14731
14869
1176
19230
9739
26550
20874
21762
24435
14979
20313
7990
17200
8322
24830
14754
14105
26492
24365
5114
16036
19809
30506
12608
28762
28648
27614
13451
24456
24438
27946
11014
20024
22849
31099
14139
15199
27829
32159
402
8536
4119
9943
4628
30865
26728
6957
30581
21125
18572
3079
24402
8426
11179
22269
951
32043
11992
10472
4580
1048
19952
22331
28241
6621
26565
25495
31215
10800
19836
23961
15537
14543
24884
5879
6475
22058
2025
24011
28218
19548
29335
12590
18436
6240
674
9225
2241
898
19829
25128
10458
28947
873
2960
29969
13409
15849
23059
28097
743
30933
17697
11111
22208
15139
6113
27746
21858
13004
11648
12279
3720
18406
18378
664
10096
27405
13303
24422
17991
8968
12743
19188
20962
7594
20689
2894
22958
18421
14359
8506
14826
12678
3039
26301
20499
16173
26046
30433
21408
28891
4854
17078
9968
16065
3330
30615
13441
20918
24686
6830
11362
6873
30188
32187
13803
3704
29093
28944
27051
1585
7373
22240
10146
3671
3450
31674
7600
8856
182
22609
4686
7644
6866
8318
18300
24943
510
17288
2554
30563
1815
16802
16571
13360
20672
31413
4247
7070
15540
23136
26688
3301
27483
1342
2167
31250
10651
27495
23680
11948
11504
25657
14035
27032
21951
14168
17940
20026
27623
14067
22085
28893
2458
20297
12859
597
10347
12140
14670
24290
1191
28485
32085
1112
19177
22233
31954
13181
17385
10954
19817
16563
29333
8737
19095
22487
22627
26954
7328
14184
21477
22112
11209
9964
19870
12972
21448
11407
10004
15720
27513
17934
8230
19400
29906
10451
9888
10811
2329
19810
17421
8942
21844
18931
7628
19857
15106
16480
15206
3167
26888
25410
1823
23128
238
22103
15563
20177
7243
28200
15075
31279
18046
4840
27096
32752
16031
19102
11687
4587
5558
11911
5550
12504
32042
20405
16062
22034
22908
20221
7025
27292
27956
11280
5822
12130
12316
4072
17610
31426
9901
5734
5633
28491
19911
23353
16486
4037
28325
19969
21287
21617
28431
4532
10357
9618
29137
27457
10642
24363
23405
884
6444
16907
3853
26
22505
30215
30651
14437
22339
391
12756
2194
11926
23108
26810
2248
1655
29519
15562
11076
20040
27734
17806
1459
28681
17955
1075
18911
30321
16485
23101
12686
22846
17587
22649
24999
25545
718
31283
2199
27101
8742
8362
15347
16073
11424
25281
22879
8884
5783
1271
28334
6705
2081
11673
27979
25620
19347
10551
11479
387
1351
21332
275
1104
6300
30561
26369
6022
24127
15853
3398
30273
4009
31254
15315
17603
3049
27459
24260
32709
22948
18197
14472
30219
2650
8090
32579
59
25322
31172
26992
27375
27993
10266
28107
18185
22479
15790
14958
5191
17634
11599
10042
31255
28951
26879
10104
684
20902
5544
32448
3153
4222
9994
15642
25853
2441
30712
18020
17448
11569
12996
26868
5854
27683
7672
18302
21010
4179
8518
6711
16180
10048
5826
2874
30470
24953
15439
12843
32427
2912
22871
29467
15104
814
27840
17580
11824
20535
30491
8566
13187
16240
13598
10409
11639
10542
24148
12787
23058
17456
15379
22692
16758
10720
11439
16912
29366
28630
26349
9012
744
31390
4538
18845
636
28091
1053
11142
23756
23787
16747
17217
22003
8877
1466
14808
6883
1
30359
9459
6066
26991
19452
23548
2101
9546
1404
10370
30416
7990
32705
21979
7564
5352
32312
25614
23914
45
32011
25072
16376
25134
24400
12940
14113
21490
19840
16840
3913
36
22570
27718
18330
27159
13032
7817
17560
9735
7059
28505
4348
26274
16819
14696
8383
966
16953
30773
19061
24205
2929
27697
27356
18055
15666
18977
26293
17478
22872
31171
32466
27936
22643
10164
10865
9264
30401
11921
27592
27806
19802
7004
21217
12576
2987
20770
8872
9409
25893
4059
19523
8418
1846
25234
13473
9342
11129
14534
30806
22706
6698
12047
8614
15996
12508
19205
1247
27075
16750
11869
14061
28055
23867
1365
21032
23995
24721
13395
32112
2400
21093
2248
27004
21300
27716
29019
14447
19099
24205
324
940
27196
9438
17141
29676
8128
32460
7680
8078
214
24791
21557
9006
20859
29084
23050
10360
16248
26445
3649
20286
30508
22879
5316
11465
30091
23170
22740
21869
15207
28374
31330
9312
17903
12892
10941
13773
28789
17323
15470
18211
9076
18148
27232
29107
29905
5351
6725
29562
7521
27335
7732
31291
26540
11644
14743
9426
31728
5592
27972
11972
11625
22717
20202
31258
11472
8076
28591
27504
17442
25824
5655
19529
32674
2429
20264
10149
26657
13699
6860
21718
12925
23016
14198
9359
2152
26148
20744
25662
20074
1582
5877
11163
2857
31912
32162
10369
21481
27990
12051
23806
25167
11221
28355
934
14186
25226
29907
3628
28660
9688
1127
29235
11732
18326
16718
14433
15080
32448
2273
437
18690
14188
21037
30491
29488
7936
22868
22334
25665
16547
6704
5790
18052
17905
24122
17890
24787
12275
25002
12911
1232
7246
21472
30009
12911
27322
14083
25561
5301
22198
25320
6113
15295
22907
12085
108
14341
26670
2246
12793
31456
25177
30287
26745
8266
17564
20547
28582
1509
29600
12277
26007
21312
13133
23038
2961
22357
7741
10206
6433
24406
12656
13542
17767
27305
16449
21077
31413
24625
25752
1729
26713
10447
16226
7352
26294
21288
7486
1192
24986
9385
21369
3580
15563
15305
26941
15240
26339
10126
24837
14119
3678
6227
13908
10402
11506
3528
25511
29652
23839
9786
1192
8716
11782
29461
26788
31411
27006
30375
10559
3887
101
12070
6503
15878
4404
21237
8326
28999
15574
8739
22012
7206
15803
28981
28876
15334
29992
20773
24469
24572
25297
30890
7365
32113
15017
21178
4873
4488
3321
22093
9736
22433
13487
2917
13136
5725
32761
24907
8080
18435
18195
14875
17417
8738
25950
20354
20543
16504
18609
21703
29684
30483
2803
31240
25942
4022
18922
13511
6008
30334
12622
29093
13567
6597
27426
4972
13086
327
27204
25427
4292
24707
17218
22142
5651
10341
1903
19653
10261
23585
22070
11446
1194
11618
6319
221
31429
9124
7024
31299
29400
21214
31398
31796
23437
25957
5220
5445
20151
32013
30010
2454
648
12177
29450
21077
23300
8757
27159
13955
12213
2217
20575
24827
6561
2865
4907
6064
23929
22531
29412
30774
17939
25584
20776
23940
794
7751
9501
21240
24581
7159
2565
14491
26437
32243
7187
31911
17859
5851
6013
3654
649
5080
28115
28061
24255
11464
17807
32009
29146
8091
6125
30632
22032
31484
24829
12572
30991
31796
5622
651
25838
1100
21965
2282
5476
26738
2054
6268
11576
8607
24011
2453
8184
8054
26939
17060
9198
17006
16132
9072
80
16691
22068
13730
2999
32074
6732
18052
28370
2804
25494
19976
32604
28758
18873
18188
18251
24534
1163
23772
3147
29128
20262
4601
27498
8522
318
17433
23829
4204
21170
12654
13635
22421
32096
25387
29680
25634
12606
8517
31181
10831
3751
21366
30006
11867
6898
29576
7012
10471
25417
29904
484
19104
16824
17657
11335
25373
30853
18947
8732
28426
6080
394
8475
20871
24858
9548
16291
15563
7675
30950
4967
3597
7118
9438
12388
8356
17056
17126
5142
23661
31209
32607
20715
877
20393
29725
3576
695
5559
8298
12010
19088
26966
8781
14400
29138
22794
5388
17336
10382
7338
14575
6407
15861
5045
18503
16077
15737
32233
7599
6088
26415
8722
3986
24648
1912
22305
9453
8163
29152
9085
1878
25449
9030
26270
22078
21275
20286
16599
16243
30999
23731
11635
232
19479
5585
772
14265
21083
3873
19960
8298
28900
2550
14701
11376
15075
22025
31303
4338
21873
30304
28799
13008
17280
3444
29373
5093
11794
21650
30762
9609
31913
8834
5247
9306
20990
17767
31331
24893
16629
13286
30707
7071
19921
22922
8610
20737
4004
615
8003
9651
1546
10750
20324
19167
30487
12641
13534
1482
27022
16536
25258
15447
3924
22338
23030
10957
13348
20607
3704
9945
1155
24078
1283
5079
16631
16051
16472
27725
12660
13276
28734
1208
27927
31363
5845
27532
18967
19286
6183
2678
2552
9750
26624
27876
5633
27709
18944
20423
24561
3811
22510
24215
15086
21474
16975
16792
16574
30265
32567
24925
5945
9646
23392
906
10750
10680
8569
9438
11366
11163
19392
13424
30646
27605
29651
5176
6553
26297
29891
722
9933
11354
29547
21119
9756
28586
16640
4461
10126
4323
19433
1848
23517
10022
4816
11184
16425
19810
19961
31453
12781
13944
17106
19008
32562
19613
30156
860
18178
24575
11882
26485
15904
10411
407
16536
11254
8110
22077
9179
13263
29562
6163
10470
15942
7052
3255
15026
5886
20300
32508
26001
4756
25653
13445
18031
20690
22325
24979
32599
28454
1367
3867
21817
16210
22431
10012
23274
22116
26165
6959
19820
2025
22215
22880
1392
8542
31272
828
8729
31207
27965
6955
20739
10820
16665
7168
22404
256
28263
11983
16689
1771
6152
29438
22436
10187
24830
3231
18301
21327
22921
27901
5799
10820
18319
2421
20445
3083
20033
29832
1900
6219
14588
3374
7482
30947
28013
14444
24583
2083
18681
22824
30195
10043
27996
31293
11840
22771
16528
24267
8282
29853
9200
27856
15380
1352
9885
9725
12085
10551
14113
8898
17459
1426
6226
17324
7742
8794
7545
3312
30336
17058
29108
24648
16036
3325
28313
2301
19605
6195
17948
20037
29576
12344
947
32720
11836
26462
10424
12446
16000
18377
26638
5139
26103
14627
17671
12621
7192
28306
6533
24757
25976
28903
18272
18388
12364
6425
6408
18281
23081
3825
5484
4024
17167
8198
19226
20260
4518
748
22183
12032
3271
23209
10321
4771
11838
3688
19683
19642
21199
18802
15833
16099
11127
14169
31941
6007
21491
20598
32241
8614
12935
19094
9798
23498
1272
497
24684
18421
16090
28252
3379
10956
7442
30911
21298
11417
4755
17608
4526
4251
29291
17121
31421
30369
31491
7776
6314
23255
9890
23550
17052
18399
25908
15499
17523
28451
9034
14304
15859
7018
16993
9236
32036
12714
26215
23795
22520
13341
15483
32683
18735
31639
7925
3785
21624
6935
15014
4708
30169
8604
6497
2200
8272
11834
13753
14903
4027
2668
31757
18362
29173
16044
23746
638
11074
21825
21456
26157
14829
16217
2432
18041
32047
4183
28788
1297
25427
878
1255
25549
17176
32623
4406
18220
25687
3295
7071
32001
31717
29261
24905
23401
7867
27362
645
19456
28756
11066
17492
5973
4183
10354
2857
1179
2934
21891
29424
8609
21398
19150
10318
18180
816
3064
26411
11427
28663
24567
17006
8787
20667
28525
6407
16596
31373
7477
23603
9988
31012
19772
2811
5971
1663
3475
1790
2423
9676
21954
9841
1121
25993
20574
10084
21615
3305
25310
26695
29155
14457
26538
2476
11156
10755
20085
23887
27107
20402
5837
18003
7665
18040
22768
28366
12559
23469
20706
30344
2166
20985
8124
32512
28985
28019
14151
14512
2167
2826
9161
21906
29653
18213
10271
1251
32299
30598
24588
23591
27774
31860
23761
20845
7983
11545
28670
10964
21361
25385
6279
1870
6400
27076
17946
25764
20497
21406
26288
18107
17284
31837
29283
25621
13153
14658
27007
31642
25474
32012
30939
14233
653
29465
14442
16906
32038
21967
14349
28182
4450
1082
20139
6873
13950
6902
24452
13158
11473
5200
2498
28683
18943
13224
30289
15575
21872
16410
14321
26970
2304
21085
29066
1452
2552
14826
14015
4273
28222
15713
23237
23450
8648
14889
8566
18095
16470
26455
1697
15180
14177
16338
4005
1834
17486
22452
23358
31968
8936
8435
25502
32170
13
25408
9920
20584
1191
27439
10489
27114
3295
13465
1488
2666
24461
5183
783
21594
31218
9391
23066
16481
17321
31340
11136
4768
16091
25417
20688
13625
2227
13590
174
7186
15889
28542
31013
5590
6275
13616
9279
11837
22385
24637
27347
1422
18839
13761
10655
16738
2744
31942
31894
31402
18833
31845
21627
19699
10765
9518
2735
27369
6071
27083
26440
23578
7284
2783
19810
18429
3954
23092
442
29235
12380
14614
16249
19468
720
22010
3917
16205
32274
28004
5310
5681
25858
4615
17856
9389
23115
16429
16516
5880
1246
16473
13204
2379
22687
7467
3103
19686
22365
12421
24209
32339
24072
3052
15719
20718
21022
16433
29250
13221
17255
18512
19770
13053
21986
7064
32372
15445
2047
11020
11767
9839
10510
19978
17851
9004
5112
25130
8707
32407
557
8809
7149
20261
2781
31111
8776
31548
8811
21421
21669
14321
11807
13139
21681
25878
27
3425
16834
27252
20368
12436
4783
31317
305
15396
16869
23878
21480
27044
32695
11034
17864
11817
24310
5426
17732
30382
12226
9724
670
951
31903
6586
30114
10293
24012
13445
27539
28586
5840
14737
12646
28557
12885
26546
11822
18416
4153
7967
472
5984
6627
5239
31768
26125
4307
13569
32675
19499
11133
8248
9631
22423
29784
23175
13655
29886
7986
7505
17460
24251
18630
26676
4585
23231
21648
14223
29933
17078
23776
1089
27438
8999
26926
28852
8964
28764
24237
18203
4195
5828
24354
11511
25174
27285
2551
12256
27816
15029
21387
3970
23012
2779
26317
26854
14721
14578
17673
9971
15958
4542
6146
23604
16724
6337
27200
27099
23667
1888
14763
6150
12781
18242
6233
834
13227
27641
20389
845
32508
28644
14721
28449
8333
14419
17421
25133
21654
9453
21352
26342
5969
11855
30149
10878
6576
22518
7618
7667
28239
31071
22262
10316
680
8812
10441
20000
14470
7946
7049
29271
13244
24081
5050
5172
12310
16236
30637
11924
29584
3449
21332
7280
12486
9650
28244
9897
28076
5262
2140
7941
17023
10402
12213
11380
1275
16652
26139
11417
13263
23313
1996
20101
13902
8965
10462
19142
17511
3179
23765
23712
2775
13662
7285
24730
24477
6448
15829
15421
6830
22096
12981
29464
26347
2929
273
3335
8016
4072
10743
12725
3182
2902
29333
7520
5659
12424
17302
21212
15720
8091
4783
11995
29395
13156
2676
16491
7358
15887
25713
2752
25120
30981
10614
5172
3451
11284
19506
26252
7182
20426
20995
25725
19787
12065
32269
6255
18059
19554
12938
24704
7937
3395
31840
7116
26604
29266
31993
15596
1297
23959
9807
26044
26985
11381
32070
28769
3095
10450
22079
2443
10652
5496
16362
16376
9550
22970
4187
11578
7943
4186
18529
7097
4378
32170
16659
19963
2699
12530
22443
19235
22911
21778
2968
21688
14833
29800
17102
27048
23719
13300
10337
31373
23140
18874
22866
13102
26464
12904
21417
32073
23285
27193
23491
8336
24475
11545
19438
9201
24342
522
563
21530
32494
5574
24691
4925
16672
10406
4790
22032
7443
5058
4031
29209
9421
10586
2020
8488
2663
29813
13852
24101
6590
7111
18266
32523
31340
27608
19481
12341
19959
19555
26680
13529
32327
9468
13577
4306
20574
29942
2469
32674
3907
8836
7554
23735
25407
17694
14663
24813
10572
28455
27102
22869
24267
15052
27083
15157
30069
7727
13501
14671
9108
19141
31075
15974
1139
7164
23937
28927
7443
22818
18499
9317
6431
20098
9937
23279
21538
464
24355
15749
760
1479
25879
11361
4483
12560
9665
19731
2207
15462
15618
14792
4183
3064
10588
13771
25177
10254
29188
2892
16551
10480
29497
30305
17552
6660
17621
16714
6623
6198
28450
30201
31314
12188
25070
18642
32077
15450
25058
8367
4048
21188
24591
24615
10407
29379
28618
21520
3296
2682
20154
27458
14466
3113
13103
7070
16252
6993
21685
6223
15068
5401
25322
15696
5697
30704
24204
21550
20883
28276
2262
5648
2801
402
23821
3828
25835
13807
18518
17979
7410
6279
5066
20584
26124
32405
13516
11813
23501
31922
30618
7303
8578
22848
14371
14994
431
32265
7449
10240
8636
11556
2374
318
7659
32025
14115
23736
8589
24644
12967
11606
20342
15231
9565
11846
3758
20475
10425
15357
3945
31855
4780
15992
7225
6517
28790
2248
2947
30000
9148
20941
25904
12851
21978
10818
4260
3486
13690
5113
7924
20618
12902
7784
1363
28840
11162
11365
23502
9252
17310
18222
29754
27856
20242
8876
23914
24190
4490
14073
9893
9389
15517
4895
30550
2921
25913
19747
20230
3948
25401
13122
392
14729
20282
8826
17267
18763
4778
9804
23254
29401
15905
17857
18470
13340
6645
8619
31611
1316
9481
18477
27132
26568
30181
24957
6040
6797
12812
6633
26872
29386
3977
27928
20913
8713
5324
13971
12989
27311
2740
11139
32044
2016
21741
8637
27927
19613
9340
18427
28886
15919
14488
13164
4210
11721
8636
26224
26973
5481
15098
13468
4705
15359
19858
10245
31703
25809
4803
19387
8217
3614
2017
32659
6202
769
18600
14634
26868
17561
25552
22054
7137
3687
24033
25535
30958
31223
22089
32639
29710
1475
684
13637
9003
852
29819
32400
20578
12458
23752
18170
31855
222
16985
6659
25958
22534
24059
24080
26021
15961
4376
16564
16134
20116
10892
14381
9817
25500
28085
15922
8977
18788
4041
10220
5949
29969
8045
16194
954
2140
2691
345
23719
9272
13891
9819
538
20149
23949
22136
12561
28709
10621
12331
172
11133
14401
959
16281
5630
1575
26641
17871
4628
27898
3223
3711
20862
11663
27809
11847
17071
14235
18399
31146
28020
9159
1060
28605
728
5127
23657
15650
9285
28199
277
27450
9707
9383
3452
3991
20581
456
30373
4016
26010
10471
22352
19673
27874
16906
15671
19570
2667
953
23445
12382
26074
3855
18149
5047
25653
21008
7660
8127
14592
25661
17401
27930
4774
4454
4204
1339
26139
1728
6005
6173
7616
22071
28702
14899
12167
17413
7052
16033
24151
4740
29057
428
10930
16448
13862
14191
13973
27729
15624
4816
8351
21736
15712
22707
6774
9255
15255
13166
15975
32566
11273
23164
26700
2963
13066
25205
5555
24233
9766
18749
4412
2981
12973
4732
27971
17285
19824
2127
4543
15217
20421
29758
24938
19791
26065
25709
14883
1682
12806
20758
21648
6482
18922
13878
18183
25506
28698
30087
12207
286
12175
5295
18914
6851
15393
11191
29398
26884
15433
6078
24957
7193
24619
17903
5545
7835
27092
10928
17012
26190
2752
14620
14303
18238
15007
28340
4025
32013
27480
18257
8643
24203
15951
11614
785
28551
7908
14915
5299
17637
26172
23332
26005
28401
27715
11724
27556
24051
10737
10724
22578
29956
20685
27241
2972
16159
31664
11101
27690
31355
23756
20412
9270
28184
3308
945
2961
15768
24573
20234
16418
12113
25294
11242
12752
6304
26132
30141
9635
25728
15025
17521
29733
26715
822
2020
1807
31520
16038
30616
23073
661
28797
10926
850
27375
2544
27666
1577
15520
30839
7923
30315
17520
32137
18294
11766
463
13222
2987
6637
20329
25755
16576
25365
31228
5378
22644
30079
14694
26888
17103
11112
16387
18035
6160
8029
21557
22499
7912
27043
10308
21847
741
19669
25705
13812
20273
5583
5925
12034
380
13003
32727
9272
18743
17866
26510
27961
18179
13878
31772
5214
24681
1477
24940
29366
31691
27808
27925
19787
14490
197
16430
22439
30666
27817
13157
16279
18563
31010
18763
9775
3354
28293
6898
10766
27711
4363
29370
26340
25208
15482
2408
3633
1998
25345
6520
32079
24005
29539
15541
29874
14738
27224
18438
21615
7817
4912
6539
507
7381
15289
3304
23349
2155
24419
2529
23207
7233
3490
24872
20745
23994
3988
27506
22535
21605
4324
7888
25157
27112
20462
3645
3231
1591
6435
1907
5301
15370
4527
17156
6311
6541
5466
23205
1053
29017
11180
31181
20107
12195
22613
31871
28339
4019
19148
28771
10091
17816
12597
11292
4512
28699
12936
28886
1947
26353
21488
18974
21891
14645
19825
8183
21283
28693
4558
12074
19182
27083
3498
23517
21056
24783
25069
4711
30439
29514
7529
10851
26082
16078
14782
3
28520
25669
24442
14248
3117
2088
13701
24495
18400
8946
16317
25741
13560
13779
4317
2846
19888
14248
21411
25914
26192
20011
28466
29834
5295
10087
19125
28569
12534
1904
29765
23854
21414
24144
12045
31194
29917
31300
11435
7117
4309
10793
30170
2285
30125
25649
17998
29482
7788
17626
24544
3851
16195
31265
6379
30861
26386
28402
10742
23086
23086
19172
32403
2629
2658
6691
3462
4756
20531
12717
31786
22048
18792
9154
4369
18753
202
22677
14827
28661
17193
8008
10409
5753
17823
19223
19426
30747
281
12500
9845
18506
26386
6291
19056
20975
21410
30630
31536
8448
24760
1740
15050
27217
32419
2213
18090
9646
30168
21609
18298
3624
13807
30938
14406
31916
5614
2935
18653
20698
27082
30707
16250
23571
4395
25573
7587
724
25456
31425
3154
2115
7411
13831
21331
14344
12686
30138
24557
25182
10334
32020
7876
24170
25798
10104
11518
1739
183
27048
9381
25714
7215
29496
2124
31668
17920
1091
4598
28573
25043
19292
26931
28552
12140
24519
1164
8940
22320
11242
14881
1913
8164
23550
17297
30052
12727
9482
14618
15871
2691
30738
18434
6284
1872
30091
10293
20819
10010
13587
5423
28402
27348
13663
19996
16885
30380
2165
24894
4774
22673
4123
18064
24870
6130
24207
3497
27581
29385
3960
8930
28527
27609
11549
28603
22224
3635
30165
23163
19225
2559
5566
26903
23418
3705
10418
2901
11954
1338
6263
20529
29406
4793
11062
2688
32654
17
22063
10451
24094
29189
10410
17566
11332
4417
25393
11418
3301
2018
3836
28263
6957
30777
10669
9078
5086
20684
14654
1318
10472
8606
23607
3117
13115
22193
10788
7994
14041
31688
30790
5337
27951
28017
22153
3222
18853
6979
22710
25445
11380
16229
32746
18241
14263
12112
22599
11796
31430
10709
7913
13271
26559
18017
1051
9210
18277
27008
24011
12806
7982
25248
24124
9601
15767
5912
8955
32018
24763
24168
12308
19685
11044
29634
11141
23633
23265
8394
27891
18104
30424
1435
13724
9135
26206
8714
9357
31327
9989
1070
15125
1067
5301
16416
1401
660
30719
5375
15337
11353
20141
25399
28595
30178
670
22531
6327
14558
721
29233
5915
32556
29375
17446
32064
29943
25582
5921
13812
17958
19907
21444
23273
27379
14232
21456
20325
10201
18702
304
29500
17588
13476
26169
508
16164
12425
4912
29287
31794
29103
32012
27174
15670
23841
14718
6587
23544
25494
15407
5304
4629
15174
31049
31278
20388
27644
4408
361
25882
24941
27058
16090
1131
30664
22516
13653
23922
13966
16463
1917
22931
11684
20196
23932
15007
10407
11692
21239
8439
11391
23483
320
15605
29495
2501
31182
12167
23051
8161
17643
24093
30147
20621
14509
15814
16704
23794
15399
22933
6741
28266
19168
6218
216
10560
19589
1326
19448
23735
5338
8255
18896
29773
8182
31117
32061
3648
24240
7140
28141
23378
10069
2731
16057
11209
7836
22284
32309
19899
11483
4182
25989
8328
21370
5023
31090
424
30376
32429
16829
30375
28494
18967
2738
14445
31041
20135
25857
963
20924
14851
22474
21267
6669
13964
30967
25967
21134
19079
24526
14037
471
12923
9670
19890
23602
15065
27034
420
32592
23778
2205
8068
5690
8902
589
3748
31113
5897
14890
23381
8154
17195
3017
19117
29309
392
25892
23431
23149
9853
23348
22730
6533
17612
27842
24815
17392
4418
26490
1725
28130
10647
9025
28503
24965
17045
1992
4473
28983
380
4193
31231
14834
1190
16914
14759
27147
24423
18408
24599
24608
3383
10638
10274
13900
8211
20510
14663
3484
11808
19767
8826
11719
17042
6224
29224
19737
21964
13900
3957
5297
4296
32590
14536
13548
24506
30414
19337
7713
6128
27117
14633
12687
13565
18437
19811
32403
28950
27013
10690
24607
15548
14588
6756
3687
22940
29299
10237
30941
7347
27904
2846
31840
7093
8856
25784
18864
18864
27173
24540
4134
18156
6104
8388
16546
26647
30657
9495
31940
14494
22173
31081
1631
31838
3311
26625
17194
29820
16466
1248
10425
27537
20237
15103
9388
19723
6632
16087
21799
19408
8254
2598
9602
23588
8788
17649
9025
1228
15849
16325
8006
19315
14606
25411
28485
16462
28472
14556
25465
27900
5268
28888
17557
10928
17306
2461
28158
9105
2277
31790
22583
865
24898
4594
10140
7005
24071
18359
4948
32101
25510
25078
14465
21085
13953
5720
11705
28627
18944
28282
27322
28898
1505
18413
22617
22102
30160
5506
7356
29200
5944
17860
30665
8621
14680
29381
17374
7266
9113
16158
28355
22570
30239
1073
32477
18980
30878
13745
30884
1590
19311
7781
14423
503
12003
23080
5102
32460
21719
12597
22864
24401
28808
14497
31942
27642
30889
23593
2991
19194
20403
13614
14198
12131
18045
21246
3266
911
11532
22613
10988
4800
26028
4644
4022
30211
11839
27536
19258
18522
5078
25406
12320
26137
17534
26062
21524
15249
13149
12709
29815
26348
17149
10224
4949
12632
27111
12005
24728
9064
1396
2380
17275
14518
20192
18239
6209
30414
9888
13358
30246
27463
10741
26150
4502
21811
18114
21074
3741
32186
16795
2754
22431
1025
25118
2411
19529
8273
14726
11375
23751
8821
14205
18335
25911
12131
306
28478
23902
543
16044
24584
12442
13277
21086
10355
21016
20326
12027
30517
24903
13244
16267
13062
29325
2561
5567
16295
20536
21141
21121
5155
18359
19839
31952
1621
22282
16910
15051
28586
20087
27071
8459
3881
14975
610
3126
19632
10768
19321
14545
16768
9468
29409
3414
10747
26282
13492
19079
9389
12556
12909
5633
25226
19408
17741
4884
11382
987
20478
32210
25099
16115
21367
31846
21910
30651
19231
6824
10594
13797
5173
9198
4666
22179
25711
20260
9001
14686
5089
28959
1668
9387
15905
10542
18474
30587
32425
15346
5387
31377
19580
4208
5095
26170
14605
869
15192
28728
5724
1241
18707
30207
18530
13303
15979
5924
17839
27932
1559
21522
2898
32302
10036
1279
2041
29999
10638
15646
16985
15634
3867
28182
16080
31949
1736
24500
26697
27823
15480
20444
97
5620
27210
20166
23240
12439
3867
11111
26601
4967
28237
1068
21197
27229
15558
20462
13884
10029
7995
29475
11558
24603
23982
13649
16962
4368
28725
10953
757
29421
18686
26257
14709
23839
32656
2210
4654
25972
16723
31827
12389
12844
11091
31510
30235
12884
28993
10082
820
12367
30139
21488
12248
29366
14284
19242
1562
24418
14775
10977
32471
21702
17648
10302
1505
11650
12140
20475
2397
8758
1562
5842
6250
32148
16562
20022
21764
22202
25261
20802
15655
17854
11668
32239
3895
18058
18558
20105
19871
15850
213
10084
9657
21731
2136
11467
15854
7751
21606
13625
12062
14982
633
11212
11585
28103
26097
30454
9039
23607
8979
14198
18014
24737
31569
29574
25610
12608
11979
598
28698
18129
5911
19386
5473
14827
24381
12319
19937
2707
32006
11460
17975
1548
20343
4135
4147
16108
1688
21181
26822
19317
14458
26597
5409
15905
18295
6943
6939
3199
32188
19833
22739
22590
517
10059
16279
20103
2472
4644
13829
4497
27605
3844
25968
24687
31260
15564
30342
28972
16943
8946
303
12569
7402
5241
13240
24422
11920
16161
30000
13808
15448
15067
1810
5210
31528
11647
27173
24927
15264
22209
2721
5734
5978
6242
30611
10583
880
20131
10626
18606
27711
3327
7251
7630
15979
4889
16490
2455
292
3572
1810
3898
26023
31074
3615
24908
28679
13759
11986
17690
7469
9694
29692
16445
10781
26948
15206
17518
24700
1684
1649
19867
3151
6731
15866
9786
32518
23981
28032
17885
17337
6656
14729
32262
26801
23543
5441
26941
554
31601
31589
20577
19031
19300
11871
31292
679
1555
17331
6489
31303
18824
32409
19482
24040
14398
15851
25349
13506
4638
322
24927
11993
22956
18781
27644
10367
22915
22466
6741
1818
7679
4519
24027
21287
14137
2578
29579
13183
22328
30528
5059
11737
8293
5956
21588
20625
14400
18416
28888
10664
29266
22008
27974
12043
10082
18261
18115
31768
3308
9448
9915
2142
8399
1888
19505
15268
32070
27485
8019
813
10521
4309
9042
19515
14357
27064
14960
2002
20409
23503
28763
7102
25650
23018
16057
25816
16778
6202
4
11908
13596
24572
1176
17278
27467
18007
32266
31703
21875
19080
13500
27706
11296
7996
15278
6772
24958
9021
5783
23347
6161
19793
1589
15630
29094
3936
28385
9414
19082
29908
3430
32460
13561
69
28179
10755
18649
3158
23055
32710
7081
13274
12013
7469
29876
1340
21632
20876
4490
1309
17649
22077
3760
17470
23310
13216
18583
3233
23269
30559
18635
27115
26770
8183
4973
4365
24917
24948
26851
27427
19176
10107
20430
18332
19727
30862
31548
31132
26992
7820
24864
25758
26021
14455
5375
15454
7056
6522
15083
31734
9198
6443
9909
22599
3887
14605
31583
12698
8326
17241
24272
18567
16188
18174
5579
14871
4681
5350
7202
1829
31269
8827
3367
11018
23772
30058
28772
1401
30817
31910
16012
7079
12068
31409
12977
29871
742
25879
15286
5430
12748
23867
8712
24138
10675
9813
13705
21392
17860
15548
6093
3231
2632
29281
30345
21927
21181
13468
19016
17238
9769
24364
28000
15868
9646
16505
7973
18413
18783
13083
18268
807
24402
28832
3571
14900
246
394
6895
28754
29351
28312
4773
15570
8576
5959
8749
30142
13169
20887
12308
28094
23953
14098
1361
18748
29877
17163
634
11975
27713
9764
13624
22197
14142
29459
25081
15885
16301
2213
21988
164
26651
23810
5394
7813
19318
3636
14587
12438
12063
23523
4910
20601
23360
28258
26694
14257
19808
3824
22297
23046
31029
13623
16434
32554
3001
3609
16770
8092
25728
24492
6738
2253
14664
28291
2940
3202
6098
18480
2011
16249
14832
5894
18688
2895
24544
25380
7206
6049
9432
25775
31592
20082
482
19294
18226
32716
29418
7996
13302
26794
29205
7849
16416
8470
15701
15778
17995
13711
6715
10819
32693
28589
3084
31370
2800
4616
12310
26462
19163
2901
13380
14544
12753
25810
7153
18336
19744
28645
18170
14339
9405
30463
28439
20899
17206
30151
3947
6376
31207
7285
27225
3446
13681
8827
8602
12791
30312
11371
5260
16666
16972
18709
30925
13275
8379
18927
24841
32006
30948
31419
9744
7670
25407
31843
26156
30883
17276
18216
3761
732
16057
6139
9173
16080
25079
19755
15042
7379
3279
30273
23018
10847
29793
6953
13211
12889
21134
32402
28371
12950
5479
24470
29269
19102
8932
32414
26108
1968
1242
27008
24144
12806
4391
21227
26199
32601
25135
30981
23470
20136
13197
24402
20695
20790
30466
24536
27093
17618
13745
22401
26358
9050
4495
29120
20977
27522
31509
22391
304
26322
28472
17689
25967
4334
20890
19468
21894
1050
14082
17233
19587
3837
13322
11110
19964
22437
1047
2411
25764
12236
7310
32133
28443
32346
69
6272
12043
25131
26424
13496
20080
29201
3710
22073
20279
15901
17531
22053
6411
30234
1366
23894
6508
22875
15277
29253
10753
21431
31112
7722
12591
27601
15756
28005
12522
26269
6258
20253
14283
17439
18103
6183
26723
31094
4756
11561
2768
3098
4656
6143
23693
29282
5653
3165
4751
23881
23520
8118
16781
20337
22845
14429
8351
9576
13075
30699
23050
29483
13564
9440
24154
23272
23800
22413
28082
16648
20322
28209
19297
365
18211
3170
20405
2552
22053
10670
19476
32335
2571
29571
30024
18653
18719
1612
18459
15642
31627
16861
7204
12044
21709
15633
22752
9230
20837
7345
261
208
15568
20888
2066
22687
21434
533
9771
16870
22128
8849
7716
21493
8084
370
10716
12802
4884
19007
204
18285
31068
17412
11487
6473
6859
20216
8580
20759
12132
25949
18690
25812
30407
9128
31757
55
3167
7138
6038
4916
19420
30798
9447
10692
23012
12620
18414
28904
9477
23165
26585
3307
29423
19240
17892
9448
19936
9692
30319
18317
26207
855
28756
3358
15661
17575
9847
6845
10617
20623
24479
27368
3923
16428
16516
32579
23139
16088
15401
24472
4315
8527
24171
2588
4778
30737
9434
14580
22771
8455
22985
8439
18877
7272
9633
3510
29676
10462
19067
32441
18288
27365
15853
10764
7612
9076
5411
2043
9849
14816
30514
19481
3196
7421
2474
28551
26358
16262
2922
12402
19179
13247
4537
10974
4326
10840
7058
28322
8938
22677
28478
14004
26283
2476
30249
9639
6142
24431
2798
11122
10127
1578
28084
30835
29138
24527
21181
8628
25148
27216
16188
23148
22194
25933
10343
26313
22338
31471
2254
11244
30225
28692
24555
310
27540
8108
20474
9922
17155
17762
19979
1330
11019
23424
6229
6831
16068
4108
26317
14635
23266
5431
2551
31209
21295
20729
27644
2624
7225
12277
10238
13724
15687
8098
11176
20677
7826
29612
5897
27236
1970
15000
20130
25795
25175
17832
29629
23764
5433
26622
14081
629
2898
12547
14660
17906
15178
9738
28320
32459
17203
16177
14281
28600
27766
11144
9629
19435
11277
8310
6909
8597
29427
14424
16604
19883
25305
9322
149
23786
15131
13803
30850
32281
4594
636
7882
27022
11755
10186
1658
25075
5016
29292
31448
12874
7045
27663
25844
19759
9325
5328
12159
29021
13742
19433
7392
30580
9723
11152
17285
11514
6737
23580
9335
24735
28972
8810
4146
965
28154
11647
19891
1343
14544
26478
14290
18777
1628
19836
17618
25369
31771
4995
11319
29381
9419
5780
7895
19877
2340
25312
17716
21258
16579
20697
30729
4752
3943
32148
26403
10143
25183
8818
8818
28216
16963
4095
14688
29934
3299
20506
25697
20530
2941
13143
27852
13012
14643
19873
18153
28615
19899
9764
4683
18725
24665
7786
29792
12402
14090
21699
326
23589
5634
1515
9952
22116
9049
12775
20010
26896
13058
2096
9929
2817
3836
24339
20711
12947
4044
14936
22845
12641
6442
9506
15217
32080
20219
25366
24227
2768
5759
15551
16451
7262
14284
27441
16677
11085
13179
26349
18647
19911
8353
7685
13106
15887
9985
21889
15407
26376
27007
14848
24060
6651
29912
25507
21839
20885
1681
20774
16379
9775
16429
7760
2497
22355
6819
31118
7016
3707
11791
7387
15
16155
8616
19938
29891
18402
22514
10599
5709
14653
11061
15843
8525
25886
20013
14702
30861
7163
9475
12002
25999
15129
10876
13886
18280
28682
13681
27720
9169
21877
12927
5495
20092
19733
9727
26639
6820
15108
2616
16782
19176
1594
24020
19271
13145
592
30353
21069
16850
9866
27705
22162
24712
13845
12244
5456
26337
15757
8988
4776
3210
2499
17457
26250
4804
31676
16782
20692
6142
24061
2620
22718
18857
7941
11845
31605
26696
5404
9068
11782
20934
12107
16923
13950
1549
14252
3741
8271
22996
2788
8845
20470
19384
26861
19087
31195
12175
17177
11326
121
9209
11091
2149
32190
1591
18600
28017
31669
22593
29959
28198
8290
19730
26693
12434
20718
28487
5220
26943
4100
5608
5909
5805
7034
7046
25723
4351
3380
2950
3890
16885
837
14780
20880
6426
4952
30780
15403
4159
3407
24428
11675
21543
20777
23646
30593
25988
15401
31069
21704
17954
28980
5318
5418
1635
124
31258
8694
18155
12891
4432
16401
668
31105
6256
13115
13509
20562
7005
9876
12182
1418
7666
32351
14040
15395
11345
30469
13019
8824
17784
13661
4015
9386
21526
11306
7318
7747
10652
31462
32698
20249
12182
10686
4636
6006
17212
26333
14285
16245
28484
10477
2144
19887
30715
23259
23455
12567
28052
29915
3709
16931
14528
9901
5196
24365
21887
30494
10288
10264
12341
31953
13012
7478
22784
5183
14427
9577
329
14077
25242
16265
30617
22590
31620
25350
5550
27288
27621
21455
21711
29451
4692
28018
31836
19775
1634
10628
7849
1293
7192
25923
22540
26945
15265
10874
1077
15262
24899
32677
23998
8739
22932
854
15363
15757
3562
22231
25396
2333
29971
7185
6825
26523
31814
2732
32117
411
31834
24696
14653
22783
3894
12556
12107
13757
22921
22701
11230
20451
7355
5745
10180
23256
9507
4515
18475
21988
26746
20074
4277
17906
26767
21926
31690
15509
11837
5147
27954
20554
28826
13521
13027
27133
15474
31418
2071
3022
12276
23958
20130
29972
7850
28180
29315
18338
12719
17722
11193
4682
22556
774
4696
25760
7107
8278
14555
20480
11808
6149
16572
31187
16780
11095
7490
8973
692
17815
30875
18682
17994
17150
28458
17211
16122
7895
5410
780
20384
19681
31316
22472
19896
16885
8261
23726
18453
28648
5764
29669
9687
14515
12602
29374
12695
7377
3587
25402
25828
10473
23292
32460
2035
26285
5150
18015
31122
21762
10954
23451
13150
11105
19364
32612
24118
27773
13989
22948
2799
3110
23916
28235
25417
11373
15317
25492
26402
13833
7885
32137
2538
20473
19813
29385
17495
31339
18469
32393
28250
20701
4770
21465
30033
14210
15186
22056
17022
30695
5536
15115
26040
4310
23100
31034
22624
15739
8629
10459
27799
30661
27977
14596
15534
31247
12796
7803
11998
1024
6631
24512
24890
26287
28627
8781
4577
7179
26886
7452
22392
28027
16733
5226
15832
28097
23963
17083
6915
18980
26625
21278
12381
14030
6943
20658
27673
31347
12009
12137
24305
23859
7181
21004
14874
32450
10628
12671
26999
22470
30823
2375
7693
27264
517
11593
23735
26287
15410
27860
25882
17585
22498
9954
1244
7148
19958
29595
11025
14444
11861
1819
20470
13261
25919
12661
1250
5468
27358
8184
16505
15737
4382
17329
15139
8256
25535
304
28605
4968
20137
3471
5262
13162
32383
7345
8316
9190
12150
17608
12415
12099
24168
15130
24919
2455
4132
19972
29050
15046
8969
16447
16209
29677
24275
26978
30627
21505
14004
16296
2130
24499
29095
12020
11077
12439
11521
24850
7589
8070
27976
23360
22348
28225
12617
5357
22138
13398
15205
27584
21450
4936
1324
6364
29285
30186
4397
2915
16502
24332
3851
19512
7134
2905
1492
20234
20264
27264
30863
21646
31423
13202
14612
16907
7774
6315
23841
4636
22217
24021
2473
17074
9147
22313
2159
25688
18975
4664
23508
11963
9858
11945
17645
15977
969
10787
28633
24537
18975
9069
14930
2988
6706
22739
18561
30770
10399
26060
23575
25648
28074
987
8601
32480
32051
21171
26619
4410
6886
27550
30321
19570
24241
17439
29826
25026
32123
9174
6238
18281
2579
12709
3953
20212
16998
23569
21816
28860
15606
8427
27732
28848
2695
30767
11741
16468
8219
26156
8952
16906
7457
30949
7340
20881
16874
13496
32241
13771
10844
13373
27658
24515
8426
32625
22805
6894
7620
24084
7393
4785
17994
10575
4095
20772
199
24730
23836
6934
28764
1501
31886
19793
27962
1237
3628
7966
19732
10682
1379
28172
4053
27423
23430
30446
17550
2841
15462
8227
15026
21411
24867
14618
21381
29249
3393
21268
2002
14052
25086
5932
30172
14862
31715
15765
2968
11830
3738
2596
8473
24686
29439
29198
5964
11331
23417
20210
20197
26341
8843
17178
2969
1416
26534
13054
6030
777
28226
30729
15120
18645
29485
12448
23685
7943
27682
20833
23715
26576
26013
23464
736
10780
29422
23896
3626
12146
25740
7640
15833
14620
14509
7259
26338
4233
31251
17253
26957
30447
297
30091
6633
14388
19278
22394
29758
25871
23665
31546
10435
30827
24286
20660
23377
27660
30039
32626
9688
116
29543
3495
13137
15368
28659
30831
1779
25967
26130
8535
17322
32059
22559
13600
1989
31435
10508
28608
12526
20591
8184
25002
7264
31438
18948
6735
14164
8069
11875
23525
29628
32529
2225
15463
30004
15855
32134
22493
2614
18689
32074
30685
17805
22836
18763
21586
19468
23136
20236
20860
10879
14704
19937
24376
18402
24002
31416
23938
18385
20945
5690
10808
28992
24337
10515
15392
28012
8474
23181
28461
29457
21513
5476
26110
12766
25123
28374
9384
4646
29884
1017
18613
7384
3160
16721
621
8113
25615
18594
13140
25008
9270
26883
22003
31691
10299
23860
4827
10720
23505
17457
9960
10222
29517
2055
32451
28549
848
9959
11178
27003
15271
4729
5492
26593
18799
6514
3535
31797
9341
3945
10445
32217
19453
9959
32415
21700
13912
12733
15008
23672
30812
15258
7061
29492
26519
13020
18738
2410
15363
5031
8929
17779
29929
18740
27584
3970
1279
14700
30696
6615
2515
11958
16117
14645
4717
5133
30659
8597
14640
14165
8565
23324
5378
1519
7612
843
17837
30603
16470
11894
8068
6973
30676
32119
14921
31444
29601
15267
26446
18535
27456
6397
21211
2608
27349
21674
21712
14493
18663
27557
13451
677
10596
8116
25612
11353
12773
27291
30295
15291
21300
12687
21786
26578
19468
19693
31120
32254
18719
14380
11429
12682
18013
32273
4699
2432
5492
13601
1132
24769
11667
8284
49
11348
10356
18472
11202
31743
4249
8076
13919
26900
25814
2462
6159
26510
29967
21311
29830
11612
31811
29957
9548
9213
7113
12665
12060
6221
7130
25475
9867
7327
5456
4386
18410
20747
26797
5728
18028
1546
9823
31878
5772
27968
19523
20876
14249
19608
31847
5075
16627
26518
4372
1559
13707
4841
12812
32671
25574
9792
20240
3254
21619
16479
9125
29535
2941
4466
10264
28741
8786
8097
5056
16369
31653
14820
21635
18495
5937
3353
8091
30227
18591
3924
32666
9032
21930
13686
940
6377
16257
9985
29725
420
15212
25642
12315
24699
7859
4656
6332
24509
16828
25069
11587
3125
7795
17579
15519
20641
11758
25400
20532
17766
18770
2877
13278
10369
4592
1739
16179
4545
9396
4663
17417
14131
7360
25640
17977
21982
10580
31726
24738
4785
15089
10773
31600
26554
3006
1850
14238
29081
1834
19742
13241
12595
21715
17913
3559
5547
2727
17937
18217
25230
19016
25482
27613
17997
19893
24704
9607
13553
10024
31571
6608
23306
14394
6466
15055
15592
9293
32572
27784
22030
16939
3314
9138
19684
20715
11825
25022
3756
29717
30319
12820
26551
15110
6820
3232
27609
14229
15707
16781
17178
26614
16648
21072
11950
30687
5276
23529
23080
7402
11863
30309
19690
4667
10461
11688
4064
30562
13965
30569
23406
5762
24334
19070
24998
21939
15146
15194
2239
22438
8928
16852
10690
3976
436
3114
10119
19496
17738
837
29152
32347
6707
25662
18708
16032
27399
4898
21903
22016
21940
2802
26583
20024
2837
3822
29890
19738
19655
275
8679
16177
32056
483
30290
5540
30208
15716
892
7004
6261
2411
6778
9577
19577
14618
24948
8866
24983
18856
23897
20108
1615
19552
17361
2942
18861
12781
10611
10242
23329
23252
24633
4989
31882
4418
6704
17939
23188
20488
9332
24517
16196
31460
20060
17116
21201
27650
20722
11659
24246
31426
19110
5840
18181
24508
9027
21147
11774
6658
27681
16690
30176
14756
4253
3540
5375
13178
27334
16540
28695
8733
4185
10153
12000
6199
27632
23420
16098
26621
30326
25249
30859
1017
9438
14482
6783
23821
24084
15320
3887
25013
3380
18291
12461
652
9211
31612
32447
24594
8571
30985
31538
1452
28946
5457
8304
21996
13724
18449
9813
3091
21736
22830
2367
30420
22377
4507
1892
20571
28718
29565
2153
22414
16660
15757
9008
3731
12091
15806
13809
17042
23478
14113
17548
16572
5255
24325
4381
23692
20938
13666
8913
11084
4912
15480
12025
6364
12719
21427
6237
14767
31096
14802
30931
32278
8234
31304
26896
10945
27461
18914
31421
14978
6881
5803
6350
3413
27808
20237
16911
2206
19169
9272
20991
3249
31798
19400
19426
25495
26393
1185
23570
3344
15834
25374
918
3028
9948
10348
8693
6174
13569
10544
20812
23403
17507
1904
18591
6527
3909
17328
14445
27306
3913
26971
21895
27465
32483
23141
1570
1167
3853
32303
25898
12934
9532
22443
4057
27472
13715
18112
29065
2995
3415
30960
454
27861
8612
19768
10408
1859
13918
12087
15711
18232
29033
11667
21264
30237
11805
20377
18400
23884
9460
28195
19022
1561
15238
5055
18629
15123
4280
10253
32625
11911
6448
27241
6227
27206
24588
32714
4496
27816
16339
6122
24079
5841
10155
28072
29762
20531
16589
9898
16196
852
2103
22086
9765
22482
12448
10147
7554
19876
24753
29467
30552
7586
8562
17124
25881
840
4355
2800
24576
21431
11660
6161
27554
1532
19574
31329
26311
4245
4572
28385
24183
16433
31804
3168
5976
27576
22643
14239
16695
10635
12776
8882
2276
27149
4871
23465
31811
7010
10737
11888
29856
14967
9585
24052
31555
30018
24115
30855
23620
16971
8240
19334
23457
4459
10349
14905
16526
31187
10981
31738
11020
2385
29891
1434
26557
6351
32469
8704
13815
18973
1086
32275
13335
4848
29035
11227
26136
31018
16200
24802
2660
25691
3763
29665
12521
10376
6193
23960
18544
11820
17375
16638
5674
23421
32172
16026
19340
8944
6598
5937
11869
23295
23890
24993
1806
17194
32608
22541
18761
23100
13854
58
10956
27087
9291
13113
7288
27410
15087
18503
22949
10442
25418
26353
441
17047
1290
17532
28665
30073
15553
20611
17823
19858
22165
5346
23084
9518
24890
19667
1535
5376
27933
30551
31527
14766
19426
26840
8310
29329
25617
8204
8918
32182
27916
25116
12512
5416
10053
25094
5291
29041
25773
30528
8162
21854
30064
10142
7706
1795
19679
2165
16738
23039
29357
15105
15643
12033
5215
2052
778
3211
19198
24240
22187
13558
26895
15047
10952
23991
25797
13825
32075
27616
12916
18606
9553
23018
9033
32156
18303
10929
7225
7483
25753
3520
14647
5119
13904
6351
12458
6150
20060
14986
2846
20987
11211
19092
825
3386
15001
23244
8689
13108
29056
11727
27389
5653
529
30398
11657
20133
20228
17985
19758
12652
7373
18635
5921
7962
12400
14880
30635
13350
20629
12821
9177
7092
23775
11927
2932
2492
28538
32495
10035
8297
15603
29764
30512
17599
9805
31586
17817
9857
12625
954
424
32594
23333
22441
18133
19738
31008
18941
25674
2987
7133
23733
30871
12709
10382
17672
30119
29846
7315
28841
8434
6246
12108
28746
25589
19955
17963
27487
223
25848
28429
292
32654
21811
21706
15073
26297
25287
25098
29548
5487
25055
1627
22512
20672
23956
20865
26094
22970
9745
22797
2689
8087
2548
7218
18150
25140
16120
22995
32315
22725
15825
3296
20615
12488
5464
739
9979
31031
30952
16598
21880
19970
3592
10808
30033
22460
15690
7776
23889
29588
2675
16
23296
6024
14299
23373
4386
18133
14615
7534
8065
10930
14550
4980
30700
9021
13833
8857
1152
25782
31815
28460
806
29931
31599
26011
14941
7411
17039
22994
27450
8991
8708
12483
9388
24878
14563
18502
23557
2752
29080
4388
28342
14350
12749
3950
29018
2263
16782
13588
28663
29598
11690
19122
896
5394
10588
23213
24734
5070
13098
21119
17327
27714
270
20047
24080
14577
30676
17093
10391
19166
12739
31004
16228
9792
22655
4473
10970
14205
22062
32635
14824
21590
8666
13587
20877
23903
11030
28566
21915
5043
10469
23312
3771
30437
20439
32732
12721
16186
13173
11889
27617
18453
22239
23935
6418
32434
12468
11835
1651
10519
9778
2806
26331
6472
16799
5109
23637
8379
10215
20093
15068
22539
4486
18989
26723
3824
19112
12433
32281
30831
32399
29427
3818
26446
21046
2676
14153
11979
4660
32348
23085
31630
30690
9391
12121
14555
18880
20737
1761
22028
23317
25994
26090
63
11990
31357
24753
9292
16841
3990
21967
19706
16362
31730
28347
12658
10510
4132
2448
2035
10438
7813
28688
28872
9606
24011
32745
3447
19207
23006
10296
6204
5097
26343
24652
4021
5789
19113
31660
19167
6530
4116
32603
2369
12878
14615
23642
21351
29872
17079
13167
16274
29748
12126
1573
28334
7526
2933
30996
21892
10810
8244
2914
9777
13739
18617
26506
28119
12963
7512
12636
14994
18971
26931
30022
23982
25731
7690
7377
7703
25188
14932
3182
28432
18500
21902
20083
32552
25034
18131
28513
13162
8226
6573
28520
25301
14243
17707
27949
26124
16559
22835
28106
20302
24539
5658
26134
24231
14672
8818
26920
1640
13170
21283
8214
5078
19647
14782
28418
20511
2297
27917
27480
11666
14727
16367
1873
21774
9497
23138
5820
10171
21131
26850
4349
2297
31500
22002
13398
1174
26495
16888
28261
9540
15649
11597
11758
3914
32108
2197
475
13177
15676
8012
10625
11874
22321
4258
31269
10182
7508
19081
15807
17998
19965
15116
28413
2940
20468
11234
30347
11234
31190
31811
19858
14226
26810
11514
10623
9941
10773
29372
5381
7968
15579
17080
6757
1091
11751
3439
25325
10724
21405
7110
28606
14636
27854
16985
20435
7872
9947
24339
30527
5363
20254
21756
7094
7738
13189
31313
14927
992
30336
11482
10888
11514
23070
120
25227
24990
18035
15358
20656
20048
3900
6209
28226
23485
15558
30067
28550
11948
23563
31404
13561
25649
6686
21450
25050
24099
11978
379
15336
13265
23158
28568
14445
6897
31564
17845
23163
23769
32155
9718
18038
11250
11129
20004
11986
28009
8108
20223
32286
19239
24523
19926
25154
8708
24992
1110
7429
8247
32721
29344
15826
10257
8639
30622
10427
19180
6831
17302
3774
28766
1064
22783
15175
32178
6043
3988
23287
4504
19274
19880
8100
10267
13922
27577
26017
15060
106
30279
15935
12637
24545
16870
915
13833
27683
1427
22906
17106
18061
28484
16347
31379
24289
26307
6700
8824
22252
29371
20536
20402
18790
29715
27679
7535
30745
11132
22942
32521
9542
15686
10896
637
7236
10104
1205
5920
11626
24095
7347
11405
8495
486
25178
15842
26256
25831
16940
7468
178
20929
8221
4895
30665
18667
28567
9995
20792
10312
3265
8971
21242
28923
15105
10368
5696
8060
27840
26813
11611
18923
14445
22020
24797
30885
7876
24754
18427
27926
1616
5302
16438
19150
4142
11079
2107
22230
10773
25815
519
16708
403
16194
24654
11533
15513
23628
17182
27163
6970
11338
1984
5535
26288
12575
20447
5289
20896
28010
1003
7414
11679
21502
21696
16392
6644
19347
131
11388
3999
6843
24269
6553
28315
20503
30732
4389
28769
31434
11302
2940
9133
18222
11359
4579
21892
21446
19580
23321
2934
21108
28456
5679
29473
18924
4504
22426
27382
2921
14955
23687
2112
12447
20436
6254
15969
13808
6394
16618
2911
1250
28319
19400
19872
721
24320
4957
9970
30689
18685
5405
4303
25143
12922
32362
1502
2409
24069
31658
25788
26162
25529
32156
28669
12907
20834
26860
3950
13622
5602
25605
13981
8061
15315
14118
5276
3227
14189
29368
28929
31576
19370
20447
23089
21275
19113
32591
2271
18779
13648
23137
7375
15191
32310
10853
5856
20487
29632
31290
13385
30290
5514
9757
3875
4993
22792
7615
10280
30196
8557
3226
15802
24595
28363
23684
5159
16264
2172
18053
4907
25772
9922
26086
23734
20030
24490
394
16624
23899
23350
32642
13178
1450
4794
14043
9719
19928
8071
5050
27596
13380
23751
16812
2851
19451
24744
20535
7990
9702
4285
1461
12234
23106
21921
21602
8697
18001
12765
9651
9781
21071
16395
28649
18314
21416
23612
18919
35
24424
31896
28992
30480
8435
32068
30357
19271
2294
25481
1054
4072
26781
23602
29318
24005
19719
31029
8188
7713
12023
29334
15751
29368
19148
28297
1689
24320
13491
5335
5864
5807
32027
29058
21113
5501
31081
27308
5117
25643
1261
19893
5473
11972
19989
14244
18081
4131
993
23752
1757
14005
30615
29599
29614
18048
1720
18166
17082
7268
24882
13138
22918
22177
32727
5007
6028
18074
24334
24775
1678
12249
20937
2421
25897
30802
183
17370
16301
11756
27066
24480
2860
1341
29595
23230
30417
13717
27133
15771
26483
22079
30095
630
20842
8451
25734
3077
25762
15855
22347
28508
16110
31832
9584
5393
6302
7451
3817
30110
8019
4648
3449
29958
29458
22338
23146
8636
31128
18432
31873
23232
31725
5912
29233
8459
16956
19164
19471
6189
8674
25349
19334
31285
12741
2992
22988
721
6375
422
27412
5558
11067
3040
8710
9282
18615
11851
18284
5728
12970
31176
27182
15021
19280
7543
15232
473
29603
7477
31578
2383
31605
20835
2344
14616
22460
5098
27844
30972
4909
15995
27553
16619
11532
24092
32329
2204
23106
16352
14857
23156
23728
15093
746
3497
25795
23524
6628
27559
12616
21781
23375
17587
24962
22674
16794
14286
11642
16140
63
12764
30871
8227
19190
26629
29294
16354
7466
20828
14811
30089
5545
25534
13905
28560
15007
6141
7022
30952
14789
31038
19155
9092
30934
17312
2098
31768
2627
22047
13224
11041
23079
31671
32334
10021
10109
20428
19723
23612
7569
16841
15788
27855
8628
31752
566
28576
10548
12786
1658
20234
11147
6503
5099
11659
1239
4960
26541
29567
23690
18386
28398
27182
25699
14550
7545
2057
925
4360
4744
21041
16998
12588
32730
30521
2450
16664
1798
1837
2705
18382
271
27859
25502
3816
25656
3120
21562
21817
15386
10830
5593
5297
26611
573
11483
24449
4929
11096
17853
6272
7312
13513
29329
2765
24208
6736
23723
9398
3946
30272
16030
23001
10836
5322
14951
28809
5988
19581
24551
15988
1441
16398
30615
6274
11104
27989
25975
31232
24782
11673
14407
9981
18633
2829
14586
19956
31732
3994
3688
27820
27146
28895
18755
31837
25970
15735
27724
10516
3348
28538
17606
6232
2156
2118
10027
782
18908
6527
25631
9882
19271
24404
2466
20807
30939
20484
17545
3561
15918
17569
30255
12993
27021
7957
21096
22432
22929
4450
6582
30543
10482
27182
17344
16431
19616
2686
11775
22557
22544
26818
8891
6040
23508
17682
19510
38
4719
29367
26663
29171
20327
23277
20329
25788
25756
7399
9717
10219
29143
28436
18190
28164
21158
9633
16827
10047
7784
575
31098
28535
28324
12582
16179
4930
24479
5977
30315
28770
32557
22060
6842
13660
7623
10244
14719
17510
13790
31327
13266
15750
23919
26900
23738
29689
30168
32475
18336
21202
3562
24335
23300
29923
10815
15539
31599
29664
26573
17076
25257
12994
11452
20845
30507
10090
23413
13680
14295
26503
15356
15236
4071
31929
3967
17898
10020
17399
559
18149
600
23598
28494
17529
2053
26666
11145
18802
15703
10170
18825
26536
20312
11279
3269
12162
15459
11110
32410
16569
12763
14311
22941
22622
29212
24012
16176
31
22194
27845
27475
17094
17098
28827
23229
2562
6629
7444
5932
2410
3796
12568
7673
23231
24288
5393
5359
12145
19785
14488
16733
15205
29426
29517
30058
15606
13914
27910
26537
17978
32718
20781
10477
11142
32221
20835
11359
15156
3597
15209
5581
8867
7628
9793
16965
9344
6057
31376
16099
1092
12484
23111
8679
19198
10883
11138
31242
18771
23687
19121
18451
31427
6879
10229
13989
11822
19579
21453
1115
6038
17891
16113
21527
12070
15401
12670
22422
371
25627
15700
2120
21763
4542
12220
25183
18700
27640
17999
22054
20861
2189
11027
25493
13378
1101
31718
5154
27588
27531
24864
18137
4784
1744
30580
687
15610
24529
4375
17172
25121
4767
4644
29383
15540
16158
27712
2286
17173
11960
32122
31846
7549
594
22132
344
15680
31871
11208
17677
31059
15348
30373
7171
21515
31293
2233
22080
20007
8878
5972
11750
27409
21915
458
1032
19041
11212
22297
24508
31395
20011
24267
25457
26970
13760
10526
11395
5189
10207
27235
20749
24544
17056
9636
28671
14126
11664
27273
1904
22710
17062
10876
1333
29899
17273
26892
17842
273
28335
19343
29936
25917
2489
19468
1520
25884
12990
4952
13375
27607
3796
15998
17355
7285
10358
4964
29429
19361
4659
26796
21223
18094
8611
17625
31272
3032
22175
30899
17773
22477
17073
14572
6835
11372
1226
31491
25226
13516
11571
6505
11188
10880
7622
739
11502
8217
14942
31023
6414
21741
32140
8938
31054
30231
17804
29873
488
28863
28023
13703
5347
14748
1721
8822
26412
11702
18118
30073
31720
28785
32009
21402
27145
27335
9501
26200
8223
20437
26944
9291
6769
19097
10501
3339
16205
14586
22601
23629
21916
6152
19047
30799
18873
1414
15792
8055
13444
31398
15125
6455
22706
9235
7719
28211
2663
31540
22850
27558
13574
1200
18948
30209
29512
22573
12804
28374
28043
21854
10177
12789
29293
10812
5081
28117
32154
3731
3708
23349
8418
22721
12575
6146
911
20410
12405
10620
27637
24144
21147
27029
1866
2994
5523
25497
25528
23858
6643
25620
20657
1355
9694
16369
6531
994
21556
5855
20012
7116
17414
5369
3695
16785
23629
30629
2855
26479
30683
22972
12764
19106
3473
2796
13972
9699
10451
30299
28651
27951
17977
23693
14694
30409
26759
25736
20485
13698
31200
18486
23831
26680
19766
8202
9042
25245
21509
4582
547
21305
23617
26429
17219
10931
27277
20085
26251
2124
1197
19343
24585
20396
62
7177
31827
19425
10660
4611
24347
933
22341
10914
20484
8927
15605
25522
18868
7533
5040
5263
32555
28449
27023
20037
19283
7433
11765
1782
16088
23540
19977
5244
16441
49
30058
14928
29216
6810
18206
20138
21487
26322
8907
15082
20635
28362
18985
23351
12221
1930
31415
358
7398
2862
20397
7965
14643
29742
50
23352
27426
15843
19920
5739
24740
11847
14117
9001
30580
27901
17115
13509
32678
2961
30426
18904
3203
25344
20411
5602
18324
27259
19584
11828
31229
27496
25219
32269
16397
13994
28077
17923
6930
16162
28904
10916
21874
15733
15063
5726
27895
16656
17092
29340
30571
21098
20954
31794
13669
2697
19604
14075
18274
17352
12405
17600
14615
18391
6650
9052
22278
7939
26317
5662
592
25784
18491
15983
30410
17732
23016
10165
14162
2269
4289
19063
5220
20454
5683
19137
232
25710
25498
30154
10574
17658
12797
17108
221
19588
4600
23380
14664
7107
16377
28243
22659
10157
2224
21268
24788
4411
20928
16119
16173
10860
6843
4765
29625
19596
2637
589
10421
25526
23479
7574
11137
21400
16511
31286
31735
6518
2662
1595
26107
20337
12699
17768
22867
29962
2862
32218
29626
8418
17351
6124
28975
32707
29336
13655
30355
17636
22672
17310
27251
28521
8146
3497
20515
2346
12133
4271
22796
17077
26413
6234
8262
4246
22554
26150
17514
11734
19615
26635
21409
10177
13670
16987
15873
22252
20034
12525
16922
26999
3941
891
1995
25232
16083
14665
23899
13112
13846
7
19140
20554
12339
6649
28498
27065
13278
28501
23917
10009
28138
20205
26803
3425
4099
8717
6731
29167
1951
6055
16245
7884
8498
2733
18021
3122
27553
10175
23889
21323
28666
5638
1993
15932
4450
10080
7751
6498
10575
21437
27655
10715
13303
969
24344
27977
8456
28363
32436
1746
7321
4044
7117
32108
25696
30205
28648
12119
32038
29779
7726
7914
23673
29812
19136
31891
23201
28886
15436
4634
213
23077
15326
29477
1966
27622
9976
5889
6619
13403
26596
16287
12055
21414
18505
20957
4952
13872
20989
775
28233
20044
12826
32670
24315
4376
21076
28504
32727
15012
7305
31335
26328
7511
7322
13310
30199
142
29818
3602
4070
21125
22148
14942
1280
12667
31250
7337
19585
4113
15947
12875
24050
30964
28476
4846
16104
13755
24875
28306
6382
23827
22055
11476
27584
3097
25060
4463
12218
20231
16326
2563
31887
32019
20284
2325
2110
2964
10831
4695
4674
7271
2683
23594
3849
19345
28605
10850
10152
37
15853
17993
25037
17513
17486
14310
1013
26932
25444
9343
2527
30874
17669
30300
15680
15307
23219
12750
18104
22585
5673
7024
19205
18425
4148
5037
26743
12652
4548
19330
10403
25118
13123
13957
14940
28910
1573
24103
2015
19312
31937
31286
32078
12943
1119
29350
4960
27255
1426
11920
29270
8626
16072
21627
16689
21392
11551
24539
29986
10701
30586
12247
13634
8558
4053
29519
9859
30444
32469
5662
13286
7572
3491
5020
9967
17966
16891
21095
9303
14557
24704
28004
24832
1606
26963
3584
9006
21492
17123
15292
25587
18427
1799
17640
9451
22492
9802
9390
20010
32425
21893
2643
10355
7786
31156
26042
18346
4286
1538
7466
31116
10950
38
20560
3230
14398
7922
19592
867
12781
14121
5720
2002
13120
27282
11325
13063
29490
19786
26283
32057
17518
30046
6479
27116
24760
10393
22935
17512
905
7323
3700
105
6137
32043
11615
4888
32226
11471
18586
22586
10819
29593
21176
22440
9954
4163
15199
32511
13622
24447
18765
9112
6275
3464
21913
24763
19271
1533
19515
9743
9173
5615
5583
2645
11328
29753
20118
13910
12666
9231
28350
31770
19901
26074
18403
28251
29226
10819
31701
3129
13233
15246
20636
21808
24368
4394
1465
22854
6367
390
3759
6537
2795
17958
22210
19640
26465
1525
29183
23617
16718
23005
24444
11627
293
32661
16609
2773
30816
11962
11047
16927
22634
17442
29856
18919
4285
14189
9272
1015
22599
3804
26106
28604
26131
17767
10454
24827
7461
22281
18849
3775
12198
26463
28509
3734
32065
13937
31931
4092
12492
22480
15070
27672
24875
24545
8546
23974
14705
31608
24477
30005
27721
9640
2852
7570
30357
28634
6033
17540
30036
4125
31620
31673
4809
10685
9960
9729
20186
1047
11896
1210
9910
9131
20609
14731
24506
31091
14057
4182
31126
7284
6768
9575
2987
16786
11062
15346
4536
26024
25214
22716
27574
24024
8625
29976
5376
16928
17062
24085
22199
26158
32032
5110
31077
21622
17816
15842
14816
32641
2365
1501
1394
7560
27450
28919
16694
25153
26423
1987
8389
2809
32034
25355
20498
28899
18991
28866
29843
5552
13085
1338
18850
24159
956
3224
23586
28759
10156
28804
10597
25779
24679
1573
9549
17885
7297
6220
27570
2910
21551
25071
8452
2036
3847
3290
17970
32229
30470
2209
970
19860
7383
19929
12385
29266
20818
24967
5685
16758
14404
11481
15377
8112
30830
32020
13681
8346
11472
16334
15847
17552
31527
20317
9149
18626
29620
25487
17884
15751
7743
31388
10476
22261
22620
20056
26557
11182
26861
10669
742
22012
27880
12873
21420
11041
346
31380
9765
31976
20140
28645
16029
6528
22821
30965
20024
32138
15025
22676
6873
27761
10721
10394
24131
25338
29234
289
8318
6172
16786
8177
4477
17
28448
9276
9725
1453
7988
12940
31664
28143
26783
5369
18587
6614
24372
11167
22972
6773
10119
16719
25841
19274
30708
6277
12821
26316
10979
17562
24428
18755
17995
9019
17729
21980
7285
2586
15565
12797
27139
31971
20059
19158
5424
32626
2730
22841
29273
22595
5011
22443
12733
22314
6123
7867
23169
29764
18091
7058
30455
23341
32078
21708
22047
13939
13691
12678
1646
20299
30180
14008
28111
21891
19054
11974
8936
25528
1938
28497
27550
5065
23811
12627
1243
14219
31633
12139
6030
2495
21069
32373
32500
27457
9966
21598
17431
130
3443
12598
29332
17207
778
7815
10912
23635
12337
30950
5197
23091
5659
30663
6154
5913
11093
26518
105
25564
11177
18947
26918
19166
8003
20637
8036
32573
23826
26018
22329
19534
3185
14101
23149
6471
27143
30738
5247
21819
21483
19551
8169
24396
24844
4675
14501
16156
2001
32411
14320
16772
6140
16170
32078
19849
3028
5937
26830
1419
29827
10815
19087
2240
1469
26955
27523
26849
1186
22016
4979
10275
7654
4184
12356
21353
26415
25196
632
3256
4030
16011
29432
6635
1106
25481
30224
19368
2633
7001
8123
20626
5641
18398
19745
18624
24734
12799
1886
11631
164
20218
901
24819
2664
28666
25572
31476
31562
4075
7818
9430
29798
13197
11527
6777
2163
4039
26995
8995
8426
27199
15538
5818
15979
26663
501
17207
6238
16218
17284
18007
24534
32167
13500
12179
10682
23148
3411
32339
17446
18023
10724
20575
31503
11722
5543
21654
4134
8333
24959
21986
27135
21768
27707
29291
15987
14529
21
21259
15427
899
27007
30467
30717
176
27424
26604
8228
727
13081
27120
15499
13705
13708
31801
32002
16745
4191
15786
23348
30339
23613
2509
5072
28895
3806
25101
15079
27477
21129
30502
28566
13474
30423
26329
29412
31420
24249
484
9709
24675
4028
11825
13121
4345
18060
14670
26503
18067
13495
12061
32102
30288
19380
2253
24741
5866
14628
18440
11408
13706
30807
21102
27038
19681
7442
8515
20050
4724
15248
6500
1887
11831
4550
8064
19215
4190
21996
15492
15333
22896
20024
26199
24194
2205
5613
16584
9925
25681
13204
27333
24630
20745
25737
11213
30117
2662
16826
5543
23566
29311
8620
28245
9408
27516
23487
30276
31422
28513
20658
24261
3942
23079
23657
1217
14928
6673
5358
17319
20601
14909
31415
29866
30369
31610
32295
28202
29425
28505
32342
5999
16865
18823
9493
25757
29273
23385
17453
20196
3350
28073
6120
7416
2896
27873
4819
4033
8346
6997
5825
18259
23561
15830
16147
29728
25752
30339
8247
10348
21707
16867
8303
24066
31123
18993
19924
1062
30834
1271
21914
10698
8415
20191
149
6149
27884
31173
22780
28864
29990
272
23918
9651
23485
22595
25906
23440
29413
1999
6595
3453
8827
3116
10636
1224
20716
11047
6128
30934
21331
13182
20109
27485
10465
23210
21442
5331
1410
11516
19054
29991
28605
17387
7931
23726
30172
13997
1436
352
15950
30980
11730
29764
30537
7259
20277
2857
27060
10001
29553
4759
13123
30229
8591
23557
27620
23731
20086
31820
14938
30381
14001
20060
7207
24718
1394
3630
25776
19003
27863
8186
14236
6091
4973
22441
637
1176
31475
21645
14770
31894
17504
17744
23692
8164
29991
10282
1199
9377
8633
23383
1211
2817
8523
4553
23084
22432
11994
26
30335
18454
7021
21956
9111
13771
30107
22164
1886
6925
19020
10332
2735
28255
25284
10473
10100
18452
9181
24628
25099
1565
29331
25308
29167
25120
16838
14548
23956
11722
11580
7257
3474
10597
17894
9512
6918
10413
29540
13293
23861
31199
3786
12798
31347
17172
6821
31049
68
18893
15417
30860
18112
22735
23053
26564
9020
14385
938
8423
11814
27571
1695
28885
8241
11089
21704
29836
2738
18968
8144
22172
28490
32569
19957
220
31430
17756
11275
5722
26435
17462
196
18840
18838
30814
25902
25333
19947
3420
1661
2921
10155
7683
13579
12149
14500
20226
25757
3674
13156
30645
488
18826
15589
19777
16724
2140
20848
17375
19199
1027
28859
6776
26629
4033
21845
17523
5375
29016
15171
9675
7625
7618
31212
21860
9865
11809
30002
22943
17900
8441
10722
4908
5299
15261
22862
18975
22127
8167
6200
4422
8072
27180
17650
29626
7300
27503
10436
8373
24198
21461
18574
2467
20757
24921
10414
9852
15647
26305
2084
21584
32062
16081
22260
548
18233
32702
27596
8188
11982
742
15591
1081
17839
5309
8241
15141
31946
24843
22188
29901
10957
28501
26386
1295
23530
17304
3004
10739
20184
30526
14274
3135
17178
24138
30564
11845
31875
3286
12201
15616
8186
20671
325
30559
19835
29599
21184
8161
7006
22779
17877
11362
22236
19646
7193
10293
11727
5606
20189
31858
9657
8574
24148
4753
1032
22988
7161
1336
2968
32203
29739
21330
13178
3292
31514
18785
15092
6840
16615
5397
16072
8105
12551
14109
13241
6394
233
18237
27212
3499
29144
16033
32716
19306
27170
15473
24720
28607
10618
30885
16257
4487
7323
22811
9942
7843
5166
23782
1570
16881
25326
20970
24977
25979
9994
2214
1646
9455
17098
31312
26857
17488
18550
5415
3864
32490
23924
8965
11579
17035
22704
32307
22340
10992
8257
2178
27543
20862
2633
6295
6926
17715
17692
20871
12864
16091
2725
6308
2051
25991
8966
7574
13615
14139
31359
10413
31141
27111
20113
9077
29328
22680
13923
3979
1515
20720
2660
24496
10052
21716
28466
26396
22975
9316
1979
21268
4957
9264
4770
25279
25982
29608
30436
20790
3749
18389
955
9690
22908
24135
26562
24298
27928
7247
9050
10837
29309
11886
31309
8396
13157
15372
10418
14108
5693
877
24337
22971
7025
29154
18887
26272
16361
3132
10155
31064
26836
15238
13297
15703
15524
20980
26447
14988
3417
23574
21599
20536
14339
4689
9029
20991
7554
32400
28817
31552
6289
10807
4967
11426
5379
26713
3805
10223
11339
4138
12964
15910
27458
15287
12011
9163
9509
24276
8064
24450
30685
19030
21048
1756
25988
28547
19602
15729
10020
30663
21655
10799
7362
1193
260
22257
32411
11260
5291
11859
13229
1114
10519
3013
29049
21966
27759
4575
2312
17105
30364
15093
1324
32120
31150
22506
32264
23787
20860
29001
17874
26393
13963
16017
21208
8874
6194
10193
2753
17717
25083
1397
21270
4532
12363
4704
2817
31541
14406
17467
21076
24530
26349
32268
16844
28642
31625
20746
30872
5489
8525
16304
8981
28654
19511
14096
24284
14372
23863
12906
8190
8300
20883
15613
31630
1312
394
17949
31584
338
12856
31622
24337
15294
32441
7664
28231
32766
23697
995
16442
30717
16203
16077
7284
6574
8033
5714
22741
7422
26716
19939
22745
3591
4668
26770
4638
20358
27162
24356
14880
8591
19980
31848
327
127
24649
21448
32549
28723
30094
1566
13304
1911
17088
18633
17271
20417
3538
25343
19659
19744
26089
5476
987
17007
9918
8156
28620
1486
19268
22942
29384
31059
21388
3979
32511
31740
16869
7357
7404
26344
29511
29026
9946
27335
22258
31691
23974
24976
18770
10176
15046
26738
5670
26647
9098
22028
26081
32389
24994
24800
6736
30131
1249
2565
24190
404
4673
8221
28117
14839
9254
28295
22149
25432
24551
27862
15146
14844
25738
641
22441
29501
5839
13019
19802
26914
28273
17734
31341
9266
10408
15780
24710
14218
1010
14607
24235
9006
26899
714
16992
12445
9562
30071
29712
32168
6695
31882
17071
10627
1450
18941
4766
22557
18669
5190
29647
32685
20245
28806
25385
13453
31205
7427
15150
26444
14211
20440
6107
18687
9599
24043
12751
18903
25873
20000
29872
26105
1186
11468
21707
13449
8846
13165
10234
27912
11561
6296
1483
22241
25600
7218
29406
22334
32353
9187
23439
4384
6941
31688
8661
19375
23948
3944
17002
4815
23506
12010
21805
17907
16993
13445
27844
2358
20671
7735
6533
19624
5002
28602
5015
24037
32697
28852
20564
14317
21284
6958
1778
1327
24135
20039
26723
2023
6978
6441
3705
23722
13861
12861
26190
19263
27243
28315
6627
6577
22980
19909
15623
5538
16408
28052
16763
18402
10440
31346
30291
1601
2359
28618
5791
22433
25737
15549
11083
24143
23722
8471
17476
15507
21650
22145
19676
10117
1992
23032
32624
7203
15141
27005
15432
27297
27355
2574
18366
3072
6582
10710
13219
30178
9633
12961
30686
24733
17771
8338
32342
13198
5067
28952
9747
2992
19362
32286
416
4204
6529
6530
21683
2739
9835
31945
5391
29259
16348
24849
29354
25958
16649
21318
11019
15993
8554
6297
11255
15435
19574
14126
18764
28749
9902
30485
2605
26409
25564
28540
20831
16285
4765
29731
25843
9098
285
30480
6438
22344
24354
12931
8837
21309
16716
12076
21333
7086
27035
31388
18481
19156
31025
8698
18421
307
28505
17655
23259
12327
6601
21763
23780
29376
23076
21698
3962
26831
25795
11193
28243
18497
23733
25166
19352
6316
28932
23023
30535
19752
24378
21905
30166
12384
32548
26204
2585
22249
15318
4260
5733
3026
7663
15644
6390
27516
19231
19014
18318
8363
7910
21038
3679
30686
16542
30808
30251
15580
23227
21495
13738
5776
22354
19039
29228
21782
17880
28093
29567
26134
20013
13318
20243
25425
21720
6701
20060
28537
13461
1945
5240
21830
12557
1494
18194
7366
1764
8331
16006
2805
15608
428
325
16269
6888
7664
3708
25887
26836
1414
15344
10083
23652
11524
11052
25549
22284
17056
6623
18528
22926
25506
4480
21703
20672
17945
14899
29090
8079
10957
21744
4638
2628
11126
8418
5064
26374
14635
12301
20643
14240
24349
28468
6007
4229
7557
25850
32365
28945
28891
27719
17369
28946
22857
28141
12631
26503
30303
23948
13593
28328
2824
32179
9599
26918
32189
12103
25320
27827
10488
20521
19401
13765
4076
27923
14076
2199
19315
19139
26714
9073
17224
2652
13195
9770
1910
27913
16669
4843
24080
31459
10708
19509
22819
4373
23617
13350
2281
6973
150
20728
7743
31766
20153
6858
4441
26965
2711
22179
8373
16080
6843
8884
15437
3301
27935
6109
12561
26138
7746
9331
10388
12289
5754
1089
20742
31583
4492
31180
16738
10124
17530
11484
28136
21789
5532
21047
16590
27585
6898
176
11059
14185
21177
22368
16980
24748
19004
22836
15618
17513
9965
8616
25940
28334
17844
22225
21145
15576
25735
31905
32656
27388
2619
3431
4316
4230
8346
31637
24498
20512
29877
198
7381
16086
4476
24063
8132
18039
10379
28981
13873
1854
32071
17424
1974
31921
1578
30703
25028
27082
14427
13100
32732
20565
12674
29601
9217
30617
13274
27243
4973
17978
10376
17645
19331
29534
7211
1816
773
21263
27060
23274
19335
16865
1912
31029
26403
29652
10883
4002
9839
10875
